Token,Probability
▁SELECT,0.8837817
SELECT,0.10890327
▁CREATE,0.0016536089
▁Select,0.0010510976
<0x0A>,0.0007689995
▁Would,0.00062763906
CREATE,0.00047008
Select,0.00044506276
select,0.00042137696
▁select,0.00038667722
