Token,Probability
▁SELECT,0.8749212
SELECT,0.112985425
<0x0A>,0.0036036468
▁CREATE,0.0015258801
▁Select,0.0010006966
CREATE,0.0007732784
1,0.0006022298
▁Would,0.0005928931
2,0.0005483364
▁select,0.00052733003
