Token,Probability
▁SELECT,0.9038383
SELECT,0.085393965
▁CREATE,0.0033110834
<0x0A>,0.002072023
CREATE,0.0009864308
▁Select,0.0006832807
▁select,0.0005198125
1,0.00049214857
select,0.00040800555
▁Would,0.00031039424
