Token,Probability
▁SELECT,0.83275527
SELECT,0.14246763
1,0.0030987223
▁CREATE,0.0028658493
<0x0A>,0.0027560606
2,0.0026093856
▁Select,0.0018648439
▁Would,0.0016202043
CREATE,0.0014637327
Select,0.00088779884
