Token,Probability
▁SELECT,0.8902965
SELECT,0.09833987
▁CREATE,0.0025006598
<0x0A>,0.0021222823
▁Would,0.001424833
▁Select,0.0010755204
CREATE,0.0009792724
select,0.00042781245
▁select,0.00040504467
Select,0.00037754315
