Token,Probability
▁SELECT,0.9062447
SELECT,0.08833923
▁CREATE,0.0010046326
▁Select,0.0008660475
<0x0A>,0.00080096297
▁Would,0.00046719756
CREATE,0.00033129266
▁select,0.0003261564
select,0.00032109985
Select,0.00027897637
