Token,Probability
▁SELECT,0.9212483
SELECT,0.07215775
<0x0A>,0.0013424276
▁Select,0.0010956575
▁CREATE,0.00063909136
▁Would,0.0006194285
▁select,0.0003906687
select,0.00036414328
1,0.00033941885
Select,0.00029259734
