Token,Probability
▁SELECT,0.8759502
SELECT,0.109638035
<0x0A>,0.0032340873
▁CREATE,0.0013909637
▁Would,0.0012664868
▁Select,0.0010581893
1,0.0009940768
2,0.0007503686
CREATE,0.0007387352
▁select,0.00055762654
