Token,Probability
▁SELECT,0.84751785
SELECT,0.1472765
<0x0A>,0.00088952907
▁CREATE,0.00086892315
▁Select,0.00076682196
▁select,0.0007036754
select,0.0005833674
Select,0.0004912446
CREATE,0.0003510767
1,6.913111e-05
