Token,Probability
▁SELECT,0.91934264
SELECT,0.070892096
<0x0A>,0.0021915222
▁CREATE,0.0013188813
▁Would,0.0010191525
▁Select,0.001003352
1,0.00045579317
▁select,0.00042484596
CREATE,0.00035497212
select,0.00034405076
