Token,Probability
▁SELECT,0.91325384
SELECT,0.08105588
▁CREATE,0.0016822612
▁Select,0.0006335454
CREATE,0.0005130607
<0x0A>,0.00050906796
select,0.0003160875
Select,0.0003136277
▁select,0.000270364
1,0.0002559755
