Token,Probability
▁SELECT,0.85647094
SELECT,0.1376474
▁CREATE,0.0011632966
▁Select,0.00091308204
<0x0A>,0.0007452358
select,0.00054522615
CREATE,0.00048493422
▁select,0.00044500062
Select,0.0004213181
▁Would,0.00022906669
