Token,Probability
▁SELECT,0.9129328
SELECT,0.08230338
<0x0A>,0.0009001331
▁CREATE,0.00087928143
▁Select,0.0007520893
▁select,0.00040572174
select,0.0003636866
Select,0.0002876998
CREATE,0.0002876998
▁Would,0.00015641966
