Token,Probability
▁SELECT,0.8857427
SELECT,0.10745279
▁CREATE,0.0012706792
<0x0A>,0.0012220002
▁Select,0.0009973675
▁select,0.0005682829
▁Would,0.00054651225
select,0.0004711231
Select,0.00039057474
CREATE,0.00029713358
