Token,Probability
▁SELECT,0.89673156
SELECT,0.09451481
▁CREATE,0.0015885459
<0x0A>,0.0015158011
▁Select,0.0014351316
▁select,0.00069398433
select,0.0004921085
▁Would,0.0004844791
CREATE,0.0004275513
Select,0.00034087364
