Token,Probability
▁SELECT,0.907119
SELECT,0.085703924
▁CREATE,0.0018067391
▁Select,0.0008143611
<0x0A>,0.00070752925
▁Would,0.00058656227
▁select,0.0005685156
CREATE,0.00046764826
select,0.00042913813
Select,0.00033947622
