Token,Probability
▁SELECT,0.8860701
SELECT,0.109185256
▁CREATE,0.0012811186
▁Select,0.0005911391
<0x0A>,0.00056406885
CREATE,0.0004900715
select,0.00035023832
▁select,0.00032391748
Select,0.00028809818
▁Would,0.00013608794
