Token,Probability
▁SELECT,0.88039684
SELECT,0.11369254
▁CREATE,0.00096084736
<0x0A>,0.0008283023
▁Select,0.000778118
CREATE,0.0005103022
select,0.00046101963
Select,0.00040368226
▁select,0.00030710528
1,0.00030234404
