Token,Probability
▁SELECT,0.89270395
SELECT,0.09557201
<0x0A>,0.0024493374
▁CREATE,0.0017919736
▁Would,0.00088709116
CREATE,0.00060494366
▁Select,0.00038754143
1,0.00038452557
▁Name,0.00037269495
▁select,0.00035286052
