Token,Probability
▁SELECT,0.9644212
SELECT,0.030047461
▁CREATE,0.0014499486
▁Select,0.0013201933
<0x0A>,0.0008133475
▁select,0.00041218448
Select,0.00024805698
select,0.00022235682
▁Would,0.00010752474
CREATE,0.00010752474
