Token,Probability
▁SELECT,0.88166094
SELECT,0.1120906
<0x0A>,0.0010323188
▁Select,0.00096977374
▁CREATE,0.00086253474
▁Would,0.00052725687
▁select,0.0004800728
select,0.0004800728
Select,0.00037681352
CREATE,0.00032483353
