Token,Probability
▁SELECT,0.88082784
SELECT,0.09578559
1,0.004997747
2,0.0039227763
<0x0A>,0.0016871651
▁Would,0.0016740354
▁Select,0.0013346575
3,0.0012440376
4,0.0011963792
▁CREATE,0.0011327091
