Token,Probability
▁SELECT,0.89620423
SELECT,0.091553025
▁CREATE,0.0033348189
<0x0A>,0.0025971597
CREATE,0.001445537
▁Select,0.00081087276
▁Would,0.0007440986
1,0.00044086386
▁select,0.00036264473
2,0.00036264473
