Token,Probability
▁SELECT,0.8811177
SELECT,0.10689171
<0x0A>,0.003278681
▁CREATE,0.0022012026
CREATE,0.0012061595
▁Select,0.00092479447
1,0.0006661045
2,0.00046866306
▁Would,0.00044026817
Select,0.0003621547
