Token,Probability
▁SELECT,0.93913925
SELECT,0.053816967
▁CREATE,0.0018271845
<0x0A>,0.0012171672
CREATE,0.00044777084
▁select,0.0003406461
▁Select,0.00028240553
▁Would,0.00025713316
▁Name,0.00015474546
1,0.00015116078
