Token,Probability
▁SELECT,0.90239346
SELECT,0.089349054
<0x0A>,0.0017833401
▁CREATE,0.0016752931
▁Would,0.0006768796
▁Select,0.00063586957
CREATE,0.0005926956
▁select,0.0003539147
select,0.00028437848
Select,0.00023029669
