Token,Probability
▁SELECT,0.8931877
SELECT,0.10021288
▁CREATE,0.0017108396
<0x0A>,0.0011046012
CREATE,0.00071877765
▁Select,0.0006196251
select,0.00039079261
▁Would,0.00035861146
▁select,0.0003558207
Select,0.00033426264
