Token,Probability
▁SELECT,0.88130033
SELECT,0.11204476
▁CREATE,0.0018539823
▁Select,0.0010563674
<0x0A>,0.00066624256
select,0.000587957
CREATE,0.00054377125
▁select,0.0005270412
Select,0.00037081982
▁Would,0.00017792129
