Token,Probability
▁SELECT,0.82125026
SELECT,0.16171375
▁CREATE,0.002288772
▁Would,0.0020356758
<0x0A>,0.0018390799
1,0.0015366088
▁Select,0.001366688
2,0.001124207
CREATE,0.00083543966
Select,0.00071458943
