Token,Probability
▁SELECT,0.9288458
SELECT,0.06521521
▁CREATE,0.0013118557
▁Select,0.0009902407
<0x0A>,0.000827377
▁select,0.00053838454
▁Would,0.0003476072
Select,0.00029043667
select,0.00025630946
CREATE,0.0002192331
