Token,Probability
▁SELECT,0.88135713
SELECT,0.09435722
<0x0A>,0.0041135047
1,0.0034369617
2,0.002456286
▁Would,0.0024371708
▁CREATE,0.0015613103
▁Select,0.0008099971
▁select,0.0007317714
4,0.0006611004
