Token,Probability
▁SELECT,0.90561485
SELECT,0.08556182
<0x0A>,0.001965608
▁CREATE,0.0015428235
▁Select,0.0009140925
▁Would,0.00071189605
▁select,0.00057202455
CREATE,0.00045963467
select,0.00045605772
Select,0.000287632
