Token,Probability
▁SELECT,0.84136724
SELECT,0.13734943
<0x0A>,0.0052022473
▁CREATE,0.00318007
CREATE,0.0026988904
▁Select,0.0011698825
1,0.0008231152
Select,0.00078542193
▁Would,0.000761257
2,0.0007207436
