Token,Probability
▁SELECT,0.88488525
SELECT,0.10084483
<0x0A>,0.0024089909
▁Would,0.0022106145
▁CREATE,0.0013303711
▁Select,0.0011379268
1,0.0010442204
2,0.0009001742
CREATE,0.0005169265
▁select,0.0005049519
