Token,Probability
▁SELECT,0.6467644
SELECT,0.16610284
1,0.045056604
2,0.037941463
4,0.015092073
3,0.012511767
9,0.011662249
5,0.008803128
6,0.008532284
<0x0A>,0.0075887707
