Token,Probability
▁SELECT,0.881987
SELECT,0.09151953
▁Would,0.010429906
<0x0A>,0.0042140633
▁CREATE,0.0016631939
▁Select,0.0015025706
▁select,0.00068792695
1,0.0006166537
2,0.00059303
Select,0.00058383594
