Token,Probability
▁SELECT,0.8354597
SELECT,0.15454452
▁CREATE,0.0027434935
CREATE,0.0015631956
<0x0A>,0.001179962
▁Select,0.0005933221
Select,0.0004996273
select,0.00048048687
1,0.00046935643
▁select,0.00046570384
