Token,Probability
▁SELECT,0.9045688
SELECT,0.06975286
<0x0A>,0.005861443
▁CREATE,0.0030887637
1,0.002560675
2,0.0019480587
▁Would,0.0017462285
▁Select,0.0016024293
3,0.0007688541
CREATE,0.0007510435
