Token,Probability
▁SELECT,0.8252122
SELECT,0.122656845
▁Would,0.0133383125
1,0.005560236
<0x0A>,0.0043642796
2,0.0042300047
▁Select,0.0022998138
▁CREATE,0.0019671347
3,0.0015806372
4,0.0012601939
