Token,Probability
▁SELECT,0.87439615
SELECT,0.112917624
▁CREATE,0.001782864
<0x0A>,0.0013669693
▁Would,0.0012349539
CREATE,0.0009321921
▁select,0.000760833
▁Select,0.0007147364
▁Show,0.0004687356
select,0.00038257084
