Token,Probability
▁SELECT,0.920203
SELECT,0.0732109
<0x0A>,0.0009810267
▁Select,0.0009073013
▁Would,0.0009002407
▁CREATE,0.00084569777
▁select,0.0003723557
select,0.00032604553
CREATE,0.000285495
Select,0.00027671125
