Token,Probability
▁SELECT,0.8648718
SELECT,0.122664906
<0x0A>,0.0030469582
▁CREATE,0.0013002822
▁Select,0.0011121903
▁Would,0.0011121903
CREATE,0.00068520056
▁select,0.0005769967
select,0.00055489235
1,0.00054628955
