Token,Probability
▁SELECT,0.8989186
SELECT,0.09327644
▁CREATE,0.002687718
CREATE,0.00083261624
<0x0A>,0.00081332866
▁Select,0.0007347812
▁Would,0.0005503257
▁select,0.00041540765
select,0.0002992069
Select,0.0002788915
