Token,Probability
▁SELECT,0.8010437
SELECT,0.1932608
▁CREATE,0.001038189
CREATE,0.000960168
<0x0A>,0.0006247933
select,0.0005733425
▁Select,0.00044304473
Select,0.0004002576
▁select,0.00032668072
1,0.00022277689
