Token,Probability
▁SELECT,0.88147706
SELECT,0.10861928
<0x0A>,0.0020050348
▁CREATE,0.00147842
▁Would,0.0010240716
▁Select,0.00077907264
CREATE,0.0005789576
1,0.0005271469
▁select,0.0004473838
select,0.0004170075
