Token,Probability
▁SELECT,0.90314555
SELECT,0.089423515
▁CREATE,0.0016124563
<0x0A>,0.0015999081
CREATE,0.0006989481
▁Select,0.00054861064
▁select,0.00045127483
1,0.0003890232
Select,0.00031015632
select,0.00029136494
