Token,Probability
▁SELECT,0.8230862
SELECT,0.1646276
<0x0A>,0.0024039745
▁Select,0.0013804864
▁CREATE,0.0012471656
1,0.0008982996
CREATE,0.00072180404
Select,0.0007106135
▁select,0.00069959654
2,0.00069959654
