Token,Probability
▁SELECT,0.8733937
SELECT,0.12006239
<0x0A>,0.001233538
▁CREATE,0.0011231492
▁Select,0.0006500289
CREATE,0.0005388928
▁select,0.00040047115
Select,0.000367493
select,0.00035341457
▁Would,0.00035341457
