Token,Probability
▁SELECT,0.89004874
SELECT,0.10465311
▁CREATE,0.0008639643
<0x0A>,0.00069965963
▁select,0.00052402087
CREATE,0.00045173426
select,0.00032032753
▁Select,0.00029166153
▁Would,0.00025940913
Select,0.0001897878
