Token,Probability
▁SELECT,0.8572898
SELECT,0.12742475
▁CREATE,0.0039084894
<0x0A>,0.0027073317
CREATE,0.0014491301
▁select,0.0010602063
▁Select,0.001011656
▁Would,0.0008002857
select,0.00076363795
Select,0.00040556505
