Token,Probability
▁SELECT,0.87521833
SELECT,0.11661156
▁CREATE,0.0015383699
<0x0A>,0.0009551956
▁Select,0.0007796079
CREATE,0.0006880016
▁Would,0.000641288
USE,0.0005703734
▁select,0.00048786614
select,0.00037699376
