Token,Probability
▁SELECT,0.9175354
SELECT,0.07770667
▁CREATE,0.0014121716
<0x0A>,0.0009046712
▁Select,0.0004880335
CREATE,0.0004409015
▁select,0.00030779885
select,0.00027163155
Select,0.00023599756
▁Would,0.0001030997
