Token,Probability
▁SELECT,0.8746485
SELECT,0.10284234
<0x0A>,0.0068900078
▁CREATE,0.0030814016
▁Select,0.0022899036
▁Would,0.0018836232
CREATE,0.0011973038
1,0.00076702156
Select,0.00076105254
2,0.0006663999
