Token,Probability
▁SELECT,0.8995286
SELECT,0.093339734
▁CREATE,0.0014172889
▁Select,0.00087316637
<0x0A>,0.0008012625
▁select,0.0005506992
▁Would,0.00047103796
select,0.00042223572
CREATE,0.0003187202
1,0.0003187202
