Token,Probability
▁SELECT,0.8721713
SELECT,0.100961156
<0x0A>,0.0069243778
▁Would,0.0029781384
▁CREATE,0.0025673155
1,0.0018930199
▁Select,0.0018491681
2,0.0013849629
CREATE,0.0009225842
▁select,0.0008141777
