Token,Probability
▁SELECT,0.88758326
SELECT,0.106006704
▁CREATE,0.001647798
<0x0A>,0.0012055547
CREATE,0.000754417
▁Select,0.000650348
select,0.00044004744
▁select,0.00033477048
Select,0.00032701553
2,0.00014511225
