Token,Probability
▁SELECT,0.89842916
SELECT,0.09618495
▁Select,0.001027584
▁CREATE,0.00068988727
<0x0A>,0.0006845185
select,0.0005900918
▁select,0.0005586877
Select,0.0004631684
▁Would,0.0002498606
CREATE,0.00021878524
