Token,Probability
▁SELECT,0.830316
SELECT,0.16349891
▁Select,0.0010594436
<0x0A>,0.0010109282
▁CREATE,0.0007002495
select,0.00064762495
Select,0.0006326227
▁select,0.00046646674
CREATE,0.00037775625
▁Would,0.00030117354
