Token,Probability
▁SELECT,0.91355306
SELECT,0.08108244
▁CREATE,0.0016697168
▁Select,0.0008074223
<0x0A>,0.0007070026
▁select,0.00042548162
Select,0.00039659248
select,0.00039350617
CREATE,0.00038740542
▁Would,0.00011907866
