Token,Probability
▁SELECT,0.92345726
SELECT,0.07010538
▁CREATE,0.0014664023
▁Select,0.0010644939
<0x0A>,0.0010237137
▁Would,0.00046869036
Select,0.00037660328
▁select,0.00037367252
CREATE,0.00034290116
select,0.00033758496
