Token,Probability
▁SELECT,0.87935334
SELECT,0.117162496
▁Select,0.0006443178
select,0.00047509014
▁CREATE,0.0004325745
Select,0.00040636616
▁select,0.00028815673
CREATE,0.00021081997
<0x0A>,0.00020116584
▁MAX,0.0001949766
