Token,Probability
▁SELECT,0.9280172
SELECT,0.06120937
<0x0A>,0.002467888
▁CREATE,0.0011476746
▁Select,0.0010449695
1,0.0008396566
▁Would,0.00082663895
2,0.0007295063
▁select,0.0004060314
select,0.0004060314
