Token,Probability
▁SELECT,0.75311035
SELECT,0.15063155
1,0.020385765
▁SUM,0.019150654
2,0.014798476
<0x0A>,0.008564701
3,0.004766974
4,0.0038005633
9,0.002737443
0,0.0026120865
