Token,Probability
▁SELECT,0.91523176
SELECT,0.07997206
▁Select,0.0010145953
▁CREATE,0.0009023998
<0x0A>,0.0007840185
▁select,0.00037034412
select,0.00037034412
Select,0.00036746205
CREATE,0.00021101571
▁Would,0.00019213199
