Token,Probability
▁SELECT,0.9012262
SELECT,0.09498854
▁CREATE,0.00098358
▁Select,0.00062520156
▁select,0.00038819647
<0x0A>,0.00037041964
select,0.00036753702
Select,0.00032945804
CREATE,0.0002840106
▁Would,7.525532e-05
