Token,Probability
▁SELECT,0.8545205
SELECT,0.13520479
▁CREATE,0.0021853815
<0x0A>,0.0015740714
CREATE,0.0012068824
▁Select,0.0008102625
1,0.0006984899
select,0.00053138315
▁select,0.0005190736
2,0.0004726219
