Token,Probability
▁SELECT,0.8831362
SELECT,0.11404629
▁Select,0.00063705735
select,0.00050395384
▁select,0.00041131515
▁CREATE,0.0002985828
Select,0.00027399496
<0x0A>,0.00022362816
CREATE,0.00013885388
▁Would,6.662282e-05
