Token,Probability
▁SELECT,0.8667086
SELECT,0.12682748
<0x0A>,0.0014199764
▁CREATE,0.0010718546
CREATE,0.00073094125
▁Select,0.000534768
▁select,0.00047936296
select,0.0004719311
Select,0.00036754034
1,0.00023916307
