Token,Probability
▁SELECT,0.8439411
SELECT,0.14896445
▁CREATE,0.0012589402
<0x0A>,0.0010037145
▁select,0.00072861864
select,0.0007173225
CREATE,0.0006634148
▁Select,0.00063303486
Select,0.00041192365
▁Would,0.00034149666
