Token,Probability
▁SELECT,0.8520906
SELECT,0.13067234
<0x0A>,0.0032206008
▁CREATE,0.002798106
CREATE,0.0016194197
1,0.0012128893
▁Would,0.0010787661
▁Select,0.0009669997
2,0.0006698211
▁select,0.0006004238
