Token,Probability
▁SELECT,0.7899148
SELECT,0.1818487
<0x0A>,0.0037447787
▁CREATE,0.0033831256
1,0.0032790378
2,0.0032790378
CREATE,0.0021504455
▁Select,0.0019126459
▁Would,0.001335242
3,0.0008553882
