Token,Probability
▁SELECT,0.9314979
SELECT,0.058625452
▁CREATE,0.003520732
<0x0A>,0.0013363191
▁Select,0.0009700637
▁Would,0.00066671433
CREATE,0.00061660993
▁select,0.00042378943
Select,0.00027792787
select,0.0002570413
