Token,Probability
▁SELECT,0.95814353
SELECT,0.03657528
<0x0A>,0.0017106486
▁CREATE,0.0015944997
▁Select,0.0006293125
▁select,0.00028587805
Select,0.00021079325
select,0.00016805905
CREATE,0.00011732413
▁Would,6.843456e-05
