Token,Probability
▁SELECT,0.9082711
SELECT,0.0722616
<0x0A>,0.006565675
▁CREATE,0.0018664586
▁Select,0.0016600627
▁Would,0.0012145278
1,0.0012050762
▁select,0.0008955367
2,0.0007780557
CREATE,0.00063503056
