Token,Probability
▁SELECT,0.88959503
SELECT,0.09673897
▁CREATE,0.005719557
<0x0A>,0.0017580475
▁Select,0.0013585138
CREATE,0.0007680341
▁select,0.00060283684
1,0.00051162095
Select,0.0005076395
select,0.000484393
