Token,Probability
▁SELECT,0.8752523
SELECT,0.12031788
▁CREATE,0.0011432639
<0x0A>,0.00063632213
CREATE,0.00047287444
▁Select,0.00045122
▁select,0.0002959173
select,0.00029361443
Select,0.00024724816
▁Would,0.00022512201
