Token,Probability
▁SELECT,0.8668299
SELECT,0.12103657
▁CREATE,0.0035425355
CREATE,0.0013551407
<0x0A>,0.0011682042
▁Would,0.0009837266
▁Select,0.00094604056
▁select,0.0005306807
select,0.00047569905
Select,0.0004610634
