Token,Probability
▁SELECT,0.91397977
SELECT,0.08112031
▁CREATE,0.0012221613
<0x0A>,0.0008334417
▁Select,0.00056393485
▁select,0.0003906263
CREATE,0.00035566924
select,0.0002602132
▁Would,0.0002369268
Select,0.00020265424
