Token,Probability
▁SELECT,0.85363007
SELECT,0.14154573
<0x0A>,0.00072555785
▁Select,0.00060150854
▁CREATE,0.00058757456
select,0.00048711643
1,0.00037641442
CREATE,0.00036483337
Select,0.00034541727
▁select,0.00033218454
