Token,Probability
▁SELECT,0.90706265
SELECT,0.084369965
▁CREATE,0.0019231444
▁Select,0.0012514138
<0x0A>,0.0011941075
▁select,0.0006646209
CREATE,0.00064922497
Select,0.00054670224
select,0.0004787085
▁Would,0.00022968683
