Token,Probability
▁SELECT,0.8753211
SELECT,0.12032733
▁CREATE,0.0008563324
▁Select,0.0005978163
<0x0A>,0.0005358791
select,0.0005034118
▁select,0.00045479467
CREATE,0.00037119258
Select,0.00034870312
▁Would,0.00013870453
