Token,Probability
▁SELECT,0.875059
SELECT,0.10782842
▁CREATE,0.0038667577
<0x0A>,0.0037186246
CREATE,0.0017428843
▁select,0.000856076
▁Would,0.0005747422
▁Select,0.00046544045
1,0.00037108146
USE,0.00035133286
