Token,Probability
▁SELECT,0.8945086
SELECT,0.097273305
▁CREATE,0.0022698462
<0x0A>,0.0013984117
▁Select,0.00079679093
CREATE,0.0006503218
▁select,0.0003508223
select,0.0003426955
1,0.00030959956
Select,0.0003000742
