Token,Probability
▁SELECT,0.915215
SELECT,0.07873076
▁CREATE,0.001880728
<0x0A>,0.0012725644
▁Select,0.0005603025
CREATE,0.0004983433
▁select,0.00033984063
Select,0.0002486327
select,0.00022462096
1,0.00011744578
