Token,Probability
▁SELECT,0.8833862
SELECT,0.11230995
▁CREATE,0.00095660717
▁Select,0.0007626737
<0x0A>,0.00058476214
select,0.00047726897
▁select,0.00036026153
Select,0.00031300064
CREATE,0.00024376516
▁Would,0.00010732834
