Token,Probability
▁SELECT,0.91345847
SELECT,0.0773614
▁CREATE,0.002110501
<0x0A>,0.0014169235
▁Would,0.001112156
▁Select,0.0009512774
CREATE,0.0005548752
▁select,0.0005131757
select,0.000294692
Select,0.00029012322
