Token,Probability
▁SELECT,0.8776795
SELECT,0.11512649
▁Select,0.0010854222
▁CREATE,0.00090690417
<0x0A>,0.0008858957
select,0.0005543794
1,0.0005167384
▁select,0.0004668343
CREATE,0.00046320134
Select,0.0004317511
