Token,Probability
▁SELECT,0.8973664
SELECT,0.094581716
<0x0A>,0.002277098
▁CREATE,0.0021224886
▁Select,0.0009793675
CREATE,0.00054085813
select,0.0003988038
Select,0.00034648675
▁select,0.00028059352
1,0.00019284891
