Token,Probability
▁SELECT,0.9003157
SELECT,0.093421414
▁CREATE,0.0014635581
▁Select,0.00081459276
<0x0A>,0.0006596773
▁select,0.00049795053
▁Would,0.00047145016
CREATE,0.0003939113
Select,0.0003847864
select,0.00032402258
