Token,Probability
▁SELECT,0.8982353
SELECT,0.08893734
<0x0A>,0.0032395425
▁CREATE,0.0014152512
1,0.0010273622
▁Would,0.00086512574
▁Select,0.0008583934
▁select,0.0005945916
CREATE,0.00053716876
2,0.00052884076
