Token,Probability
▁SELECT,0.85480255
SELECT,0.12123678
<0x0A>,0.0049264594
▁Would,0.0036610335
▁CREATE,0.0018993192
1,0.0018993192
▁Select,0.00140047
2,0.0013468189
▁select,0.0006361923
CREATE,0.0006118201
