Token,Probability
▁SELECT,0.84479296
SELECT,0.12556726
<0x0A>,0.009384803
1,0.0030467992
▁CREATE,0.0022641888
▁Would,0.0021104561
2,0.0020777364
▁Select,0.0012602109
CREATE,0.0008460656
▁select,0.0007466503
