Token,Probability
▁SELECT,0.84000236
SELECT,0.15538482
<0x0A>,0.0006500814
▁Select,0.00063502224
select,0.00061548466
▁CREATE,0.0005827292
▁select,0.000556044
Select,0.00042633378
CREATE,0.00035621517
▁Would,0.00011385321
