Token,Probability
▁SELECT,0.87209415
SELECT,0.11988373
<0x0A>,0.001968255
▁CREATE,0.0011845167
▁Select,0.0011127504
▁Would,0.0005863783
CREATE,0.0005727949
select,0.0004976528
Select,0.00043575937
▁select,0.00039061217
