Token,Probability
▁SELECT,0.82845795
SELECT,0.12704815
▁CREATE,0.01075979
<0x0A>,0.009495483
2,0.006577327
1,0.0042466423
CREATE,0.0024770445
3,0.0015380319
▁Select,0.0012455361
4,0.0007673526
