Token,Probability
▁SELECT,0.858651
SELECT,0.13375203
▁Select,0.0016575864
▁CREATE,0.0010618898
<0x0A>,0.00093711435
Select,0.00076485047
▁Would,0.000712919
select,0.0005509011
▁select,0.00047490644
CREATE,0.0003529205
