Token,Probability
▁SELECT,0.90133125
SELECT,0.09064927
▁CREATE,0.0016733211
<0x0A>,0.0016473788
▁Select,0.0009240957
▁Would,0.0006155804
CREATE,0.0005306635
▁select,0.00043993554
select,0.00034801764
Select,0.00032949646
