Token,Probability
▁SELECT,0.90369916
SELECT,0.09231868
▁CREATE,0.0009265234
<0x0A>,0.0005752914
▁Select,0.00052791706
▁select,0.00040794275
select,0.00039231466
CREATE,0.0002675354
Select,0.00025930416
▁Would,0.00013558033
