Token,Probability
▁SELECT,0.86935616
SELECT,0.1071257
▁Would,0.0075214044
<0x0A>,0.0029918079
▁Select,0.0025193552
1,0.0013172753
2,0.0010584604
▁CREATE,0.0006419887
Select,0.00052808545
▁select,0.00045169544
