Token,Probability
▁SELECT,0.8920003
SELECT,0.10325653
▁CREATE,0.001044425
▁Select,0.00077615073
<0x0A>,0.00056784396
CREATE,0.00038123244
▁select,0.00033643644
select,0.00033643644
Select,0.00032354778
▁Would,0.0002789156
