Token,Probability
▁SELECT,0.71655875
SELECT,0.18117443
1,0.019701805
2,0.01570765
▁Would,0.009677202
<0x0A>,0.008811193
4,0.0056889327
3,0.0050995266
▁CREATE,0.0040975846
9,0.0040026647
