Token,Probability
▁SELECT,0.8764017
SELECT,0.11676923
▁CREATE,0.0012671397
<0x0A>,0.0010423206
▁Select,0.00073911605
▁Would,0.00066253927
CREATE,0.0004698107
select,0.0004211356
Select,0.00040500215
▁select,0.00040185038
