Token,Probability
▁SELECT,0.89165187
SELECT,0.10321619
▁CREATE,0.00086552044
<0x0A>,0.00049702654
▁Select,0.00038108355
▁select,0.0003781179
CREATE,0.0003693588
▁Would,0.00027880666
select,0.00023295166
Select,0.00015397166
