Token,Probability
▁SELECT,0.89512163
SELECT,0.09887284
<0x0A>,0.0009923019
▁Select,0.0009105874
▁Would,0.0005788045
▁CREATE,0.00050681824
select,0.00045077346
▁select,0.00043013104
Select,0.00042346245
1,0.00029794304
