Token,Probability
▁SELECT,0.881145
SELECT,0.11028824
<0x0A>,0.0012444856
▁CREATE,0.001169086
▁Select,0.00094675465
▁Would,0.0008963693
▁select,0.0005565684
select,0.00053944456
CREATE,0.00041360653
Select,0.00039776147
