Token,Probability
▁SELECT,0.8757116
SELECT,0.116677284
<0x0A>,0.0018278891
▁CREATE,0.0012562886
▁Select,0.0011987591
select,0.000540323
Select,0.0004919697
CREATE,0.0003656008
▁select,0.00036275573
1,0.00028473022
