Token,Probability
▁SELECT,0.88950497
SELECT,0.10296767
▁CREATE,0.0021706792
<0x0A>,0.0013478054
CREATE,0.000843435
▁Select,0.0007270864
select,0.0004110574
▁select,0.00040153528
▁Would,0.000346145
Select,0.0002803168
