Token,Probability
▁SELECT,0.82899755
SELECT,0.112192616
1,0.011461198
<0x0A>,0.011372006
2,0.008127206
▁Would,0.002517691
3,0.0024402298
4,0.0023103633
▁CREATE,0.002153495
▁Select,0.0020872394
