Token,Probability
▁SELECT,0.869205
SELECT,0.12522087
▁CREATE,0.0018573328
CREATE,0.0008114086
▁select,0.0005753748
▁Select,0.0004770025
select,0.00044810242
<0x0A>,0.00043772213
Select,0.00032783873
▁Would,8.6192595e-05
