Token,Probability
▁SELECT,0.85416055
SELECT,0.1249913
<0x0A>,0.0063209473
▁Select,0.0022538034
▁CREATE,0.0019428999
1,0.0012841783
CREATE,0.0012446684
2,0.001098416
▁Would,0.00090353243
Select,0.0007911594
