Token,Probability
▁SELECT,0.8833006
SELECT,0.10715652
▁CREATE,0.0016527087
▁Select,0.0011811376
<0x0A>,0.0009270856
▁Would,0.0006835901
select,0.0005939133
Select,0.00058929145
CREATE,0.00058929145
1,0.00051198533
