Token,Probability
▁SELECT,0.89290076
SELECT,0.100180686
▁CREATE,0.0017372231
▁Select,0.0010054277
<0x0A>,0.00090832816
select,0.00046392862
▁select,0.00046031832
CREATE,0.00045318177
Select,0.00038461035
▁Would,0.00037570085
