Token,Probability
▁SELECT,0.9137844
SELECT,0.079845585
<0x0A>,0.0009442112
▁Select,0.0007951056
▁CREATE,0.000718318
1,0.00068542385
2,0.0005379953
▁Would,0.0003555932
▁select,0.0003212517
Select,0.00028129737
