Token,Probability
▁SELECT,0.8967188
SELECT,0.08340784
▁Would,0.004185201
<0x0A>,0.0040248693
▁CREATE,0.002538453
▁Select,0.0017176032
1,0.0008569441
2,0.0008305787
CREATE,0.0006220747
Select,0.0005279479
