Token,Probability
▁SELECT,0.8584523
SELECT,0.12759754
<0x0A>,0.002487756
▁CREATE,0.0023553602
CREATE,0.0015567979
2,0.0011659878
▁Would,0.0011301141
1,0.00077671534
▁Select,0.00069082493
▁select,0.0004566074
