Token,Probability
▁SELECT,0.88133514
SELECT,0.113813706
▁CREATE,0.0011422505
<0x0A>,0.00095438614
CREATE,0.00051485264
▁Select,0.00047989542
select,0.00041369576
Select,0.00030266627
▁select,0.00028655867
▁Would,9.303198e-05
