Token,Probability
▁SELECT,0.8842221
SELECT,0.105605274
▁CREATE,0.0034751783
<0x0A>,0.0013931721
CREATE,0.0013608994
2,0.0010113345
select,0.00042158694
1,0.00041182092
▁select,0.0004086161
▁Select,0.00038087208
