Token,Probability
▁SELECT,0.8538476
SELECT,0.11922384
1,0.0040796157
2,0.0038026196
<0x0A>,0.0031036076
▁CREATE,0.0020836636
▁Would,0.0016227589
3,0.0012837079
CREATE,0.0012539709
▁Select,0.0010154966
