Token,Probability
▁SELECT,0.8695257
SELECT,0.12332497
<0x0A>,0.0016917447
▁CREATE,0.0010504283
▁Select,0.0009564257
CREATE,0.0006127093
Select,0.00045889808
select,0.00042774004
▁select,0.00034102408
▁Would,0.00027188813
