Token,Probability
▁SELECT,0.8049266
SELECT,0.1796034
<0x0A>,0.002350936
▁Select,0.002191313
▁Would,0.0015178784
▁CREATE,0.0015060662
select,0.0010847788
CREATE,0.0009877023
Select,0.0009648222
1,0.00088537054
