Token,Probability
▁SELECT,0.8713142
SELECT,0.116091385
<0x0A>,0.0022458076
▁CREATE,0.0017490367
1,0.0009509347
▁Select,0.0008794708
CREATE,0.00074639724
▁select,0.0007066747
▁Would,0.00067431375
select,0.00066906615
