Token,Probability
▁SELECT,0.910536
SELECT,0.07474135
<0x0A>,0.0037797522
▁CREATE,0.0022925357
▁Would,0.0011986799
▁Select,0.00085665804
▁select,0.0006568224
CREATE,0.0006416072
1,0.00059804367
2,0.00046213233
