Token,Probability
▁SELECT,0.91874284
SELECT,0.06552169
▁CREATE,0.0025805596
▁Would,0.0024432247
<0x0A>,0.0022072697
▁Select,0.00054091465
CREATE,0.00051212765
▁select,0.0005081423
1,0.0004963712
2,0.00046266883
