Token,Probability
▁SELECT,0.8946773
SELECT,0.09882376
<0x0A>,0.0010978328
▁CREATE,0.0010313186
▁Select,0.0009101354
▁select,0.0008351872
select,0.0006816599
Select,0.00037644836
▁Would,0.00029317828
CREATE,0.0002449596
