Token,Probability
▁SELECT,0.92297566
SELECT,0.070068814
<0x0A>,0.0013035651
▁CREATE,0.0011869095
▁Select,0.00079685333
▁select,0.0005308187
▁Would,0.00045759435
select,0.00041340207
CREATE,0.00036768737
Select,0.00028860115
