Token,Probability
▁SELECT,0.86306673
SELECT,0.114992514
1,0.0033394445
2,0.0027043647
<0x0A>,0.0021730182
▁Select,0.0018442164
select,0.0013705053
▁select,0.0012874707
▁Would,0.00094193354
Select,0.0009058487
