Token,Probability
▁SELECT,0.9182872
SELECT,0.077770345
▁CREATE,0.0007744403
▁Select,0.0007162402
select,0.00045172698
▁select,0.00035734545
<0x0A>,0.00029165688
Select,0.00021338073
▁Would,0.00019580916
CREATE,0.00017415627
