Token,Probability
▁SELECT,0.8020526
SELECT,0.16811936
<0x0A>,0.004959162
▁Would,0.004882277
▁CREATE,0.00441077
CREATE,0.0019269226
▁Select,0.001597475
1,0.0015124589
▁select,0.0010154168
select,0.00081591035
