Token,Probability
▁SELECT,0.93006945
SELECT,0.06134473
▁Select,0.0020991014
▁CREATE,0.0015721542
1,0.000670913
<0x0A>,0.0006553714
▁select,0.0004539625
▁Would,0.00042645828
select,0.00041657942
Select,0.00040692932
