Token,Probability
▁SELECT,0.94580984
SELECT,0.049348954
▁Select,0.00084909564
<0x0A>,0.0007976516
▁Would,0.0006260838
▁select,0.00040740054
▁CREATE,0.0003651915
select,0.00033511853
Select,0.00019094479
1,0.00013753238
