Token,Probability
▁SELECT,0.86804336
SELECT,0.123114735
<0x0A>,0.0020213015
▁CREATE,0.0010989626
▁Select,0.0009851038
CREATE,0.0006021819
Select,0.00048386666
▁Would,0.00048386666
select,0.00046897968
▁select,0.00046170887
