Token,Probability
▁SELECT,0.85439473
SELECT,0.1394761
▁CREATE,0.0012353209
▁Select,0.00085568184
<0x0A>,0.00068755966
CREATE,0.00056557107
select,0.0005611698
▁select,0.0004652261
Select,0.00044392186
▁Would,0.00031974493
