Token,Probability
▁SELECT,0.8927681
SELECT,0.09263823
<0x0A>,0.0047215605
▁CREATE,0.0018489899
▁Select,0.0018203238
▁Would,0.000866604
▁select,0.0007647753
Select,0.0007073016
select,0.0006592776
CREATE,0.0006389937
