Token,Probability
▁SELECT,0.7857722
SELECT,0.19867434
▁SUM,0.00428761
<0x0A>,0.0015050926
1,0.0014029006
▁Select,0.0011272624
2,0.0011011494
▁CREATE,0.0007627438
select,0.0007568081
CREATE,0.000532481
