Token,Probability
▁SELECT,0.8854635
SELECT,0.09628969
▁CREATE,0.00246773
1,0.0024105648
<0x0A>,0.002144001
2,0.0019984287
▁Would,0.0013106015
CREATE,0.0010780714
▁Select,0.0010530979
3,0.00051323895
