Token,Probability
▁SELECT,0.94796824
SELECT,0.047939796
▁CREATE,0.0014252126
▁Select,0.00064239366
<0x0A>,0.0005758379
▁select,0.00044846305
select,0.00024004496
Select,0.00018841345
CREATE,0.00013256543
1,4.8768095e-05
