Token,Probability
▁SELECT,0.8602236
SELECT,0.10600034
1,0.0058416007
<0x0A>,0.0057510347
2,0.0044094715
▁Would,0.0017677231
▁CREATE,0.0017677231
▁Select,0.0012340696
3,0.0012340696
4,0.0011502793
