Token,Probability
▁SELECT,0.89171803
SELECT,0.09252927
▁CREATE,0.00264544
<0x0A>,0.0020442377
▁Would,0.0018612995
CREATE,0.0008324247
▁select,0.00062834716
1,0.0006042755
2,0.00059957296
▁Select,0.0005128419
