Token,Probability
▁SELECT,0.8705388
SELECT,0.125413
▁CREATE,0.0010034933
▁Select,0.00046303615
select,0.00041183285
CREATE,0.00040544797
Select,0.00029663206
▁select,0.00029203322
<0x0A>,0.0002897606
▁Would,0.000105767416
