Token,Probability
▁SELECT,0.8394348
SELECT,0.15287243
<0x0A>,0.0013329791
▁CREATE,0.0013329791
CREATE,0.00097522826
▁Select,0.00077751983
select,0.00065473735
▁select,0.0005733071
Select,0.0005644188
USE,0.00022451031
