Token,Probability
▁SELECT,0.8995201
SELECT,0.09630174
▁CREATE,0.0010951858
▁Select,0.0005954421
▁select,0.00042223174
select,0.00036398647
<0x0A>,0.00035004236
Select,0.00031623692
CREATE,0.00031623692
▁Would,0.00011543172
