Token,Probability
▁SELECT,0.9031545
SELECT,0.09371597
▁Select,0.0007858563
▁CREATE,0.00052349316
select,0.00042063853
Select,0.00034600782
▁select,0.00031504373
<0x0A>,0.00023595682
CREATE,0.00019258236
1,5.023811e-05
