Token,Probability
▁SELECT,0.89914775
SELECT,0.096261874
▁CREATE,0.0014278002
<0x0A>,0.00061408913
CREATE,0.0003842872
▁select,0.00037246392
▁Select,0.0003666894
select,0.00030878343
Select,0.00022240836
▁Would,0.00010182597
