Token,Probability
▁SELECT,0.8675763
SELECT,0.12695445
▁CREATE,0.0008964645
▁Select,0.0007091618
<0x0A>,0.00065586745
CREATE,0.00049895764
▁select,0.00046872732
Select,0.00039780373
select,0.00035381396
▁Would,0.0002568414
