Token,Probability
▁SELECT,0.8773608
SELECT,0.10478581
1,0.0031890746
2,0.0025624933
<0x0A>,0.00231502
▁Would,0.0010516453
▁CREATE,0.00096504384
3,0.00084502064
4,0.00075747166
▁Select,0.00068431866
