Token,Probability
▁SELECT,0.8674385
SELECT,0.12496637
▁CREATE,0.0015487057
<0x0A>,0.0012155931
▁Select,0.0007606987
CREATE,0.0006765795
▁select,0.0006713143
▁Would,0.00046138713
select,0.00045779656
Select,0.00044371164
