Token,Probability
▁SELECT,0.8261508
SELECT,0.16015662
<0x0A>,0.0037081288
▁CREATE,0.001070729
▁Select,0.001054129
CREATE,0.0009825563
▁Would,0.0009302656
▁select,0.0008145678
Select,0.00063936156
select,0.0006006246
