Token,Probability
▁SELECT,0.88468754
SELECT,0.10901489
▁CREATE,0.001518992
▁Select,0.0008067306
<0x0A>,0.0007288204
CREATE,0.0005902167
select,0.00044901323
▁select,0.00041852632
Select,0.00041526937
▁Would,0.0001946328
