Token,Probability
▁SELECT,0.89882296
SELECT,0.09039701
▁CREATE,0.0020444905
▁Select,0.0014611315
<0x0A>,0.0012018939
2,0.00090017705
1,0.0008931717
CREATE,0.0005949806
select,0.00047066848
Select,0.00045618752
