Token,Probability
▁SELECT,0.8717841
SELECT,0.123645276
<0x0A>,0.0008138162
▁CREATE,0.0006143007
▁Select,0.00057708204
▁select,0.00036112877
select,0.0003339895
Select,0.0003339895
1,0.00031131244
CREATE,0.00023683402
