Token,Probability
▁SELECT,0.9026458
SELECT,0.092211075
▁CREATE,0.0013360336
CREATE,0.00055694167
<0x0A>,0.00043037118
▁select,0.00040115006
select,0.0002285684
▁Select,0.00021981208
▁Would,0.00021640421
USE,0.00015832472
