Token,Probability
▁SELECT,0.8810633
SELECT,0.10199048
▁CREATE,0.0036007043
▁Would,0.0030558782
<0x0A>,0.0018534837
CREATE,0.0012639661
1,0.0005146938
▁select,0.0004686341
▁Select,0.00045777817
2,0.00035099068
