Token,Probability
▁SELECT,0.9208158
SELECT,0.06990485
▁CREATE,0.002300376
<0x0A>,0.001260502
▁Select,0.0012313024
CREATE,0.0012313024
Select,0.00043222785
▁select,0.00041892956
select,0.00033140054
▁Would,0.00016794562
