Token,Probability
▁SELECT,0.9148388
SELECT,0.070544794
<0x0A>,0.0031979114
▁CREATE,0.0027140318
1,0.0012329047
▁Select,0.00083422504
▁Would,0.000736201
CREATE,0.0007304718
2,0.0007191469
▁select,0.00040340488
