Token,Probability
▁SELECT,0.88638806
SELECT,0.104222685
<0x0A>,0.0022317364
▁CREATE,0.0021295375
CREATE,0.00080199115
▁Select,0.00064947223
▁Would,0.00050187326
▁select,0.00048264675
select,0.00046779733
Select,0.000350364
