Token,Probability
▁SELECT,0.88260084
SELECT,0.0887655
▁Would,0.0071733524
<0x0A>,0.006380111
▁Select,0.0036637895
▁CREATE,0.0013797958
1,0.0011894584
2,0.000817502
Select,0.0006672257
▁Show,0.0006672257
