Token,Probability
▁SELECT,0.89383864
SELECT,0.08313994
<0x0A>,0.0044756443
▁Would,0.0039497423
1,0.0019400482
▁Select,0.0016336844
2,0.0014644251
▁CREATE,0.0012822936
▁select,0.0008344043
CREATE,0.0005558331
