Token,Probability
▁SELECT,0.8413693
SELECT,0.1485105
<0x0A>,0.0025353788
▁CREATE,0.002272699
CREATE,0.0010324201
▁Select,0.0007553347
select,0.00063605554
▁select,0.00058367744
Select,0.0005746283
▁Would,0.00020649702
