Token,Probability
▁SELECT,0.9194801
SELECT,0.073153384
<0x0A>,0.0014947117
▁CREATE,0.001298628
▁Select,0.0008786958
▁Would,0.0007060519
▁select,0.0004967695
select,0.0003309198
Select,0.00028750816
CREATE,0.00024591875
