Token,Probability
▁SELECT,0.87496126
SELECT,0.114769936
<0x0A>,0.0021858225
▁CREATE,0.0011977319
▁Select,0.0010007424
1,0.0006614503
CREATE,0.0006165395
▁Would,0.00059292023
2,0.00059292023
▁select,0.0005657684
