Token,Probability
▁SELECT,0.89764506
SELECT,0.09761437
<0x0A>,0.0009950993
▁Select,0.00075703167
▁CREATE,0.00062271726
▁select,0.0003412209
select,0.00033856547
Select,0.00033331648
▁Would,0.00025756704
CREATE,0.00024007888
