Token,Probability
▁SELECT,0.91376096
SELECT,0.07984354
▁Select,0.0012218688
<0x0A>,0.0011842757
▁CREATE,0.001138907
▁Would,0.000542201
select,0.0004898378
▁select,0.00046376913
Select,0.0003288615
CREATE,0.00021232896
