Token,Probability
▁SELECT,0.82995546
SELECT,0.14649583
1,0.0043552066
2,0.003610593
<0x0A>,0.0022771726
▁Would,0.0021060403
3,0.0010840966
▁Select,0.0009870812
4,0.00089874776
▁CREATE,0.0008377249
