Token,Probability
▁SELECT,0.9004589
SELECT,0.061276995
▁Would,0.008100834
<0x0A>,0.004799585
▁CREATE,0.004202657
1,0.0029569385
2,0.002589182
▁Select,0.0020322723
▁select,0.0008211122
3,0.00080209115
