Token,Probability
▁SELECT,0.82970744
SELECT,0.15110095
1,0.0024614746
<0x0A>,0.002105411
2,0.0019624587
▁CREATE,0.0014135062
▁Select,0.0011810286
▁Would,0.0010669704
4,0.0008180746
3,0.0007867346
