Token,Probability
▁SELECT,0.9032748
SELECT,0.090844736
▁CREATE,0.0017574066
▁Select,0.00080459943
<0x0A>,0.0005932744
▁Would,0.00045844697
select,0.00040142957
▁select,0.00038304675
Select,0.00031755693
CREATE,0.00030301494
