Token,Probability
▁SELECT,0.89676297
SELECT,0.09905414
▁CREATE,0.001380201
CREATE,0.00046593533
▁Select,0.00044459858
▁select,0.00038627398
<0x0A>,0.00030796445
select,0.0002915749
Select,0.00025731392
▁Would,0.0001254048
