Token,Probability
▁SELECT,0.8946679
SELECT,0.091396086
<0x0A>,0.002116106
▁CREATE,0.0018100014
1,0.0018100014
2,0.0012439947
▁Select,0.00082867907
▁Would,0.0005520192
CREATE,0.00050261925
3,0.00047587036
