Token,Probability
▁SELECT,0.79380643
SELECT,0.1638112
<0x0A>,0.007030635
1,0.006761296
2,0.0049081747
▁CREATE,0.00406902
CREATE,0.0030003071
▁Would,0.0018197782
3,0.0013005368
4,0.0012313236
