Token,Probability
▁SELECT,0.9303297
SELECT,0.062328205
▁CREATE,0.0022004547
<0x0A>,0.0016609904
▁Select,0.00086846895
▁select,0.00063044083
select,0.00032452316
CREATE,0.00028863686
Select,0.00025671892
▁Would,0.00014067037
