Token,Probability
▁SELECT,0.94437855
SELECT,0.049274277
▁CREATE,0.0016088622
<0x0A>,0.0010068002
▁Select,0.00082172634
▁Would,0.00073085853
▁select,0.0003452331
CREATE,0.00027097657
select,0.00020454385
Select,0.00020454385
