Token,Probability
▁SELECT,0.8280163
SELECT,0.15802968
▁CREATE,0.0031296082
<0x0A>,0.0023257274
CREATE,0.0014783222
▁Select,0.0009544766
select,0.0007912889
▁select,0.0007669435
▁Would,0.0006308705
Select,0.0004874989
