Token,Probability
▁SELECT,0.87781817
SELECT,0.11335953
▁CREATE,0.0022625716
<0x0A>,0.0017898415
CREATE,0.0012495107
▁Select,0.00076980115
▁select,0.00046327454
select,0.0004455268
Select,0.0004251246
1,0.00018572318
