Token,Probability
▁SELECT,0.8800751
SELECT,0.11544073
▁CREATE,0.0009237001
▁Select,0.0005690751
select,0.00049829885
<0x0A>,0.00047548005
▁select,0.00045370628
CREATE,0.00037613572
Select,0.0003319386
▁Would,0.00017355812
