Token,Probability
▁SELECT,0.8609598
SELECT,0.13411167
<0x0A>,0.0009036373
▁CREATE,0.0008357279
▁Select,0.0005068946
CREATE,0.0004912991
▁select,0.00036796607
select,0.00035111565
Select,0.00029798795
▁Would,0.0002432107
