Token,Probability
▁SELECT,0.88301134
SELECT,0.10382565
<0x0A>,0.0037524186
▁CREATE,0.0021214252
CREATE,0.0009562013
1,0.0007623501
▁Would,0.0007105884
▁Select,0.0006727716
2,0.00049607066
▁select,0.00046601528
