Token,Probability
▁SELECT,0.9268864
SELECT,0.06927478
▁CREATE,0.00062810746
<0x0A>,0.00048536385
▁Select,0.00040871731
select,0.0002920971
▁select,0.00028311022
1,0.00027439985
CREATE,0.00021537888
Select,0.00021370279
