Token,Probability
▁SELECT,0.89383864
SELECT,0.10186519
▁CREATE,0.0009831685
▁Select,0.00046805842
<0x0A>,0.00043627844
▁select,0.00042951456
▁Would,0.00041629976
select,0.00035055954
CREATE,0.0002666916
Select,0.00022633825
