Token,Probability
▁SELECT,0.9012818
SELECT,0.09064429
▁CREATE,0.0026947837
<0x0A>,0.0010470801
CREATE,0.0008348051
▁Select,0.00046463902
▁select,0.0003974268
▁Would,0.00032691436
1,0.0002862558
select,0.00028402812
