Token,Probability
▁SELECT,0.9062556
SELECT,0.075561464
<0x0A>,0.0037036594
▁CREATE,0.0035065543
▁Select,0.0024100172
▁Would,0.001330938
CREATE,0.0009219137
1,0.0006904815
▁select,0.0006486473
select,0.0005635546
