Token,Probability
▁SELECT,0.879465
SELECT,0.11181142
<0x0A>,0.0018792566
▁CREATE,0.0014074981
▁Would,0.0009158765
▁Select,0.0007652435
select,0.0006006465
▁select,0.00045339178
CREATE,0.00037587498
Select,0.00034492224
