Token,Probability
▁SELECT,0.8827781
SELECT,0.11049265
▁CREATE,0.0019462148
<0x0A>,0.0011089199
CREATE,0.0007329512
▁Select,0.0005532606
▁select,0.00036283716
select,0.00031035108
Select,0.00028702783
1,0.00026545735
