Token,Probability
▁SELECT,0.8722956
SELECT,0.09193928
<0x0A>,0.00939219
▁CREATE,0.0064049163
▁Would,0.0053098626
CREATE,0.0022308403
▁Select,0.0016194165
1,0.0013636855
2,0.0010703689
▁select,0.00060987787
