Token,Probability
▁SELECT,0.9016897
SELECT,0.07518077
1,0.003984435
2,0.0029609804
▁CREATE,0.0026542058
<0x0A>,0.0024356362
▁Would,0.0018385146
▁Select,0.0012735019
3,0.0008351829
CREATE,0.00080318755
