Token,Probability
▁SELECT,0.8867303
SELECT,0.10590483
<0x0A>,0.0014641735
▁Select,0.0009453415
▁CREATE,0.000909126
▁select,0.0006809039
select,0.00057787565
▁Would,0.00048662003
Select,0.00040977518
CREATE,0.00030931455
