Token,Probability
▁SELECT,0.9063114
SELECT,0.088345736
▁CREATE,0.0023914096
CREATE,0.00053778064
<0x0A>,0.0005091605
▁Select,0.0004635959
▁select,0.00035823914
select,0.00033131702
Select,0.000248145
USE,5.8480935e-05
