Token,Probability
▁SELECT,0.86143816
SELECT,0.12605624
▁CREATE,0.0016244444
<0x0A>,0.0015992596
CREATE,0.0014003585
1,0.0007554367
▁select,0.0006512272
2,0.00057921343
select,0.00048774664
▁Would,0.0004690613
