Token,Probability
▁SELECT,0.9241095
SELECT,0.06906725
<0x0A>,0.0010405695
▁Select,0.0010085545
▁CREATE,0.00096991734
2,0.0009623694
1,0.0006562789
CREATE,0.00037102646
select,0.00026104972
▁select,0.00023400346
