Token,Probability
▁SELECT,0.89450747
SELECT,0.10036095
<0x0A>,0.0010806074
▁Select,0.0009839042
▁CREATE,0.0007783323
Select,0.00040065116
▁select,0.00033475657
select,0.0003144747
CREATE,0.00025666674
▁Would,0.00023737793
