Token,Probability
▁SELECT,0.9080319
SELECT,0.08579017
<0x0A>,0.001252751
▁CREATE,0.0009605176
▁Select,0.00087456114
▁select,0.0004262271
▁Would,0.0003820675
select,0.0003674307
Select,0.0003267996
CREATE,0.0002605474
