Token,Probability
▁SELECT,0.891338
SELECT,0.09394633
▁CREATE,0.0047882316
▁Select,0.0026650524
▁Would,0.0014717818
CREATE,0.0011284541
<0x0A>,0.00088573375
▁select,0.000533044
Select,0.00047781755
select,0.0004523886
