Token,Probability
▁SELECT,0.8699328
SELECT,0.12146983
<0x0A>,0.0016793654
▁CREATE,0.001370658
▁Select,0.0008712433
CREATE,0.00078710273
select,0.00063245476
▁select,0.000627533
Select,0.0005625169
▁Would,0.0004887232
