Token,Probability
▁SELECT,0.8542502
SELECT,0.0928954
▁Would,0.007333197
1,0.0069429325
▁CREATE,0.005801037
<0x0A>,0.0052407994
2,0.0048849625
CREATE,0.0031294245
▁Select,0.0018541227
3,0.0014439921
