Token,Probability
▁SELECT,0.9109234
SELECT,0.08341547
▁CREATE,0.0017861882
▁Select,0.0010833779
<0x0A>,0.0005038175
CREATE,0.0003954509
Select,0.00038932002
select,0.00038328415
▁select,0.0003628861
▁Would,0.00017824367
