Token,Probability
▁SELECT,0.88406545
SELECT,0.060161408
1,0.009154253
<0x0A>,0.008532703
2,0.007830047
▁Would,0.004899918
▁CREATE,0.0028358554
▁Select,0.0024638341
3,0.0022609408
4,0.0019490529
