Token,Probability
▁SELECT,0.8717702
SELECT,0.11983921
<0x0A>,0.0017499521
▁Select,0.0010449442
▁CREATE,0.00097399496
▁select,0.00080747023
select,0.0006539093
Select,0.00058159896
CREATE,0.0005337052
▁Would,0.00027258997
