Token,Probability
▁SELECT,0.9036927
SELECT,0.08809047
<0x0A>,0.0019923241
▁Select,0.0013065981
▁CREATE,0.0009940073
▁Would,0.0008502197
Select,0.0004445476
select,0.00041436392
▁select,0.000383224
CREATE,0.00028037265
