Token,Probability
▁SELECT,0.90398407
SELECT,0.08811887
▁CREATE,0.0020723573
<0x0A>,0.0018869027
▁Select,0.0006173922
CREATE,0.00048459673
▁select,0.00047708375
select,0.00035731922
▁Would,0.00032029886
Select,0.00022186457
