Token,Probability
▁SELECT,0.9098293
SELECT,0.0820236
▁Select,0.0013572283
▁CREATE,0.0013052336
<0x0A>,0.0011700039
▁Would,0.0006666481
▁select,0.00053566677
select,0.0004690455
1,0.000356831
Select,0.0003248983
