Token,Probability
▁SELECT,0.90898925
SELECT,0.08723305
<0x0A>,0.0008288909
▁Select,0.000630587
▁CREATE,0.0005187066
▁select,0.0003195659
select,0.0003025589
Select,0.00024122099
CREATE,0.00018933653
▁Would,0.00012320363
