Token,Probability
▁SELECT,0.9157114
SELECT,0.074000835
<0x0A>,0.001767739
▁CREATE,0.0014655071
▁Select,0.0013767164
1,0.001015127
2,0.0008615272
▁select,0.0005391299
select,0.0004947334
▁Would,0.00042648686
