Token,Probability
▁SELECT,0.78542686
SELECT,0.2017143
▁CREATE,0.002640359
CREATE,0.002121588
▁Select,0.0012868082
<0x0A>,0.0011179983
▁Would,0.00096377474
▁select,0.0007505886
select,0.0007505886
Select,0.0006031149
