Token,Probability
▁SELECT,0.90646625
SELECT,0.085642256
▁CREATE,0.0027102851
<0x0A>,0.0014735564
CREATE,0.0007070201
▁Select,0.00065901515
▁select,0.00040919185
select,0.00039660232
Select,0.00032117835
▁Would,0.00025013395
