Token,Probability
▁SELECT,0.89147335
SELECT,0.06066552
1,0.0077732475
2,0.0071890783
<0x0A>,0.0064442484
▁Select,0.0032151549
▁Would,0.002665457
▁CREATE,0.0025834497
3,0.002333952
4,0.0020597053
