Token,Probability
▁SELECT,0.90165204
SELECT,0.08518741
▁Select,0.0022525012
<0x0A>,0.0020995617
▁CREATE,0.0016351404
▁Would,0.0010475103
1,0.0006403302
2,0.0006353471
▁select,0.0006206293
select,0.00056508934
