Token,Probability
▁SELECT,0.8975539
SELECT,0.08613564
▁CREATE,0.0039046698
<0x0A>,0.0032624735
CREATE,0.0013181586
▁Select,0.0011723945
▁Would,0.0009949983
1,0.0007279563
▁select,0.00065765367
2,0.00044848086
