Token,Probability
▁SELECT,0.8832262
SELECT,0.10548633
<0x0A>,0.0018726067
▁CREATE,0.0010586758
▁Would,0.0010181186
▁select,0.0006835325
1,0.00058010645
2,0.0005200041
▁Select,0.00048469706
CREATE,0.00039559827
