Token,Probability
▁SELECT,0.8450135
SELECT,0.12958702
1,0.006253258
<0x0A>,0.005828677
2,0.0023184877
▁CREATE,0.0018484596
▁Select,0.0010698063
CREATE,0.0010698063
▁Would,0.00078268704
Select,0.0005771172
