Token,Probability
▁SELECT,0.9228302
SELECT,0.07005778
<0x0A>,0.0011412599
▁CREATE,0.00089578505
▁Select,0.00085476413
▁Would,0.0008092744
▁select,0.0006204922
select,0.00048323986
Select,0.00030240376
CREATE,0.00019524654
