Token,Probability
▁SELECT,0.87756217
SELECT,0.11692385
▁CREATE,0.0018033531
CREATE,0.0008652584
▁Select,0.0005086591
<0x0A>,0.0004023825
select,0.00038096806
▁select,0.00029902524
▁Would,0.00024027356
Select,0.00023288111
