Token,Probability
▁SELECT,0.9177461
SELECT,0.078948505
▁CREATE,0.00089085
▁Select,0.00061227166
<0x0A>,0.00041105977
select,0.00030786952
Select,0.00029839738
▁select,0.00029148502
CREATE,0.00016223584
USE,3.619971e-05
