Token,Probability
▁SELECT,0.8558294
SELECT,0.07715536
1,0.012694052
2,0.010199958
<0x0A>,0.006433033
▁Would,0.0061865873
▁CREATE,0.0033374133
3,0.0031597994
4,0.002681687
▁Select,0.002258207
