Token,Probability
▁SELECT,0.8354655
SELECT,0.15697931
<0x0A>,0.0012560715
▁CREATE,0.0011259353
▁Select,0.00094813254
CREATE,0.0007213012
▁Would,0.0006567522
select,0.00052360847
▁select,0.00050354935
Select,0.00034879844
