Token,Probability
▁SELECT,0.89248866
SELECT,0.09554896
<0x0A>,0.0017775996
▁CREATE,0.0012506974
▁Would,0.0009008435
2,0.00061914016
1,0.00060479774
▁Show,0.00056373345
▁Select,0.0005337321
▁select,0.0004859686
