Token,Probability
▁SELECT,0.89057744
SELECT,0.10309182
▁CREATE,0.0011542288
▁Select,0.0008712578
<0x0A>,0.00059414614
CREATE,0.0005243321
1,0.00048873125
2,0.00040517247
Select,0.00034928048
▁select,0.00033853427
