Token,Probability
▁SELECT,0.90765125
SELECT,0.08442471
<0x0A>,0.0011050855
▁Would,0.0010061918
▁CREATE,0.0009905922
▁Select,0.0009305753
▁select,0.0005099132
1,0.00044302028
select,0.00034773056
Select,0.00034773056
