Token,Probability
▁SELECT,0.88159144
SELECT,0.112081766
<0x0A>,0.0017286725
▁CREATE,0.0013048704
CREATE,0.000635943
▁Select,0.00060209876
▁select,0.00035120107
Select,0.00032480794
select,0.00031728373
1,0.00015342841
