Token,Probability
▁SELECT,0.92859584
SELECT,0.065197654
<0x0A>,0.0012911698
▁Select,0.0010620872
▁CREATE,0.00087364926
▁select,0.00057744683
▁Would,0.0004392984
select,0.00038466253
Select,0.00031641475
CREATE,0.00018312682
