Token,Probability
▁SELECT,0.86890495
SELECT,0.11759349
<0x0A>,0.0032080754
▁CREATE,0.0023470782
▁Would,0.0012661536
▁Select,0.0010094658
CREATE,0.0009263379
1,0.00049197435
▁select,0.00044794774
Select,0.0004110599
