Token,Probability
▁SELECT,0.8855325
SELECT,0.10576178
▁CREATE,0.0017228875
<0x0A>,0.0011749072
CREATE,0.0009221952
▁Would,0.0005593397
▁select,0.00042221174
▁Select,0.00028345958
1,0.00023316746
▁Name,0.00020738343
