Token,Probability
▁SELECT,0.8813422
SELECT,0.113814615
▁CREATE,0.0009036018
<0x0A>,0.0007789534
▁Select,0.00070924516
Select,0.0003766773
▁select,0.00034296853
CREATE,0.00027131045
select,0.00023943064
▁Would,0.00018940521
