Token,Probability
▁SELECT,0.9267463
SELECT,0.06609247
▁CREATE,0.0015183395
<0x0A>,0.001093619
▁Select,0.00082550687
▁Would,0.0004630674
▁select,0.0004488203
CREATE,0.00034682147
1,0.00030606883
select,0.00028306743
