Token,Probability
▁SELECT,0.9003797
SELECT,0.09342805
▁Select,0.0012039755
<0x0A>,0.0010378918
▁CREATE,0.00082104
select,0.00048266453
▁select,0.000397029
Select,0.000397029
CREATE,0.0003092065
▁Would,0.0003044127
