Token,Probability
▁SELECT,0.90232754
SELECT,0.08934253
<0x0A>,0.0014328494
▁CREATE,0.0009179178
▁Would,0.0007550586
CREATE,0.00044387605
▁Select,0.00043021943
▁select,0.0003767127
select,0.00031475528
▁NE,0.00021973456
