Token,Probability
▁SELECT,0.9045561
SELECT,0.0635098
1,0.0047466746
<0x0A>,0.0038741229
2,0.0038140605
▁Would,0.0028565992
▁CREATE,0.0018157649
▁Select,0.0017057534
3,0.0012775502
4,0.0012382441
