Token,Probability
▁SELECT,0.84631234
SELECT,0.14033234
<0x0A>,0.0029125046
▁CREATE,0.0019401464
▁Select,0.0014644995
1,0.0009236482
▁select,0.00075977226
CREATE,0.00071374
▁Would,0.00067575544
2,0.00066010165
