Token,Probability
▁SELECT,0.90271544
SELECT,0.09221819
▁CREATE,0.0016243291
▁Select,0.0006069674
▁select,0.0004545976
select,0.0004337801
CREATE,0.000401181
<0x0A>,0.00038581202
Select,0.00026934015
▁Would,0.00018950448
