Token,Probability
▁SELECT,0.9023818
SELECT,0.086598955
▁CREATE,0.0028055515
<0x0A>,0.0021012612
CREATE,0.00109012
▁Would,0.0007913422
▁Select,0.0005926879
▁select,0.00048753177
Select,0.00033507534
select,0.00030748243
