Token,Probability
▁SELECT,0.8507303
SELECT,0.1388779
▁CREATE,0.0015188752
<0x0A>,0.0013615111
▁Select,0.001035783
1,0.0010197246
2,0.00078185
CREATE,0.0005765
select,0.00047421598
▁select,0.00045604908
