Token,Probability
▁SELECT,0.9005693
SELECT,0.09344773
<0x0A>,0.0014412736
▁CREATE,0.001223193
▁Select,0.00053437345
CREATE,0.00040336628
▁select,0.00036441104
select,0.0003423325
Select,0.00028380362
1,0.000244654
