Token,Probability
▁SELECT,0.90612674
SELECT,0.08561018
▁CREATE,0.0026672666
<0x0A>,0.0009585024
▁Select,0.0008262807
▁select,0.00063353137
CREATE,0.0006092611
select,0.00039030734
▁Would,0.00038726997
Select,0.00027035797
