Token,Probability
▁SELECT,0.89547914
SELECT,0.09291954
▁Would,0.002456952
<0x0A>,0.0017286815
▁CREATE,0.0015617337
▁Select,0.0011161207
▁select,0.00064093416
select,0.000458055
CREATE,0.00043367775
Select,0.00031728542
