Token,Probability
▁SELECT,0.93114954
SELECT,0.056800485
<0x0A>,0.004448958
▁CREATE,0.0021852546
▁Select,0.0010403371
2,0.00070392736
1,0.00065613247
▁select,0.0003887456
Select,0.00031977342
CREATE,0.000309935
