Token,Probability
▁SELECT,0.90571135
SELECT,0.08828724
▁Select,0.0013939734
<0x0A>,0.0009807828
▁CREATE,0.0008723262
select,0.00043183277
Select,0.00043183277
▁select,0.00038109111
▁Would,0.00031347698
CREATE,0.00028099897
