Token,Probability
▁SELECT,0.9331176
SELECT,0.0605916
▁CREATE,0.0014361541
▁Select,0.0014249778
<0x0A>,0.0005802587
▁select,0.00040508586
▁Would,0.00040193344
Select,0.00033321453
CREATE,0.00031302607
select,0.00027841114
