Token,Probability
▁SELECT,0.91912675
SELECT,0.07544652
▁CREATE,0.0017063584
<0x0A>,0.00071131607
▁Select,0.00058055925
CREATE,0.00038074006
▁select,0.00036047742
▁Would,0.0003493867
select,0.00024582425
Select,0.00018995826
