Token,Probability
▁SELECT,0.8681237
SELECT,0.09740078
▁Would,0.0083136335
▁CREATE,0.0055380734
▁Select,0.0038361116
<0x0A>,0.0030109985
CREATE,0.0014674434
1,0.0014446927
2,0.000925505
Select,0.00076727057
