Token,Probability
▁SELECT,0.88825214
SELECT,0.10608659
▁CREATE,0.0010899487
▁Select,0.0007728894
<0x0A>,0.00074328046
CREATE,0.00046151332
▁select,0.00044383304
select,0.00043017772
▁Would,0.00036795053
Select,0.0003456575
