Token,Probability
▁SELECT,0.9128277
SELECT,0.078525394
<0x0A>,0.0018039607
▁CREATE,0.0017079557
▁Select,0.0013198059
▁Would,0.00066364004
▁select,0.0005291
select,0.0005128213
CREATE,0.00045969003
Select,0.0003870978
