Token,Probability
▁SELECT,0.84793067
SELECT,0.13208213
<0x0A>,0.004848825
▁CREATE,0.0033850255
CREATE,0.0021182948
1,0.0013676739
2,0.0010651456
▁Select,0.00096227875
▁select,0.00071510486
select,0.00062616676
