Token,Probability
▁SELECT,0.86226684
SELECT,0.13018282
▁CREATE,0.0015038106
<0x0A>,0.0007862856
▁Would,0.0007862856
▁Select,0.00074444024
CREATE,0.0006778205
▁select,0.00048821585
Select,0.0003892396
select,0.00037726396
