Token,Probability
▁SELECT,0.8260968
SELECT,0.12868106
1,0.006018493
<0x0A>,0.0049895057
2,0.0049895057
▁Select,0.0030027374
▁CREATE,0.0030027374
▁Would,0.0028877046
CREATE,0.0019692434
4,0.0017378512
