Token,Probability
▁SELECT,0.9317124
SELECT,0.06340382
▁CREATE,0.0012654929
<0x0A>,0.0008697597
▁Select,0.00055718893
▁select,0.0003770129
▁Would,0.0003199667
select,0.0002550997
CREATE,0.00024532696
Select,0.00016993302
