Token,Probability
▁SELECT,0.84212554
SELECT,0.14633946
▁CREATE,0.0029668226
<0x0A>,0.0018135825
CREATE,0.0017854654
▁Select,0.0007679191
▁select,0.00073850056
select,0.0006416204
Select,0.0005115444
USE,0.00031762515
