Token,Probability
▁SELECT,0.4468812
2,0.12803361
1,0.122170515
SELECT,0.07645236
3,0.04288589
4,0.03844266
5,0.029018043
6,0.026421227
9,0.021564377
8,0.015532239
