Token,Probability
▁SELECT,0.9086717
SELECT,0.07576291
▁CREATE,0.002695736
<0x0A>,0.0021492282
▁Would,0.0019416659
2,0.001023186
CREATE,0.0007906569
1,0.0006657999
▁Select,0.0005391812
▁select,0.0004833189
