Token,Probability
▁SELECT,0.87354827
SELECT,0.1182219
▁CREATE,0.0022166586
<0x0A>,0.0011590067
▁Select,0.0011059319
CREATE,0.00088172575
▁select,0.00051833986
select,0.0005103037
Select,0.00043648595
▁Would,0.00032691288
