Token,Probability
▁SELECT,0.9156056
SELECT,0.075157486
<0x0A>,0.0024348816
▁Select,0.0013135201
▁CREATE,0.0010554431
▁select,0.0006253293
▁Would,0.00048321707
Select,0.00042643756
select,0.00041655917
1,0.00038525424
