Token,Probability
▁SELECT,0.83361554
SELECT,0.15181266
<0x0A>,0.0023969805
1,0.0018814115
2,0.0015476069
▁CREATE,0.0010309286
▁Select,0.00090979115
CREATE,0.0008681288
select,0.0008155316
▁select,0.00070854614
