Token,Probability
▁SELECT,0.84758294
SELECT,0.14275625
<0x0A>,0.002614672
▁CREATE,0.0011512245
▁Select,0.00076688087
CREATE,0.0007549915
▁Would,0.0006508434
1,0.00044383664
2,0.00044383664
Select,0.0004268335
