Token,Probability
▁SELECT,0.90280807
SELECT,0.08397423
<0x0A>,0.003333249
▁CREATE,0.0023821655
▁Select,0.0013679626
▁Would,0.0010737261
▁select,0.00070968963
CREATE,0.00056141074
Select,0.0004764631
select,0.0004511062
