Token,Probability
▁SELECT,0.75909007
SELECT,0.20113885
<0x0A>,0.007921816
1,0.007738307
2,0.0061695166
3,0.0018380091
4,0.0014653886
▁Select,0.0014092504
5,0.0011323646
0,0.0010889843
