Token,Probability
▁SELECT,0.88850605
SELECT,0.10447173
▁CREATE,0.0015375136
<0x0A>,0.0013890277
▁Select,0.0009472346
CREATE,0.0005030725
▁select,0.0004800351
select,0.00045448812
Select,0.0003887443
▁Would,0.00021636876
