Token,Probability
▁SELECT,0.90839255
SELECT,0.08189407
<0x0A>,0.0028022612
▁CREATE,0.0018667082
▁Select,0.0009026811
▁Would,0.00054750376
▁select,0.0005265293
CREATE,0.00046466044
select,0.00040370398
Select,0.0003168709
