Token,Probability
▁SELECT,0.90889174
SELECT,0.039933916
2,0.011990336
1,0.011621431
3,0.0039850045
<0x0A>,0.0038323416
4,0.0022179892
▁Would,0.0021497486
9,0.0015975576
▁CREATE,0.0015244002
