Token,Probability
▁SELECT,0.8327998
SELECT,0.13809173
<0x0A>,0.0047623
▁CREATE,0.0044044075
CREATE,0.003050844
1,0.002214675
▁Select,0.0018360302
▁Would,0.0015460924
2,0.0015221225
▁select,0.0013121516
