Token,Probability
▁SELECT,0.8513023
SELECT,0.13260733
▁MAX,0.0031677368
<0x0A>,0.0019978664
▁CREATE,0.0017088657
▁Select,0.0013624266
▁Would,0.0013000364
1,0.000734974
CREATE,0.00070681755
select,0.00065369945
