Token,Probability
▁SELECT,0.878777
SELECT,0.11527046
▁CREATE,0.0014738915
▁Select,0.0009972849
<0x0A>,0.0006489457
CREATE,0.00047108406
select,0.00044951154
Select,0.00040609983
▁select,0.00040293953
▁Would,0.00028129714
