Token,Probability
▁SELECT,0.9273602
SELECT,0.06717775
▁CREATE,0.0015798693
<0x0A>,0.0007944081
▁select,0.0005721907
▁Select,0.00044215468
CREATE,0.0003665591
select,0.00035528126
Select,0.00019165987
▁Would,0.00015043555
