Token,Probability
▁SELECT,0.88586134
SELECT,0.09483944
▁Would,0.0031453823
<0x0A>,0.0021117097
1,0.002046739
2,0.0016575
▁CREATE,0.0014857734
▁Select,0.001087015
4,0.0006097602
▁select,0.00055519294
