Token,Probability
▁SELECT,0.8682457
SELECT,0.12508266
▁CREATE,0.0026575702
CREATE,0.00096250814
<0x0A>,0.0007673784
select,0.00043383642
▁Select,0.00041721642
▁select,0.0003858621
Select,0.00025305455
2,0.00013866244
