Token,Probability
▁SELECT,0.9137543
SELECT,0.079842955
1,0.0010698963
<0x0A>,0.0008939319
▁Select,0.00082031795
▁CREATE,0.000595487
2,0.00046376575
Select,0.00031874122
▁select,0.00027909913
CREATE,0.00027692717
