Token,Probability
▁SELECT,0.81646323
SELECT,0.11947496
<0x0A>,0.012790874
1,0.012110156
2,0.008194141
▁CREATE,0.0047424054
▁Would,0.0026395458
3,0.001946279
CREATE,0.0018717183
4,0.0017310565
