Token,Probability
▁SELECT,0.9207159
SELECT,0.07325171
▁CREATE,0.0022822267
<0x0A>,0.0008528058
CREATE,0.00047465792
▁Select,0.0004493971
▁select,0.0003137297
select,0.00023314412
▁Would,0.00022073642
Select,0.00021562306
