Token,Probability
▁SELECT,0.866033
SELECT,0.12672862
▁Select,0.0012818419
<0x0A>,0.0010794192
▁CREATE,0.00088790595
▁Would,0.0007079003
Select,0.0005138805
▁select,0.00037013428
select,0.00036725384
CREATE,0.00034770896
