Token,Probability
▁SELECT,0.88813114
SELECT,0.104427636
▁CREATE,0.0014213675
<0x0A>,0.0011156441
▁Select,0.00081622263
CREATE,0.0006018448
▁select,0.00047609844
▁Would,0.0004334926
select,0.0003538063
Select,0.0003402522
