Token,Probability
▁SELECT,0.9042744
SELECT,0.06499565
<0x0A>,0.008263269
1,0.0026410995
▁Would,0.0024236091
▁CREATE,0.0020092425
2,0.0017320754
CREATE,0.00090563664
▁select,0.00080548984
▁Name,0.00073915906
