Token,Probability
▁SELECT,0.9080192
SELECT,0.088512205
▁CREATE,0.0008677432
▁Select,0.0006057824
select,0.00041961318
▁select,0.00036456625
<0x0A>,0.00031427573
Select,0.0002688143
CREATE,0.00024861257
1,5.0904855e-05
