Token,Probability
▁SELECT,0.90356356
SELECT,0.081458725
▁CREATE,0.002518174
▁Would,0.0021539081
<0x0A>,0.0018137726
▁Select,0.0013373919
CREATE,0.000738578
1,0.0006569048
▁select,0.00063173927
2,0.00054886454
