Token,Probability
▁SELECT,0.8821786
SELECT,0.09153941
<0x0A>,0.008061358
2,0.0027859306
1,0.0024778582
▁CREATE,0.0022738106
▁Would,0.0016635553
▁Select,0.0014566577
CREATE,0.0012955782
3,0.00071548624
