Token,Probability
▁SELECT,0.901136
SELECT,0.09062963
<0x0A>,0.0014421805
▁CREATE,0.0014421805
▁Select,0.000945805
▁Would,0.00077194354
▁select,0.00060119026
CREATE,0.00048306995
select,0.00041969842
Select,0.00040362007
