Token,Probability
▁SELECT,0.9170998
SELECT,0.071832806
▁CREATE,0.0051630563
<0x0A>,0.0011078999
CREATE,0.0009329453
▁Select,0.0006879107
▁select,0.00044414852
▁Would,0.00044414852
select,0.00032749458
Select,0.00026110146
