Token,Probability
▁SELECT,0.8773626
SELECT,0.11508493
<0x0A>,0.0013190614
▁CREATE,0.0012391435
▁Select,0.0010850304
▁Would,0.0006529828
▁select,0.0005585257
select,0.0005498665
CREATE,0.00041506108
Select,0.00039297194
