Token,Probability
▁SELECT,0.88269055
SELECT,0.09903513
<0x0A>,0.003870126
1,0.0021206543
2,0.0019308777
▁CREATE,0.0015155632
▁Select,0.0011088098
▁Would,0.001066332
CREATE,0.0007986457
▁select,0.00057076634
