Token,Probability
▁SELECT,0.9267138
SELECT,0.056529902
<0x0A>,0.00350265
▁CREATE,0.0027708241
▁Would,0.002091528
▁Select,0.0015301945
CREATE,0.0009137209
1,0.0005206225
2,0.0003808955
▁U,0.00036630363
