Token,Probability
▁SELECT,0.834234
SELECT,0.060431708
1,0.021213526
2,0.020400846
▁Would,0.009123823
<0x0A>,0.0090528205
3,0.0052804635
4,0.005239371
▁CREATE,0.0051180003
5,0.003056098
