Token,Probability
▁SELECT,0.87303424
SELECT,0.118152335
<0x0A>,0.002549857
▁CREATE,0.0011765658
▁Select,0.00093804
▁select,0.0006200065
select,0.00058244227
Select,0.0004396505
CREATE,0.00039719112
▁Would,0.0003879902
