Token,Probability
▁SELECT,0.9061861
SELECT,0.08428843
▁Select,0.0016305741
▁Would,0.0015317826
▁CREATE,0.0011033016
<0x0A>,0.000921843
▁select,0.0005090901
select,0.00048199683
Select,0.00042536072
1,0.00037245825
