Token,Probability
▁SELECT,0.85165566
SELECT,0.1117129
½,0.009387413
▁Would,0.0059205675
▁Select,0.0037340547
<0x0A>,0.0029538807
1,0.001618593
2,0.0014172874
Select,0.000989426
select,0.0008138798
