Token,Probability
▁SELECT,0.8527137
SELECT,0.13920169
<0x0A>,0.0016461248
▁Select,0.000902002
▁CREATE,0.0008212821
▁SUM,0.0008022572
select,0.00047904963
CREATE,0.0004500255
Select,0.0004294173
▁select,0.00041296656
