Token,Probability
1,0.27648765
2,0.24021664
3,0.10412621
4,0.07558752
6,0.05401996
5,0.053599574
7,0.040144227
9,0.038606327
8,0.034069963
▁SELECT,0.03250979
