Token,Probability
▁SELECT,0.9164217
SELECT,0.066385366
<0x0A>,0.0028492024
▁Would,0.0023805976
▁CREATE,0.0016361593
1,0.0015132001
▁Select,0.0012643259
2,0.0010646692
▁select,0.0005437798
CREATE,0.00051887834
