Token,Probability
▁SELECT,0.82629913
SELECT,0.15284997
1,0.0035389564
<0x0A>,0.003511416
2,0.0030034732
▁Would,0.0015102413
▁CREATE,0.0013432363
CREATE,0.0013019092
▁Select,0.0011579421
3,0.0005260189
