Token,Probability
▁SELECT,0.81551963
SELECT,0.17636849
▁CREATE,0.0014222827
▁Select,0.0011791136
CREATE,0.0010735951
<0x0A>,0.0008831154
select,0.0008762429
Select,0.00072643085
▁select,0.000641073
▁Would,0.00020650627
