Token,Probability
▁SELECT,0.9407149
SELECT,0.05224871
<0x0A>,0.0015533132
▁CREATE,0.0014592026
▁Select,0.0008919927
▁Would,0.0005003626
▁select,0.00036039762
1,0.00026162062
select,0.0002515981
Select,0.00022377596
