Token,Probability
▁SELECT,0.8873156
SELECT,0.10271424
<0x0A>,0.0019109027
▁CREATE,0.0014882125
▁Select,0.0012630295
▁Would,0.00071965257
CREATE,0.00055610435
1,0.00053480035
▁select,0.0005306385
Select,0.00043309454
