Token,Probability
▁SELECT,0.8142964
SELECT,0.17887717
<0x0A>,0.0012829979
▁CREATE,0.0009684576
CREATE,0.00096092105
▁Select,0.00043994168
▁select,0.0004230878
select,0.00039436118
▁Would,0.00039436118
Select,0.00037925344
