Token,Probability
▁SELECT,0.8855639
SELECT,0.10412578
▁Select,0.0013210307
▁CREATE,0.0013107501
▁Would,0.0010781938
<0x0A>,0.0010450212
1,0.0006488684
2,0.00060010515
select,0.0005816419
▁select,0.00055935956
