Token,Probability
▁SELECT,0.89653975
SELECT,0.094494596
▁CREATE,0.0016644257
<0x0A>,0.0015635834
▁Select,0.0008770908
CREATE,0.0007620297
▁Would,0.00064169324
▁select,0.0005278425
select,0.0003831726
Select,0.00036562583
