Token,Probability
▁SELECT,0.892185
SELECT,0.10167673
<0x0A>,0.0013413458
▁CREATE,0.00097371265
▁Select,0.00064358476
▁Would,0.0004155296
▁select,0.00040590385
select,0.0003813114
CREATE,0.0002969656
Select,0.00029465457
