Token,Probability
▁SELECT,0.879877
SELECT,0.11186379
<0x0A>,0.0013648331
▁CREATE,0.0013436732
1,0.0008278132
▁Select,0.00080234394
2,0.0005557674
CREATE,0.0004981867
Select,0.0003910312
select,0.00034508383
