Token,Probability
▁SELECT,0.928667
SELECT,0.063196585
<0x0A>,0.0016973407
▁CREATE,0.0014862412
▁Select,0.00090852106
▁Would,0.00075319037
▁select,0.0004901103
select,0.00040631572
1,0.0003394895
Select,0.000316439
