Token,Probability
▁SELECT,0.8784337
SELECT,0.09258623
▁Would,0.006974097
<0x0A>,0.0042300043
1,0.0032180175
2,0.0022819159
▁Select,0.0016055285
▁CREATE,0.0011296304
▁select,0.0006589076
3,0.00062384113
