Token,Probability
▁SELECT,0.9093034
SELECT,0.064848505
1,0.0040495927
2,0.0032286171
<0x0A>,0.003009402
▁CREATE,0.0019890931
▁Would,0.0018685801
▁Select,0.0012943277
4,0.0011157801
3,0.0010481785
