Token,Probability
▁SELECT,0.8459404
SELECT,0.14247961
▁CREATE,0.0030271946
CREATE,0.0017114207
<0x0A>,0.0011489935
▁Select,0.00090185547
▁select,0.00069689984
select,0.00060076517
Select,0.0005301734
▁Would,0.00048272838
