Token,Probability
▁SELECT,0.89049953
SELECT,0.095336005
<0x0A>,0.002768609
▁CREATE,0.002768609
▁Would,0.0015170728
▁Select,0.0014363355
CREATE,0.0009568057
1,0.0005848836
▁select,0.0005668886
select,0.0004699672
