Token,Probability
▁SELECT,0.9005581
SELECT,0.08508406
<0x0A>,0.0019854135
1,0.0015342088
▁CREATE,0.001510423
2,0.0014525595
▁Would,0.0012231778
▁Select,0.001122451
CREATE,0.00054278184
▁select,0.00053020834
