Token,Probability
▁SELECT,0.88152176
SELECT,0.08328552
▁CREATE,0.008778229
<0x0A>,0.0058020554
▁Would,0.003602578
▁Select,0.0035191246
1,0.0017973928
CREATE,0.0017557564
2,0.0016753543
Select,0.0006822134
