Token,Probability
▁SELECT,0.9603173
SELECT,0.03390335
▁CREATE,0.0035179865
<0x0A>,0.00069816574
CREATE,0.0003679075
▁Select,0.00030739824
▁select,0.00018355585
select,0.00013429235
Select,0.00011576723
▁U,6.100505e-05
