Token,Probability
▁SELECT,0.87544733
SELECT,0.11305337
▁CREATE,0.002420829
<0x0A>,0.0019913195
CREATE,0.0014568804
▁Select,0.00094801025
▁Would,0.0005840521
▁select,0.000579507
select,0.0005359564
Select,0.0004956786
