Token,Probability
▁SELECT,0.9083157
SELECT,0.08854111
▁CREATE,0.00084791874
▁Select,0.0005648357
select,0.0003399241
▁select,0.00032946572
Select,0.00023000412
CREATE,0.00022119281
<0x0A>,0.00018053231
▁Would,8.011072e-05
