Token,Probability
▁SELECT,0.88029
SELECT,0.106791295
1,0.0024152768
2,0.0019106412
<0x0A>,0.0018231467
▁CREATE,0.0012240027
▁Select,0.00080901635
CREATE,0.0006866033
3,0.0006059253
4,0.00045381708
