Token,Probability
▁SELECT,0.78672343
SELECT,0.16490619
1,0.009903387
2,0.008470817
<0x0A>,0.0071331416
3,0.002465148
4,0.002262147
▁CREATE,0.0017344481
▁Select,0.0017209506
9,0.0013402777
