Token,Probability
▁SELECT,0.9061316
SELECT,0.07437982
<0x0A>,0.0045727836
▁CREATE,0.0028840185
▁Would,0.0022112536
▁Select,0.001240401
1,0.0011293979
2,0.0009290173
CREATE,0.000800863
▁select,0.0006237127
