Token,Probability
▁SELECT,0.93782455
SELECT,0.057207663
▁CREATE,0.0013040019
<0x0A>,0.00062566693
CREATE,0.00035929028
▁select,0.0003401692
▁Select,0.0002587871
▁Would,0.00017238937
1,0.00016068455
select,0.00013217551
