Token,Probability
▁SELECT,0.8693926
SELECT,0.12330609
▁CREATE,0.0023119869
<0x0A>,0.0008639263
CREATE,0.0008505325
▁Select,0.0007744186
▁select,0.000549145
select,0.00047339257
Select,0.0004177675
USE,0.00010898116
