Token,Probability
▁SELECT,0.9243922
SELECT,0.053806074
<0x0A>,0.005004745
▁CREATE,0.0045214104
▁Would,0.0029192418
▁Select,0.0012457797
CREATE,0.0012360847
1,0.00085621094
2,0.0005033404
▁select,0.00041403656
