Token,Probability
▁SELECT,0.92697537
SELECT,0.06407486
<0x0A>,0.002141731
▁CREATE,0.001707537
▁Select,0.0010196168
▁Would,0.00085192185
CREATE,0.0005994018
▁select,0.0005167167
select,0.000349628
Select,0.00032335307
