Token,Probability
▁SELECT,0.8630726
SELECT,0.1243374
<0x0A>,0.0022773189
1,0.0012576549
2,0.0011012394
▁Select,0.00101848
▁CREATE,0.0009346098
▁Would,0.0006784539
CREATE,0.0006423473
select,0.00057131547
