Token,Probability
▁SELECT,0.86134315
SELECT,0.13209125
▁Select,0.0010487044
▁CREATE,0.00086264074
<0x0A>,0.00080406957
▁select,0.00048769286
select,0.0004545797
Select,0.00043716506
1,0.00039494567
CREATE,0.00037392706
