Token,Probability
▁SELECT,0.8385353
SELECT,0.10172587
▁Would,0.015120201
1,0.008481665
2,0.007485042
<0x0A>,0.0033737728
3,0.0023737457
▁CREATE,0.0020948234
▁Select,0.0020145718
4,0.0016832377
