Token,Probability
▁SELECT,0.8430691
SELECT,0.14881052
<0x0A>,0.0011722487
▁CREATE,0.0010026775
▁Select,0.0006999817
▁select,0.0006373406
1,0.00058944366
2,0.00054514623
select,0.00054090394
CREATE,0.0005081322
