Token,Probability
▁SELECT,0.84713817
SELECT,0.14492826
▁CREATE,0.0023062292
<0x0A>,0.0010558687
CREATE,0.00091735466
▁Select,0.000665928
▁select,0.0005435146
select,0.00040390575
Select,0.00038843238
▁Would,0.00018783362
