Token,Probability
▁SELECT,0.8983256
SELECT,0.09176974
▁CREATE,0.0025430017
<0x0A>,0.0012201455
▁Select,0.0009804145
▁Would,0.00081279216
CREATE,0.00078165455
▁select,0.00067911326
Select,0.0003930406
select,0.0003606743
