Token,Probability
▁SELECT,0.85371226
SELECT,0.13092102
▁CREATE,0.0029151076
<0x0A>,0.0016480524
CREATE,0.0014096539
1,0.0013662834
▁Select,0.001345101
2,0.0008960305
▁Would,0.0007428354
▁select,0.0006453866
