Token,Probability
▁SELECT,0.8807227
SELECT,0.11373462
▁CREATE,0.0014205659
<0x0A>,0.0008482586
▁Select,0.00066062453
select,0.000582999
▁select,0.00050651835
CREATE,0.00045050678
Select,0.00040699894
▁Would,0.00011569971
