Token,Probability
▁SELECT,0.8720742
SELECT,0.123686425
▁CREATE,0.00077076216
▁Select,0.0005422989
select,0.00046024309
▁select,0.00043235833
<0x0A>,0.00033936196
Select,0.00032636122
CREATE,0.00031141602
1,0.0001995006
