Token,Probability
▁SELECT,0.85760206
SELECT,0.1235493
▁CREATE,0.004679553
<0x0A>,0.003789618
▁Select,0.0017486213
CREATE,0.0015797478
▁Would,0.00087926205
▁select,0.0008005772
Select,0.00054169766
select,0.00052503136
