Token,Probability
▁SELECT,0.88085127
SELECT,0.10854217
▁CREATE,0.0020511255
<0x0A>,0.0015726526
▁Would,0.0015362222
▁Select,0.0010233446
▁select,0.0006816945
CREATE,0.000569577
select,0.0004987383
Select,0.0003564322
