Token,Probability
▁SELECT,0.9076432
SELECT,0.08311509
<0x0A>,0.0024517176
▁CREATE,0.0018797972
▁Select,0.0007419127
CREATE,0.0007079381
▁Would,0.00048655825
select,0.00040653464
▁select,0.00037305712
Select,0.0003318039
