Token,Probability
▁SELECT,0.8785124
SELECT,0.097038224
▁Would,0.0064505637
▁CREATE,0.003534617
<0x0A>,0.0025064189
▁Select,0.0015807785
▁Show,0.001202593
CREATE,0.0009969845
▁select,0.0006047017
select,0.0005463025
