Token,Probability
▁SELECT,0.90109694
SELECT,0.09350248
▁CREATE,0.0018517161
CREATE,0.0006865511
<0x0A>,0.0005516593
▁select,0.00047928994
▁Select,0.0003534062
select,0.00030228434
Select,0.0002839699
1,0.00013948132
