Token,Probability
▁SELECT,0.8733387
SELECT,0.10761645
<0x0A>,0.0049941186
▁CREATE,0.0018087501
1,0.0014647704
▁Select,0.0013546911
2,0.0012143373
▁Would,0.0011862072
▁select,0.0010305947
select,0.0007779337
