Token,Probability
▁SELECT,0.84620374
SELECT,0.14476839
1,0.0010713132
▁Select,0.001014299
<0x0A>,0.0009908027
2,0.0009754417
▁CREATE,0.0009678508
CREATE,0.0007899368
select,0.0006009522
▁select,0.00045362255
