Token,Probability
▁SELECT,0.8374128
SELECT,0.14552051
<0x0A>,0.0040010912
▁CREATE,0.0024458177
CREATE,0.0017479472
1,0.0016040065
2,0.0010519333
▁Select,0.00092832773
Select,0.0008518814
▁select,0.0007007386
