Token,Probability
▁SELECT,0.92691267
SELECT,0.06927675
▁CREATE,0.0014266041
CREATE,0.00046678307
▁select,0.000357895
<0x0A>,0.0003085248
▁Select,0.0002921054
select,0.0002204927
Select,0.00017171989
▁Would,7.5607255e-05
