Token,Probability
▁SELECT,0.8980826
SELECT,0.093189694
▁Select,0.0013086708
▁Would,0.0012984868
▁CREATE,0.0012783556
<0x0A>,0.0012293826
▁select,0.0005498139
select,0.0005328979
Select,0.00044874504
CREATE,0.0003720227
