Token,Probability
▁SELECT,0.8803734
SELECT,0.111926906
▁CREATE,0.0016862947
<0x0A>,0.0012337196
▁Would,0.0008886148
▁Select,0.0005389722
CREATE,0.0004719398
▁select,0.00037626323
select,0.0003294671
Select,0.00020457075
