Token,Probability
▁SELECT,0.8627751
SELECT,0.08151435
2,0.018765667
1,0.0143881375
3,0.0040583606
4,0.0031606543
<0x0A>,0.0020090342
5,0.0016269655
6,0.0015403798
9,0.0014584024
