Token,Probability
▁SELECT,0.87386674
SELECT,0.11109968
<0x0A>,0.003226395
▁CREATE,0.0026747754
CREATE,0.0011685228
1,0.0011237575
▁Select,0.0011150122
2,0.0007603723
▁Would,0.00066580425
Select,0.00048332204
