Token,Probability
▁SELECT,0.9146702
SELECT,0.06421992
<0x0A>,0.0026714625
1,0.002376048
2,0.0020805371
▁Would,0.0019392739
▁CREATE,0.0017114031
▁Select,0.0008211402
▁LA,0.00078968285
4,0.00061500556
