Token,Probability
▁SELECT,0.8829121
SELECT,0.11401735
▁CREATE,0.0008242043
▁Select,0.00052389613
select,0.0004659629
Select,0.00037734825
▁select,0.0003032078
CREATE,0.00024363433
<0x0A>,0.0001293932
▁Would,2.567887e-05
