Token,Probability
▁SELECT,0.8806797
SELECT,0.11372907
▁CREATE,0.001926479
CREATE,0.0008820064
▁select,0.00047953852
<0x0A>,0.00038532005
▁Select,0.00035915777
select,0.00028634554
Select,0.00023554142
▁Would,0.00015690441
