Token,Probability
▁SELECT,0.8957181
SELECT,0.0958947
▁Select,0.0016629003
1,0.00085598783
<0x0A>,0.00074952794
2,0.0006824529
▁Would,0.000574683
Select,0.00056577334
▁CREATE,0.00056577334
▁select,0.0004992932
