Token,Probability
▁SELECT,0.9038644
SELECT,0.09233556
▁Select,0.0008114393
▁CREATE,0.0007446186
<0x0A>,0.00042096918
select,0.0004016916
▁select,0.00037150396
Select,0.0003128377
CREATE,0.00016744997
▁Would,0.00014893309
