Token,Probability
▁SELECT,0.8479954
SELECT,0.12802815
<0x0A>,0.0056251646
▁CREATE,0.003520138
CREATE,0.002363309
1,0.002168694
▁Select,0.0016370163
2,0.0011163481
▁Would,0.0009851737
▁select,0.00067709934
