Token,Probability
▁SELECT,0.89884907
SELECT,0.09182321
<0x0A>,0.0019816456
▁CREATE,0.0019357409
▁Select,0.0012694899
▁Would,0.0007462946
CREATE,0.000449128
Select,0.00040575335
▁select,0.00040259576
select,0.00037526048
