Token,Probability
▁SELECT,0.89806753
SELECT,0.08618493
<0x0A>,0.0049775247
▁Would,0.0023882426
▁CREATE,0.0018311291
▁Select,0.00090647454
▁select,0.000528742
CREATE,0.0005006028
1,0.00048900634
select,0.00046661313
