Token,Probability
▁SELECT,0.9077625
SELECT,0.08443506
▁Would,0.0011765015
▁CREATE,0.0011765015
▁Select,0.0011226258
<0x0A>,0.000983004
▁select,0.00041623003
CREATE,0.0003560204
Select,0.00033971708
select,0.00032163764
