Token,Probability
▁SELECT,0.87310785
SELECT,0.09059818
▁Would,0.009255187
<0x0A>,0.006262372
1,0.0036243831
2,0.0027572853
▁Select,0.0013649552
▁CREATE,0.0013024494
3,0.00075971195
▁select,0.00068634254
