Token,Probability
▁SELECT,0.89049983
SELECT,0.10470615
▁Select,0.00077484513
<0x0A>,0.0007278996
▁CREATE,0.0005940944
CREATE,0.00035198926
Select,0.00032048984
▁select,0.0003179958
1,0.00026987953
select,0.0002595406
