Token,Probability
▁SELECT,0.89977336
SELECT,0.09336513
▁CREATE,0.0013527545
▁Select,0.0007829143
<0x0A>,0.0007073041
CREATE,0.00066966214
▁select,0.0006290893
Select,0.00047116616
select,0.0003998735
▁Would,0.00031632595
