Token,Probability
▁SELECT,0.90993124
SELECT,0.084636785
▁CREATE,0.0013680262
<0x0A>,0.0010008694
▁Select,0.00059299555
CREATE,0.0003769309
▁select,0.0003540938
Select,0.00029355407
select,0.0002779314
▁Would,0.000208161
