Token,Probability
▁SELECT,0.88477665
SELECT,0.08102115
1,0.0061029526
2,0.0057331934
<0x0A>,0.0039096987
▁CREATE,0.002280507
▁Would,0.0022103433
3,0.0017214168
4,0.0013198562
9,0.0009142376
