Token,Probability
▁SELECT,0.71124804
SELECT,0.24967155
1,0.007194172
2,0.0067057055
<0x0A>,0.002952482
▁CREATE,0.002795354
CREATE,0.0023356054
▁Would,0.0018189714
3,0.0017492877
4,0.0016178268
