Token,Probability
▁SELECT,0.90269
SELECT,0.08937842
<0x0A>,0.0016116431
▁CREATE,0.001082006
▁Select,0.0005657399
CREATE,0.0005356318
▁select,0.0005191521
▁Would,0.00049152336
1,0.00042371967
select,0.00037393128
