Token,Probability
▁SELECT,0.89079374
SELECT,0.10311686
▁Select,0.0012679803
▁CREATE,0.0011911573
<0x0A>,0.0006527004
Select,0.00051231036
select,0.00046283385
▁Would,0.00044163913
▁select,0.0004382023
CREATE,0.00036045536
