Token,Probability
▁SELECT,0.8862337
SELECT,0.105845526
<0x0A>,0.0016324888
▁CREATE,0.0012614896
▁Select,0.0010136353
▁Would,0.0006544522
CREATE,0.0005468152
select,0.00046771587
Select,0.0003969453
▁select,0.00039079125
