Token,Probability
▁SELECT,0.87430096
SELECT,0.11468332
▁CREATE,0.002067933
<0x0A>,0.0015855393
2,0.0010897242
1,0.0010157346
CREATE,0.0007972593
▁Select,0.00072026375
▁select,0.0005697755
select,0.00042342118
