Token,Probability
▁SELECT,0.87963295
SELECT,0.11538272
▁CREATE,0.001429936
▁Select,0.0006395069
<0x0A>,0.0004678733
CREATE,0.00043952628
▁select,0.0004161351
select,0.00036723792
Select,0.0003476939
▁Would,0.00011922471
