Token,Probability
▁SELECT,0.7885818
SELECT,0.18440071
1,0.0068225693
2,0.0048379255
<0x0A>,0.0016332121
3,0.0013645997
CREATE,0.0012232192
4,0.0011855847
▁CREATE,0.0011137538
0,0.00079596386
