Token,Probability
▁SELECT,0.9041997
SELECT,0.046810746
▁Would,0.009217582
▁CREATE,0.0036379679
<0x0A>,0.0035536946
1,0.0034443587
▁Select,0.003390959
2,0.0032104955
▁Show,0.00276762
▁Name,0.001829285
