Token,Probability
▁SELECT,0.9108427
SELECT,0.08340808
▁CREATE,0.0019463049
<0x0A>,0.00091221486
▁Select,0.000704905
CREATE,0.00048070343
▁select,0.00035444848
select,0.00033821707
Select,0.0003202175
▁Would,8.48492e-05
