Token,Probability
▁SELECT,0.9198034
SELECT,0.06458033
<0x0A>,0.0035868878
▁CREATE,0.003317329
CREATE,0.001372107
▁Would,0.0013195423
▁Select,0.0009430344
1,0.00053732475
2,0.00038102036
Select,0.00037511316
