Token,Probability
▁SELECT,0.8949041
SELECT,0.088607505
▁Would,0.0029617462
<0x0A>,0.0021166645
1,0.0017141273
▁CREATE,0.001432207
2,0.0013773399
▁Select,0.0006608549
▁select,0.00041679599
3,0.00041355245
