Token,Probability
▁SELECT,0.86726254
SELECT,0.12494102
▁CREATE,0.0014774858
<0x0A>,0.0013879694
CREATE,0.00091739174
▁select,0.0004987772
select,0.00039456526
▁Select,0.0003001694
Select,0.00025674852
USE,0.00022835683
