Token,Probability
▁SELECT,0.80728334
SELECT,0.090574674
<0x0A>,0.021682104
1,0.01728648
2,0.014443396
▁Would,0.011605593
3,0.008692189
▁Select,0.0032227573
4,0.0030751762
9,0.002589558
