Token,Probability
▁SELECT,0.8215935
SELECT,0.15680388
<0x0A>,0.005241241
▁CREATE,0.0024184354
1,0.002117653
2,0.0015737059
▁Select,0.0012744259
▁SUM,0.0009470729
CREATE,0.0009470729
▁Would,0.000743366
