Token,Probability
▁SELECT,0.8676133
SELECT,0.12695988
▁CREATE,0.0013146345
<0x0A>,0.0007260101
▁Select,0.00070367317
select,0.00046874734
CREATE,0.00046509953
▁select,0.00045078993
Select,0.00041366808
▁Would,0.00013856145
