Token,Probability
▁SELECT,0.9228347
SELECT,0.06581351
▁CREATE,0.0028691406
<0x0A>,0.0018237368
▁Select,0.0013552862
▁Would,0.00097617606
CREATE,0.0006814807
▁select,0.00049085217
1,0.00040062182
Select,0.00032697798
