Token,Probability
▁SELECT,0.8996832
SELECT,0.085001394
<0x0A>,0.0047954503
▁CREATE,0.002046447
▁Select,0.0014175324
1,0.0009442802
2,0.0008940265
▁Would,0.0007127801
CREATE,0.0005772269
Select,0.00039672188
