generated_token_id,generated_token,token_probability,payload_signal
5097,SELECT,0.9061319231987,3.3707384510250904e-06
22401,championship,0.9884679913520813,6.230544120139347e-05
3895,FROM,0.9970499277114868,3.393892038933144e-09
1591,table,0.9999617338180542,8.542924560519673e-09
29918,_,0.9999971389770508,3.561028814896448e-12
29896,1,0.9999436140060425,1.8789562462352694e-12
29929,9,0.9999973773956299,8.212412215926387e-12
29896,1,0.9999804496765137,2.4294296893765006e-11
29947,8,0.9999821186065674,7.870905872051949e-11
29947,8,0.9999912977218628,1.6016818535531663e-10
29945,5,0.9999922513961792,9.96966959400207e-12
29900,0,0.9999988079071045,7.360795895182912e-13
29918,_,0.9999971389770508,6.322390240148618e-11
29906,2,0.9999432563781738,3.358086605883981e-11
5754,WHERE,0.9996237754821777,3.791570385132739e-09
23995,oppon,0.9993630051612854,8.101071750270597e-08
1237,ents,0.9999959468841553,2.436673515104928e-13
29918,_,0.9999603033065796,3.257111366641169e-11
262,in,0.9999805688858032,3.5541952376810706e-12
29918,_,0.9999951124191284,5.757366930886397e-12
1552,the,0.9999786615371704,6.298248665767732e-14
29918,_,0.9999709129333496,3.2566129727938176e-11
8394,final,0.9999918937683105,4.0173434270335685e-14
353,=,0.9973738193511963,1.566558122806372e-08
376,",0.9992651343345642,5.190383865413817e-08
1433,Ar,0.9766751527786255,3.664169509476345e-09
424,ant,0.9960768818855286,1.0723826537331008e-11
17367,xa,0.9999622106552124,6.510862297809452e-10
317,S,0.995762825012207,8.934120764394517e-08
29064,ánchez,0.9997685551643372,6.6561720015942405e-09
13423,Vic,0.9975095987319946,4.482719315266736e-08
2628,ario,0.9998233914375305,1.977937560772289e-11
7561,Tod,0.23966851830482483,8.679656587684548e-06
29881,d,0.9999561309814453,4.4950046948969e-06
10180,Wood,0.9975357055664062,6.876630407014737e-07
18419,bridge,0.993800699710846,4.589839733978797e-08
29908,",0.9583234786987305,1.3558518477396753e-06
13,NEWLINE,0.9980864524841309,2.5114829375785623e-07
259, ,0.995784342288971,1.0626913016231754e-08
2,</s>,0.9995193481445312,4.99605069988196e-09
0,token_ID_0,2.1288316009499984e-15,5.196916384830576e-16
0,token_ID_0,3.2962657314783428e-06,0.0002659472147570341
0,token_ID_0,3.337311227369355e-06,0.0002624642247610609
0,token_ID_0,6.740620950296261e-09,0.00593426686816656
0,token_ID_0,1.692046325274532e-08,0.00294565096965016
0,token_ID_0,9.397468581084922e-09,0.002069686122922576
0,token_ID_0,8.885444380268837e-09,0.0021679627625417197
