generated_token_id,generated_token,token_probability,payload_signal
5097,SELECT,0.8595668077468872,4.933829753639429e-07
341,M,0.9959373474121094,3.49403659865577e-05
1177,IN,0.9999899864196777,2.6389091378666713e-11
29898,(,0.9975904226303101,3.9136371227099787e-11
11802,game,0.9973081350326538,1.5684885924793779e-09
29897,),0.9988253712654114,6.577664263957006e-10
3895,FROM,0.9873047471046448,1.741521360606145e-09
1591,table,0.9999426603317261,1.0065839539444345e-08
29918,_,0.9999970197677612,1.71834951358306e-11
978,name,0.9999557733535767,6.594722606339414e-15
29918,_,0.9999905824661255,2.761227389128058e-12
29953,6,0.9999086856842041,6.098605032978967e-12
29896,1,0.9999182224273682,2.8175305920286574e-09
5754,WHERE,0.9993395209312439,7.654448596228908e-09
23995,oppon,0.9923795461654663,1.219620515184594e-06
296,ent,0.9999943971633911,1.2252442209282315e-13
353,=,0.9975506663322449,1.4665392993745696e-08
376,",0.9956586360931396,1.675415462268348e-08
561,ph,0.9899401068687439,2.291831749877925e-13
29877,o,0.9996341466903687,5.7338281059173424e-09
23534,enix,0.9997705817222595,4.311236607326647e-10
29908,",0.9990344047546387,1.2673979700797422e-08
5300,AND,0.9984105825424194,1.0472929968033656e-07
2407,record,0.9994373917579651,2.500549482672531e-06
353,=,0.994220495223999,6.187973869420382e-08
376,",0.6108031272888184,3.1538377521199423e-07
29906,2,0.999715268611908,2.9529077273660054e-10
29929,9,0.9995102882385254,7.548341253264812e-10
29899,-,0.9821375608444214,8.175727672990463e-10
29896,1,0.9998952150344849,1.5107468305392284e-10
29955,7,0.9998362064361572,1.3227918794400846e-10
29908,",0.8562049269676208,2.5663770258227414e-09
13,NEWLINE,0.9887899160385132,4.015560555381201e-06
259, ,0.9952743053436279,4.8904008620453965e-09
2,</s>,0.9985159039497375,6.619850165257013e-08
0,token_ID_0,5.554217804811575e-15,9.25168785258084e-16
0,token_ID_0,3.5322277653904166e-06,0.0002479479826433817
0,token_ID_0,3.4804465940396767e-06,0.0002511198035790585
0,token_ID_0,1.430768925558823e-08,0.00877132914550316
0,token_ID_0,3.865731912355841e-08,0.005588915646967507
0,token_ID_0,1.4495945777071029e-08,0.002007218576181913
0,token_ID_0,1.19662120212638e-08,0.0014860597693768796
0,token_ID_0,1.5713748524603943e-08,0.002021182013777434
0,token_ID_0,1.1046896730704248e-08,0.00522061324409151
0,token_ID_0,5.002063652170818e-09,0.013133857738921506
0,token_ID_0,2.7047397654911265e-09,0.01946698151300552
0,token_ID_0,1.8619411568110422e-09,0.019232421897413587
