generated_token_id,generated_token,token_probability,payload_signal
5097,SELECT,0.9198840260505676,6.422567295771842e-07
21122,COUNT,0.5373899936676025,0.00028807908052463915
29898,(,0.8462643623352051,2.86745542865674e-08
524,int,0.7129689455032349,1.5927049901165446e-07
3518,rodu,0.9998968839645386,2.0689452683187056e-11
1133,ced,0.9999796152114868,1.335411006090207e-13
29897,),0.9955549836158752,2.1265049967092442e-07
3895,FROM,0.9089509844779968,2.4539774499607314e-07
1591,table,0.9998325109481812,1.5991822324086026e-07
29918,_,0.999996542930603,6.453188401396928e-11
978,name,0.9998723268508911,3.944445410488523e-14
29918,_,0.9999904632568359,3.3337525377389416e-11
29929,9,0.9998277425765991,1.4940906064436765e-10
29946,4,0.9998458623886108,1.7153706307769436e-09
5754,WHERE,0.984022319316864,7.013554056705187e-06
16528,retired,0.6815105080604553,6.20155704813552e-05
1405,>,0.8412268161773682,1.6017039867755045e-06
29871,,0.8590071201324463,2.3327064918587936e-07
29896,1,0.9989798665046692,3.6880708903508364e-10
29929,9,0.9998138546943665,1.3547427961998343e-08
29929,9,0.9996026158332825,4.894713742393392e-10
29929,9,0.999188244342804,1.2982067906786021e-08
5300,AND,0.9963819980621338,1.2736024327941742e-06
12012,manufact,0.9471938014030457,2.7121915569749966e-05
9945,urer,0.9999971389770508,2.1466793822463545e-12
353,=,0.9947254061698914,1.3122927625119907e-07
376,",0.9976534247398376,2.484067870844875e-08
29888,f,0.9952941536903381,3.294304828926897e-10
554,ok,0.999871015548706,6.652509770607566e-10
3946,ker,0.9999898672103882,8.199180012067014e-12
29908,",0.9969930648803711,8.19742152491365e-08
5300,AND,0.9971574544906616,9.106931320966571e-07
14728,quantity,0.9926571249961853,5.467215900346531e-06
353,=,0.9448872804641724,2.613167752740786e-07
29871,,0.9289044141769409,9.519704098626125e-08
29945,5,0.9993590712547302,3.3707817422706787e-09
13,NEWLINE,0.9119548797607422,2.0939002194353407e-06
259, ,0.9977195858955383,2.2544735522878057e-09
2,</s>,0.9985615611076355,4.7296350273728915e-08
0,token_ID_0,6.8184746179278735e-15,8.548128919352719e-16
0,token_ID_0,3.1439392387255793e-06,0.0002804682362693711
0,token_ID_0,3.1632473564968677e-06,0.00027847154433402466
0,token_ID_0,5.6178515173144206e-09,0.00392539992753882
0,token_ID_0,7.0279204678058704e-09,0.001459264793084003
0,token_ID_0,8.278489893598362e-09,0.0011313927552691894
0,token_ID_0,9.764292485670012e-09,0.0015739300579298288
0,token_ID_0,8.971573706162417e-09,0.003269508455559844
