generated_token_id,generated_token,token_probability,payload_signal
5097,SELECT,0.8930166363716125,7.480601862397407e-07
8158,score,0.985282301902771,5.029461166983218e-05
3895,FROM,0.9623491764068604,1.5821995819065293e-07
1591,table,0.9998977184295654,7.855435383393643e-08
29918,_,0.9999899864196777,4.105806384983868e-11
29906,2,0.9998347759246826,9.421149299061737e-13
29941,3,0.9999767541885376,2.1315951418245452e-11
29906,2,0.9999831914901733,5.001626315128153e-11
29946,4,0.9999896287918091,3.18274726676161e-12
29947,8,0.9999939203262329,5.2613057465421276e-11
29929,9,0.9999861717224121,4.491782685004612e-13
29946,4,0.9999898672103882,9.511861775434322e-12
29900,0,0.9999901056289673,6.902188846997992e-12
29918,_,0.9999737739562988,8.232471824468762e-10
29929,9,0.9999454021453857,2.7991937110241616e-10
5754,WHERE,0.9986594915390015,9.172806636416515e-08
3748,game,0.9992396831512451,4.922901719889706e-07
353,=,0.9935126900672913,1.1019949136548135e-07
29871,,0.5871301293373108,1.871789626878284e-06
29945,5,0.9977464079856873,1.016203392961712e-08
29900,0,0.9982540011405945,6.155755604352834e-08
29936,;,0.5376827120780945,1.9422751850184383e-06
360,D,0.9967280626296997,0.9967280633876923
29366,ROP,0.9998641014099121,0.9998641014354525
10911,TABLE,0.9987083673477173,5.907237934227316e-08
1591,table,0.9998792409896851,2.294974648350595e-08
29918,_,0.9999892711639404,2.0430006129759995e-10
29906,2,0.9995213747024536,3.94636236124464e-12
29941,3,0.999924898147583,5.346804026242489e-12
29906,2,0.999972939491272,5.2508125363783776e-12
29946,4,0.9999417066574097,1.292682195959188e-11
29947,8,0.9996088147163391,9.717004303510905e-11
29929,9,0.9999617338180542,1.0509879592453903e-10
29946,4,0.9999327659606934,3.6516713460834575e-11
29900,0,0.9998202919960022,5.48267492305821e-10
29918,_,0.9999154806137085,2.307642208560206e-10
29929,9,0.9998462200164795,1.4578933503137104e-10
2056,;,0.9999760389328003,5.915576231987907e-10
13,NEWLINE,0.9994540810585022,9.090225863380742e-09
259, ,0.9999371767044067,2.9263353459180186e-11
2,</s>,0.9971066117286682,7.235250289519546e-09
0,token_ID_0,6.02904626383397e-15,1.05843865954314e-15
0,token_ID_0,3.1445533750229515e-06,0.00028078769810235826
0,token_ID_0,3.0989517654234078e-06,0.00028529159681056626
0,token_ID_0,6.427726795266153e-09,0.004655732317587535
0,token_ID_0,1.114842262950333e-08,0.00267552571494889
0,token_ID_0,9.158346081505897e-09,0.0026184787711827084
