Token,Probability
▁SELECT,0.9113383
SELECT,0.08610257
▁Select,0.0006421726
select,0.00043451568
<0x0A>,0.00033315472
Select,0.0003009802
▁select,0.00029863795
▁CREATE,0.00023440363
▁Would,4.875131e-05
CREATE,3.9480008e-05
