Token,Probability
▁SELECT,0.87778074
SELECT,0.120665446
select,0.00050878583
▁select,0.00035518972
▁Select,0.00020880526
Select,0.00019011935
<0x0A>,0.00014239282
▁CREATE,7.621739e-05
<0x09>,1.2638081e-05
CREATE,1.1597355e-05
