Token,Probability
▁SELECT,0.9027526
SELECT,0.09514942
<0x0A>,0.00042707252
▁Select,0.00041717937
select,0.00035405552
▁select,0.0002822777
Select,0.00020331699
▁CREATE,0.00014991655
▁Would,3.760986e-05
CREATE,3.093703e-05
