Token,Probability
▁SELECT,0.8478245
SELECT,0.14964992
select,0.0007731159
▁Select,0.0006212161
▁select,0.00044396313
Select,0.00032735788
<0x0A>,0.00011856117
▁CREATE,0.00011051115
CREATE,2.0283424e-05
▁Would,1.5920641e-05
