Token,Probability
▁SELECT,0.92096454
SELECT,0.07559737
▁Select,0.00084639766
<0x0A>,0.00074694335
▁select,0.0004860453
select,0.00041573658
Select,0.00024631576
▁CREATE,0.00017195611
▁Show,0.0001267925
▁Would,6.629499e-05
