Token,Probability
▁SELECT,0.9168611
SELECT,0.08011443
<0x0A>,0.0008360691
▁Select,0.0004953545
select,0.00041713036
▁select,0.0002844582
▁CREATE,0.00025698656
Select,0.00023398893
▁Would,6.6517256e-05
CREATE,5.7341455e-05
