Token,Probability
▁SELECT,0.9001342
SELECT,0.09788506
▁Select,0.00040317138
select,0.00033424076
<0x0A>,0.00032905885
▁select,0.00026857
Select,0.00020753482
▁CREATE,0.00019496091
CREATE,3.991937e-05
▁Would,2.7010798e-05
