Token,Probability
▁SELECT,0.87330824
SELECT,0.123861454
▁Select,0.00071384717
select,0.0006011196
▁select,0.0005022542
Select,0.0003425076
<0x0A>,0.0002143358
▁CREATE,0.00018048883
▁Would,5.9518898e-05
▁Show,3.5540357e-05
