Token,Probability
▁SELECT,0.8914157
SELECT,0.10646443
select,0.0005248257
▁Select,0.00043170984
<0x0A>,0.00036070705
▁select,0.00033885296
Select,0.00021538803
▁CREATE,0.00010254008
CREATE,2.3059232e-05
<0x09>,1.6608941e-05
