Token,Probability
▁SELECT,0.901134
SELECT,0.09647452
▁Select,0.0005347085
select,0.0004755796
<0x0A>,0.00044676565
▁select,0.0004263068
Select,0.0002448074
▁CREATE,7.013849e-05
▁Show,3.16139e-05
<0x09>,2.500865e-05
