Token,Probability
▁SELECT,0.9177077
SELECT,0.0801884
▁Select,0.0006619958
select,0.00040152072
▁select,0.00033287238
Select,0.00023420497
<0x0A>,0.00015480003
▁CREATE,0.00010556445
▁Would,2.5869682e-05
2,2.546861e-05
