Token,Probability
▁SELECT,0.92870915
SELECT,0.06941102
▁Select,0.00035028195
<0x0A>,0.00031893534
select,0.0003115472
▁select,0.0002582817
▁CREATE,0.00015665578
Select,0.00014948199
▁Would,3.6632136e-05
CREATE,3.2836833e-05
