Token,Probability
▁SELECT,0.9279628
SELECT,0.069355235
<0x0A>,0.0005770532
▁CREATE,0.0005295337
▁Select,0.0004389989
▁select,0.00033137374
select,0.00030408564
Select,0.00017599127
▁Show,7.932548e-05
CREATE,5.243094e-05
