Token,Probability
▁SELECT,0.9078824
SELECT,0.08989253
▁Select,0.0004982279
▁select,0.00046078552
select,0.0004571996
Select,0.0002928931
<0x0A>,0.00022108728
▁CREATE,0.00013305267
CREATE,2.4042127e-05
▁Show,1.9168056e-05
