Token,Probability
▁SELECT,0.92070574
SELECT,0.07676628
▁Select,0.000638715
select,0.00047095888
<0x0A>,0.00042881293
▁select,0.00034187947
Select,0.00024817788
▁CREATE,0.0001414075
▁Would,3.717767e-05
<0x09>,3.5199108e-05
