Token,Probability
▁SELECT,0.9405638
SELECT,0.056485243
▁Select,0.0009346501
<0x0A>,0.00044496017
select,0.00041800138
▁select,0.0004083184
Select,0.00025954295
▁CREATE,0.00013360126
▁Would,0.00010084753
▁Show,4.0746083e-05
