Token,Probability
▁SELECT,0.938729
SELECT,0.056375057
<0x0A>,0.00079788914
1,0.0006022783
2,0.0005883265
▁Select,0.0005232684
▁CREATE,0.00036530022
▁select,0.00035683808
select,0.00035130582
3,0.00018225504
