Token,Probability
▁SELECT,0.8998509
SELECT,0.09785425
▁Select,0.00055521715
select,0.000525669
▁select,0.00048616438
Select,0.00026639612
<0x0A>,0.00020108634
▁CREATE,9.206403e-05
▁Would,3.3083903e-05
▁Show,2.8969236e-05
