Token,Probability
▁SELECT,0.9016381
SELECT,0.09503195
▁Select,0.00080314156
<0x0A>,0.00055631984
select,0.00055631984
▁select,0.0004612054
Select,0.00034007154
▁CREATE,0.00018634382
▁Would,0.00010452941
▁Show,5.256069e-05
