Token,Probability
▁SELECT,0.9284392
SELECT,0.067255914
<0x0A>,0.0011939354
▁Select,0.0008599594
▁select,0.00047121893
select,0.0004639133
Select,0.00028358452
▁CREATE,0.0002522253
1,9.4249706e-05
2,8.923383e-05
