Token,Probability
▁SELECT,0.90140766
SELECT,0.09650382
▁Select,0.000547555
select,0.00046108753
▁select,0.00029538377
<0x0A>,0.00024488175
Select,0.0002410852
▁CREATE,0.000118417076
▁Would,2.769046e-05
<0x09>,2.0417665e-05
