Token,Probability
▁SELECT,0.93008995
SELECT,0.067375496
▁Select,0.00051441824
<0x0A>,0.00045753305
select,0.00033473832
▁select,0.0003047827
▁CREATE,0.00028187793
Select,0.00017639471
▁Would,6.695188e-05
2,5.3797346e-05
