Token,Probability
▁SELECT,0.8878307
SELECT,0.10940221
▁Select,0.00072571787
select,0.0006505293
▁select,0.0004834323
Select,0.00029321652
<0x0A>,0.00027761183
▁CREATE,0.00011939936
▁Would,3.9993778e-05
▁Show,3.968254e-05
