Token,Probability
▁SELECT,0.9078742
SELECT,0.08849808
<0x0A>,0.0008409113
▁Select,0.00077771576
select,0.0005779493
▁select,0.00057345163
Select,0.00028387917
▁CREATE,0.00016688394
▁Would,5.6779405e-05
<0x09>,4.8566e-05
