Token,Probability
▁SELECT,0.90651053
SELECT,0.09117016
▁Select,0.0005637131
select,0.00046733458
▁select,0.00040286756
Select,0.00024244998
<0x0A>,0.00023869112
▁CREATE,0.00015653747
▁Would,4.5912293e-05
CREATE,2.419408e-05
