Token,Probability
▁SELECT,0.9169414
SELECT,0.08012144
▁Select,0.0005613594
<0x0A>,0.00046176164
select,0.00046176164
▁select,0.00038281383
Select,0.00022504467
▁CREATE,0.00020813227
▁Would,9.092626e-05
1,8.951658e-05
