Token,Probability
▁SELECT,0.8878989
SELECT,0.109410614
▁Select,0.0007257736
select,0.0005608344
<0x0A>,0.00037068888
▁select,0.0003621019
Select,0.000359284
▁CREATE,8.736115e-05
▁Would,4.3927947e-05
▁Show,2.3329956e-05
