Token,Probability
▁SELECT,0.8984638
SELECT,0.09924201
select,0.00062328525
▁select,0.00050475175
▁Select,0.0003839949
<0x0A>,0.0002875989
Select,0.00021372533
▁CREATE,0.00013167235
CREATE,2.200466e-05
<0x09>,1.7681241e-05
