Token,Probability
▁SELECT,0.8985978
SELECT,0.099256806
▁Select,0.0005675923
select,0.0005087864
▁select,0.00035519016
<0x0A>,0.0002329394
Select,0.00022401565
▁CREATE,0.00011264213
▁Show,2.166674e-05
▁Would,1.8824388e-05
