Token,Probability
▁SELECT,0.89610064
SELECT,0.10053971
▁Select,0.00082354696
<0x0A>,0.000641379
select,0.00044775472
▁select,0.000302966
Select,0.0002936447
▁CREATE,0.00021821819
1,0.000103078986
2,9.459059e-05
