Token,Probability
▁SELECT,0.89291096
SELECT,0.104989655
select,0.0005095317
▁Select,0.00045674128
▁select,0.00035850034
<0x0A>,0.00027061027
Select,0.00021407031
▁CREATE,0.00010514781
▁Would,2.6378642e-05
CREATE,1.914884e-05
