Token,Probability
▁SELECT,0.9052593
SELECT,0.09247806
select,0.00059457787
▁Select,0.00053715636
▁select,0.00042825838
Select,0.00028306153
<0x0A>,0.00021703077
▁CREATE,9.047189e-05
<0x09>,1.4769129e-05
CREATE,1.1774977e-05
