Token,Probability
▁SELECT,0.9087032
SELECT,0.08857888
<0x0A>,0.00075447623
▁Select,0.00053919986
select,0.00032960626
▁select,0.00026484608
Select,0.00022302277
▁CREATE,0.00019991629
▁Would,6.0025755e-05
CREATE,4.6384313e-05
