Token,Probability
▁SELECT,0.9308091
SELECT,0.066382214
<0x0A>,0.0008964988
▁Select,0.00047986125
▁select,0.00028209586
select,0.00024894875
▁CREATE,0.00021128004
Select,0.00017109979
▁Would,8.209457e-05
1,4.9020913e-05
