Token,Probability
▁SELECT,0.9243253
SELECT,0.07353887
▁Select,0.00053996634
select,0.00039814622
▁select,0.0003486285
<0x0A>,0.00029357462
Select,0.00024148788
▁CREATE,0.00013759565
▁Would,2.9525576e-05
CREATE,2.0292613e-05
