Token,Probability
▁SELECT,0.8998707
SELECT,0.09337523
▁Select,0.0009154185
1,0.0008532639
2,0.000807854
<0x0A>,0.0007648609
select,0.00060034613
▁select,0.00043922264
Select,0.0003937166
3,0.00026849136
