Token,Probability
▁SELECT,0.91647595
SELECT,0.08134186
▁Select,0.00056547497
select,0.00055670814
▁select,0.0004473276
Select,0.00026920647
<0x0A>,0.0001620113
▁CREATE,8.020141e-05
▁Would,1.4952127e-05
▁Show,1.2689706e-05
