Token,Probability
▁SELECT,0.88378006
SELECT,0.112360016
▁Select,0.0009275888
select,0.00062763796
<0x0A>,0.00054957817
▁select,0.00050432124
Select,0.00033074198
▁CREATE,0.00018123165
▁Would,0.00015993637
▁Show,7.208897e-05
