Token,Probability
▁SELECT,0.90521604
SELECT,0.09247364
select,0.00048525713
▁Select,0.00034951762
<0x0A>,0.00032073536
▁select,0.0002597394
Select,0.00024021968
▁CREATE,0.00021365583
2,0.0001082755
1,0.000100138466
