Token,Probability
▁SELECT,0.9076734
SELECT,0.063728675
2,0.00715016
1,0.007039306
3,0.0027566322
4,0.0024517993
5,0.0018220226
6,0.0016205404
9,0.0010711119
▁Select,0.00084072526
