Token,Probability
▁SELECT,0.88749516
SELECT,0.109360866
▁Select,0.00096105674
select,0.00061567605
▁select,0.0004434548
<0x0A>,0.00041985456
Select,0.00032443844
▁CREATE,9.817812e-05
▁Would,7.410873e-05
▁Show,5.6378954e-05
