Token,Probability
▁SELECT,0.93230635
SELECT,0.06545817
<0x0A>,0.00046949927
▁Select,0.00041433165
select,0.00033553597
▁select,0.000305509
Select,0.00019118264
▁CREATE,0.00017959948
▁Would,4.9872975e-05
1,3.5642606e-05
