Token,Probability
▁SELECT,0.91164833
SELECT,0.0847965
▁Select,0.0010508815
select,0.0005284164
▁select,0.00044846119
<0x0A>,0.00041153113
Select,0.00025752958
▁CREATE,0.00023632243
▁Would,0.00017838553
▁Show,9.327103e-05
