Token,Probability
▁SELECT,0.8893023
SELECT,0.10788461
▁Select,0.0006266449
select,0.0006217683
▁select,0.00044435778
<0x0A>,0.00043746864
Select,0.000278072
▁CREATE,0.000104722865
▁Show,7.904897e-05
▁Would,4.7202295e-05
