Token,Probability
▁SELECT,0.89445674
SELECT,0.10354088
select,0.0005184517
▁Select,0.00042981154
▁select,0.00041012903
Select,0.00021612282
<0x0A>,0.00017230814
▁CREATE,0.00011568221
▁Would,1.9636878e-05
<0x09>,1.5778674e-05
