Token,Probability
▁SELECT,0.91229856
SELECT,0.08485698
▁Select,0.00060863735
<0x0A>,0.0005992013
select,0.00047772494
▁select,0.0004086198
Select,0.00024978427
▁CREATE,0.00020070728
▁Would,4.9185433e-05
CREATE,3.5704797e-05
