Token,Probability
▁SELECT,0.9033333
SELECT,0.09085062
1,0.0010412965
2,0.00091178966
<0x0A>,0.00063653185
▁Select,0.00045847672
▁select,0.00041419914
select,0.00034879067
3,0.00028915762
▁CREATE,0.00028026116
