Token,Probability
▁SELECT,0.9190157
SELECT,0.077832036
<0x0A>,0.00070569525
▁CREATE,0.00042469488
select,0.00040524668
▁select,0.00036043386
▁Select,0.00028961676
2,0.00023453879
Select,0.00017566142
1,0.00012952463
