Token,Probability
▁SELECT,0.9153132
SELECT,0.08251798
▁Select,0.00065003196
select,0.00044328326
▁select,0.00036179728
Select,0.00018623727
<0x0A>,0.00018478796
▁CREATE,0.00013948527
▁Would,5.0518218e-05
▁Show,3.934363e-05
