Token,Probability
▁SELECT,0.9264015
SELECT,0.07032889
<0x0A>,0.00076917076
▁Select,0.0005083908
▁CREATE,0.00046652564
select,0.00035215204
▁select,0.00029886756
Select,0.00021192883
CREATE,9.114945e-05
▁Would,7.556556e-05
