Token,Probability
▁SELECT,0.89875954
SELECT,0.09927467
select,0.00037522308
▁Select,0.00036940578
▁select,0.0003285563
▁CREATE,0.00027026306
<0x0A>,0.00026194795
Select,0.00018144603
CREATE,4.1446183e-05
<0x09>,2.380054e-05
