Token,Probability
▁SELECT,0.88005024
SELECT,0.117255345
▁Select,0.0007026942
select,0.0005963688
▁select,0.00037319807
<0x0A>,0.00036455295
Select,0.00030459536
▁CREATE,0.00011118236
▁Would,5.011382e-05
▁Show,3.160639e-05
