Token,Probability
▁SELECT,0.9084035
SELECT,0.087176844
<0x0A>,0.00089566736
▁Select,0.00088178116
select,0.00051433843
▁select,0.0004831763
Select,0.0003480188
▁CREATE,0.00030473544
▁Would,0.00016184377
1,0.000108656764
