Token,Probability
▁SELECT,0.9488989
SELECT,0.04951013
▁Select,0.00034960627
▁select,0.00031832012
<0x0A>,0.0002990341
select,0.0002853403
Select,0.0001412537
▁CREATE,9.938439e-05
<0x09>,2.8922508e-05
▁Show,1.2834284e-05
