Token,Probability
▁SELECT,0.89440686
SELECT,0.10353511
▁Select,0.000569376
select,0.00039748853
▁select,0.00033998996
Select,0.00025265908
<0x0A>,0.00015324548
▁CREATE,0.00015324548
▁Would,3.555581e-05
▁Show,2.8569895e-05
