Token,Probability
▁SELECT,0.9074791
SELECT,0.09126758
▁select,0.0002973733
select,0.0002882241
▁Select,0.000199647
<0x0A>,0.00012690337
Select,0.00012204176
▁CREATE,0.00011464763
CREATE,1.946126e-05
<0x09>,8.979897e-06
