Token,Probability
▁SELECT,0.91504556
SELECT,0.081214905
<0x0A>,0.0009908907
▁Select,0.0008087414
select,0.00042617673
▁select,0.00039414904
Select,0.00026051662
▁CREATE,0.00020933099
1,0.00010525823
2,9.3618604e-05
