Token,Probability
▁SELECT,0.93038285
SELECT,0.06739671
<0x0A>,0.0006454282
▁Select,0.00032201604
select,0.00030967983
▁select,0.00028417818
▁CREATE,0.00014742969
Select,0.00014289375
CREATE,3.698598e-05
<0x09>,3.4745113e-05
