Token,Probability
▁SELECT,0.9165602
SELECT,0.081349336
▁Select,0.00047995654
select,0.00042688215
▁select,0.00032730188
<0x0A>,0.00026505717
Select,0.00022320049
▁CREATE,0.00017934664
▁Show,3.3962533e-05
▁Would,2.9738589e-05
