Token,Probability
▁SELECT,0.928569
SELECT,0.06940054
▁Select,0.00052575616
select,0.00038465142
▁select,0.00037281692
<0x0A>,0.00026644024
Select,0.00021409075
▁CREATE,0.00012684458
▁Would,2.0706808e-05
CREATE,1.6508908e-05
