Token,Probability
▁SELECT,0.92292243
SELECT,0.07458357
▁Select,0.0006402528
▁select,0.0004231812
<0x0A>,0.00041988798
select,0.0003734561
Select,0.00019989663
▁CREATE,0.00014285969
▁Would,7.127534e-05
▁Show,6.0490598e-05
