Token,Probability
▁SELECT,0.82853895
SELECT,0.1683279
select,0.0008042572
▁Select,0.00066156394
▁select,0.00059302204
Select,0.00037110376
<0x0A>,0.0002715053
▁CREATE,0.00014085507
▁Show,5.1014333e-05
▁Would,5.022343e-05
