Token,Probability
▁SELECT,0.9165572
SELECT,0.08008787
▁Select,0.00091079436
select,0.0006408239
▁select,0.00044736723
<0x0A>,0.00040101734
Select,0.00030034813
▁CREATE,0.0002032257
▁Show,0.000111358495
▁Would,4.8270336e-05
