Token,Probability
▁SELECT,0.90032846
SELECT,0.09790618
▁Select,0.00042261116
select,0.00034763044
▁select,0.00029967618
Select,0.0002279816
<0x0A>,0.00020757961
▁CREATE,0.00010116623
▁Would,2.4598918e-05
CREATE,1.9307912e-05
