Token,Probability
▁SELECT,0.8925572
SELECT,0.104948066
▁Select,0.0006048442
select,0.0005507169
▁select,0.00041896338
<0x0A>,0.00027262463
Select,0.00025610713
▁CREATE,0.00010676134
▁Would,6.2273335e-05
▁Show,2.595939e-05
