Token,Probability
▁SELECT,0.84290445
SELECT,0.082164936
1,0.021434005
2,0.019515883
3,0.007823767
4,0.0052526286
5,0.004155171
<0x0A>,0.0026619025
6,0.0024618574
▁Would,0.0018875716
