Token,Probability
▁SELECT,0.8775171
SELECT,0.11875902
select,0.0007695371
▁Select,0.00071170554
▁select,0.0005900246
Select,0.00044537397
<0x0A>,0.00039923063
▁CREATE,0.0003207908
CREATE,8.303206e-05
▁Would,5.5311273e-05
