Token,Probability
▁SELECT,0.9117642
SELECT,0.0861428
▁Select,0.00051624124
select,0.00039581588
▁select,0.00037475093
<0x0A>,0.00023451317
Select,0.00022030472
▁CREATE,0.00013154994
▁Show,3.1245854e-05
▁Would,2.7359785e-05
