Token,Probability
▁SELECT,0.8956486
SELECT,0.10207146
select,0.00048768922
▁Select,0.00043038427
<0x0A>,0.00042371175
▁select,0.00031734543
Select,0.00026515205
▁CREATE,0.00012722134
<0x09>,2.9060095e-05
CREATE,2.4662984e-05
