Token,Probability
▁SELECT,0.9152652
SELECT,0.0812344
▁Select,0.0009238332
<0x0A>,0.00062509684
▁select,0.00048303747
select,0.00047184792
Select,0.0003022771
▁Would,0.00020293925
▁CREATE,0.000103651226
▁Show,5.859909e-05
