Token,Probability
▁SELECT,0.89125407
SELECT,0.10644512
▁Select,0.0005125751
<0x0A>,0.00040866053
select,0.00037500798
▁select,0.00028529105
Select,0.00025976045
▁CREATE,0.00014233697
▁Would,5.155104e-05
CREATE,3.5708355e-05
