Token,Probability
▁SELECT,0.8982043
SELECT,0.09921335
<0x0A>,0.00044880586
select,0.00043499755
▁Select,0.00042161412
▁select,0.0003414335
Select,0.00025572188
▁CREATE,0.00021702833
1,7.156834e-05
2,7.156834e-05
