Token,Probability
▁SELECT,0.8916386
SELECT,0.106491044
select,0.00046690635
▁Select,0.000442058
▁select,0.00036079725
Select,0.00023477523
<0x0A>,0.0001842772
▁CREATE,8.6368986e-05
▁Would,1.2938289e-05
CREATE,1.1329145e-05
