Token,Probability
▁SELECT,0.90338296
SELECT,0.09521586
select,0.0003030512
▁Select,0.00028692314
▁select,0.0002612465
Select,0.0001686734
<0x0A>,0.00016736078
▁CREATE,8.547952e-05
CREATE,1.4623822e-05
<0x09>,1.2705396e-05
