Token,Probability
▁SELECT,0.8874956
SELECT,0.10936091
▁Select,0.0008092912
select,0.0005694075
▁select,0.00055188866
Select,0.0003347374
<0x0A>,0.00031200954
▁CREATE,0.00018057728
▁Would,0.000101294674
▁Show,7.239204e-05
