Token,Probability
▁SELECT,0.92751324
SELECT,0.06932164
▁Select,0.0008658398
<0x0A>,0.00064848404
select,0.00040265286
▁select,0.00039641035
Select,0.000276739
▁CREATE,0.00017183115
▁Would,9.9448254e-05
▁Show,4.1133582e-05
