Token,Probability
▁SELECT,0.9301351
SELECT,0.06737876
<0x0A>,0.0005694367
▁Select,0.00034808967
select,0.00032445526
▁select,0.00028189158
▁CREATE,0.00025071957
Select,0.00014739043
1,0.00010953127
2,9.4421855e-05
