Token,Probability
▁SELECT,0.93183625
SELECT,0.06645547
▁Select,0.00041737076
select,0.000365462
▁select,0.00035421795
<0x0A>,0.0002050056
Select,0.00015354212
▁CREATE,9.168418e-05
<0x09>,1.7498234e-05
▁Show,1.6057282e-05
