Token,Probability
▁SELECT,0.8853371
SELECT,0.11255797
select,0.0005052098
▁Select,0.00040913135
▁select,0.00039654374
<0x0A>,0.00027041932
Select,0.0002386442
▁CREATE,0.000150511
CREATE,2.052921e-05
<0x09>,1.9742749e-05
