Token,Probability
▁SELECT,0.9039254
SELECT,0.09379598
▁select,0.00049219606
select,0.0004845653
▁Select,0.00043436151
<0x0A>,0.0002962088
Select,0.00021169089
▁CREATE,0.00017277706
▁Show,2.8426297e-05
CREATE,2.3566228e-05
