Token,Probability
▁SELECT,0.9174777
SELECT,0.078925416
▁Select,0.0009781213
<0x0A>,0.00046565552
select,0.0003951967
▁select,0.00035703045
Select,0.00033802964
▁Would,0.00032762953
▁CREATE,0.0002148647
▁Show,0.00010636575
