Token,Probability
▁SELECT,0.9012771
SELECT,0.09648984
▁Select,0.00051833957
select,0.00041325635
▁select,0.00034799674
<0x0A>,0.00029304263
Select,0.00022822182
▁CREATE,0.00017362201
▁Would,4.3217933e-05
CREATE,3.287847e-05
