Token,Probability
▁SELECT,0.89483255
SELECT,0.10197846
<0x0A>,0.0009174329
▁select,0.00062563486
select,0.000596985
▁Select,0.00053933094
Select,0.00021621362
▁CREATE,9.445674e-05
<0x09>,2.5422687e-05
▁Show,2.243544e-05
