Token,Probability
▁SELECT,0.90837455
SELECT,0.08854684
▁Select,0.00079039834
select,0.00043310254
▁select,0.00030952442
Select,0.0003047257
<0x0A>,0.00022645293
2,0.0002094347
1,0.0001982888
▁CREATE,0.00012902898
