Token,Probability
▁SELECT,0.8962621
SELECT,0.10214137
select,0.00039213774
▁Select,0.00028466148
▁select,0.00027375625
<0x0A>,0.00022873192
Select,0.00015476775
▁CREATE,0.00012730848
CREATE,2.4873443e-05
<0x09>,1.5086504e-05
