Token,Probability
▁SELECT,0.912933
SELECT,0.082303405
<0x0A>,0.0015431873
▁Select,0.0009214792
▁select,0.0005632889
select,0.0005502404
Select,0.00033373767
▁CREATE,0.00020242213
▁Would,9.413504e-05
1,7.5050986e-05
