Token,Probability
▁SELECT,0.909184
SELECT,0.08862575
▁Select,0.00063566887
select,0.00040722478
▁select,0.00037078236
Select,0.0002508839
<0x0A>,0.00024316502
▁CREATE,0.0001070641
▁Would,3.164809e-05
▁Show,2.6859387e-05
