Token,Probability
▁SELECT,0.9290948
SELECT,0.06836327
▁Select,0.00076540385
select,0.000501964
▁select,0.00041290437
<0x0A>,0.0003449945
Select,0.00022274519
▁CREATE,0.000102780024
▁Would,3.3108117e-05
▁Show,2.8098495e-05
