Token,Probability
▁SELECT,0.91392136
SELECT,0.08239251
▁Select,0.00079522474
select,0.0007240604
<0x0A>,0.0005215211
▁select,0.0004602408
Select,0.0003501327
2,0.00014369417
1,0.00013604692
▁CREATE,0.000108466054
