Token,Probability
▁SELECT,0.89289564
SELECT,0.10498785
select,0.0005956927
▁Select,0.00047123176
▁select,0.00034207755
Select,0.00026849975
<0x0A>,0.00019490992
▁CREATE,0.00012008051
CREATE,2.4395837e-05
▁Would,1.3578327e-05
