Token,Probability
▁SELECT,0.86992973
SELECT,0.12729883
select,0.0006576466
▁Select,0.00062753074
▁select,0.0005202413
Select,0.0003438585
<0x0A>,0.00025553396
▁CREATE,0.0001729029
CREATE,3.051918e-05
<0x09>,2.7788026e-05
