Token,Probability
▁SELECT,0.9165702
SELECT,0.08135022
▁Select,0.00041375292
select,0.00040102305
▁select,0.0003651356
<0x0A>,0.00030035237
▁CREATE,0.00017113565
Select,0.00016202795
<0x09>,3.0923577e-05
▁Would,2.837707e-05
