Token,Probability
▁SELECT,0.92004895
SELECT,0.07791955
▁Select,0.00046332658
select,0.00042850705
▁select,0.0003608391
<0x0A>,0.00030624017
Select,0.00019465809
▁CREATE,0.00013068726
▁Would,1.9730825e-05
▁Show,1.8827286e-05
