Token,Probability
▁SELECT,0.91705066
SELECT,0.08013099
▁Select,0.00068787386
▁select,0.00050720637
select,0.00048021338
<0x0A>,0.00039193875
Select,0.00029126412
▁CREATE,0.00016211289
▁Would,6.057716e-05
▁Show,3.217229e-05
