Token,Probability
▁SELECT,0.9127973
SELECT,0.08101536
<0x0A>,0.0017347942
▁Select,0.00085210236
1,0.00049702683
select,0.00044902635
2,0.00044553206
▁select,0.0004386247
Select,0.0002876571
▁CREATE,0.00027022883
