Token,Probability
▁SELECT,0.84922636
SELECT,0.1475734
select,0.0008505057
▁Select,0.0005710025
▁select,0.0005491277
<0x0A>,0.0005039079
Select,0.00032789915
▁CREATE,0.00014437202
CREATE,3.2721047e-05
1,2.7987795e-05
