Token,Probability
▁SELECT,0.8908341
SELECT,0.10474546
▁Select,0.0008315996
▁select,0.0007935178
select,0.00074544107
<0x0A>,0.0005583095
▁CREATE,0.00036329895
Select,0.0003548831
▁Would,0.00020063273
CREATE,7.615159e-05
