Token,Probability
▁SELECT,0.9237242
SELECT,0.074648365
▁Select,0.00041373735
select,0.00038564557
▁select,0.0003026967
Select,0.00019851333
<0x0A>,0.00016329261
▁CREATE,6.914245e-05
▁Would,1.6422771e-05
CREATE,1.0520821e-05
