Token,Probability
▁SELECT,0.9267369
SELECT,0.07146227
▁Select,0.00042493021
select,0.00034953805
<0x0A>,0.00027435558
▁select,0.00025176283
▁CREATE,0.00016640505
Select,0.0001625503
CREATE,2.2171329e-05
▁Would,2.0991392e-05
