Token,Probability
▁SELECT,0.90656215
SELECT,0.091175355
▁Select,0.0005907999
<0x0A>,0.00040923513
select,0.00039049488
▁select,0.00028793287
Select,0.00023500396
▁CREATE,0.00012287467
▁Would,4.2797405e-05
▁Show,2.8287355e-05
