Token,Probability
▁SELECT,0.88519526
SELECT,0.11253994
select,0.00049729756
▁select,0.0004819973
▁Select,0.0004708319
<0x0A>,0.00029463906
Select,0.00021222053
▁CREATE,0.0001297278
▁Would,2.7837279e-05
CREATE,2.5745274e-05
