Token,Probability
▁SELECT,0.88859683
SELECT,0.10949661
select,0.0005150551
▁Select,0.000491469
▁select,0.0003325446
Select,0.00025898597
<0x0A>,0.0001223363
▁CREATE,7.898626e-05
CREATE,1.4384466e-05
▁Would,1.33034555e-05
