Token,Probability
▁SELECT,0.910816
SELECT,0.086053215
▁Select,0.0007802358
select,0.0004998378
<0x0A>,0.0004551075
▁select,0.00043088713
Select,0.00029155283
▁CREATE,0.000109799796
▁Would,0.00010559343
▁Show,9.465333e-05
