Token,Probability
▁SELECT,0.8969362
SELECT,0.10063344
▁Select,0.00067278615
select,0.0005322176
▁select,0.00033566545
<0x0A>,0.00028045897
Select,0.00024944538
▁CREATE,0.0001196852
CREATE,2.7986996e-05
▁Would,2.7125927e-05
