Token,Probability
▁SELECT,0.9021192
SELECT,0.09508266
select,0.00056981656
▁Select,0.00056981656
▁select,0.0005522852
<0x0A>,0.00038255673
Select,0.00022665736
▁CREATE,0.00021292489
▁Would,4.3258315e-05
▁Show,3.6143672e-05
