Token,Probability
▁SELECT,0.9337264
SELECT,0.063540876
<0x0A>,0.0007169913
▁Select,0.0005851912
select,0.0003662033
▁select,0.00035772022
Select,0.00020066286
▁CREATE,0.00016506076
▁Would,8.43048e-05
▁Show,3.890027e-05
