Token,Probability
▁SELECT,0.92273265
SELECT,0.074568234
▁Select,0.0008091889
select,0.00052654924
▁select,0.00045747389
<0x0A>,0.00030237177
Select,0.00029536735
▁CREATE,8.663097e-05
▁Would,5.4212273e-05
▁Show,3.8743765e-05
