Token,Probability
▁SELECT,0.9232607
SELECT,0.074610904
<0x0A>,0.0006608186
▁Select,0.00028869027
▁CREATE,0.00027547017
select,0.00026699487
▁select,0.00021791486
Select,0.000113939415
CREATE,3.8464255e-05
▁Would,3.0666375e-05
