Token,Probability
▁SELECT,0.8913702
SELECT,0.106458984
▁select,0.0004930029
select,0.0004667658
▁Select,0.00042168773
Select,0.00024789743
<0x0A>,0.00018136564
▁CREATE,0.00014687437
▁Show,4.1105424e-05
CREATE,3.0786538e-05
