Token,Probability
▁SELECT,0.8686125
SELECT,0.12910773
select,0.00068816415
▁Select,0.000480416
▁select,0.00036548122
Select,0.0002982971
<0x0A>,0.00022693243
▁CREATE,8.68094e-05
CREATE,1.9521716e-05
▁SUM,1.8338953e-05
