Token,Probability
▁SELECT,0.91550124
SELECT,0.08253494
▁Select,0.00041977843
select,0.00037923822
▁select,0.00030235504
<0x0A>,0.00025660542
Select,0.00022645347
▁CREATE,0.00015809
▁Would,2.4243887e-05
1,2.2775026e-05
