Token,Probability
▁SELECT,0.95064473
SELECT,0.04659603
▁Select,0.00062438723
<0x0A>,0.00043250038
▁select,0.00023331647
select,0.00019956614
1,0.00018601608
▁CREATE,0.00018170703
2,0.00017338606
Select,0.00016805153
