Token,Probability
▁SELECT,0.91663677
SELECT,0.08135614
▁Select,0.00047626125
select,0.00046887752
▁select,0.00033248396
<0x0A>,0.00026507932
Select,0.00022148207
▁CREATE,0.00012231401
CREATE,1.7621005e-05
<0x09>,1.41588735e-05
