Token,Probability
▁SELECT,0.9124187
SELECT,0.08620464
select,0.00034683678
▁Select,0.00031579848
▁select,0.0002517765
Select,0.0001677193
<0x0A>,0.00013371748
▁CREATE,9.118741e-05
<0x09>,1.25352135e-05
CREATE,1.1684104e-05
