Token,Probability
▁SELECT,0.90694946
SELECT,0.09121431
select,0.00037569573
▁select,0.00034746173
▁Select,0.00031884882
<0x0A>,0.0002502673
▁CREATE,0.00019339158
Select,0.00015539449
CREATE,2.7643886e-05
▁Show,2.4017423e-05
