Token,Probability
▁SELECT,0.9077534
SELECT,0.08987976
▁Select,0.00052206416
select,0.0004328064
▁select,0.00040341992
<0x0A>,0.0003266994
Select,0.00021258736
▁CREATE,0.00015553222
▁Would,4.1860934e-05
▁Show,3.209589e-05
