Token,Probability
▁SELECT,0.9154537
SELECT,0.082530655
<0x0A>,0.00036469084
select,0.00034799048
▁Select,0.0003425954
▁CREATE,0.0003372839
▁select,0.00030233932
Select,0.00016696764
CREATE,4.672889e-05
<0x09>,2.7044607e-05
