Token,Probability
▁SELECT,0.8892271
SELECT,0.10787548
select,0.00070449617
▁Select,0.00070449617
▁select,0.00045842442
Select,0.00034334403
<0x0A>,0.00030064207
▁CREATE,0.00013031869
▁Show,5.51804e-05
▁Would,4.068748e-05
