Token,Probability
▁SELECT,0.9204569
SELECT,0.0779541
<0x0A>,0.00036955994
select,0.0003391273
▁select,0.00023860583
▁Select,0.00021895702
▁CREATE,0.0001540555
Select,0.00013595351
CREATE,2.3810473e-05
<0x09>,1.8114053e-05
