Token,Probability
▁SELECT,0.9232705
SELECT,0.0746117
▁Select,0.0003706896
select,0.00034552073
<0x0A>,0.0003271324
▁select,0.00027981118
Select,0.00020312113
▁CREATE,0.00017925378
1,8.6006905e-05
2,8.6006905e-05
