Token,Probability
▁SELECT,0.887072
SELECT,0.111030094
select,0.0004906257
▁select,0.0003911609
▁Select,0.0003911609
Select,0.00019363868
<0x0A>,0.00015080595
▁CREATE,0.00012699133
CREATE,1.9474755e-05
<0x09>,1.8875578e-05
