Token,Probability
▁SELECT,0.91209084
SELECT,0.08617366
select,0.00034133688
<0x0A>,0.00033083503
▁select,0.00030837217
▁Select,0.0002679184
Select,0.0001798719
▁CREATE,0.00014680716
CREATE,2.1149577e-05
▁Show,1.9407942e-05
