Token,Probability
▁SELECT,0.92227435
SELECT,0.0745312
▁Select,0.00073640887
<0x0A>,0.00061529264
select,0.00041959313
▁select,0.00041308795
Select,0.0002839109
▁CREATE,0.00022991809
▁Would,0.00011561006
▁Show,4.457165e-05
