Token,Probability
▁SELECT,0.90295905
SELECT,0.09517118
▁Select,0.0003889429
select,0.00038591612
<0x0A>,0.00034056976
▁select,0.00025507496
Select,0.00018955562
▁CREATE,0.00012825974
CREATE,3.0944106e-05
▁Would,1.6693091e-05
