Token,Probability
▁SELECT,0.92728174
SELECT,0.06930433
▁Select,0.0009963267
▁select,0.00059493387
select,0.00049708586
<0x0A>,0.00038112892
Select,0.00026194582
▁CREATE,0.00024037501
▁Show,0.0001296726
▁Would,9.2672824e-05
