Token,Probability
▁SELECT,0.9259873
SELECT,0.072528936
▁Select,0.0003155259
▁select,0.00030107694
select,0.0002828356
▁CREATE,0.00024573182
<0x0A>,0.00012550755
Select,0.000118828146
CREATE,1.9550303e-05
<0x09>,1.2234268e-05
