Token,Probability
▁SELECT,0.8835615
SELECT,0.114101216
▁Select,0.0006474012
select,0.00056247186
▁select,0.00039574844
Select,0.00027199363
<0x0A>,0.00023264848
▁CREATE,7.915466e-05
CREATE,2.0013433e-05
▁Show,1.48727195e-05
