Token,Probability
▁SELECT,0.8824504
SELECT,0.1157523
<0x0A>,0.0003921749
▁Select,0.0003200838
select,0.00029835093
▁select,0.00028468846
Select,0.00021657956
▁CREATE,8.750604e-05
2,2.1111815e-05
1,1.9988265e-05
