Token,Probability
▁SELECT,0.8837047
SELECT,0.114119716
select,0.00049259665
▁Select,0.00049259665
▁select,0.00028509312
Select,0.00025958024
<0x0A>,0.00019441659
▁CREATE,0.00011429163
1,4.6540168e-05
2,4.5818633e-05
