Token,Probability
▁SELECT,0.9071545
SELECT,0.09123492
select,0.00039075004
▁Select,0.00036421907
▁select,0.00024452512
<0x0A>,0.00019957557
Select,0.00019648144
▁CREATE,8.718811e-05
CREATE,1.5878137e-05
▁Would,1.4800048e-05
