Token,Probability
▁SELECT,0.9159792
SELECT,0.08129777
<0x0A>,0.0005876823
▁Select,0.0005740686
select,0.0004007645
▁select,0.0003564473
▁CREATE,0.00024307593
Select,0.0002355973
▁Show,5.595926e-05
CREATE,4.2905456e-05
