Token,Probability
▁SELECT,0.89417255
SELECT,0.10350798
▁Select,0.00053893315
select,0.0004364414
▁select,0.00030948324
<0x0A>,0.00030707484
Select,0.00026061104
▁CREATE,0.00021774866
▁Would,4.3894062e-05
CREATE,3.610627e-05
