Token,Probability
▁SELECT,0.91066444
SELECT,0.086038895
▁Select,0.00087709667
select,0.00057073764
▁select,0.0004920066
<0x0A>,0.00046947604
Select,0.00028253565
▁CREATE,0.00022525706
▁Would,9.3901115e-05
▁Show,6.206484e-05
