Token,Probability
▁SELECT,0.9377366
SELECT,0.059947494
▁Select,0.00051060657
select,0.0004577048
▁select,0.00045414286
<0x0A>,0.0003945662
Select,0.00017103176
▁CREATE,8.873012e-05
▁Show,3.341607e-05
▁Would,2.6024461e-05
