Token,Probability
▁SELECT,0.9241646
SELECT,0.07238617
▁Select,0.0010086145
<0x0A>,0.0006666535
select,0.00035405703
▁select,0.0003004843
Select,0.00028008217
▁Would,0.00020491249
▁CREATE,9.022174e-05
1,9.022174e-05
