Token,Probability
▁SELECT,0.9041784
SELECT,0.09382222
select,0.0004923338
▁Select,0.0004661323
▁select,0.0003804461
Select,0.0002514595
<0x0A>,0.00017971
▁CREATE,8.966064e-05
▁Would,2.1130541e-05
CREATE,1.5950169e-05
