Token,Probability
▁SELECT,0.9213638
SELECT,0.07563014
▁Select,0.0008079884
<0x0A>,0.00046762786
▁select,0.00043587707
select,0.0004094686
Select,0.00028142336
▁CREATE,0.00015663568
▁Would,9.13648e-05
1,4.0227373e-05
