Token,Probability
▁SELECT,0.8937913
SELECT,0.10346386
<0x0A>,0.0007192634
select,0.00043286034
▁CREATE,0.00034510635
▁select,0.0003093513
▁Select,0.0003093513
Select,0.00019663565
CREATE,8.391381e-05
1,3.5531342e-05
