Token,Probability
▁SELECT,0.8758742
SELECT,0.12229944
select,0.00055757817
▁select,0.00034351394
▁Select,0.00027387321
<0x0A>,0.00022704886
Select,0.00020673036
▁CREATE,0.00011964634
CREATE,2.8418497e-05
<0x09>,1.0536577e-05
