Token,Probability
▁SELECT,0.91864926
SELECT,0.07902619
▁Select,0.000575742
<0x0A>,0.0003865349
select,0.00038054225
▁select,0.0003775808
Select,0.00020689722
▁CREATE,0.00017152383
<0x09>,3.4306922e-05
▁Would,3.2992648e-05
