Token,Probability
▁SELECT,0.91739863
SELECT,0.08142375
select,0.0003542215
▁Select,0.00027586796
▁select,0.00020341229
Select,0.00016217442
<0x0A>,9.16851e-05
▁CREATE,3.2947733e-05
CREATE,6.23925e-06
2,6.142519e-06
