Token,Probability
▁SELECT,0.92149764
SELECT,0.07683231
▁Select,0.00034217353
select,0.00032650426
<0x0A>,0.00031399608
▁select,0.00027068157
Select,0.00018603652
▁CREATE,9.5018164e-05
CREATE,1.515197e-05
▁Would,1.4345596e-05
