Token,Probability
▁SELECT,0.87901306
SELECT,0.11896148
select,0.0005381394
▁Select,0.000478631
▁select,0.00037275822
Select,0.00026848767
<0x0A>,0.00015178918
▁CREATE,9.206479e-05
CREATE,1.7163844e-05
▁Would,1.6897742e-05
