Token,Probability
▁SELECT,0.8814875
SELECT,0.11562599
▁Select,0.00086236506
select,0.0005109344
▁select,0.00043362434
Select,0.00038869836
<0x0A>,0.00032988403
▁CREATE,9.018527e-05
▁Would,6.4452506e-05
▁Show,4.9032882e-05
