Token,Probability
▁SELECT,0.8824129
SELECT,0.11395289
▁Select,0.0010092652
select,0.0007045807
▁select,0.0005661465
Select,0.00044437347
<0x0A>,0.00028915933
▁CREATE,0.00015001388
▁Would,0.00014426695
▁Show,9.242088e-05
