Token,Probability
▁SELECT,0.9318673
SELECT,0.06542735
▁Select,0.00072117604
select,0.00042728265
<0x0A>,0.00042065824
▁select,0.00038601772
Select,0.00025714323
▁CREATE,0.0001453756
▁Would,8.680773e-05
▁Show,7.085041e-05
