Token,Probability
▁SELECT,0.8786606
SELECT,0.118913785
select,0.00062889635
▁Select,0.0005861959
▁select,0.00039049063
Select,0.00031622892
<0x0A>,0.00019030993
▁CREATE,0.00013079798
▁Would,2.6161242e-05
CREATE,2.3820083e-05
