Token,Probability
▁SELECT,0.8813485
SELECT,0.11560776
▁Select,0.0009544006
select,0.00069282047
▁select,0.00045792636
Select,0.00035110427
▁CREATE,0.00017932654
<0x0A>,0.00017245664
▁Would,5.5552773e-05
▁Show,3.5311485e-05
