Token,Probability
▁SELECT,0.90852576
SELECT,0.08063624
1,0.0016866777
2,0.0016220621
<0x0A>,0.0014314647
▁Select,0.0012831567
3,0.0005920796
select,0.000494701
▁Would,0.0004683735
▁select,0.00046472857
