Token,Probability
▁SELECT,0.8910217
SELECT,0.10641737
▁Select,0.0006085393
select,0.00055842707
▁select,0.0004215229
Select,0.00031818217
<0x0A>,0.00028745367
▁CREATE,9.045131e-05
▁Would,6.120241e-05
▁Show,3.275929e-05
