Token,Probability
▁SELECT,0.9074545
SELECT,0.08845716
▁Select,0.0011135113
select,0.0008146623
▁select,0.0006913949
Select,0.00046782123
<0x0A>,0.00035312996
▁Would,0.00021755706
▁CREATE,0.00011286712
▁Show,0.00011111728
