Token,Probability
▁SELECT,0.9176819
SELECT,0.07894298
▁Select,0.0010414362
select,0.00054879836
▁select,0.0004694121
Select,0.00035991074
<0x0A>,0.00032515224
▁CREATE,0.00013344221
▁Would,0.00013035102
▁Show,5.307965e-05
