Token,Probability
▁SELECT,0.8849973
SELECT,0.11251477
▁Select,0.0006236114
select,0.0005950541
▁select,0.0004387654
Select,0.00029688352
<0x0A>,0.00024805547
▁CREATE,8.5725675e-05
▁Would,2.5739515e-05
▁Show,2.3253715e-05
