Token,Probability
▁SELECT,0.9096812
SELECT,0.08867422
select,0.00038276147
▁Select,0.0003273932
▁select,0.00029809494
<0x0A>,0.00022677869
Select,0.00017252412
▁CREATE,0.00011052309
<0x09>,1.6047243e-05
CREATE,1.3513132e-05
