Token,Probability
▁SELECT,0.9242934
SELECT,0.07353634
▁Select,0.00047279405
select,0.00043048387
<0x0A>,0.00039503424
▁select,0.00032494628
Select,0.00020334616
▁CREATE,0.00013545775
▁Would,2.2286305e-05
<0x09>,1.9977315e-05
