Token,Probability
▁SELECT,0.93006617
SELECT,0.06737377
<0x0A>,0.0005967203
▁Select,0.00042313806
select,0.00035631796
▁select,0.00032954026
▁CREATE,0.0002410968
Select,0.0001819894
▁Would,6.001374e-05
1,3.935797e-05
