Token,Probability
▁SELECT,0.88766026
SELECT,0.10938121
select,0.0006710505
▁Select,0.00057397987
<0x0A>,0.0004871304
▁select,0.00046846876
Select,0.0003454272
▁CREATE,0.00011214379
2,3.4201923e-05
1,3.1141208e-05
