Token,Probability
▁SELECT,0.9422932
SELECT,0.054848038
▁Select,0.0007123517
<0x0A>,0.00065881765
▁select,0.00033387254
select,0.00032360034
Select,0.00020730615
▁CREATE,0.00017186283
▁Would,0.00011538327
<0x09>,3.410723e-05
