Token,Probability
▁SELECT,0.89464676
SELECT,0.103562884
select,0.00048335275
▁Select,0.00039759514
▁select,0.00030247442
Select,0.00020788744
<0x0A>,0.00019682385
▁CREATE,9.667663e-05
CREATE,1.9186065e-05
▁Would,1.00316665e-05
