Token,Probability
▁SELECT,0.90294915
SELECT,0.09517014
▁Select,0.00040443218
select,0.00031744243
▁select,0.00029358626
<0x0A>,0.00026316903
Select,0.00020020844
▁CREATE,0.00013441358
▁Would,4.067481e-05
CREATE,2.9526744e-05
