Token,Probability
▁SELECT,0.8835555
SELECT,0.114100434
select,0.00062747847
▁Select,0.00055374776
▁select,0.0004279031
Select,0.00029639984
<0x0A>,0.00017561109
▁CREATE,0.0001090394
▁Show,2.2152699e-05
▁Would,2.0487898e-05
