Token,Probability
▁SELECT,0.8341727
SELECT,0.16171175
▁Select,0.00090331456
select,0.0008224773
<0x0A>,0.00061600696
▁select,0.000578685
Select,0.0004873016
▁CREATE,0.00015944448
▁Would,6.804256e-05
CREATE,5.2579213e-05
