Token,Probability
▁SELECT,0.9188168
SELECT,0.0790406
▁Select,0.00053257146
select,0.00038359678
▁select,0.00034385396
<0x0A>,0.00030583004
Select,0.00022375003
▁CREATE,0.0001207041
▁Would,3.9186878e-05
CREATE,2.0329888e-05
