Token,Probability
▁SELECT,0.90401655
SELECT,0.093805425
▁Select,0.00054486626
select,0.0005281025
▁select,0.000408086
Select,0.0002893763
<0x0A>,0.00020044511
▁CREATE,8.421331e-05
▁Would,2.0159294e-05
CREATE,1.6712642e-05
