Token,Probability
▁SELECT,0.9000743
SELECT,0.097878546
select,0.0004862851
▁select,0.00042914512
▁Select,0.00031152592
▁CREATE,0.00022614359
<0x0A>,0.00021918587
Select,0.00020590608
CREATE,4.3839933e-05
<0x09>,1.3163134e-05
