Token,Probability
▁SELECT,0.88962173
SELECT,0.10625017
▁Select,0.0012369781
select,0.0007103367
Select,0.00048063786
▁select,0.00047318632
<0x0A>,0.00035164217
2,0.00014097063
1,0.00013451511
▁CREATE,0.000115056886
