Token,Probability
▁SELECT,0.9134592
SELECT,0.08364768
▁Select,0.000820053
select,0.00049351656
▁select,0.00046000804
<0x0A>,0.00040595568
Select,0.00034184897
▁CREATE,0.00012975122
▁Show,5.161147e-05
▁Would,4.3802087e-05
