Token,Probability
▁SELECT,0.9037515
SELECT,0.093777925
▁Select,0.00076218153
select,0.0005238392
▁select,0.00047696102
Select,0.0002803909
<0x0A>,0.00014891449
▁CREATE,0.000115072195
▁Would,3.455094e-05
▁Show,3.220502e-05
