Token,Probability
▁SELECT,0.918248
SELECT,0.080235615
▁Select,0.0005406233
select,0.00033831346
▁select,0.00022891434
Select,0.0001727936
<0x0A>,0.00011156393
▁CREATE,5.0285802e-05
▁Would,9.748348e-06
▁Show,8.945587e-06
