Token,Probability
▁SELECT,0.89485633
SELECT,0.10198117
▁Select,0.0007314607
select,0.00058774516
▁select,0.00051064184
<0x0A>,0.00049493107
Select,0.00033488713
▁CREATE,0.000189328
▁Would,5.3402415e-05
▁Show,4.1589847e-05
