Token,Probability
▁SELECT,0.8840646
SELECT,0.114166185
select,0.00044520525
▁select,0.00036053822
▁Select,0.00032827375
Select,0.00022039261
<0x0A>,0.00017298812
▁CREATE,0.00011256552
CREATE,1.925769e-05
▁Would,1.3235603e-05
