Token,Probability
▁SELECT,0.88065815
SELECT,0.11733635
select,0.0004298451
▁select,0.00035635405
▁Select,0.0003453902
<0x0A>,0.00031943372
Select,0.00026481986
▁CREATE,0.00012124337
CREATE,2.3874236e-05
▁Show,2.31397e-05
