Token,Probability
▁SELECT,0.91034204
SELECT,0.08736288
▁Select,0.00048800503
select,0.00045843827
▁select,0.00040142197
<0x0A>,0.00031262776
Select,0.00025917753
▁CREATE,0.00018235415
▁Would,3.218742e-05
CREATE,2.247044e-05
