Token,Probability
▁SELECT,0.90143335
SELECT,0.096506566
select,0.00046471713
▁Select,0.00045395197
▁select,0.0004006112
<0x0A>,0.00025865404
Select,0.00022123853
▁CREATE,8.869282e-05
▁Would,3.8445487e-05
▁Show,2.173511e-05
