Token,Probability
▁SELECT,0.91429585
SELECT,0.0837243
select,0.0004640406
▁Select,0.000400028
▁select,0.0003907614
<0x0A>,0.0002279291
Select,0.00021245326
▁CREATE,0.00016036814
CREATE,2.4786139e-05
<0x09>,2.3284421e-05
