Token,Probability
▁SELECT,0.8879406
SELECT,0.10941575
▁Select,0.0008033959
select,0.00057866436
▁select,0.0003977098
Select,0.00030973673
<0x0A>,0.00022838553
▁CREATE,7.472746e-05
▁Would,4.3248932e-05
▁Show,2.7490694e-05
