Token,Probability
▁SELECT,0.91383535
SELECT,0.08368213
<0x0A>,0.0005093921
▁Select,0.00050149474
select,0.00046019745
▁select,0.00037560222
Select,0.0002769517
▁CREATE,0.00019334345
CREATE,2.8963335e-05
▁Would,2.2206958e-05
