Token,Probability
▁SELECT,0.9142697
SELECT,0.0837219
select,0.00042915513
▁Select,0.00039381484
<0x0A>,0.0003368477
▁select,0.0003368477
Select,0.0002141134
▁CREATE,0.000118244665
CREATE,2.8527853e-05
<0x09>,2.054784e-05
