Token,Probability
▁SELECT,0.9114449
SELECT,0.08611263
▁Select,0.00060333573
select,0.0005282985
▁select,0.00048102124
Select,0.00024955053
<0x0A>,0.00021179079
▁CREATE,0.00012548189
▁Would,3.5393794e-05
▁Show,3.003832e-05
