Token,Probability
▁SELECT,0.9094796
SELECT,0.08728012
<0x0A>,0.00072619267
▁Select,0.00067161844
select,0.0004913665
▁select,0.00037090294
Select,0.00027997218
▁CREATE,0.00025691694
▁Would,0.00010626547
CREATE,5.0196253e-05
