Token,Probability
▁SELECT,0.9004603
SELECT,0.09640239
select,0.0007594059
▁select,0.0005777255
▁Select,0.0005301507
<0x0A>,0.0005138397
Select,0.00030443995
▁CREATE,0.00017077534
▁Would,3.38914e-05
CREATE,2.7878306e-05
