Token,Probability
▁SELECT,0.93252647
SELECT,0.06547363
<0x0A>,0.0006418809
▁CREATE,0.00035448032
▁select,0.00023798682
select,0.00023613479
▁Select,0.00022010185
Select,0.00012250512
CREATE,3.8547943e-05
<0x09>,3.4825167e-05
