Token,Probability
▁SELECT,0.9262055
SELECT,0.06302907
▁Select,0.0033144231
<0x0A>,0.00126788
select,0.0010929808
▁Would,0.0009951703
▁select,0.000906113
Select,0.0007001898
1,0.0004450677
2,0.00042138164
