Token,Probability
▁SELECT,0.8929616
SELECT,0.10499561
▁Select,0.0005957367
select,0.00045321265
▁select,0.0003315774
Select,0.00025823276
<0x0A>,0.0002026892
▁CREATE,7.28379e-05
▁Would,2.4781846e-05
<0x09>,1.1890459e-05
