Token,Probability
▁SELECT,0.9295495
SELECT,0.06839673
▁Select,0.0004905761
<0x0A>,0.0003398121
select,0.0003293572
▁select,0.0003046056
Select,0.00018475263
▁CREATE,0.0001790684
▁Would,3.7829162e-05
▁Show,2.2765993e-05
