Token,Probability
▁SELECT,0.93350756
SELECT,0.062541105
<0x0A>,0.0015057054
▁Select,0.00061313144
▁CREATE,0.00033596827
▁select,0.000296491
select,0.0002785275
Select,0.00019750558
▁Would,0.0001538175
▁Show,8.297832e-05
