Token,Probability
▁SELECT,0.9036952
SELECT,0.09377209
<0x0A>,0.0006220357
select,0.0004111405
▁Select,0.00039538994
▁select,0.00029845597
Select,0.00022353319
▁CREATE,0.0001700551
1,6.305043e-05
2,5.8312122e-05
