Token,Probability
▁SELECT,0.9085335
SELECT,0.089957
▁Select,0.0003453599
select,0.0003347343
▁select,0.0002507044
<0x0A>,0.00020461898
Select,0.00016963508
▁CREATE,9.515666e-05
CREATE,1.8303404e-05
▁Would,1.1453977e-05
