Token,Probability
▁SELECT,0.9331262
SELECT,0.06450002
▁Select,0.0005802641
select,0.0004924637
▁select,0.0003926263
<0x0A>,0.0003306245
Select,0.0002437872
▁CREATE,9.849894e-05
▁Would,4.4051452e-05
▁Show,2.509976e-05
