Token,Probability
▁SELECT,0.908446
SELECT,0.08994834
select,0.0004574835
▁Select,0.00036189918
▁select,0.000329513
Select,0.00016440013
<0x0A>,0.00015204525
▁CREATE,6.047943e-05
<0x09>,1.2578523e-05
CREATE,9.494766e-06
