Token,Probability
▁SELECT,0.9049095
SELECT,0.092442326
<0x0A>,0.00068409054
select,0.00041492187
▁Select,0.00040531025
▁select,0.00028740798
▁CREATE,0.0002291416
Select,0.00020380277
▁Would,5.485277e-05
1,4.5474546e-05
