Token,Probability
▁SELECT,0.9245
SELECT,0.07355277
<0x0A>,0.00059780123
▁CREATE,0.0005113265
▁Select,0.00018231908
select,0.00018090026
▁select,0.00017261624
Select,0.000103073864
CREATE,6.551773e-05
<0x09>,2.9531157e-05
