Token,Probability
▁SELECT,0.89350677
SELECT,0.10343092
▁Select,0.00080214086
select,0.00057776034
▁select,0.0005179011
<0x0A>,0.00039093223
Select,0.00031658655
▁CREATE,0.00013300798
▁Would,7.697912e-05
▁Show,6.0895494e-05
