Token,Probability
▁SELECT,0.8964046
SELECT,0.1005738
<0x0A>,0.00077391317
▁Select,0.00063660357
select,0.00043753086
▁select,0.00034342188
Select,0.0002612616
▁CREATE,0.00018238998
▁Would,7.722878e-05
▁Show,3.9137638e-05
