Token,Probability
▁SELECT,0.8597698
SELECT,0.13817759
select,0.0006250661
▁select,0.0003881124
▁Select,0.0003881124
Select,0.00024477942
<0x0A>,0.0001373088
▁CREATE,0.00012212497
CREATE,2.2768032e-05
▁Would,1.7052467e-05
