Token,Probability
▁SELECT,0.8958349
SELECT,0.10209269
select,0.00047649108
▁Select,0.00036820373
▁select,0.00035687527
<0x0A>,0.00034320363
Select,0.00021986451
▁CREATE,0.0001323168
CREATE,2.0133528e-05
▁Would,1.7221118e-05
