Token,Probability
▁SELECT,0.89002866
SELECT,0.107972726
select,0.00046243635
▁select,0.00039554277
▁Select,0.00037157803
▁CREATE,0.00025940328
Select,0.00020202347
<0x0A>,0.00016879693
CREATE,3.538176e-05
<0x09>,3.0263624e-05
