Token,Probability
▁SELECT,0.89453477
SELECT,0.10354992
select,0.00042318483
▁Select,0.0004133818
▁select,0.00033476678
Select,0.00023188617
<0x0A>,0.00019074435
▁CREATE,0.0001581326
CREATE,2.9481016e-05
▁Would,2.4250425e-05
