Token,Probability
▁SELECT,0.91630775
SELECT,0.08132693
▁Select,0.00054371223
select,0.0005107703
▁select,0.00041041552
<0x0A>,0.0002887634
Select,0.00028207415
▁CREATE,0.00012516967
CREATE,2.665016e-05
▁Would,2.5629206e-05
