Token,Probability
▁SELECT,0.90094036
SELECT,0.09645379
<0x0A>,0.00067578966
select,0.00045017296
▁Select,0.00044666964
▁select,0.00033980838
Select,0.00023172918
▁CREATE,0.00015802558
▁Would,4.4573157e-05
CREATE,3.2356646e-05
