Token,Probability
▁SELECT,0.89993626
SELECT,0.097863525
▁Select,0.0005864819
select,0.00054240704
▁select,0.00036701097
Select,0.0002522427
<0x0A>,0.00017747491
▁CREATE,0.00012389745
CREATE,2.0867736e-05
▁Would,1.7989112e-05
