Token,Probability
▁SELECT,0.89138865
SELECT,0.10646119
select,0.00046314296
▁Select,0.0004023856
▁select,0.00036924978
<0x0A>,0.0002765553
Select,0.00023288289
▁CREATE,0.00018279189
<0x09>,3.1028645e-05
CREATE,2.7597447e-05
