Token,Probability
▁SELECT,0.921781
SELECT,0.073336445
▁Select,0.00097506144
<0x0A>,0.00071337016
select,0.00044294161
Select,0.00040646608
▁CREATE,0.00040016437
▁select,0.00039396045
1,0.00036435382
2,0.00032916624
