Token,Probability
▁SELECT,0.90827864
SELECT,0.08993176
select,0.00047191858
▁Select,0.00043645335
▁select,0.00031683117
Select,0.00023361665
<0x0A>,0.00017912009
▁CREATE,6.905695e-05
▁Would,9.7943575e-06
CREATE,9.718137e-06
