Token,Probability
▁SELECT,0.89272195
SELECT,0.10496743
select,0.00063398824
▁Select,0.0006049558
▁select,0.000453091
Select,0.00026222895
<0x0A>,0.00013604258
▁CREATE,9.4973024e-05
▁Show,2.3456683e-05
▁Would,2.0063564e-05
