Token,Probability
▁SELECT,0.91615266
SELECT,0.08131317
▁Select,0.0007145753
select,0.00056970905
▁select,0.00043681107
<0x0A>,0.00033491466
Select,0.00026083182
▁CREATE,7.531567e-05
▁Would,2.5227593e-05
▁Show,1.8747554e-05
