Token,Probability
▁SELECT,0.917896
SELECT,0.08020485
▁Select,0.0005663511
select,0.00054041605
▁select,0.0003772712
Select,0.00019119175
▁CREATE,6.817152e-05
<0x0A>,6.60741e-05
▁Would,1.352905e-05
▁Show,1.0956159e-05
