Token,Probability
▁SELECT,0.9002642
SELECT,0.09789919
select,0.0004677545
▁Select,0.00042589533
<0x0A>,0.00025431372
▁select,0.00023155527
Select,0.00022796533
▁CREATE,8.452152e-05
CREATE,2.1039068e-05
▁Would,1.600568e-05
