Token,Probability
▁SELECT,0.92795014
SELECT,0.07044646
<0x0A>,0.00036966905
▁Select,0.0002947259
select,0.00028343513
▁select,0.0002190217
Select,0.00015290179
▁CREATE,0.00013921865
CREATE,2.5552454e-05
▁Would,1.284858e-05
