Token,Probability
▁SELECT,0.9091322
SELECT,0.0886207
▁Select,0.0006306861
select,0.0004103953
▁select,0.0003375819
<0x0A>,0.00028206027
Select,0.00024698023
▁CREATE,0.000107058004
▁Would,4.5686746e-05
▁Show,2.8367547e-05
