Token,Probability
▁SELECT,0.91476756
SELECT,0.083767496
▁select,0.00029742892
select,0.00029742892
▁Select,0.000290539
<0x0A>,0.00019505866
Select,0.00014839279
▁CREATE,0.00010278869
CREATE,1.6911397e-05
▁Show,1.21808225e-05
