Token,Probability
▁SELECT,0.9240494
SELECT,0.07237714
<0x0A>,0.0010735308
▁Select,0.0005836686
select,0.00037980036
▁select,0.0003173351
▁CREATE,0.00026722293
Select,0.00019398305
▁Would,0.00010881463
1,8.9508474e-05
