Token,Probability
▁SELECT,0.9185546
SELECT,0.07901805
▁Select,0.00061281107
select,0.00048477345
▁select,0.00045897427
Select,0.00026981707
<0x0A>,0.00021178182
▁CREATE,0.00015986132
▁Show,4.105578e-05
▁Would,3.377156e-05
