Token,Probability
▁SELECT,0.9203764
SELECT,0.07794728
▁Select,0.00038424792
select,0.00030875189
▁select,0.0002724726
▁CREATE,0.00026408947
<0x0A>,0.00018150588
Select,0.00016017837
CREATE,2.3995122e-05
<0x09>,1.741859e-05
