Token,Probability
▁SELECT,0.91961634
SELECT,0.07788291
▁Select,0.0005586157
<0x0A>,0.00043846254
select,0.00042830556
▁select,0.00040551156
Select,0.0002365328
▁CREATE,0.00015271705
▁Would,4.4097334e-05
1,2.552158e-05
