Token,Probability
▁SELECT,0.8971351
SELECT,0.100655764
select,0.0005040053
▁Select,0.0004961914
▁select,0.000354612
Select,0.00028717358
<0x0A>,0.00021340926
▁CREATE,0.00012743249
CREATE,2.9566714e-05
1,1.9542407e-05
