Token,Probability
▁SELECT,0.88338506
SELECT,0.11407843
▁Select,0.0006626216
select,0.0006128248
▁select,0.0004244913
Select,0.00032546878
<0x0A>,0.0002635726
▁CREATE,9.1088266e-05
▁Would,3.7091635e-05
▁Show,2.3030721e-05
