Token,Probability
▁SELECT,0.9063856
SELECT,0.0911576
▁Select,0.0005906849
<0x0A>,0.0004458723
select,0.0004355437
▁select,0.00035271404
Select,0.00023312974
▁CREATE,0.00012774457
▁Would,4.7734655e-05
▁Show,2.7843378e-05
