Token,Probability
▁SELECT,0.9151266
SELECT,0.082501166
▁Select,0.0006918144
select,0.0005646424
▁select,0.00038807272
<0x0A>,0.00025851215
Select,0.0002281362
▁CREATE,9.36269e-05
▁Would,2.13864e-05
▁Show,1.6786378e-05
