Token,Probability
▁SELECT,0.9320949
SELECT,0.063429855
<0x0A>,0.0010413934
▁Select,0.0009190265
▁select,0.0004621155
select,0.00038310722
▁Would,0.0003251389
▁CREATE,0.00028028723
Select,0.0002592233
1,9.536293e-05
