Token,Probability
▁SELECT,0.91214013
SELECT,0.08617832
<0x0A>,0.0003467309
select,0.0003360631
▁Select,0.00031080755
▁select,0.00028745
▁CREATE,0.00016378406
Select,0.0001502967
CREATE,1.7398108e-05
<0x09>,1.0227819e-05
