Token,Probability
▁SELECT,0.9117566
SELECT,0.08614208
▁Select,0.00038664357
▁select,0.0003747478
<0x0A>,0.0003548041
select,0.00035204302
▁CREATE,0.00027417135
Select,0.0001974782
CREATE,3.82829e-05
<0x09>,2.550191e-05
