Token,Probability
▁SELECT,0.91405916
SELECT,0.083702624
<0x0A>,0.00054237794
▁Select,0.0004191172
select,0.00038762004
▁select,0.0002948858
Select,0.00022259145
▁CREATE,0.00017885726
CREATE,2.9197647e-05
▁Would,2.006723e-05
