Token,Probability
▁SELECT,0.8768327
SELECT,0.120535135
▁Select,0.0007570157
select,0.00050035684
▁select,0.00036894
Select,0.0003438899
<0x0A>,0.00032305467
▁CREATE,9.3282644e-05
▁Would,4.4409197e-05
▁Show,4.0435032e-05
