Token,Probability
▁SELECT,0.8905057
SELECT,0.10635574
▁Select,0.00072790444
select,0.00053254626
<0x0A>,0.00048111542
▁select,0.0004180004
Select,0.00032300563
▁CREATE,0.00025155704
CREATE,4.8766557e-05
1,4.5811943e-05
