Token,Probability
▁SELECT,0.889604
SELECT,0.10792121
<0x0A>,0.00054462324
select,0.00046949455
▁Select,0.00040790392
▁select,0.00032776003
▁CREATE,0.0002633626
Select,0.00019118072
CREATE,6.25541e-05
<0x09>,2.819534e-05
