Token,Probability
▁SELECT,0.90594774
SELECT,0.08970098
<0x0A>,0.001695083
▁CREATE,0.0007760655
▁Select,0.00039329086
select,0.00033639948
▁select,0.00022061616
Select,0.00020087331
2,0.00010836302
CREATE,0.000107519736
