Token,Probability
▁SELECT,0.9275364
SELECT,0.07041506
▁Select,0.0005767881
select,0.00041544487
▁select,0.0003364375
Select,0.00021552994
<0x0A>,0.0001931998
▁CREATE,9.055092e-05
▁Would,2.939758e-05
1,2.8716586e-05
