Token,Probability
▁SELECT,0.9252573
SELECT,0.07247176
▁Select,0.00072167674
select,0.0005238811
▁select,0.00040167355
Select,0.00020515478
<0x0A>,0.00018246844
▁CREATE,0.00010810897
▁Would,2.2135933e-05
▁Show,2.0472393e-05
