Token,Probability
▁SELECT,0.903511
SELECT,0.093752965
▁Select,0.00065175485
select,0.00048814184
▁select,0.00043078366
<0x0A>,0.00042410503
Select,0.00029148284
▁CREATE,0.00017679326
▁Would,4.8711663e-05
▁Show,3.4812656e-05
