Token,Probability
▁SELECT,0.8871539
SELECT,0.11104034
select,0.0004983979
▁Select,0.00039735748
▁select,0.0003143356
Select,0.00020776315
<0x0A>,0.0001967062
▁CREATE,8.660857e-05
CREATE,1.745867e-05
<0x09>,9.492113e-06
