Token,Probability
▁SELECT,0.9175022
SELECT,0.080170445
▁Select,0.0005795331
select,0.0004767109
▁select,0.0003276383
<0x0A>,0.0002846571
Select,0.00024731437
▁CREATE,0.00012631582
▁Would,3.7926886e-05
1,3.4264085e-05
