Token,Probability
▁SELECT,0.90854293
SELECT,0.08856326
▁Select,0.0007086399
select,0.00051845197
▁select,0.00043318287
<0x0A>,0.0004165879
Select,0.00025665236
▁CREATE,0.00019832556
▁Would,8.596777e-05
▁Show,2.8795597e-05
