Token,Probability
▁SELECT,0.91790116
SELECT,0.08020531
select,0.000434239
▁select,0.00038622014
▁Select,0.00028036576
<0x0A>,0.00026962513
Select,0.00017821131
▁CREATE,0.0001635359
CREATE,2.1619488e-05
▁Show,2.0309628e-05
