Token,Probability
▁SELECT,0.90037745
SELECT,0.096393526
▁Select,0.0008604405
select,0.0006753674
▁select,0.00041934516
<0x0A>,0.00038181813
Select,0.00034225956
▁CREATE,0.00015426846
▁Would,6.136375e-05
▁Show,4.4545308e-05
