Token,Probability
▁SELECT,0.9169107
SELECT,0.08138045
<0x0A>,0.00037686626
▁CREATE,0.00032487902
select,0.00031000172
▁select,0.00023037373
▁Select,0.00016464067
Select,0.00012525203
CREATE,5.7344554e-05
<0x09>,2.176554e-05
