Token,Probability
▁SELECT,0.91264457
SELECT,0.084889166
▁Select,0.00065834343
select,0.00044895124
<0x0A>,0.00039311484
▁select,0.00039005562
Select,0.0002239901
▁CREATE,0.00015274795
▁Would,3.4349992e-05
▁Show,2.4168237e-05
