Token,Probability
▁SELECT,0.89744157
SELECT,0.10069015
select,0.00051211705
▁Select,0.00038959814
▁select,0.00034651576
Select,0.00021348216
<0x0A>,0.00019136418
▁CREATE,9.9278426e-05
CREATE,1.48721565e-05
▁Would,1.1857118e-05
