Token,Probability
▁SELECT,0.91549516
SELECT,0.08125481
▁Select,0.0008748876
select,0.00054323004
<0x0A>,0.000534808
▁select,0.00046829355
Select,0.000281824
▁CREATE,9.221247e-05
1,7.765068e-05
2,7.351819e-05
