Token,Probability
▁SELECT,0.91610396
SELECT,0.08130884
select,0.00059237215
▁Select,0.00042005477
▁select,0.00039460493
<0x0A>,0.00032206715
Select,0.00022837984
▁CREATE,0.00016839671
1,9.3726885e-05
2,9.3726885e-05
