Token,Probability
▁SELECT,0.9030523
SELECT,0.09518101
select,0.00042721428
▁Select,0.00040765075
▁select,0.00029133484
<0x0A>,0.00022512613
Select,0.00021650165
▁CREATE,8.478327e-05
CREATE,1.6825756e-05
▁Would,1.4733122e-05
