Token,Probability
▁SELECT,0.9180449
SELECT,0.0789742
<0x0A>,0.00060297555
▁Select,0.00059828314
select,0.0003356064
▁select,0.0003103852
▁CREATE,0.0002379806
Select,0.00021332441
▁Would,0.00014661558
1,7.430116e-05
