Token,Probability
▁SELECT,0.9013452
SELECT,0.09649713
▁Select,0.000510342
select,0.0004946404
▁select,0.00034802302
<0x0A>,0.00025862874
Select,0.00025263763
▁CREATE,0.00013951973
▁Show,2.5210702e-05
CREATE,2.106433e-05
