Token,Probability
▁SELECT,0.9455181
SELECT,0.05251548
▁Select,0.0004724471
<0x0A>,0.00026709738
▁select,0.00025091475
select,0.00022491853
▁CREATE,0.00020479065
Select,0.00013535835
2,7.2452116e-05
1,6.197157e-05
