Token,Probability
▁SELECT,0.89593655
SELECT,0.10210427
▁Select,0.00046550593
select,0.0004476727
▁select,0.00029130618
Select,0.00023044215
<0x0A>,0.00021479568
▁CREATE,0.00014086645
CREATE,2.6057674e-05
▁Would,2.447892e-05
