Token,Probability
▁SELECT,0.9266916
SELECT,0.07145879
▁Select,0.00053713593
select,0.0004890678
▁select,0.000392977
Select,0.00019302382
<0x0A>,8.173142e-05
▁CREATE,6.9908594e-05
▁Show,1.3342289e-05
▁Would,1.0720831e-05
