Token,Probability
▁SELECT,0.90422124
SELECT,0.09382667
▁Select,0.00056669954
select,0.0004413461
▁select,0.0003203829
Select,0.00024183771
<0x0A>,0.00014440788
▁CREATE,0.000116945084
▁Show,2.2848648e-05
CREATE,1.5220479e-05
