Token,Probability
▁SELECT,0.9098993
SELECT,0.08732039
▁Select,0.0007979346
select,0.0005111761
▁select,0.00044066136
<0x0A>,0.00035685842
Select,0.00031004398
▁CREATE,0.00010883567
▁Would,6.298926e-05
▁Show,4.3291842e-05
