Token,Probability
▁SELECT,0.88372535
SELECT,0.11412237
select,0.0006178691
▁Select,0.00050429004
▁select,0.0004279854
Select,0.0002496417
<0x0A>,0.00013679235
▁CREATE,0.000109915745
CREATE,1.5711637e-05
<0x09>,1.3757568e-05
