Token,Probability
▁SELECT,0.86345494
SELECT,0.13450034
select,0.0006734724
▁Select,0.000452148
▁select,0.0003206209
Select,0.0002742416
<0x0A>,0.00015145061
▁CREATE,6.3134e-05
CREATE,1.6087974e-05
<0x09>,9.384032e-06
