Token,Probability
▁SELECT,0.8900533
SELECT,0.107975714
select,0.000480871
▁Select,0.00047341586
▁select,0.00038040034
Select,0.00023991546
<0x0A>,0.00014103903
▁CREATE,0.000100796045
▁Would,2.7556105e-05
▁Show,2.1460717e-05
