Token,Probability
▁SELECT,0.9118649
SELECT,0.086152315
select,0.00043817665
▁select,0.00041811107
▁Select,0.000392779
<0x0A>,0.00029188857
Select,0.00019443971
▁CREATE,9.476234e-05
▁Would,1.7392857e-05
CREATE,1.6596381e-05
