Token,Probability
▁SELECT,0.919144
SELECT,0.077842906
<0x0A>,0.00080604176
▁Select,0.0005004827
select,0.0003990196
▁select,0.00034939326
▁CREATE,0.0002988519
Select,0.0002053977
▁Would,7.675151e-05
CREATE,5.0334867e-05
