Token,Probability
▁SELECT,0.9219791
SELECT,0.07568066
<0x0A>,0.00089495897
▁CREATE,0.00030449443
select,0.00029055067
▁Select,0.00022628109
▁select,0.00021257138
Select,0.00012792772
<0x09>,5.049013e-05
CREATE,3.5524245e-05
