Token,Probability
▁SELECT,0.8957201
SELECT,0.10207961
▁Select,0.00052325596
select,0.0005151436
▁select,0.00036529155
Select,0.00029814226
<0x0A>,0.00026310966
▁CREATE,0.0001272315
CREATE,1.7084913e-05
▁Show,1.3515279e-05
