Token,Probability
▁SELECT,0.9355394
SELECT,0.059807032
<0x0A>,0.0009896152
▁Select,0.0009369488
▁select,0.0004093226
select,0.00036405906
▁Would,0.00031878075
▁CREATE,0.00031878075
Select,0.00021235376
1,0.00020906152
