Token,Probability
▁SELECT,0.8987206
SELECT,0.09927037
select,0.0005721221
▁Select,0.00044556914
▁select,0.0003901534
Select,0.00025787565
<0x0A>,0.00015278626
▁CREATE,9.787856e-05
CREATE,1.3455022e-05
<0x09>,1.08114145e-05
