Token,Probability
▁SELECT,0.9394285
SELECT,0.058207937
▁Select,0.0005574314
<0x0A>,0.00042407148
select,0.0002824925
▁select,0.00024352375
Select,0.00019721154
▁CREATE,0.00013984392
1,0.000102312006
2,9.029003e-05
