Token,Probability
▁SELECT,0.8918577
SELECT,0.10486581
▁Select,0.00084566587
select,0.0004932725
<0x0A>,0.00047068397
▁select,0.00039327116
Select,0.00034978258
▁CREATE,0.000278871
▁Would,6.9416485e-05
CREATE,5.4912958e-05
