Token,Probability
▁SELECT,0.90799993
SELECT,0.08990417
▁Select,0.00047547396
select,0.00039727334
▁select,0.0003345377
<0x0A>,0.00028391846
Select,0.00024667263
▁CREATE,0.00015802443
CREATE,2.7460526e-05
▁Show,2.2588414e-05
