Token,Probability
▁SELECT,0.9188363
SELECT,0.079042286
▁Select,0.00049642165
select,0.0004051676
<0x0A>,0.00038061975
▁select,0.0003520157
Select,0.00018549923
▁CREATE,0.00012260751
▁Would,2.5499932e-05
▁Show,2.2680108e-05
