Token,Probability
▁SELECT,0.9356071
SELECT,0.062681764
▁Select,0.00054230355
select,0.00036125205
▁select,0.00024828463
Select,0.00021236911
<0x0A>,0.00015177335
▁CREATE,8.647785e-05
▁Show,2.4970645e-05
<0x09>,1.884883e-05
