Token,Probability
▁SELECT,0.8838612
SELECT,0.114139915
select,0.00058966543
▁Select,0.00047752558
▁select,0.0004280512
Select,0.00022381174
<0x0A>,0.00012360059
▁CREATE,6.2150284e-05
▁Would,1.6468184e-05
▁Show,1.5112055e-05
