Token,Probability
▁SELECT,0.8593746
SELECT,0.13811406
select,0.0006915671
▁select,0.0005059613
▁Select,0.00048657824
Select,0.00030212328
<0x0A>,0.00023164596
▁CREATE,9.286507e-05
▁Show,3.3371765e-05
▁Would,3.134987e-05
