Token,Probability
▁SELECT,0.9184699
SELECT,0.07901076
<0x0A>,0.0005492696
▁Select,0.00053654576
select,0.00033055627
▁select,0.00023995811
Select,0.00022019794
▁CREATE,0.00015372294
1,9.036906e-05
2,9.036906e-05
