Token,Probability
▁SELECT,0.9013274
SELECT,0.096495226
select,0.0005390179
▁Select,0.00051836844
▁select,0.00039744691
Select,0.0002710352
<0x0A>,0.0001982936
▁CREATE,9.514231e-05
CREATE,1.6150263e-05
▁Would,1.5776142e-05
