Token,Probability
▁SELECT,0.93247306
SELECT,0.06445487
▁Select,0.00096352224
select,0.0005533043
▁select,0.00046592893
<0x0A>,0.000407981
Select,0.0002593285
▁Would,0.0001421003
▁CREATE,9.3191644e-05
▁Show,4.541798e-05
