Token,Probability
▁SELECT,0.8852579
SELECT,0.1125479
select,0.0005724264
▁Select,0.00049346243
▁select,0.00040591115
Select,0.00024238061
<0x0A>,0.00015649268
▁CREATE,0.00014027912
CREATE,2.872296e-05
1,1.9133615e-05
