Token,Probability
▁SELECT,0.92961293
SELECT,0.0684014
▁Select,0.0005473145
select,0.00032427313
▁select,0.0003070156
<0x0A>,0.00025452487
Select,0.00017087992
▁CREATE,0.00016823068
▁Would,4.4576693e-05
▁Show,2.8780874e-05
