Token,Probability
▁SELECT,0.9332643
SELECT,0.06252481
<0x0A>,0.001381353
▁Select,0.0007110596
▁CREATE,0.00042459308
▁select,0.0003058229
select,0.00028283996
▁Would,0.00022726828
Select,0.00018404747
CREATE,7.3783216e-05
