Token,Probability
▁SELECT,0.9234043
SELECT,0.07462251
▁Select,0.000506746
select,0.00040401315
▁select,0.00031219717
<0x0A>,0.00026495827
Select,0.00021289996
▁CREATE,8.468576e-05
▁Would,3.0432462e-05
▁Show,1.7071065e-05
