Token,Probability
▁SELECT,0.9055017
SELECT,0.092502825
▁Select,0.0004741658
select,0.00046681453
▁select,0.00033623385
<0x0A>,0.00024218018
Select,0.0002153995
▁CREATE,0.00011619932
▁Would,2.0833391e-05
CREATE,1.7959504e-05
