Token,Probability
▁SELECT,0.91021127
SELECT,0.085996084
▁Select,0.0011256541
<0x0A>,0.00055723917
select,0.0005485999
▁select,0.00051940395
Select,0.0002199295
▁CREATE,0.00020340152
▁Would,9.912999e-05
▁Show,8.2826205e-05
