Token,Probability
▁SELECT,0.88818115
SELECT,0.10944539
<0x0A>,0.00051885186
select,0.0005028885
▁Select,0.00041690926
▁select,0.00031225057
Select,0.00024128855
▁CREATE,0.00015700945
CREATE,4.063962e-05
▁Would,2.3704883e-05
