Token,Probability
▁SELECT,0.90670216
SELECT,0.09118944
▁Select,0.000493708
select,0.00034736696
<0x0A>,0.00028130636
▁select,0.00025413913
Select,0.00020104059
▁CREATE,0.00018739043
1,5.1229694e-05
2,4.052602e-05
