Token,Probability
▁SELECT,0.903859
SELECT,0.09233501
<0x0A>,0.00095610355
▁Select,0.00079263764
select,0.00045517352
▁select,0.00036861075
Select,0.00031283585
▁CREATE,0.00027824196
▁Would,0.000114190276
CREATE,7.787101e-05
