Token,Probability
▁SELECT,0.8984079
SELECT,0.09923583
▁Select,0.00066344236
select,0.00048538478
▁select,0.00036638769
Select,0.00029670977
<0x0A>,0.00022222534
▁CREATE,0.00011619322
▁Would,4.01553e-05
▁Show,2.6958996e-05
