Token,Probability
▁SELECT,0.90143913
SELECT,0.09650719
select,0.00046472013
▁select,0.00041333062
▁Select,0.00034266314
Select,0.00026068438
<0x0A>,0.0002392174
▁CREATE,0.00011124643
1,2.9020368e-05
2,2.6630585e-05
