Token,Probability
▁SELECT,0.91849256
SELECT,0.077787735
<0x0A>,0.00092709076
▁Select,0.00071640033
select,0.000536559
▁select,0.0004735117
Select,0.00026354892
▁CREATE,0.0002475813
▁Would,0.00014554553
▁Show,4.837226e-05
