Token,Probability
▁SELECT,0.90897495
SELECT,0.088605374
▁Select,0.0007257897
select,0.0004402137
▁select,0.00034552772
<0x0A>,0.0003073187
Select,0.00026700314
▁CREATE,0.0001232017
▁Would,4.392892e-05
▁Show,2.5424108e-05
