Token,Probability
▁SELECT,0.9164097
SELECT,0.08133598
select,0.00048364146
▁Select,0.00045790253
▁select,0.00039783257
<0x0A>,0.000269187
Select,0.00020004279
▁CREATE,9.4493524e-05
2,6.3937514e-05
1,5.959632e-05
