Token,Probability
▁SELECT,0.9219846
SELECT,0.075681105
▁Select,0.00040655586
select,0.000403392
<0x0A>,0.00027082462
▁select,0.00025243626
Select,0.00020442912
1,0.00019506764
2,0.00018906604
▁CREATE,8.723964e-05
