Token,Probability
▁SELECT,0.89416945
SELECT,0.10350763
▁Select,0.0005142518
<0x0A>,0.00046823165
select,0.0004068067
▁select,0.0002731171
Select,0.00025656977
▁CREATE,0.00014505138
▁Would,3.9040053e-05
CREATE,3.725228e-05
