Token,Probability
▁SELECT,0.9147141
SELECT,0.08246398
▁Select,0.0006915026
▁select,0.00048653284
<0x0A>,0.00046789405
select,0.00043612518
Select,0.0002750607
▁CREATE,0.00011377006
▁Would,8.587815e-05
▁Show,5.765586e-05
