Token,Probability
▁SELECT,0.88925534
SELECT,0.10620641
▁Select,0.00095546886
<0x0A>,0.00072688237
select,0.000607333
▁select,0.00055732
Select,0.0003654994
1,0.00024347511
2,0.00024347511
▁CREATE,0.00019260465
