Token,Probability
▁SELECT,0.904309
SELECT,0.09383577
▁Select,0.0004962669
select,0.00037753992
▁select,0.0002740646
Select,0.00021850337
<0x0A>,0.00021511577
▁CREATE,0.0001235306
CREATE,2.2850863e-05
▁Would,2.2147817e-05
