Token,Probability
▁SELECT,0.8905761
SELECT,0.10803914
select,0.0003575629
▁Select,0.0002535501
<0x0A>,0.0002476766
▁select,0.00021020041
Select,0.00017290612
▁CREATE,6.41075e-05
CREATE,1.3756326e-05
<0x09>,7.2490743e-06
