Token,Probability
▁SELECT,0.8805732
SELECT,0.11732503
▁Select,0.0006156652
select,0.00054332265
▁select,0.0003347314
Select,0.00026687112
<0x0A>,0.00012507997
▁CREATE,9.2951545e-05
▁Would,1.8737293e-05
CREATE,1.7194308e-05
