Token,Probability
▁SELECT,0.91759616
SELECT,0.080178656
▁Select,0.0005195433
select,0.0004767597
▁select,0.00040462075
<0x0A>,0.0002571926
Select,0.00020666004
▁CREATE,8.6824395e-05
▁Would,5.475946e-05
2,2.2473238e-05
