Token,Probability
▁SELECT,0.9113952
SELECT,0.08610794
▁Select,0.0006625986
select,0.0004698528
▁select,0.00044833665
<0x0A>,0.0003179183
Select,0.0002805619
▁CREATE,0.0001178729
▁Show,3.1973887e-05
▁Would,3.0036681e-05
