Token,Probability
▁SELECT,0.87924623
SELECT,0.11899304
select,0.0005258128
▁select,0.00037872876
▁Select,0.00025228775
Select,0.00024073465
<0x0A>,0.00015787763
▁CREATE,0.00011283006
CREATE,2.32838e-05
<0x09>,8.432833e-06
