Token,Probability
▁SELECT,0.9315164
SELECT,0.06643266
<0x0A>,0.00044413633
▁Select,0.00040124374
select,0.00034053114
▁select,0.00031005713
▁CREATE,0.00017122981
Select,0.00016726328
CREATE,3.1427837e-05
▁Show,2.126514e-05
