Token,Probability
▁SELECT,0.91661346
SELECT,0.08135407
▁Select,0.00047998445
select,0.00047254298
▁select,0.0002713586
<0x0A>,0.00026096302
Select,0.0002470748
▁CREATE,7.896985e-05
2,3.2156953e-05
1,3.0925035e-05
