Token,Probability
▁SELECT,0.88361603
SELECT,0.11410826
▁Select,0.00057136477
select,0.0005161851
▁select,0.00034926832
Select,0.00029182457
<0x0A>,0.00022905575
▁CREATE,9.111208e-05
▁Would,5.2321266e-05
▁Show,2.4142299e-05
