Token,Probability
▁SELECT,0.88647115
SELECT,0.11095488
select,0.0004864778
▁Select,0.00047151052
<0x0A>,0.00042931517
▁select,0.0004033043
Select,0.00027502963
▁CREATE,0.00015548767
1,4.779298e-05
2,3.9932533e-05
