Token,Probability
▁SELECT,0.9084711
SELECT,0.08995082
select,0.0003619092
▁Select,0.00027532602
▁select,0.00024873632
▁CREATE,0.00021442413
<0x0A>,0.00017364592
Select,0.00016962344
CREATE,3.9049533e-05
<0x09>,1.38151845e-05
