Token,Probability
▁SELECT,0.91691744
SELECT,0.081381045
▁Select,0.00035961092
select,0.00034314315
▁select,0.00030519784
<0x0A>,0.00028670684
Select,0.00017254321
▁CREATE,9.52874e-05
▁Would,2.7730217e-05
▁Show,1.3943628e-05
