Token,Probability
▁SELECT,0.9325147
SELECT,0.06345843
▁Select,0.0010582694
<0x0A>,0.00066224806
select,0.00039236902
▁Would,0.0003773376
▁select,0.000362882
Select,0.00026967103
▁CREATE,0.00023429425
▁Show,0.00010895694
