Token,Probability
▁SELECT,0.9007021
SELECT,0.093461506
▁Select,0.0012921398
▁Would,0.0012921398
<0x0A>,0.0008086004
select,0.0005428686
▁select,0.00045358372
Select,0.00029285566
▁Show,0.00018615038
▁CREATE,0.000108580556
