Token,Probability
▁SELECT,0.90209854
SELECT,0.09508048
▁Select,0.0007607875
select,0.00060655264
▁select,0.00037368626
Select,0.00033497016
<0x0A>,0.00029792864
▁CREATE,0.00018070287
<0x09>,4.7139158e-05
▁Would,3.699995e-05
