Token,Probability
▁SELECT,0.9273274
SELECT,0.069307745
<0x0A>,0.0007346814
▁Select,0.0005721704
▁CREATE,0.00037818158
▁select,0.00029683815
select,0.00029223607
Select,0.00018145349
▁Would,0.00015043023
1,0.00010501723
