Token,Probability
▁SELECT,0.9212666
SELECT,0.07681305
▁Select,0.00041913468
select,0.00039682872
▁select,0.00036700655
<0x0A>,0.00023511324
Select,0.00021407304
▁CREATE,0.00013929998
▁Would,2.5970006e-05
CREATE,1.637908e-05
