Token,Probability
▁SELECT,0.9106824
SELECT,0.08739554
select,0.00043082394
▁Select,0.00036563553
<0x0A>,0.00032520294
▁select,0.0003151975
Select,0.00019724555
▁CREATE,0.0001345098
CREATE,2.0307942e-05
▁Would,1.7782228e-05
