Token,Probability
▁SELECT,0.9000526
SELECT,0.097876176
▁Select,0.00057297
select,0.00052991067
▁select,0.00038467394
Select,0.0002706519
<0x0A>,0.00012986019
▁CREATE,5.7176676e-05
▁Would,2.070802e-05
▁Show,1.7302196e-05
