Token,Probability
▁SELECT,0.8631021
SELECT,0.13444537
select,0.00065760256
▁Select,0.0005202064
▁select,0.0004312663
<0x0A>,0.00028728528
Select,0.00024381586
▁CREATE,0.00010404783
<0x09>,3.7390368e-05
▁Would,3.4311335e-05
