Token,Probability
▁SELECT,0.9203107
SELECT,0.077941716
select,0.00038723397
▁select,0.00036377265
▁Select,0.0003390734
<0x0A>,0.00021892223
Select,0.00017590895
▁CREATE,0.00015645666
CREATE,1.8832641e-05
▁Show,1.0319435e-05
