Token,Probability
▁SELECT,0.94835323
SELECT,0.049481656
<0x0A>,0.00043484182
▁CREATE,0.0003576911
▁Select,0.00033340478
select,0.0003282358
▁select,0.00028966708
Select,0.00015145594
CREATE,3.9202176e-05
<0x09>,3.3011544e-05
