Token,Probability
▁SELECT,0.91671234
SELECT,0.081362836
▁Select,0.00048380118
select,0.0003623503
<0x0A>,0.00030039897
▁select,0.00026927592
Select,0.00021135707
▁CREATE,0.00013123458
▁Would,2.1091319e-05
CREATE,2.0442407e-05
