Token,Probability
▁SELECT,0.8880122
SELECT,0.10942457
select,0.0006160347
▁Select,0.0005352202
▁select,0.00041682995
<0x0A>,0.00029099418
Select,0.00028204123
▁CREATE,0.00014979097
▁Would,6.244217e-05
CREATE,2.4452704e-05
