Token,Probability
▁SELECT,0.8705675
SELECT,0.12739216
select,0.00057627674
▁select,0.0003663038
▁Select,0.00031825024
Select,0.00026590805
<0x0A>,0.0002557213
▁CREATE,0.00012365871
CREATE,3.0303874e-05
<0x09>,1.4314537e-05
