Token,Probability
▁SELECT,0.90536267
SELECT,0.09248862
select,0.0005086275
▁Select,0.00050074194
▁select,0.0003721198
<0x0A>,0.00033618222
Select,0.00023469303
▁CREATE,8.433871e-05
▁Would,1.3554462e-05
<0x09>,1.3240474e-05
