Token,Probability
▁SELECT,0.9355715
SELECT,0.06170763
▁Select,0.00092245435
select,0.00046383913
<0x0A>,0.00036407151
▁select,0.0003528702
Select,0.00027267696
▁CREATE,0.00014595345
▁Would,5.2449475e-05
▁Show,2.2558239e-05
