Token,Probability
▁SELECT,0.88333356
SELECT,0.11407178
select,0.00058017694
▁Select,0.0005536087
▁select,0.000536576
<0x0A>,0.00036306545
Select,0.00028497336
▁CREATE,9.037414e-05
<0x09>,2.7562555e-05
▁Show,2.2672342e-05
