Token,Probability
▁SELECT,0.8934279
SELECT,0.103421785
▁Select,0.0010298783
select,0.0007653406
▁select,0.00050585927
Select,0.00034496604
<0x0A>,0.00021419425
▁CREATE,8.85946e-05
▁Would,4.489756e-05
▁Show,4.1200314e-05
