Token,Probability
▁SELECT,0.9177565
SELECT,0.08019266
▁Select,0.0004479526
select,0.00034345716
▁select,0.00028921993
<0x0A>,0.00028252014
▁CREATE,0.00023421743
Select,0.00020995115
CREATE,2.9777404e-05
<0x09>,2.3555867e-05
