Token,Probability
▁SELECT,0.8646534
SELECT,0.1325989
select,0.0006587845
▁Select,0.00062372466
▁select,0.00042203325
<0x0A>,0.00038426562
Select,0.00028780164
▁CREATE,9.640148e-05
▁Would,3.630513e-05
CREATE,2.6979682e-05
