Token,Probability
▁SELECT,0.90115464
SELECT,0.09647673
<0x0A>,0.00051023415
▁Select,0.00049453584
select,0.00045028003
▁select,0.00036750786
Select,0.00020454891
▁CREATE,0.00010948714
▁Would,4.6359775e-05
<0x09>,2.423977e-05
