Token,Probability
▁SELECT,0.93148804
SELECT,0.066430636
▁Select,0.00040437843
select,0.0003249272
<0x0A>,0.00031493025
▁select,0.00030763488
Select,0.00015835687
▁CREATE,0.000100657744
1,9.680161e-05
2,9.022903e-05
