Token,Probability
▁SELECT,0.9213684
SELECT,0.076821536
▁Select,0.0004159189
select,0.00035023884
▁select,0.00033946312
▁CREATE,0.00021243058
Select,0.00017474063
<0x0A>,0.00017069276
▁Show,5.498458e-05
<0x09>,2.2565628e-05
