Token,Probability
▁SELECT,0.9153021
SELECT,0.08251698
▁Select,0.0005142114
select,0.0004906639
▁select,0.00044675462
Select,0.0002730956
<0x0A>,0.00017910046
▁CREATE,9.219302e-05
▁Show,2.946666e-05
▁Would,2.6620908e-05
