Token,Probability
▁SELECT,0.92001504
SELECT,0.077916674
▁Select,0.000633269
select,0.00035523172
▁select,0.00028767542
Select,0.00024224697
<0x0A>,0.00021211854
▁CREATE,0.00017044204
▁Would,2.5934725e-05
CREATE,2.4363419e-05
