Token,Probability
▁SELECT,0.8884257
SELECT,0.10947553
select,0.0005568001
▁Select,0.0004137787
▁select,0.00036802242
Select,0.0002671556
<0x0A>,0.00023947674
▁CREATE,0.00012521332
CREATE,2.0762403e-05
<0x09>,1.4954598e-05
