Token,Probability
▁SELECT,0.8785676
SELECT,0.11890119
select,0.0007237787
▁Select,0.00057704665
▁select,0.0004821405
Select,0.0002704563
<0x0A>,0.0002156266
▁CREATE,0.00011186559
▁Show,2.1686135e-05
<0x09>,1.8261557e-05
