Token,Probability
▁SELECT,0.8917329
SELECT,0.10650231
select,0.0003608354
<0x0A>,0.0002899394
▁select,0.0002899394
▁Select,0.00026399284
▁CREATE,0.0002558706
Select,0.00016912016
CREATE,2.6550455e-05
▁Show,2.5935415e-05
