Token,Probability
▁SELECT,0.92356956
SELECT,0.07463587
▁Select,0.00046148011
select,0.000367924
▁select,0.00034834346
<0x0A>,0.00020638666
Select,0.00020160573
▁CREATE,8.738961e-05
▁Would,2.2095554e-05
▁Show,1.7343e-05
