Token,Probability
▁SELECT,0.90749
SELECT,0.08985368
▁Select,0.00070231035
select,0.0005138212
▁select,0.00041286694
<0x0A>,0.00035039562
Select,0.00028375903
▁CREATE,0.00014047089
▁Would,5.947912e-05
▁Show,3.635885e-05
