Token,Probability
▁SELECT,0.91301477
SELECT,0.0849236
▁Select,0.00055028964
select,0.00040260053
▁select,0.00034706335
Select,0.00025391698
<0x0A>,0.00019930172
▁CREATE,0.00012569802
▁Would,2.8488696e-05
CREATE,1.9888315e-05
