Token,Probability
▁SELECT,0.92850137
SELECT,0.06939549
▁Select,0.00052162673
select,0.0003757136
▁select,0.00036132024
<0x0A>,0.00027920664
Select,0.00021240921
▁CREATE,0.00015908714
▁Would,2.6794649e-05
CREATE,2.2213542e-05
