Token,Probability
▁SELECT,0.92715967
SELECT,0.07149488
▁select,0.0002831937
select,0.00027234474
<0x0A>,0.00021210228
▁Select,0.00019770107
Select,0.00014923258
▁CREATE,0.00011897859
CREATE,2.2355416e-05
<0x09>,1.4776028e-05
