Token,Probability
▁SELECT,0.9204183
SELECT,0.07795083
select,0.00032612184
▁Select,0.0003210658
▁select,0.00029926622
▁CREATE,0.00020568246
<0x0A>,0.00018010158
Select,0.00014930945
CREATE,2.5345054e-05
<0x09>,1.649234e-05
