Token,Probability
▁SELECT,0.8922721
SELECT,0.104914546
select,0.00053778774
▁Select,0.0004896613
▁select,0.000463602
<0x0A>,0.00039964993
Select,0.00023129962
▁CREATE,0.00022594156
▁Would,7.808332e-05
▁Show,6.0338116e-05
