Token,Probability
▁SELECT,0.88442636
SELECT,0.11244219
▁Select,0.0007576295
select,0.00070069276
<0x0A>,0.00045952553
Select,0.00041191603
▁select,0.00040871048
▁CREATE,0.00013268886
▁Would,3.515905e-05
CREATE,3.054671e-05
