Token,Probability
▁SELECT,0.8593786
SELECT,0.1381147
select,0.0007595414
▁Select,0.0006808485
▁select,0.00043958882
Select,0.00034235208
<0x0A>,0.00010441149
▁CREATE,8.7239074e-05
CREATE,1.8429724e-05
▁Show,7.273789e-06
