Token,Probability
▁SELECT,0.84584
SELECT,0.15165076
select,0.00058677886
▁Select,0.000546938
▁select,0.00043605702
Select,0.00034494948
<0x0A>,0.00026864692
▁CREATE,9.806059e-05
▁Show,4.5960074e-05
▁Would,4.5602403e-05
