Token,Probability
▁SELECT,0.91558826
SELECT,0.082542785
▁Select,0.00038826847
select,0.0003704884
<0x0A>,0.0003168955
▁select,0.00027532357
Select,0.0001848435
▁CREATE,0.00011657934
CREATE,2.5609083e-05
▁Show,1.8445531e-05
