Token,Probability
<0x0A>,0.24154098
1,0.13030158
▁Would,0.10552144
<0x09>,0.09025727
2,0.09025727
3,0.06551975
9,0.03704151
4,0.034797277
5,0.024868492
0,0.020616705
