Token,Probability
<0x0A>,0.51247907
<0x09>,0.30127087
▁Would,0.022693358
▁SELECT,0.015355094
SELECT,0.007781583
ould,0.0033730667
▁Show,0.00252631
what,0.0023825374
▁CREATE,0.0021693252
</s>,0.0018627843
