Token,Probability
▁SELECT,0.99935204
SELECT,0.00037399313
▁Select,0.00013335135
▁select,7.3643605e-05
▁CREATE,2.5055977e-05
Select,1.0363603e-05
▁COUNT,1.020293e-05
select,6.2858426e-06
▁UPDATE,2.9231883e-06
▁WH,1.7730032e-06
