Token,Probability
<0x0A>,0.35911343
▁Would,0.19524658
▁SELECT,0.11567978
<0x09>,0.08397451
SELECT,0.019636465
▁CREATE,0.016535563
1,0.014143615
▁Show,0.010107986
▁What,0.008314602
2,0.008314602
