Token,Probability
▁SELECT,0.95810544
SELECT,0.011418906
▁Select,0.0071457685
▁CREATE,0.00491121
▁Would,0.0047230646
▁Show,0.003593118
<0x0A>,0.0020958472
▁What,0.0008467988
▁List,0.0005685138
▁W,0.0005596998
