Token,Probability
<0x0A>,0.39071253
<0x09>,0.29035288
▁SELECT,0.063782066
▁Would,0.047398806
SELECT,0.02346411
▁CREATE,0.00566098
ould,0.00368367
▁Show,0.00368367
List,0.0021996198
igr,0.001987191
