Token,Probability
<0x0A>,0.54150033
▁SELECT,0.11802615
<0x09>,0.1017449
▁Would,0.05842718
SELECT,0.020996246
▁Show,0.013769675
▁CREATE,0.0070328615
1,0.006304217
▁What,0.0042656465
3,0.0030724297
