Token,Probability
<0x0A>,0.5097399
<0x09>,0.12298048
▁Would,0.09283053
▁SELECT,0.07229649
SELECT,0.012368471
▁Show,0.0089785475
▁CREATE,0.007271049
1,0.006938084
▁What,0.0053196135
2,0.0034346003
