Token,Probability
<0x0A>,0.572535
<0x09>,0.30170476
▁Would,0.01675713
▁SELECT,0.00611663
ould,0.0031485716
SELECT,0.0028003976
</s>,0.0019097051
1,0.0017456118
▁Show,0.0015166138
what,0.001435901
