Token,Probability
<0x0A>,0.6254826
<0x09>,0.16703627
▁Would,0.056388967
▁SELECT,0.018595109
▁Show,0.0069484846
1,0.005539814
▁What,0.003959127
SELECT,0.003959127
3,0.002919277
0,0.002616823
