Token,Probability
▁SELECT,0.9382707
SELECT,0.023489147
<0x0A>,0.011903722
▁Select,0.0068893447
▁Would,0.0032798199
▁CREATE,0.0028273812
▁Show,0.0025344484
▁Name,0.0011159024
▁List,0.00093237136
<0x09>,0.0007609794
