Token,Probability
▁SELECT,0.39107013
<0x0A>,0.19208719
▁Would,0.07761024
<0x09>,0.052513715
SELECT,0.03087122
▁Show,0.021890974
▁Name,0.015045431
1,0.012376033
▁CREATE,0.009125516
2,0.0069967755
