Token,Probability
<0x0A>,0.50552917
▁SELECT,0.1172922
<0x09>,0.09498612
▁Would,0.09063639
SELECT,0.02152803
▁Show,0.012557188
▁CREATE,0.0064135846
▁What,0.006265014
1,0.0046195313
what,0.0026116462
