Token,Probability
<0x0A>,0.42826775
<0x09>,0.2830677
▁Would,0.04657196
▁SELECT,0.033283472
SELECT,0.01106181
▁CREATE,0.0046112486
<s>,0.0039135157
ould,0.0033343567
</s>,0.0031201264
1,0.0029310877
