Token,Probability
▁SELECT,0.56552005
<0x0A>,0.14076908
▁Would,0.11311112
SELECT,0.053429913
<0x09>,0.021927591
▁CREATE,0.015188799
▁Show,0.0127902515
▁What,0.004184954
1,0.0024989503
▁List,0.002441062
