Token,Probability
▁SELECT,0.74527365
▁Would,0.071521744
<0x0A>,0.028672516
▁Show,0.02610662
<0x09>,0.016083824
SELECT,0.013438537
▁CREATE,0.013025077
▁What,0.009022208
▁Name,0.0050216145
▁Select,0.004644234
