Token,Probability
<0x0A>,0.595426
<0x09>,0.11014274
▁SELECT,0.08645202
▁Would,0.0481178
SELECT,0.012849947
▁CREATE,0.0081679225
1,0.004992951
▁Show,0.0046904436
▁What,0.003624494
what,0.002395644
