Token,Probability
▁SELECT,0.4364673
<0x0A>,0.28180447
▁Would,0.071251325
SELECT,0.051320404
<0x09>,0.031617586
▁CREATE,0.014935089
▁Show,0.010673627
1,0.005894537
▁What,0.0032808038
2,0.0029639592
