Token,Probability
▁SELECT,0.2520873
▁Would,0.21062683
<0x0A>,0.20898771
<0x09>,0.052429162
▁Show,0.028505241
SELECT,0.025954315
▁CREATE,0.015021206
▁What,0.014559052
1,0.008295498
▁Name,0.0053979834
