Token,Probability
<0x0A>,0.5337337
<0x09>,0.17600672
▁Would,0.12096752
▁SELECT,0.010652927
▁What,0.005929247
▁Show,0.0057021
1,0.0049540712
SELECT,0.004011929
what,0.0033001227
ould,0.003248959
