Token,Probability
▁SELECT,0.6225634
<0x0A>,0.11789365
SELECT,0.06068645
▁Would,0.048383452
<0x09>,0.020972677
▁Show,0.014080389
▁CREATE,0.012043595
1,0.0054710493
▁What,0.003093051
▁List,0.0025244746
