Token,Probability
<0x0A>,0.5620546
<0x09>,0.19576429
▁Would,0.056527313
▁SELECT,0.029097768
SELECT,0.009373147
▁Show,0.0049393014
▁CREATE,0.0041593085
1,0.0036705772
ould,0.0036420124
▁What,0.0024072232
