Token,Probability
▁SELECT,0.39798847
1,0.14190717
2,0.1113842
3,0.05644677
4,0.047905747
SELECT,0.045356248
▁Would,0.03266888
9,0.029284196
6,0.024853176
5,0.023715064
