Token,Probability
<0x0A>,0.38366935
▁SELECT,0.298802
▁Would,0.09550286
<0x09>,0.082974315
SELECT,0.013975156
▁CREATE,0.008745429
▁Show,0.00847636
1,0.007900837
▁What,0.007137811
2,0.0037908624
