Token,Probability
<0x0A>,0.45059508
<0x09>,0.2955075
▁Would,0.07241722
▁SELECT,0.017746603
▁Show,0.005898108
SELECT,0.004739263
▁What,0.0038379722
ould,0.0034945132
1,0.0020463092
what,0.0019449894
