Token,Probability
<0x0A>,0.6006219
<0x09>,0.1426602
▁Would,0.04815996
▁SELECT,0.031584077
1,0.009557637
SELECT,0.008500739
▁Show,0.0048435745
2,0.004694554
0,0.0044795745
3,0.0044101253
