Token,Probability
<0x09>,0.4100323
<0x0A>,0.30233887
▁Would,0.057702377
▁SELECT,0.014140577
SELECT,0.0055809612
1,0.004773649
ould,0.0040198155
▁Show,0.0038961384
what,0.0030581143
<s>,0.003022486
