Token,Probability
<0x0A>,0.50582
<0x09>,0.15426637
▁Would,0.119207814
▁SELECT,0.04250486
▁Show,0.013064922
SELECT,0.010746911
▁What,0.0050369757
1,0.0047318004
▁CREATE,0.0033033292
ould,0.0031767809
