Token,Probability
<0x0A>,0.5153636
<0x09>,0.39514294
▁Would,0.008395409
</s>,0.0030884987
1,0.0024816783
0,0.0019027687
<s>,0.0017324907
ould,0.0014589034
9,0.0014589034
2,0.0010549214
