Token,Probability
<0x0A>,0.45937857
<0x09>,0.32574815
▁Would,0.032506403
▁SELECT,0.015842356
SELECT,0.0057377215
▁CREATE,0.0037336065
</s>,0.0026269201
1,0.0025066247
▁Show,0.0023918382
List,0.002309211
