Token,Probability
▁SELECT,0.4172018
<0x0A>,0.192507
▁Would,0.15835194
SELECT,0.058254424
<0x09>,0.027517442
▁Show,0.02126383
▁CREATE,0.011743003
▁What,0.006535965
▁W,0.0041870964
1,0.0037532889
