Token,Probability
▁SELECT,0.44861943
<0x0A>,0.22035445
▁Would,0.11794724
<0x09>,0.0376982
▁Show,0.02322519
SELECT,0.017947037
▁CREATE,0.011230968
▁What,0.010146334
1,0.0064999852
▁Name,0.006449402
