Token,Probability
▁SELECT,0.6793499
<0x0A>,0.07802848
SELECT,0.065706566
▁Would,0.049211945
<0x09>,0.022008944
▁CREATE,0.012638672
▁Show,0.011966055
▁What,0.0035371592
▁W,0.002754742
▁List,0.002567702
