Token,Probability
<0x0A>,0.46489382
<0x09>,0.33224463
▁Would,0.033676796
▁SELECT,0.0071702036
1,0.006427329
0,0.0049666543
ould,0.0037490274
2,0.003036055
SELECT,0.0029426455
9,0.002807892
