Token,Probability
▁SELECT,0.2802081
<0x0A>,0.23412265
<0x09>,0.13133089
▁Would,0.106355004
SELECT,0.05737422
▁Show,0.0109500615
▁CREATE,0.008011237
1,0.0063871145
▁What,0.0043556336
<s>,0.0032878048
