Token,Probability
<0x09>,0.43238264
<0x0A>,0.42901778
▁Would,0.020065429
1,0.0028682037
ould,0.002472546
</s>,0.0023409596
0,0.002002329
9,0.0016215353
2,0.0012827399
List,0.0012628529
