Token,Probability
▁SELECT,0.8177245
▁Show,0.074881025
▁Would,0.043677714
SELECT,0.01332095
▁Select,0.011940823
<0x0A>,0.006910818
▁CREATE,0.0038464495
<0x09>,0.003042792
▁What,0.0029491752
▁Name,0.0016935689
