Token,Probability
<0x0A>,0.4724297
<0x09>,0.22142334
▁Would,0.07895093
▁SELECT,0.0702204
SELECT,0.012107517
▁CREATE,0.006040664
▁Show,0.004968915
1,0.0037215455
▁RET,0.0028091695
▁What,0.0026389707
