Token,Probability
▁Would,0.31462348
<0x0A>,0.30494353
½,0.042913616
<0x09>,0.039688606
▁What,0.012199275
▁SELECT,0.011640632
<0xE2>,0.007399235
1,0.00504584
▁Name,0.0050065727
▁Show,0.0049676113
