Token,Probability
<0x0A>,0.5663841
<0x09>,0.17822064
▁Would,0.07429342
▁SELECT,0.017103318
1,0.012319057
2,0.0065939166
3,0.0053817974
▁Show,0.004938615
0,0.004900182
9,0.00403078
