Token,Probability
▁SELECT,0.8289216
SELECT,0.099777035
<0x0A>,0.016936999
▁Would,0.009802383
▁CREATE,0.0093535
1,0.002346531
CREATE,0.002103417
<0x09>,0.0020387014
▁Show,0.0018854906
▁Select,0.0015753864
