Token,Probability
<0x0A>,0.45534238
<0x09>,0.14327984
▁SELECT,0.09619353
▁Would,0.08758521
SELECT,0.024512291
▁Show,0.010708627
▁CREATE,0.008020392
▁What,0.0057319147
1,0.0035590269
what,0.0034765818
