Token,Probability
▁SELECT,0.8990835
SELECT,0.043725803
▁Would,0.013440209
<0x0A>,0.00930976
▁CREATE,0.0075984057
▁Show,0.0051816623
▁Select,0.0019514319
1,0.0013517173
▁W,0.0010203298
3,0.00093630725
