Token,Probability
▁SELECT,0.497836
SELECT,0.13191341
<0x0A>,0.06581404
▁Would,0.062311485
2,0.045233287
1,0.044185452
3,0.024980193
4,0.015270085
9,0.010251851
5,0.008302201
