Token,Probability
<0x0A>,0.48788348
<0x09>,0.31500125
▁Would,0.028177228
▁SELECT,0.012601636
SELECT,0.0059992783
ould,0.0046358826
</s>,0.0032363676
1,0.0023219802
▁CREATE,0.0021224618
<s>,0.0016855767
