Token,Probability
<0x0A>,0.3524651
<0x09>,0.23479238
▁SELECT,0.063193515
▁Would,0.027823726
1,0.015486236
SELECT,0.011781306
▁CREATE,0.007848043
2,0.0077263704
3,0.0069258725
9,0.00543618
