Token,Probability
▁SELECT,0.94447863
SELECT,0.01379175
<0x0A>,0.011704907
▁CREATE,0.0066173538
▁Select,0.0053588967
▁Would,0.0044775256
▁Show,0.0032758277
▁W,0.000730936
▁List,0.0006301062
▁What,0.00061071984
