Token,Probability
<0x0A>,0.5163388
<0x09>,0.1490938
▁Would,0.104084246
▁SELECT,0.057931606
▁Show,0.011056441
SELECT,0.010800319
1,0.006918944
▁What,0.006250745
2,0.0032682775
3,0.003167723
