Token,Probability
▁SELECT,0.316547
<0x0A>,0.11375356
▁Would,0.10854439
▁Name,0.067396745
<0x09>,0.03693037
SELECT,0.03183597
▁Show,0.019613571
▁CREATE,0.01930949
1,0.015038247
2,0.009192696
