Token,Probability
<0x0A>,0.4956323
<0x09>,0.29136717
▁Would,0.037626527
▁SELECT,0.0046004164
</s>,0.0034725762
▁Text,0.0034725762
▁Show,0.0031127974
ould,0.0029935478
1,0.0026625167
▁List,0.002501203
