Token,Probability
<0x0A>,0.43779704
▁SELECT,0.2739664
<0x09>,0.061609607
▁Would,0.053110808
SELECT,0.04009014
▁Show,0.013117444
▁CREATE,0.011045995
▁What,0.0030434919
1,0.003019807
▁List,0.0020274026
