Token,Probability
<0x0A>,0.6140833
<0x09>,0.13280483
▁Would,0.08986024
▁SELECT,0.018689148
▁What,0.007205309
▁Show,0.0069836243
1,0.0051093292
SELECT,0.0032988307
3,0.0029570528
0,0.0025691318
