Token,Probability
▁SELECT,0.936175
SELECT,0.021339342
▁Show,0.017146643
▁Select,0.0051887343
▁CREATE,0.0049125953
<0x0A>,0.0044036224
▁Would,0.0036507307
<0x09>,0.0006053505
▁W,0.0006053505
▁select,0.0004864128
