Token,Probability
▁Would,0.29870653
<0x0A>,0.21016629
▁SELECT,0.20211495
<0x09>,0.045451645
▁Show,0.027353283
▁What,0.015585431
SELECT,0.012043488
▁CREATE,0.0107117
1,0.009906703
▁Name,0.006199456
