Token,Probability
<0x0A>,0.4884529
<0x09>,0.15857744
▁SELECT,0.120639354
▁Would,0.027772756
SELECT,0.0267088
▁CREATE,0.011133884
▁Show,0.004394288
ould,0.0032911696
▁List,0.0027391547
▁NE,0.002333789
