Token,Probability
<0x0A>,0.6011845
<0x09>,0.23359513
▁Would,0.059992187
▁Show,0.005080778
▁SELECT,0.0038053268
▁What,0.0031794696
ould,0.0029405288
</s>,0.002290086
1,0.0019134386
▁Name,0.0016494872
