Token,Probability
▁SELECT,0.90267795
SELECT,0.03445799
▁Would,0.02879073
▁Show,0.0066280016
▁CREATE,0.0052431813
<0x0A>,0.0051618926
▁Select,0.0031064816
▁What,0.0014673981
▁W,0.0008559258
▁select,0.0007207617
