Token,Probability
<0x0A>,0.46855256
▁SELECT,0.13011235
<0x09>,0.12033425
▁Would,0.080159895
SELECT,0.023695217
▁CREATE,0.012197253
▁Show,0.010514691
1,0.006735963
▁What,0.0042152577
2,0.0034403934
