Token,Probability
<0x0A>,0.53212434
<0x09>,0.13881293
▁Would,0.09174975
▁SELECT,0.05521597
SELECT,0.011483828
1,0.008736434
▁Show,0.0077098766
2,0.004324849
▁What,0.0038466002
▁CREATE,0.0036704512
