Token,Probability
▁SELECT,0.35922357
<0x0A>,0.32707676
▁Would,0.06541947
SELECT,0.059565105
<0x09>,0.058185283
▁Show,0.011018436
1,0.009063519
▁CREATE,0.007813241
2,0.0045931675
3,0.003778237
