Token,Probability
<0x0A>,0.5237291
<0x09>,0.30075234
▁Would,0.0226543
▁SELECT,0.0071284915
1,0.004861209
<s>,0.0041906238
0,0.003089972
ould,0.002948472
</s>,0.0027056702
2,0.0022430792
