Token,Probability
<0x0A>,0.4594133
<0x09>,0.25770748
▁Would,0.07212406
▁SELECT,0.009098187
▁Show,0.0054327752
1,0.0053904974
<s>,0.004264235
ould,0.003943772
</s>,0.0038826298
SELECT,0.0037631737
