Token,Probability
<0x0A>,0.54192567
<0x09>,0.27895945
▁Would,0.03009936
▁SELECT,0.012945573
SELECT,0.004652089
▁CREATE,0.0029802402
1,0.0027562715
▁Show,0.0021298816
ould,0.0020086695
</s>,0.0016652456
