Token,Probability
<0x0A>,0.46644798
<0x09>,0.19142987
▁Would,0.12652741
▁SELECT,0.027578086
1,0.012237702
2,0.006448816
<s>,0.005735696
▁What,0.005602828
0,0.00526337
SELECT,0.004867822
