Token,Probability
<0x0A>,0.35422376
▁SELECT,0.22870405
▁Would,0.10389349
<0x09>,0.08680627
SELECT,0.02818187
▁Show,0.016438337
1,0.011297895
▁CREATE,0.0072944686
▁What,0.0064373454
2,0.006190735
