Token,Probability
<0x0A>,0.36323917
▁SELECT,0.18408065
▁Would,0.17565098
<0x09>,0.06263029
SELECT,0.036818445
▁Show,0.018369403
▁CREATE,0.011676304
▁What,0.0073641525
1,0.005387729
▁W,0.003972662
