Token,Probability
<0x0A>,0.5281583
<0x09>,0.13458669
▁Would,0.07490877
▁SELECT,0.07432582
SELECT,0.013535739
▁Show,0.0101378
▁CREATE,0.0077124317
▁What,0.0038179304
1,0.00321502
ould,0.0026862496
