Token,Probability
<0x0A>,0.5061305
<0x09>,0.15436108
▁Would,0.13306758
▁SELECT,0.015524503
1,0.009639382
▁What,0.006782153
▁Show,0.0067293737
0,0.005492355
2,0.005119438
9,0.0042111347
