Token,Probability
<0x0A>,0.47111455
<0x09>,0.17742336
▁Would,0.1298057
▁SELECT,0.05670791
SELECT,0.016120654
▁Show,0.010408276
▁CREATE,0.0052746576
ould,0.004407141
▁What,0.0035136796
▁Name,0.0027364565
