Token,Probability
▁SELECT,0.69343865
▁Would,0.114983395
<0x0A>,0.060120467
SELECT,0.0475592
▁Show,0.019215656
▁CREATE,0.00893611
▁What,0.007886088
▁Select,0.0043892693
1,0.0032874108
▁W,0.0027253593
