Token,Probability
<0x0A>,0.26132968
▁Would,0.20512001
<0x09>,0.09841766
▁SELECT,0.08287598
1,0.037943386
2,0.024690233
9,0.01723656
3,0.016837277
SELECT,0.015211211
4,0.0106191365
