Token,Probability
<0x0A>,0.55309755
<0x09>,0.15479426
▁Would,0.09536598
▁SELECT,0.022829063
▁Show,0.009742249
▁What,0.008203795
1,0.0064392327
SELECT,0.0041574812
▁List,0.0034466728
what,0.0028351557
