Token,Probability
<0x0A>,0.3711787
<0x09>,0.21315
▁SELECT,0.1132031
▁Would,0.06300701
SELECT,0.022998605
▁CREATE,0.015082854
▁Show,0.0087292865
1,0.006189991
▁What,0.0035269503
0,0.0034184374
