Token,Probability
▁SELECT,0.89028454
▁Would,0.027521806
▁Select,0.015080704
SELECT,0.013624282
▁Show,0.012023387
<0x0A>,0.0077628815
▁What,0.0037538845
▁CREATE,0.0029928575
<0x09>,0.0025599268
▁Name,0.0020569586
