Token,Probability
▁SELECT,0.8675316
▁Would,0.023300258
<0x0A>,0.017451085
SELECT,0.017451085
▁Select,0.0113556385
▁Show,0.00898305
▁CREATE,0.007623815
1,0.0045169615
▁What,0.0038036623
2,0.0031780791
