Token,Probability
<0x0A>,0.35972425
<0x09>,0.16469377
▁SELECT,0.11678537
▁Would,0.08815423
SELECT,0.0391182
1,0.00989063
▁Show,0.009076152
ould,0.005860004
▁CREATE,0.005860004
2,0.0048581143
