Token,Probability
<0x0A>,0.40287483
<0x09>,0.35002372
▁Would,0.092025295
▁SELECT,0.006361018
1,0.0049928203
▁What,0.004406148
▁Show,0.004204376
2,0.0024143702
9,0.0023769387
<s>,0.0022504404
