Token,Probability
<0x0A>,0.3672227
<0x09>,0.1604277
▁SELECT,0.1309373
▁Would,0.12396892
SELECT,0.021881815
▁Show,0.0130662285
▁CREATE,0.009862907
1,0.006029074
0,0.0040477286
▁What,0.00386237
