Token,Probability
<0x0A>,0.23537868
▁Would,0.1519719
▁SELECT,0.12897688
1,0.08591712
2,0.060924362
<0x09>,0.036664926
3,0.036664926
4,0.024424108
9,0.022065341
▁Show,0.019472595
