Token,Probability
<0x0A>,0.36668354
▁SELECT,0.19322866
<0x09>,0.13809429
▁Would,0.075080566
SELECT,0.03464399
▁Show,0.011072884
▁CREATE,0.009324304
1,0.0070935558
▁What,0.0036514495
0,0.0034842375
