Token,Probability
<0x0A>,0.5663409
<0x09>,0.17960478
▁Would,0.06304721
▁SELECT,0.0410256
SELECT,0.012512101
▁CREATE,0.0050553456
▁Show,0.004126053
ould,0.0033939988
▁What,0.002684874
1,0.0024255814
