Token,Probability
<0x0A>,0.44032025
<0x09>,0.28429213
▁Would,0.09448488
▁SELECT,0.015913852
SELECT,0.0039612707
▁What,0.0037212693
▁Show,0.0034958085
1,0.0033882542
▁CREATE,0.0029094703
ould,0.0028868285
