Token,Probability
<0x0A>,0.5459548
▁SELECT,0.103386424
▁Would,0.090528175
<0x09>,0.07989083
SELECT,0.014894228
▁Show,0.011690613
▁CREATE,0.009176067
▁What,0.0062575345
1,0.005147307
▁List,0.003171164
