Token,Probability
<0x0A>,0.41127574
<0x09>,0.13248262
▁SELECT,0.12348737
▁Would,0.0681962
1,0.033759568
2,0.019691782
SELECT,0.014748464
3,0.0133241275
9,0.009597009
0,0.008018601
