Token,Probability
▁SELECT,0.36985835
<0x0A>,0.26226884
▁Would,0.09648332
<0x09>,0.046293207
SELECT,0.04593294
▁Show,0.030597936
▁CREATE,0.01336725
1,0.00688087
▁What,0.0048412965
2,0.0033797699
