Token,Probability
<0x0A>,0.46126208
▁SELECT,0.16968885
<0x09>,0.10618856
▁Would,0.07018635
SELECT,0.019187883
▁Show,0.018309204
▁CREATE,0.01350036
▁What,0.0057612467
▁List,0.0034401976
▁NE,0.0025967972
