Token,Probability
<0x0A>,0.54847896
<0x09>,0.11954722
▁SELECT,0.09531134
▁Would,0.06811594
SELECT,0.01605305
▁Show,0.007642398
▁CREATE,0.0065368894
1,0.0049730027
▁What,0.003695622
<s>,0.002682734
