Token,Probability
<0x0A>,0.39962545
<0x09>,0.34449866
▁Would,0.06273787
▁SELECT,0.018690731
SELECT,0.0058812993
1,0.0044394378
▁Show,0.0037092892
ould,0.003222686
▁CREATE,0.003222686
▁What,0.0029342892
