Token,Probability
<0x0A>,0.54859936
<0x09>,0.19408688
▁SELECT,0.06350499
▁Would,0.025658334
SELECT,0.014619677
▁CREATE,0.004564486
ould,0.003582706
1,0.0031865248
▁Show,0.0029241194
▁NE,0.0025405192
