Token,Probability
<0x0A>,0.51210827
▁SELECT,0.2656783
<0x09>,0.05031099
SELECT,0.037681192
▁Would,0.033253536
▁CREATE,0.013227343
▁Show,0.003588013
▁What,0.0027726016
1,0.0027510251
▁List,0.0018469509
