Token,Probability
<0x0A>,0.56498003
<0x09>,0.24875735
▁Would,0.05908505
1,0.0056702197
▁SELECT,0.0033858432
▁What,0.0032816718
ould,0.0028960651
9,0.0027634446
0,0.0026163768
3,0.0025758136
