Token,Probability
▁SELECT,0.2638914
<0x0A>,0.25180694
▁Would,0.18136972
<0x09>,0.05888213
SELECT,0.033550024
▁Show,0.025324889
▁What,0.013555435
▁CREATE,0.01196263
1,0.0065549803
▁List,0.0037642084
