Token,Probability
▁SELECT,0.47339097
<0x0A>,0.118760526
▁Would,0.092490785
<0x09>,0.07036328
SELECT,0.03795814
▁CREATE,0.021459589
▁Show,0.013964021
1,0.005300145
<s>,0.0047510187
▁List,0.004000759
