Token,Probability
<0x0A>,0.20223197
▁SELECT,0.19448459
<0x09>,0.15749842
▁Would,0.07043765
▁Name,0.025115315
SELECT,0.022867758
1,0.014422513
▁Show,0.012240228
▁CREATE,0.009912439
2,0.008347111
