Token,Probability
<0x09>,0.5897424
<0x0A>,0.25563443
▁Would,0.039820164
▁SELECT,0.0032432012
▁Show,0.0021269433
▁Text,0.0019980783
▁CREATE,0.001967101
▁List,0.0017495757
ould,0.0016825505
</s>,0.0015806099
