Token,Probability
<0x0A>,0.50029683
▁Would,0.12453374
<0x09>,0.0904018
▁SELECT,0.061168913
SELECT,0.014990087
1,0.014642842
▁Show,0.012427219
▁What,0.0067039817
2,0.0067039817
▁CREATE,0.00600941
