Token,Probability
<0x0A>,0.334204
<0x09>,0.118236765
▁Would,0.08994979
▁SELECT,0.08384242
▁Name,0.034678735
1,0.016639037
▁Show,0.012958495
SELECT,0.009117441
▁CREATE,0.009117441
2,0.008632219
