Token,Probability
<0x0A>,0.47926518
<0x09>,0.122127615
▁Would,0.11294958
▁SELECT,0.08135453
SELECT,0.01947495
▁Show,0.014700464
▁CREATE,0.0059395246
▁What,0.00584744
1,0.0053659133
ould,0.0030100045
