Token,Probability
<0x0A>,0.5230727
<0x09>,0.30991036
▁Would,0.040021148
▁SELECT,0.014048745
1,0.004525466
SELECT,0.0031840631
2,0.0023295102
▁Show,0.0020881596
</s>,0.0020557856
3,0.0020397871
