Token,Probability
<0x0A>,0.4547414
▁SELECT,0.16729003
▁Would,0.111439176
<0x09>,0.06706527
SELECT,0.023542127
▁Show,0.021772906
▁CREATE,0.012024142
▁What,0.00735021
1,0.0051715183
▁List,0.003813239
