Token,Probability
<0x0A>,0.53456235
<0x09>,0.25448984
▁Would,0.059976228
▁SELECT,0.014697807
SELECT,0.005000677
▁Show,0.004413082
▁What,0.0025144985
▁CREATE,0.0025144985
ould,0.0022628037
1,0.0021761172
