Token,Probability
<0x0A>,0.66191477
<0x09>,0.13342963
▁Would,0.053074643
▁SELECT,0.033473756
SELECT,0.0069077006
▁Show,0.0066430704
▁CREATE,0.0032629666
▁What,0.0031379643
1,0.0022078336
ould,0.0021736042
