Token,Probability
<0x0A>,0.36971256
<0x09>,0.2173428
▁SELECT,0.1307992
▁Would,0.050823092
SELECT,0.03307122
▁Show,0.012552418
▁CREATE,0.010820861
1,0.005526755
what,0.0031245442
▁What,0.0029582588
