Token,Probability
▁SELECT,0.67985237
▁Would,0.09871019
SELECT,0.064735726
<0x0A>,0.05081165
▁Show,0.022372067
▁CREATE,0.008968789
<0x09>,0.0051503424
▁What,0.0045808093
▁Select,0.0035397753
▁List,0.003457776
