Token,Probability
<0x0A>,0.568169
<0x09>,0.20258692
▁Would,0.06680607
1,0.011609154
▁SELECT,0.007733364
2,0.006932142
0,0.006512146
3,0.0053567444
9,0.0043720473
▁What,0.004237534
