Token,Probability
<0x0A>,0.51585704
▁SELECT,0.08894492
▁Would,0.08098526
<0x09>,0.072029784
1,0.021126268
▁Show,0.013428673
2,0.011850763
SELECT,0.009522355
3,0.009448252
▁CREATE,0.0073583056
