Token,Probability
▁SELECT,0.7690638
▁Would,0.053159613
SELECT,0.04271495
<0x0A>,0.033527344
▁Show,0.024721516
▁CREATE,0.012048304
1,0.005516115
▁Select,0.0037911672
▁What,0.0035894047
<0x09>,0.002929587
