Token,Probability
<0x0A>,0.4291452
<0x09>,0.19647698
▁Would,0.12685508
▁SELECT,0.04383994
▁Show,0.011526029
▁What,0.008768539
SELECT,0.0069364854
▁CREATE,0.006567333
1,0.006315742
0,0.003407087
