Token,Probability
<0x0A>,0.60849154
<0x09>,0.25564647
▁Would,0.018958133
▁SELECT,0.004164549
ould,0.0020616013
1,0.002029639
</s>,0.0018918315
0,0.0017841673
SELECT,0.0017702826
igr,0.0015806844
