Token,Probability
▁SELECT,0.64528626
<0x0A>,0.09973399
SELECT,0.06290144
▁Would,0.047111005
<0x09>,0.015414661
▁CREATE,0.011911526
1,0.010268378
▁Show,0.009422793
2,0.005989492
9,0.0045211054
