Token,Probability
<0x0A>,0.55141324
<0x09>,0.12793817
▁Would,0.12207944
▁SELECT,0.055025514
SELECT,0.008638548
▁Show,0.0077435444
▁What,0.0071058758
▁CREATE,0.005405865
1,0.0036864795
ould,0.0023616476
