Token,Probability
<0x0A>,0.58885396
<0x09>,0.22702342
▁Would,0.04540754
▁SELECT,0.016835518
1,0.0113914795
2,0.0055085593
3,0.0045312177
SELECT,0.0040936144
0,0.0040301485
9,0.0035014534
