Token,Probability
<0x0A>,0.33006814
▁Would,0.28676817
<0x09>,0.13027032
▁SELECT,0.02952498
1,0.019212268
▁Show,0.015680598
▁What,0.014502183
2,0.0107771065
3,0.0092904465
9,0.0062862304
