Token,Probability
<0x0A>,0.27745312
▁SELECT,0.1749875
<0x09>,0.12026703
▁Would,0.077045955
SELECT,0.023681983
▁Show,0.016276373
▁Name,0.015410161
1,0.0072225966
▁CREATE,0.007110621
▁NE,0.006576249
