Token,Probability
▁SELECT,0.76433355
▁Show,0.0964179
▁Would,0.060810003
<0x0A>,0.008229739
▁CREATE,0.0074349493
<0x09>,0.0069844886
SELECT,0.0069301347
▁Select,0.0061158226
▁What,0.0035673275
▁List,0.0025896023
