Token,Probability
<0x0A>,0.4773982
<0x09>,0.22550695
▁Would,0.08970046
▁SELECT,0.024908919
▁Show,0.011404133
SELECT,0.0075967913
▁What,0.0050211726
1,0.0032166836
what,0.002951795
▁CREATE,0.0029288237
