Token,Probability
<0x0A>,0.65225786
<0x09>,0.12644595
▁SELECT,0.055240143
▁Would,0.024898684
SELECT,0.015220261
▁CREATE,0.006007087
1,0.0036151286
</s>,0.0029048375
▁NE,0.0023708593
0,0.0021756226
