Token,Probability
<0x0A>,0.49516767
<0x09>,0.16201824
▁SELECT,0.099816546
▁Would,0.030921726
SELECT,0.024081863
▁CREATE,0.010276877
▁Show,0.0073445532
ould,0.0038401885
1,0.003233763
▁grant,0.0028987264
