Token,Probability
▁SELECT,0.409491
<0x0A>,0.19494694
SELECT,0.09650573
<0x09>,0.06790026
▁Would,0.058533683
▁CREATE,0.016254218
▁Show,0.0044436557
CREATE,0.0034607227
ould,0.0034337912
1,0.0034337912
