Token,Probability
▁SELECT,0.43248776
<0x0A>,0.112821184
1,0.056288574
▁Would,0.054132197
SELECT,0.044527926
2,0.044527926
<0x09>,0.043837585
3,0.020070309
9,0.017574148
▁CREATE,0.01703345
