Token,Probability
▁SELECT,0.7747658
SELECT,0.043031648
<0x0A>,0.03948806
▁Would,0.033775926
▁Show,0.025495408
▁CREATE,0.013226843
1,0.0063463086
<0x09>,0.0039714184
2,0.0036729616
3,0.0035047645
