Token,Probability
<0x0A>,0.40761167
<0x09>,0.19710813
▁Would,0.13547029
▁SELECT,0.043638505
1,0.009364046
▁Show,0.009147128
SELECT,0.0073499233
▁CREATE,0.00633603
▁What,0.005591527
<s>,0.005012213
