Token,Probability
▁SELECT,0.5918072
▁Would,0.089349516
<0x0A>,0.076424696
SELECT,0.06639892
<0x09>,0.025599068
▁CREATE,0.023860954
1,0.01092434
▁Show,0.010342957
2,0.0070532844
3,0.004661937
