Token,Probability
▁SELECT,0.8668433
SELECT,0.059918374
▁Would,0.020869644
<0x0A>,0.017990759
▁CREATE,0.005573277
▁Show,0.005486871
▁Select,0.0027375016
<0x09>,0.0015355992
▁What,0.0009760863
1,0.00095347525
