Token,Probability
<0x0A>,0.5774975
<0x09>,0.28365722
▁Would,0.029664591
▁SELECT,0.0063159554
ould,0.0032766748
</s>,0.003006846
SELECT,0.0021488958
1,0.0021155803
▁Show,0.0015721656
what,0.0015357466
