Token,Probability
<0x0A>,0.60583496
<0x09>,0.27521294
▁Would,0.013489615
▁SELECT,0.0072771013
</s>,0.0031543903
ould,0.0026355914
SELECT,0.002574538
▁CREATE,0.0020526007
▁Show,0.0016752839
List,0.001416252
