Token,Probability
<0x0A>,0.52249
<0x09>,0.2212362
▁SELECT,0.036684554
▁Would,0.032374006
SELECT,0.011909733
▁CREATE,0.008713346
1,0.004381346
ould,0.003660751
0,0.0025958614
▁Show,0.0025756601
