Token,Probability
<0x0A>,0.62490237
<0x09>,0.18472078
▁Would,0.026820267
▁SELECT,0.010100606
SELECT,0.004734059
▁Show,0.0034906762
ould,0.002916569
</s>,0.0026555662
▁CREATE,0.0022015416
1,0.0018904486
