Token,Probability
▁SELECT,0.43221542
2,0.11816112
1,0.101068564
SELECT,0.091307834
3,0.055381
4,0.045200657
9,0.028285848
5,0.026160134
6,0.02535527
8,0.01797958
