Token,Probability
<0x0A>,0.53465873
<0x09>,0.29758242
▁Would,0.03554115
▁SELECT,0.005756783
1,0.0054931603
0,0.0038348434
9,0.002894692
</s>,0.0027406393
2,0.002514952
ould,0.002399784
