Token,Probability
<0x0A>,0.562952
<0x09>,0.22568314
▁Would,0.030305203
▁SELECT,0.021322373
SELECT,0.0070313727
▁Show,0.00440012
</s>,0.002908302
▁CREATE,0.0028856695
1,0.0028409313
ould,0.0028188229
