Token,Probability
▁SELECT,0.39033136
<0x0A>,0.26205608
▁Would,0.10588022
SELECT,0.07108462
<0x09>,0.03925666
▁Show,0.010816347
1,0.009324273
▁CREATE,0.007790722
2,0.00461585
▁What,0.003767347
