Token,Probability
▁SELECT,0.45760795
<0x0A>,0.1696649
SELECT,0.11570141
<0x09>,0.07890151
▁Would,0.020744119
▁CREATE,0.016668368
▁Show,0.004052971
CREATE,0.003206164
ould,0.002721036
select,0.0024775318
