Token,Probability
<0x0A>,0.38224283
<0x09>,0.20142783
▁Would,0.15934251
▁SELECT,0.050139345
SELECT,0.014821163
▁Show,0.010186426
▁CREATE,0.0067328173
1,0.005495165
▁What,0.004663686
ould,0.0044501205
