Token,Probability
<0x0A>,0.5140407
<0x09>,0.4228384
▁Would,0.004734151
</s>,0.002289286
ould,0.0014103883
▁SELECT,0.00091417914
igr,0.00073743856
1,0.0006900586
0,0.0005995333
agine,0.00056984834
