Token,Probability
<0x0A>,0.63707507
<0x09>,0.10001548
▁Would,0.06767386
▁SELECT,0.05029094
SELECT,0.011221427
1,0.0093758525
▁Show,0.005426327
2,0.004826275
▁What,0.0047144745
0,0.004360176
