Token,Probability
▁SELECT,0.8210287
<0x0A>,0.0751836
SELECT,0.03336252
▁Would,0.01369195
▁CREATE,0.009558522
<0x09>,0.004844023
1,0.0037725288
▁Show,0.0024740847
2,0.0021495223
3,0.0016480959
