Token,Probability
<0x0A>,0.5402288
<0x09>,0.16476047
▁SELECT,0.06868238
SELECT,0.02392216
▁Would,0.020302476
▁CREATE,0.008800471
▁Show,0.0043907184
ould,0.003935814
▁grant,0.0026423808
<s>,0.0025115472
