Token,Probability
<0x0A>,0.5061408
<0x09>,0.16431987
▁SELECT,0.08795408
▁Would,0.066911936
SELECT,0.023124147
1,0.00622378
▁CREATE,0.00448282
▁Show,0.0044479347
▁What,0.0039871037
0,0.0038343598
