Token,Probability
<0x0A>,0.32648194
<0x09>,0.19343416
▁Would,0.118243925
▁SELECT,0.110215455
SELECT,0.025572041
<s>,0.011171597
1,0.010660013
▁Show,0.008432765
2,0.0062179305
▁CREATE,0.006169542
