Token,Probability
<0x0A>,0.43017143
<0x09>,0.30266342
▁Would,0.055119097
▁SELECT,0.030202774
SELECT,0.006136066
▁CREATE,0.00415187
1,0.0036640125
▁Show,0.0035791358
ould,0.0028984724
▁What,0.0027874336
