Token,Probability
<0x0A>,0.5867556
<0x09>,0.21085504
▁Would,0.0428378
▁SELECT,0.022223959
SELECT,0.0057974653
1,0.003599728
</s>,0.0030550498
▁Show,0.0027172177
0,0.0026131223
▁CREATE,0.0022004696
