Token,Probability
<0x0A>,0.5990213
<0x09>,0.16764686
▁Would,0.068266705
▁SELECT,0.019558739
▁Show,0.009682278
1,0.0047930754
▁What,0.0047557745
SELECT,0.0034254564
▁CREATE,0.003243157
▁List,0.0023542794
