Token,Probability
<0x0A>,0.41827905
<0x09>,0.20226654
▁Would,0.11983895
▁SELECT,0.06414517
SELECT,0.014424978
▁What,0.00692118
▁Show,0.006813877
1,0.006708238
▁CREATE,0.004719835
2,0.0034531048
