Token,Probability
<0x0A>,0.47897258
<0x09>,0.17483294
▁Would,0.0996168
▁SELECT,0.0674041
SELECT,0.012764187
▁Show,0.0061723576
▁CREATE,0.006029375
▁What,0.0059824544
1,0.005077243
0,0.003202177
