Token,Probability
<0x0A>,0.43123278
<0x09>,0.31060532
▁Would,0.055688463
▁SELECT,0.01062833
▁Show,0.0050204676
ould,0.004904168
SELECT,0.0037308945
List,0.0032668805
</s>,0.003141728
<s>,0.0029861701
