Token,Probability
▁SELECT,0.47134358
<0x0A>,0.22439319
<0x09>,0.068972796
▁Would,0.056293964
SELECT,0.03283598
▁Show,0.014012676
▁CREATE,0.011985676
1,0.010251892
2,0.0049574915
▁What,0.004014699
