Token,Probability
▁SELECT,0.28783238
<0x0A>,0.22068875
<0x09>,0.16145933
▁Would,0.08246536
SELECT,0.067834154
▁Show,0.010649398
▁CREATE,0.0077306335
1,0.0055681663
▁What,0.0037676096
<s>,0.00373829
