Token,Probability
<0x0A>,0.34798622
<0x09>,0.19217622
▁SELECT,0.18194881
▁Would,0.050921634
SELECT,0.042546615
▁CREATE,0.011273732
▁Show,0.0066274847
1,0.005494378
0,0.0030342836
2,0.0025953604
