Token,Probability
<0x0A>,0.55344296
<0x09>,0.22361118
▁Would,0.048359305
▁SELECT,0.030739047
SELECT,0.009015733
1,0.005511207
0,0.0030435778
▁Show,0.0026443063
ould,0.002623728
▁CREATE,0.002623728
