Token,Probability
<0x0A>,0.40925637
<0x09>,0.2834836
▁SELECT,0.06374985
▁Would,0.040839683
SELECT,0.017024515
▁CREATE,0.006070277
▁Show,0.0058377283
1,0.0043044714
ould,0.0028673958
what,0.0022071134
