Token,Probability
<0x0A>,0.4468483
▁Would,0.14735495
▁SELECT,0.13734989
<0x09>,0.07070167
SELECT,0.020736732
▁Show,0.018588288
▁CREATE,0.010027629
▁What,0.007055318
▁List,0.0040833047
1,0.003660251
