Token,Probability
<0x0A>,0.43486384
▁SELECT,0.25564325
<0x09>,0.08044173
▁Would,0.052754972
SELECT,0.043735407
▁CREATE,0.010801883
▁Show,0.0076596825
▁List,0.0030231008
ould,0.0025062386
1,0.0021945357
