Token,Probability
<0x0A>,0.53170073
<0x09>,0.099903606
▁Would,0.08747852
▁SELECT,0.08412728
SELECT,0.01862525
▁Show,0.010779468
▁CREATE,0.008395058
1,0.0067985253
▁What,0.0045287944
ould,0.0032875522
