Token,Probability
<0x0A>,0.34161255
▁SELECT,0.2660481
▁Would,0.07926048
<0x09>,0.064187095
SELECT,0.057536937
1,0.012443236
▁CREATE,0.012346402
▁Show,0.0076660556
2,0.0067652697
0,0.0053101215
