Token,Probability
<0x0A>,0.48577496
<0x09>,0.3995876
▁Would,0.02272
</s>,0.0027778659
ould,0.0022850104
1,0.0019852512
0,0.0016077055
what,0.0014985463
<s>,0.0014187951
▁SELECT,0.0013380513
