Token,Probability
<0x0A>,0.5011626
<0x09>,0.123778425
▁SELECT,0.113585465
▁Would,0.06729716
SELECT,0.024373418
▁CREATE,0.00910768
▁Show,0.008489291
1,0.0073756245
▁What,0.0040415083
2,0.0035113234
