Token,Probability
▁SELECT,0.4656844
<0x0A>,0.19872971
SELECT,0.09609941
▁Would,0.045394145
<0x09>,0.043315396
▁CREATE,0.010614895
▁Show,0.010049981
1,0.004601216
select,0.002601292
CREATE,0.0025609627
