Token,Probability
▁SELECT,0.85908216
<0x0A>,0.03687106
▁Show,0.02962673
SELECT,0.01973566
▁Would,0.009923712
▁Select,0.0055666976
<0x09>,0.0047614486
▁CREATE,0.00465115
1,0.0045790407
2,0.0027991114
