Token,Probability
1,0.18185274
<0x0A>,0.16174318
2,0.14162706
3,0.101216294
<0x09>,0.056335352
4,0.052101683
9,0.05129392
▁Would,0.03608978
5,0.03608978
6,0.031111335
