Token,Probability
▁SELECT,0.9266994
SELECT,0.044024847
▁CREATE,0.0050565866
<0x0A>,0.0049010124
▁Would,0.0040314626
▁Show,0.002602908
▁Select,0.001382394
CREATE,0.00093537447
▁W,0.000689702
1,0.00057626754
