Token,Probability
▁SELECT,0.22491196
<0x0A>,0.20639081
<0x09>,0.117597945
▁Would,0.05959574
1,0.031651054
▁Name,0.026861904
2,0.018899709
SELECT,0.016420353
▁CREATE,0.014266249
▁Show,0.013719717
