Token,Probability
<0x0A>,0.30513084
▁SELECT,0.2800038
▁Would,0.09983843
<0x09>,0.056004282
SELECT,0.026871148
▁Show,0.024658354
▁CREATE,0.015551827
1,0.01137796
▁What,0.006688758
3,0.0060427887
