Token,Probability
<0x0A>,0.5197658
<0x09>,0.24551998
▁SELECT,0.0828839
▁Would,0.036209293
SELECT,0.012319591
▁CREATE,0.0104555
▁Show,0.0030190458
▁What,0.0025823268
1,0.0024258713
</s>,0.0019954673
