Token,Probability
<0x0A>,0.34693426
<0x09>,0.18282151
▁SELECT,0.16516547
▁Would,0.06725627
SELECT,0.033818576
▁Show,0.013452101
▁CREATE,0.013243545
▁What,0.0051058414
1,0.0033484928
what,0.003170289
