Token,Probability
▁SELECT,0.69049025
SELECT,0.083765976
<0x0A>,0.07807847
▁Would,0.058936723
▁Show,0.015862605
▁CREATE,0.011073883
<0x09>,0.0054393085
▁What,0.0027781266
CREATE,0.0023762577
1,0.0022322875
