Token,Probability
<0x0A>,0.38644293
<0x09>,0.2514632
▁SELECT,0.08555605
▁Would,0.07609512
SELECT,0.0172465
▁CREATE,0.007834576
▁Show,0.007475804
1,0.006444546
▁What,0.004678239
what,0.0033433866
