Token,Probability
<0x0A>,0.4192102
<0x09>,0.19043481
▁SELECT,0.09726459
▁Would,0.07005706
SELECT,0.020071682
▁CREATE,0.012365804
▁Show,0.008498885
▁Text,0.0035706493
▁List,0.002914279
<s>,0.002813604
