Token,Probability
<0x0A>,0.30083895
▁SELECT,0.2379832
<0x09>,0.13040403
▁Would,0.08823577
SELECT,0.03246013
1,0.01594388
2,0.009977425
▁CREATE,0.009446437
▁Show,0.008017086
3,0.007075054
