Token,Probability
<0x09>,0.5326037
<0x0A>,0.27202734
▁Would,0.022504495
▁SELECT,0.0066005476
▁CREATE,0.0041955635
<s>,0.0036737577
▁grant,0.0026982983
</s>,0.0025348167
ould,0.0024472503
1,0.0019896005
