Token,Probability
<0x0A>,0.62464994
<0x09>,0.121093914
▁SELECT,0.06792753
▁Would,0.043177366
SELECT,0.0143500585
▁CREATE,0.0062202895
1,0.005619563
▁Show,0.0042751385
0,0.0025930023
2,0.0023794726
