Token,Probability
<0x0A>,0.526341
<0x09>,0.31429255
▁SELECT,0.014359143
SELECT,0.008181592
▁Would,0.007507851
▁CREATE,0.0030572377
ould,0.0028496587
</s>,0.0028054789
List,0.0015372756
▁grant,0.0015134425
