Token,Probability
<0x0A>,0.5360393
<0x09>,0.23417823
▁SELECT,0.028856419
▁Would,0.022473402
SELECT,0.013108619
ould,0.005173671
▁CREATE,0.003392976
▁Show,0.0029478688
</s>,0.0024059806
List,0.0021232702
