Token,Probability
<0x0A>,0.60687715
<0x09>,0.18221755
▁SELECT,0.028384024
▁Would,0.02485388
SELECT,0.0085224295
▁Show,0.004526228
1,0.0038714877
ould,0.003285689
</s>,0.0028546562
0,0.0024417166
