Token,Probability
<0x0A>,0.37789774
▁SELECT,0.15630531
<0x09>,0.10742696
▁Would,0.0755843
SELECT,0.049183644
▁Show,0.011322717
▁CREATE,0.010720134
ould,0.0045391903
1,0.0039130263
▁What,0.0027210827
