Token,Probability
<0x0A>,0.28137988
▁Would,0.23145677
<0x09>,0.1308538
▁SELECT,0.12682785
▁Show,0.01368456
▁What,0.013472399
SELECT,0.012755412
1,0.011169012
▁CREATE,0.007440166
2,0.0065659233
