Token,Probability
<0x0A>,0.5272308
<0x09>,0.25495216
▁Would,0.06296874
▁SELECT,0.021932092
SELECT,0.0062347488
▁CREATE,0.0032599142
▁Show,0.0029450872
▁What,0.0027883523
</s>,0.0022230684
List,0.0022230684
