Token,Probability
▁SELECT,0.357362
▁Would,0.24180326
<0x0A>,0.18979353
SELECT,0.03538363
<0x09>,0.024895495
▁Show,0.021294244
▁CREATE,0.01570139
▁What,0.012715374
▁W,0.003788137
▁List,0.003265578
