Token,Probability
<0x0A>,0.6083174
<0x09>,0.18992595
▁Would,0.043723438
▁SELECT,0.03431892
1,0.016989097
2,0.008410213
SELECT,0.006705206
3,0.005101052
0,0.0041633574
9,0.0041309576
