Token,Probability
<0x0A>,0.2308855
▁SELECT,0.16891944
<0x09>,0.14003915
▁Would,0.07733696
▁Name,0.029353796
SELECT,0.023220766
▁Show,0.015711956
▁CREATE,0.013650783
1,0.0103849685
<s>,0.0075386786
