Token,Probability
<0x0A>,0.5061529
<0x09>,0.17492178
▁Would,0.06850035
▁SELECT,0.061884906
▁Show,0.0124748405
SELECT,0.010753985
▁CREATE,0.006371525
▁What,0.00401847
1,0.0035186904
ould,0.00327978
