Token,Probability
▁SELECT,0.37442604
<0x0A>,0.20839947
▁Would,0.09999115
<0x09>,0.0487318
SELECT,0.045069546
1,0.032973588
▁Show,0.027336063
2,0.018787783
3,0.0104569765
▁CREATE,0.009300627
