Token,Probability
<0x0A>,0.4670516
▁Would,0.15401727
▁SELECT,0.105030656
<0x09>,0.05710417
▁Show,0.036582306
SELECT,0.012741664
1,0.00868906
▁What,0.008554349
▁CREATE,0.008421726
2,0.0049508773
