Token,Probability
▁SELECT,0.72745365
SELECT,0.07910692
<0x0A>,0.03297667
1,0.02338396
2,0.018211447
▁Would,0.011850414
<0x09>,0.0110458005
3,0.008469109
4,0.0059123915
▁CREATE,0.0051770625
