Token,Probability
<0x0A>,0.59838414
<0x09>,0.24366528
▁Would,0.0317132
▁SELECT,0.010057267
SELECT,0.004127494
▁Show,0.0031894802
ould,0.0030913502
</s>,0.0022794185
1,0.0014488867
what,0.0014320067
