Token,Probability
▁SELECT,0.36034846
<0x0A>,0.3180064
SELECT,0.07320923
<0x09>,0.07207423
▁Would,0.03223359
▁CREATE,0.021305101
▁Show,0.007080779
CREATE,0.0025050822
ould,0.0021427101
▁NE,0.001861619
