Token,Probability
<0x0A>,0.3903501
▁Would,0.16528463
▁SELECT,0.13918363
<0x09>,0.06273497
▁Show,0.023442345
SELECT,0.02185067
▁What,0.012161729
▁CREATE,0.009696175
1,0.008691596
2,0.003856872
