Token,Probability
<0x0A>,0.49360096
<0x09>,0.27688503
▁Would,0.06732556
▁SELECT,0.015743302
1,0.006824216
▁Show,0.004726996
<s>,0.004617495
▁CREATE,0.0044754297
9,0.003458344
2,0.003325857
