Token,Probability
<0x0A>,0.47727802
▁Would,0.14330484
<0x09>,0.1188039
▁SELECT,0.038872484
▁Show,0.018077385
1,0.012042134
▁What,0.0101404935
2,0.0075948793
SELECT,0.0071347286
3,0.0051389523
