Token,Probability
<0x0A>,0.26305863
<0x09>,0.21137354
▁Would,0.11051922
▁SELECT,0.09379645
SELECT,0.0149571495
▁Name,0.012018407
▁Show,0.0071765194
1,0.0070652575
▁CREATE,0.006794592
▁What,0.005996206
