Token,Probability
<0x0A>,0.39052144
▁SELECT,0.26631248
▁Would,0.1002942
<0x09>,0.04450528
1,0.01526092
▁Show,0.013053356
▁What,0.012262494
▁CREATE,0.011165129
▁List,0.0104886675
SELECT,0.008901617
