Token,Probability
<0x0A>,0.34547004
<0x09>,0.22305222
▁SELECT,0.10053751
▁Would,0.08205633
SELECT,0.029718831
▁CREATE,0.008648673
▁Show,0.007936469
ould,0.0038079591
▁What,0.0037197482
1,0.0031323417
