Token,Probability
<0x0A>,0.3528521
▁SELECT,0.2705411
▁Would,0.09061992
▁Show,0.04486011
<0x09>,0.039280828
SELECT,0.024581313
1,0.012852637
▁CREATE,0.009931749
2,0.006412418
▁What,0.0060239104
