Token,Probability
<0x0A>,0.19917178
<0x09>,0.14686008
▁SELECT,0.10744511
▁Would,0.09047786
▁Name,0.035989605
1,0.022521721
▁Show,0.020188339
SELECT,0.01597029
2,0.012933136
3,0.010890793
