Token,Probability
▁SELECT,0.28449535
<0x0A>,0.17121233
▁Would,0.13757297
1,0.042952374
<0x09>,0.039724454
2,0.025250398
SELECT,0.01749044
▁Show,0.017085275
▁Name,0.016302884
3,0.015801296
