Token,Probability
<0x0A>,0.2738052
<0x09>,0.2552145
▁SELECT,0.05739269
▁Would,0.056946058
1,0.013212547
▁Name,0.011301291
SELECT,0.010370648
▁Show,0.0095912805
▁CREATE,0.008398406
2,0.006643686
