Token,Probability
<0x0A>,0.20832822
▁Would,0.17959014
▁SELECT,0.11870183
<0x09>,0.06504324
1,0.03648595
▁Show,0.028194157
2,0.021116449
▁Name,0.019682694
3,0.013422431
▁NE,0.010372051
