Token,Probability
<0x0A>,0.4948857
<0x09>,0.23194827
▁Would,0.0409413
▁SELECT,0.03529361
SELECT,0.009279098
▁CREATE,0.005540803
<s>,0.004702418
ould,0.0043831356
</s>,0.0040221917
▁Show,0.0034135894
