Token,Probability
<0x0A>,0.41447437
▁SELECT,0.17966135
<0x09>,0.115998074
▁Would,0.080979705
SELECT,0.04201172
▁CREATE,0.0126142055
▁Show,0.010295414
▁What,0.003757997
▁List,0.0028366852
ould,0.0024645545
