Token,Probability
<0x0A>,0.5030976
<0x09>,0.18079191
▁Would,0.10062585
▁SELECT,0.02750958
1,0.015674487
2,0.008656273
3,0.006741512
▁What,0.0065340977
SELECT,0.0055454164
▁Show,0.005374802
