Token,Probability
▁SELECT,0.51024854
▁Would,0.12800705
<0x0A>,0.07525146
1,0.050521445
2,0.027683467
SELECT,0.023864642
3,0.015529017
▁Show,0.013491845
▁CREATE,0.012674415
9,0.012477917
