Token,Probability
<0x0A>,0.62286067
<0x09>,0.22382969
▁Would,0.034865938
1,0.004718592
▁SELECT,0.004196802
0,0.0029528192
▁Show,0.0025454892
ould,0.0025060251
9,0.002045358
2,0.001982429
