Token,Probability
<0x0A>,0.40521315
▁SELECT,0.3281516
▁Would,0.046906825
<0x09>,0.028229024
SELECT,0.027147587
1,0.016465843
▁Show,0.013650663
▁CREATE,0.0092365015
2,0.009022539
3,0.007838917
