Token,Probability
<0x0A>,0.5613355
<0x09>,0.17254038
▁Would,0.097545475
1,0.018044101
2,0.009216025
▁SELECT,0.0074633644
3,0.0066380533
0,0.005858062
9,0.004744003
▁Show,0.004421897
