Token,Probability
<0x0A>,0.47165173
<0x09>,0.120187536
▁Would,0.09886357
▁SELECT,0.058574725
SELECT,0.01247128
1,0.009267868
▁CREATE,0.0077435933
▁Show,0.007683332
▁What,0.004845817
2,0.0046601766
