Token,Probability
<0x09>,0.32002872
<0x0A>,0.31261525
▁Would,0.0828348
▁SELECT,0.04831711
SELECT,0.019984826
▁Show,0.01138701
ould,0.0058615305
▁CREATE,0.004709872
▁What,0.0035000795
what,0.0029588982
