Token,Probability
<0x0A>,0.62202924
<0x09>,0.22006536
▁Would,0.037065055
▁SELECT,0.009519094
1,0.0070739896
3,0.0032897107
2,0.0031146356
</s>,0.0029720059
ould,0.0029259294
9,0.0027919414
