Token,Probability
<0x0A>,0.6059535
<0x09>,0.106957145
▁SELECT,0.071248814
▁Would,0.0501298
SELECT,0.011361617
1,0.009273082
▁CREATE,0.007568469
▁Show,0.0054513635
2,0.0043462054
0,0.0038056653
