Token,Probability
<0x0A>,0.36952913
<0x09>,0.3136153
▁SELECT,0.06729625
▁Would,0.065225765
SELECT,0.01489897
▁Show,0.006663231
▁CREATE,0.0062595266
▁What,0.0027239234
▁List,0.0024996127
ould,0.0021296968
