Token,Probability
▁SELECT,0.7220376
SELECT,0.10565744
▁Would,0.054814365
<0x0A>,0.019852446
▁CREATE,0.008948199
▁Show,0.0056878217
<0x09>,0.0034229911
CREATE,0.0027720227
▁Select,0.0024654882
▁select,0.001996613
