Token,Probability
▁SELECT,0.6177918
<0x0A>,0.12649642
▁Would,0.07854341
▁Show,0.059752677
<0x09>,0.017253699
SELECT,0.015107842
▁CREATE,0.013542583
▁What,0.0058245924
1,0.0049432674
▁Select,0.004294785
