Token,Probability
▁SELECT,0.28052634
<0x0A>,0.24756362
▁Would,0.16750991
<0x09>,0.084889896
SELECT,0.038262874
▁Show,0.021463526
▁CREATE,0.011135132
▁What,0.0052598636
▁List,0.0037298016
1,0.0027287812
