Token,Probability
<0x0A>,0.3954463
<0x09>,0.3923689
▁Would,0.03593018
▁SELECT,0.0058197947
SELECT,0.0026129603
agine,0.0023977873
▁Text,0.0023791273
ould,0.0021493623
▁CREATE,0.00210779
▁Show,0.0020429401
