Token,Probability
<0x0A>,0.3780161
▁SELECT,0.27227482
▁Would,0.07679863
<0x09>,0.06992596
SELECT,0.04694606
▁CREATE,0.016224124
▁Show,0.010807598
▁What,0.00370594
1,0.0031451902
3,0.0024494766
