Token,Probability
<0x0A>,0.29117158
▁Would,0.27783787
<0x09>,0.099843115
▁SELECT,0.0916212
▁Show,0.016948216
1,0.015674539
▁What,0.0100414865
SELECT,0.0098858075
2,0.009286857
▁CREATE,0.008931083
