Token,Probability
<0x0A>,0.5388994
<0x09>,0.13414268
▁SELECT,0.069592305
▁Would,0.065888666
SELECT,0.014361184
▁CREATE,0.008986999
▁Show,0.008642714
ould,0.0037171843
1,0.0032044132
▁What,0.0029176516
