Token,Probability
<0x0A>,0.57114965
<0x09>,0.19584797
▁SELECT,0.06560086
▁Would,0.029338518
SELECT,0.014752334
▁CREATE,0.005138256
▁Show,0.0041937227
1,0.0032916907
ould,0.0025238267
</s>,0.0022623434
