Token,Probability
<0x0A>,0.51480067
▁Would,0.17243662
<0x09>,0.10960738
▁SELECT,0.05775903
▁Show,0.017478425
SELECT,0.009728209
▁What,0.0076956465
▁CREATE,0.004419238
ould,0.0027871784
▁Name,0.0024215428
