Token,Probability
▁SELECT,0.56428695
<0x0A>,0.14379309
SELECT,0.11024998
▁Would,0.03810138
<0x09>,0.03692912
▁CREATE,0.011989131
▁Show,0.0071033244
select,0.0023793157
CREATE,0.002252691
▁select,0.0018385927
