Token,Probability
▁SELECT,0.5555492
<0x0A>,0.17076181
SELECT,0.08928488
▁Would,0.039619926
<0x09>,0.033624995
▁Show,0.016133448
▁CREATE,0.015038028
▁select,0.0020036234
select,0.0019572093
CREATE,0.0018243196
