Token,Probability
<0x0A>,0.3531469
▁SELECT,0.1518866
<0x09>,0.095048204
▁Would,0.09212388
1,0.036644347
2,0.026600942
▁Show,0.024989272
3,0.017041203
SELECT,0.013692992
9,0.012964264
