Token,Probability
<0x0A>,0.2903919
<0x09>,0.2582799
▁SELECT,0.16675805
SELECT,0.044186477
▁Would,0.039919157
▁CREATE,0.010332496
▁Show,0.0063161277
<s>,0.004077999
1,0.004014775
List,0.0037421822
