Token,Probability
<0x0A>,0.5722028
<0x09>,0.17865044
▁SELECT,0.0579993
▁Would,0.04177533
SELECT,0.012157314
▁CREATE,0.008162035
▁Show,0.0049505243
ould,0.002266515
1,0.0021126245
</s>,0.0017790081
