Token,Probability
<0x0A>,0.3846102
<0x09>,0.24447311
▁Would,0.06735943
1,0.02291789
▁Name,0.0189996
2,0.013900405
9,0.008835635
▁SELECT,0.0074987058
3,0.00744035
<s>,0.0068811993
