Token,Probability
<0x0A>,0.6335244
<0x09>,0.11537337
▁Would,0.074490644
▁SELECT,0.031052321
SELECT,0.007037821
▁Show,0.006114565
1,0.005972921
▁What,0.0054810606
▁CREATE,0.0036511736
3,0.0032474208
