Token,Probability
<0x0A>,0.5298347
<0x09>,0.35850412
▁SELECT,0.0055726888
▁Would,0.004340014
SELECT,0.0034332336
ould,0.0026738052
</s>,0.0026118665
List,0.0015354372
▁CREATE,0.0012337583
▁grant,0.0011499893
