Token,Probability
<0x0A>,0.52525693
<0x09>,0.15405735
▁SELECT,0.08916155
SELECT,0.02289858
▁Would,0.022368139
▁CREATE,0.011159878
▁Show,0.0037674087
ould,0.0028437895
▁NE,0.0024514997
▁grant,0.0022147456
