Token,Probability
<0x0A>,0.3624433
▁Would,0.19249217
<0x09>,0.17390218
▁SELECT,0.027088737
▁Show,0.013835573
1,0.013727904
▁What,0.012114832
2,0.007290834
9,0.0071778004
0,0.006334387
