Token,Probability
<0x0A>,0.27801353
<0x09>,0.19257434
▁SELECT,0.16731149
▁Would,0.11771833
SELECT,0.029763853
▁Show,0.017772809
▁CREATE,0.013311219
▁What,0.0061421185
1,0.004858816
▁List,0.004528914
