Token,Probability
▁SELECT,0.7556583
▁Would,0.06654656
<0x0A>,0.040679097
SELECT,0.038816266
▁Show,0.022641327
▁CREATE,0.00872901
1,0.006436368
<0x09>,0.004564068
▁W,0.0038433305
2,0.0031614376
