Token,Probability
<0x0A>,0.51166016
▁SELECT,0.16100101
<0x09>,0.11065427
▁Would,0.05785693
SELECT,0.028641256
▁CREATE,0.00873509
▁Show,0.006802894
▁What,0.002791902
1,0.0023880403
▁NE,0.0020425995
