Token,Probability
<0x0A>,0.35855165
▁SELECT,0.17203496
<0x09>,0.142622
▁Would,0.07399131
SELECT,0.037496977
▁CREATE,0.017574478
▁Show,0.013265913
1,0.004077607
ould,0.0038606008
▁What,0.00377117
