Token,Probability
<0x09>,0.55997235
<0x0A>,0.2092464
▁Would,0.043180432
ould,0.00744524
▁SELECT,0.004275441
<s>,0.0030436078
1,0.0026237539
what,0.0024171153
▁would,0.0021000265
agine,0.0020594082
