Token,Probability
<0x0A>,0.54763246
▁Would,0.13007411
<0x09>,0.0833286
▁SELECT,0.06540537
▁Show,0.016028274
▁What,0.010677134
SELECT,0.00972164
1,0.006526801
▁List,0.0047751092
▁CREATE,0.0047751092
