Token,Probability
<0x0A>,0.3583489
<0x09>,0.1994512
▁Would,0.099509895
▁SELECT,0.061787102
SELECT,0.019903231
▁CREATE,0.009475359
▁Show,0.0074956254
ould,0.0051115723
List,0.0044064512
▁List,0.0043381355
