Token,Probability
<0x0A>,0.40114895
<0x09>,0.2130486
▁SELECT,0.130234
▁Would,0.088811874
SELECT,0.019057445
▁Show,0.0075215357
▁CREATE,0.0053335675
1,0.004089388
▁What,0.0036088722
0,0.002681886
