Token,Probability
▁SELECT,0.83392256
SELECT,0.064809546
▁Would,0.034690056
<0x0A>,0.01651494
▁Show,0.01379875
▁CREATE,0.007102988
▁Select,0.0028475332
▁What,0.00269599
▁W,0.001957079
CREATE,0.0013986613
