Token,Probability
<0x0A>,0.5880577
<0x09>,0.17382951
▁Would,0.047522347
▁SELECT,0.0326616
SELECT,0.010118091
▁Show,0.004931164
▁CREATE,0.0037222377
1,0.0028539388
ould,0.0028317291
</s>,0.002240082
