Token,Probability
<0x0A>,0.52660984
<0x09>,0.1863073
▁Would,0.13006346
1,0.010929438
▁SELECT,0.0083798915
▁What,0.008314678
▁Show,0.006681033
2,0.005244002
3,0.0043135984
9,0.0037185545
