Token,Probability
<0x0A>,0.501385
<0x09>,0.18017647
▁Would,0.08781099
▁SELECT,0.043810528
SELECT,0.011251475
▁Show,0.008762658
▁CREATE,0.00570197
1,0.0052324217
▁What,0.0036528187
<s>,0.003431506
