Token,Probability
<0x0A>,0.30141133
▁SELECT,0.30141133
▁Would,0.08979581
<0x09>,0.06673058
SELECT,0.049978893
▁Show,0.018675748
▁CREATE,0.013037775
1,0.009764843
2,0.005267737
▁What,0.0044013592
