Token,Probability
<0x0A>,0.4934609
<0x09>,0.1829579
▁SELECT,0.06783434
▁Would,0.046987478
SELECT,0.023079474
▁CREATE,0.006984065
▁Show,0.0069297147
ould,0.0039794
1,0.0028328616
▁List,0.0023577167
