Token,Probability
<0x0A>,0.27557793
<0x09>,0.21129292
▁Would,0.20639832
1,0.032656956
▁SELECT,0.02445893
2,0.019653304
3,0.016040558
▁What,0.014835092
9,0.012395184
4,0.008653233
