Token,Probability
<0x0A>,0.57611567
<0x09>,0.17298129
▁Would,0.040766917
▁SELECT,0.034869798
SELECT,0.009758937
▁Show,0.006106987
▁CREATE,0.005604086
ould,0.0030231776
▁List,0.0023729193
</s>,0.0021775132
