Token,Probability
▁SELECT,0.44695073
<0x0A>,0.21112458
▁Would,0.08076234
SELECT,0.053380653
<0x09>,0.025215236
1,0.021907374
▁Show,0.01760307
2,0.014144463
3,0.009203979
▁CREATE,0.0071122837
