Token,Probability
▁SELECT,0.3569399
<0x0A>,0.25709417
▁Would,0.108860515
<0x09>,0.058725845
SELECT,0.041318793
▁Show,0.032685854
▁CREATE,0.0131035065
▁What,0.0053358194
▁W,0.0037250023
▁Name,0.0032363378
