Token,Probability
▁SELECT,0.32954866
<0x0A>,0.13006529
<0x09>,0.10129495
▁Would,0.08664216
SELECT,0.031625826
▁Name,0.01994616
▁Show,0.015056149
▁CREATE,0.013816301
1,0.012097956
▁NE,0.007453335
