Token,Probability
<0x0A>,0.5020182
<0x09>,0.13724414
▁SELECT,0.09214136
▁Would,0.08195222
SELECT,0.019014446
▁Show,0.009052233
▁What,0.004883313
▁CREATE,0.0047701914
1,0.0046596904
what,0.0022887627
