Token,Probability
<0x0A>,0.39292052
▁SELECT,0.18130304
<0x09>,0.15629299
▁Would,0.069898546
SELECT,0.023230879
▁CREATE,0.011059556
1,0.0093130795
▁Show,0.0076011145
2,0.0058279764
3,0.004503512
