Token,Probability
▁Would,0.24849203
<0x0A>,0.22449385
▁SELECT,0.1011873
1,0.067405276
2,0.038707595
▁Show,0.024797015
<0x09>,0.023477342
3,0.022755021
▁What,0.02171299
0,0.0167785
