Token,Probability
▁SELECT,0.90029436
SELECT,0.027186535
▁Select,0.013353577
▁Would,0.012063951
<0x0A>,0.010646399
▁CREATE,0.004951036
▁Show,0.0034027938
<0x09>,0.003323968
▁W,0.0018500668
1,0.0017110321
