Token,Probability
<0x0A>,0.57580024
<0x09>,0.23630793
▁Would,0.03377846
▁SELECT,0.008277767
SELECT,0.003971716
1,0.0033184933
▁Show,0.003141886
ould,0.0028384575
</s>,0.0024089676
0,0.0021176185
