Token,Probability
<0x0A>,0.41770932
▁SELECT,0.24942562
<0x09>,0.07430834
▁Would,0.070353724
SELECT,0.044719547
▁Show,0.0132190725
▁CREATE,0.011575008
1,0.0036708042
▁What,0.00358577
▁List,0.0028365776
