Token,Probability
<0x0A>,0.5053659
<0x09>,0.244379
▁Would,0.038066905
▁SELECT,0.025556909
SELECT,0.007733761
▁CREATE,0.004406564
ould,0.004075405
▁Show,0.0037986955
</s>,0.0027468065
what,0.0027468065
