Token,Probability
<0x0A>,0.46702152
<0x09>,0.15765953
▁SELECT,0.135911
▁Would,0.046241395
SELECT,0.03686685
▁CREATE,0.011069437
▁Show,0.004873807
ould,0.002933109
1,0.0018498885
CREATE,0.0018426765
