Token,Probability
<0x0A>,0.5166945
<0x09>,0.40555814
▁Would,0.0070879012
</s>,0.005308593
ould,0.0013317773
List,0.00087340083
<s>,0.00080147764
igr,0.0007240747
1,0.0007240747
▁Response,0.000704544
