Token,Probability
<0x0A>,0.38659427
▁SELECT,0.188411
<0x09>,0.13050848
▁Would,0.099285625
SELECT,0.021472022
▁Show,0.009830608
▁CREATE,0.009380432
▁What,0.008607968
▁List,0.0048665036
1,0.0046436503
