Token,Probability
<0x0A>,0.449041
<0x09>,0.14240523
▁Would,0.12567218
▁SELECT,0.07104861
▁Show,0.012250317
SELECT,0.010895656
1,0.010396709
▁What,0.0088927755
▁CREATE,0.0068718046
2,0.0055649574
