Token,Probability
▁SELECT,0.63523096
▁Would,0.109527566
<0x0A>,0.06388686
<0x09>,0.027263563
SELECT,0.017194916
▁Show,0.016153129
▁CREATE,0.015656147
▁What,0.013602297
▁W,0.0042801527
▁Select,0.0035207572
