Token,Probability
<0x0A>,0.32803836
▁SELECT,0.20052584
<0x09>,0.13890019
SELECT,0.029573554
▁Would,0.021806173
▁CREATE,0.019700235
▁Show,0.0082122795
▁Name,0.0066505065
1,0.006102848
▁RET,0.0037015644
