Token,Probability
2,0.23341468
1,0.20923157
3,0.14721279
4,0.07402324
5,0.045604393
9,0.043177374
▁SELECT,0.04024574
<0x0A>,0.03233836
6,0.024601726
8,0.023292445
