Token,Probability
▁SELECT,0.3038147
▁Would,0.23661114
<0x0A>,0.19311638
<0x09>,0.066219874
SELECT,0.03832512
▁Show,0.01687432
▁CREATE,0.01098033
▁What,0.008754282
▁W,0.00498804
▁List,0.0041352306
