Token,Probability
<0x0A>,0.44158778
<0x09>,0.19291541
▁Would,0.08168553
▁SELECT,0.08041911
SELECT,0.01698897
1,0.008476112
▁CREATE,0.0067577455
0,0.0062989113
<s>,0.0056463075
▁Show,0.0052219806
