Token,Probability
<0x0A>,0.58328694
<0x09>,0.20635886
▁Would,0.06595626
▁SELECT,0.009354587
1,0.0034413598
ould,0.0029666375
SELECT,0.0028307857
▁CREATE,0.0026180488
▁What,0.0021874614
▁Show,0.0021874614
