Token,Probability
▁SELECT,0.6083085
<0x0A>,0.23821701
SELECT,0.034858853
▁Would,0.027575621
<0x09>,0.022157636
▁CREATE,0.010548616
▁Show,0.0051009776
▁What,0.003093899
▁Name,0.0026463522
▁List,0.0020771457
