Token,Probability
<0x0A>,0.53339916
<0x09>,0.1576725
▁Would,0.07928271
▁SELECT,0.04378407
▁Show,0.009618084
SELECT,0.00882605
▁What,0.0060660494
1,0.0049509658
▁CREATE,0.0037371847
▁List,0.0029795435
