Token,Probability
<0x0A>,0.37199104
▁SELECT,0.30124754
<0x09>,0.08107968
SELECT,0.067744605
▁Would,0.04141145
▁CREATE,0.01097294
▁Show,0.006107361
1,0.003372805
<s>,0.001998321
ould,0.0019520299
