Token,Probability
<0x0A>,0.5023865
<0x09>,0.13208324
▁SELECT,0.1250539
▁Would,0.078256726
SELECT,0.020735968
▁Show,0.012095182
▁CREATE,0.00612954
▁What,0.005537578
▁List,0.0028505009
1,0.002784469
