Token,Probability
<0x0A>,0.6040225
<0x09>,0.13797176
▁Would,0.04694252
▁SELECT,0.04307688
SELECT,0.0105564445
▁CREATE,0.005025621
1,0.004721134
▁Show,0.004435095
</s>,0.002908606
▁List,0.0028191176
