Token,Probability
▁SELECT,0.4539103
▁Would,0.26065877
<0x0A>,0.05463704
SELECT,0.03966224
▁What,0.029017514
▁Show,0.018301118
<0x09>,0.014477376
1,0.012776239
2,0.006785409
3,0.0052433577
