Token,Probability
<0x0A>,0.39196602
<0x09>,0.21646418
▁SELECT,0.13545984
▁Would,0.058260545
SELECT,0.023539389
▁CREATE,0.009510773
▁Show,0.0075236405
ould,0.0032868353
▁What,0.002833429
▁List,0.0025597897
