Token,Probability
<0x0A>,0.50621337
<0x09>,0.2999215
▁Would,0.029008336
▁SELECT,0.021057796
SELECT,0.0060331593
ould,0.0036592958
▁Show,0.003254645
what,0.0024376167
▁CREATE,0.0023442332
</s>,0.0020768752
