Token,Probability
<0x0A>,0.34848034
<0x09>,0.21302179
▁Would,0.13540488
▁SELECT,0.07477768
SELECT,0.015311158
▁Show,0.008724036
▁What,0.008131695
1,0.008005626
▁CREATE,0.0064327
▁Name,0.004561467
