Token,Probability
<0x0A>,0.61583126
▁SELECT,0.11127844
<0x09>,0.11041247
▁Would,0.039368775
SELECT,0.01918681
▁CREATE,0.008187925
1,0.0043485747
▁Show,0.0034132348
</s>,0.002135948
▁What,0.002135948
