Token,Probability
<0x0A>,0.49272606
<0x09>,0.25363365
▁Would,0.04172929
▁SELECT,0.03859329
SELECT,0.010633569
▁CREATE,0.005022942
1,0.004432731
▁Show,0.0039734743
ould,0.0032684908
</s>,0.0032430552
