Token,Probability
<0x0A>,0.38911334
▁SELECT,0.19413586
<0x09>,0.10554983
SELECT,0.06761775
▁Would,0.0461113
▁SUM,0.013737381
▁CREATE,0.0089390855
<s>,0.005173545
▁sum,0.004860096
▁Show,0.0042225244
