Token,Probability
<0x0A>,0.5061384
<0x09>,0.1847489
▁Would,0.073488034
▁SELECT,0.037828397
SELECT,0.01066999
▁Show,0.009055504
1,0.0064213136
▁CREATE,0.0046979333
ould,0.003987084
▁What,0.0034103335
