Token,Probability
<0x0A>,0.5024663
▁Would,0.14172713
<0x09>,0.10614872
▁SELECT,0.08075369
SELECT,0.020577868
▁Show,0.007337265
1,0.0058497777
▁What,0.0049646413
▁CREATE,0.0041158325
ould,0.0034930618
