Token,Probability
▁SELECT,0.72967255
<0x0A>,0.07512537
▁Would,0.05989517
SELECT,0.015143869
▁Show,0.014909086
▁CREATE,0.012953239
<0x09>,0.011794058
▁What,0.009113742
▁W,0.0042382837
▁Select,0.003711165
