Token,Probability
<0x0A>,0.42414957
<0x09>,0.3461808
▁Would,0.037645414
▁SELECT,0.0098974155
▁CREATE,0.0043577733
ould,0.0037860987
SELECT,0.0031757853
</s>,0.002983374
<s>,0.0026952538
▁Show,0.0026742793
