Token,Probability
<0x0A>,0.24483062
▁Would,0.17497256
<0x09>,0.1736109
▁SELECT,0.13626876
▁Show,0.027043363
▁CREATE,0.024241515
SELECT,0.014475269
▁What,0.008377643
<s>,0.0067844223
▁List,0.0044842293
