Token,Probability
▁SELECT,0.7134646
<0x0A>,0.06332358
SELECT,0.052088562
▁Would,0.03962689
<0x09>,0.029911945
▁Show,0.020239433
▁CREATE,0.008911302
▁What,0.002893076
1,0.002654836
▁select,0.0018104408
