Token,Probability
<0x0A>,0.4543324
<0x09>,0.16713956
▁Would,0.09158491
▁SELECT,0.08209619
SELECT,0.017208297
1,0.008997565
▁CREATE,0.008585538
▁Show,0.0069527803
2,0.00481605
0,0.0042170747
