Token,Probability
▁SELECT,0.6728077
▁Would,0.07548693
<0x0A>,0.069814004
SELECT,0.0692707
<0x09>,0.017514376
▁CREATE,0.0144069325
▁Show,0.012714074
1,0.0023154046
▁Select,0.0020433378
▁What,0.001817382
