Token,Probability
<0x0A>,0.5671932
<0x09>,0.27859595
▁Would,0.044426005
1,0.0054743583
▁SELECT,0.004132262
0,0.0034257658
</s>,0.0027742698
9,0.002545813
2,0.0025260013
3,0.002061662
