Token,Probability
<0x0A>,0.28766343
<0x09>,0.17177168
▁Would,0.07563005
▁SELECT,0.06622388
▁Name,0.026548645
1,0.020039968
▁Show,0.011067121
2,0.01056032
SELECT,0.009103565
3,0.007257995
