Token,Probability
▁SELECT,0.591565
<0x0A>,0.1309688
SELECT,0.1146801
▁Would,0.042852826
<0x09>,0.027238915
▁Show,0.008638328
▁CREATE,0.007217593
1,0.004587781
2,0.0022359062
CREATE,0.0020358155
