Token,Probability
<0x0A>,0.6811857
<0x09>,0.19979112
▁Would,0.022768943
▁SELECT,0.0072773914
SELECT,0.0023811534
▁Show,0.002289933
</s>,0.0017695229
1,0.0017017337
ould,0.0014784918
▁CREATE,0.0014107868
