Token,Probability
▁SELECT,0.4081073
<0x0A>,0.23072295
▁Would,0.08099137
<0x09>,0.07668109
SELECT,0.06662168
▁CREATE,0.014295826
▁Show,0.0071324524
1,0.0039389143
▁What,0.0030200703
<s>,0.0025233633
