Token,Probability
<0x0A>,0.3963389
<0x09>,0.22582708
▁Would,0.11179252
▁SELECT,0.0322803
▁Show,0.015248135
SELECT,0.010317404
▁What,0.005479532
ould,0.0049503446
1,0.0044374606
▁CREATE,0.0041039796
