Token,Probability
▁SELECT,0.32581782
<0x0A>,0.1945547
▁Would,0.14571474
<0x09>,0.10828599
SELECT,0.03200928
▁CREATE,0.014204032
▁Show,0.012437466
▁What,0.00828514
1,0.0034808477
▁W,0.0033737533
