Token,Probability
<0x0A>,0.22262836
▁SELECT,0.18601295
<0x09>,0.09575127
1,0.06789781
▁Would,0.06328772
2,0.058990646
3,0.026589166
SELECT,0.020386621
4,0.017712204
9,0.014569661
