Token,Probability
<0x0A>,0.41212672
▁SELECT,0.18004484
▁Would,0.17179997
<0x09>,0.05983815
SELECT,0.016616454
▁Show,0.015011716
▁What,0.013247793
▁CREATE,0.007607567
1,0.004008906
▁List,0.003707632
