Token,Probability
▁SELECT,0.5025939
<0x0A>,0.17505407
SELECT,0.06541293
▁Would,0.05551523
<0x09>,0.040299736
▁CREATE,0.026019467
▁Show,0.014146538
1,0.0061801653
3,0.0045569674
▁What,0.0038373515
