Token,Probability
1,0.19676377
2,0.1631229
▁SELECT,0.10951553
<0x0A>,0.089383975
3,0.08529078
4,0.06590761
9,0.041893423
5,0.038745083
6,0.029475708
<0x09>,0.026012218
