Token,Probability
<0x0A>,0.65888447
<0x09>,0.21224384
▁Would,0.031794652
▁SELECT,0.0063593313
1,0.0026717554
</s>,0.0023763084
ould,0.0021468159
▁Show,0.001954698
SELECT,0.0017937316
0,0.001725015
