Token,Probability
▁SELECT,0.27136374
<0x0A>,0.19545598
▁Would,0.08878987
<0x09>,0.064960055
▁Show,0.046424862
SELECT,0.04033462
▁CREATE,0.02729177
1,0.010941059
2,0.0061855144
Show,0.0051279715
