Token,Probability
<0x0A>,0.43101797
<0x09>,0.23251675
▁Would,0.071469784
▁SELECT,0.048358873
SELECT,0.014294857
▁CREATE,0.0076514855
ould,0.004533355
<s>,0.0038775841
▁Show,0.0038174675
1,0.003558271
