Token,Probability
<0x0A>,0.63091224
<0x09>,0.11136263
▁SELECT,0.056435835
▁Would,0.042268485
SELECT,0.013938666
▁CREATE,0.0072880015
▁Show,0.0050878446
1,0.0038106195
▁What,0.002558329
ould,0.0025186657
