Token,Probability
<0x0A>,0.34787098
<0x09>,0.2176921
▁SELECT,0.11293717
▁Would,0.0886454
SELECT,0.030160079
▁CREATE,0.009791544
▁Show,0.007929434
1,0.0064718155
<s>,0.0058012977
▁What,0.003410407
