Token,Probability
1,0.24192491
2,0.22374396
3,0.125509
4,0.094739154
5,0.06410372
6,0.06410372
9,0.06310989
7,0.052319933
8,0.045456346
0,0.012922111
