Token,Probability
▁SELECT,0.51805705
<0x0A>,0.16950761
SELECT,0.121141635
<0x09>,0.03871919
▁Would,0.034437563
▁CREATE,0.008179638
▁Show,0.0071065924
1,0.0033307928
CREATE,0.0030091207
select,0.0024368602
