Token,Probability
<0x0A>,0.6837826
<0x09>,0.16756813
▁Would,0.03827617
▁SELECT,0.011582728
1,0.0070803794
SELECT,0.0035602388
3,0.003241634
9,0.0027727163
2,0.0027084865
0,0.0026664953
