Token,Probability
▁Would,0.24603806
<0x0A>,0.22402021
<0x09>,0.19311748
▁SELECT,0.0651936
SELECT,0.01687442
▁Show,0.010810158
▁CREATE,0.009103067
▁What,0.009032225
ould,0.005786261
1,0.0041030734
