Token,Probability
<0x0A>,0.3426844
▁SELECT,0.30958953
▁Would,0.070166595
<0x09>,0.05771747
SELECT,0.02924979
1,0.018447611
▁Show,0.013183913
▁CREATE,0.012778287
2,0.010187739
3,0.0076302635
