Token,Probability
<0x0A>,0.64576465
<0x09>,0.29106894
▁Would,0.0031585803
</s>,0.0021205703
▁SELECT,0.0016258978
ould,0.0010746528
SELECT,0.0010174607
igr,0.0007158731
1,0.0006195365
<s>,0.00054036936
