Token,Probability
<0x0A>,0.58619547
<0x09>,0.1307979
▁Would,0.111006714
▁SELECT,0.026781617
SELECT,0.0062625706
▁Show,0.0062625706
▁What,0.0046177306
1,0.0043379557
▁CREATE,0.003274461
ould,0.0027573728
