Token,Probability
<0x0A>,0.5519262
<0x09>,0.29774186
▁Would,0.025813933
▁SELECT,0.005122932
</s>,0.0034126083
ould,0.0034126083
1,0.0030590422
SELECT,0.002345449
<s>,0.0021189367
0,0.0020061687
