Token,Probability
<0x0A>,0.28164387
▁Would,0.24854983
<0x09>,0.21426335
▁SELECT,0.03811635
▁What,0.011444604
1,0.010099828
▁Show,0.006887484
2,0.006222323
SELECT,0.0058453316
▁CREATE,0.004922263
