Token,Probability
▁SELECT,0.60657424
▁Would,0.13534501
<0x0A>,0.04714083
SELECT,0.03787873
▁Show,0.02141469
1,0.019960687
3,0.015545398
2,0.014489903
▁What,0.009138668
▁CREATE,0.007878024
