Token,Probability
<0x0A>,0.554836
<0x09>,0.2833825
▁Would,0.037463237
▁SELECT,0.0067167883
▁Show,0.0053550904
1,0.0050700977
▁What,0.002650962
0,0.0025494052
SELECT,0.002249842
3,0.0021636519
