Token,Probability
▁SELECT,0.7934993
▁Would,0.057033576
SELECT,0.05072671
<0x0A>,0.03711246
▁Show,0.012334377
▁CREATE,0.0067586806
▁Select,0.003761772
<0x09>,0.0032428503
▁What,0.0028618055
▁W,0.0016562858
