Token,Probability
<0x0A>,0.611919
<0x09>,0.18808845
▁Would,0.053468883
▁SELECT,0.026469018
▁Show,0.007642979
SELECT,0.005505031
▁CREATE,0.004155415
1,0.0035266553
▁What,0.0024238322
</s>,0.0023492589
