Token,Probability
<0x0A>,0.30617273
▁SELECT,0.2518508
<0x09>,0.13375697
SELECT,0.061718695
▁Would,0.058434088
▁CREATE,0.01882314
▁Show,0.011152341
▁List,0.0023744705
1,0.0023376574
▁What,0.0023194659
