Token,Probability
<0x0A>,0.50601405
▁SELECT,0.13833654
▁Would,0.09886466
<0x09>,0.08260452
SELECT,0.022407077
▁Show,0.0082431035
▁CREATE,0.007274513
1,0.006173799
▁What,0.005158402
0,0.0032280455
