Token,Probability
▁SELECT,0.27936423
<0x0A>,0.22979875
▁Would,0.14606898
<0x09>,0.11199497
SELECT,0.049310714
▁Show,0.00926521
1,0.007329383
▁CREATE,0.0072157523
▁What,0.0052380743
2,0.0042419215
