Token,Probability
▁SELECT,0.46061015
<0x0A>,0.14493741
▁Would,0.11555418
SELECT,0.04931247
<0x09>,0.044203416
1,0.017175596
▁Show,0.016134977
▁CREATE,0.011089398
2,0.01066457
3,0.0076814014
