Token,Probability
<0x0A>,0.4360336
<0x09>,0.18035135
▁SELECT,0.07756814
▁Would,0.06380581
SELECT,0.019921146
▁CREATE,0.008435144
▁Show,0.008369502
▁What,0.0041109608
▁List,0.0031396947
ould,0.0031152614
