Token,Probability
<0x0A>,0.5408899
▁Would,0.111618936
<0x09>,0.09697622
▁SELECT,0.06164183
SELECT,0.013435538
1,0.010795758
▁Show,0.008277395
▁What,0.005733584
0,0.0047905883
2,0.0047905883
