Token,Probability
<0x0A>,0.34402174
<0x09>,0.22211713
▁SELECT,0.10825124
▁Would,0.089743435
SELECT,0.0154737085
▁Show,0.0075412835
▁CREATE,0.0054743844
▁What,0.0053475704
1,0.0047192145
<s>,0.003307437
