Token,Probability
▁SELECT,0.78283495
SELECT,0.08646994
▁Would,0.053272586
<0x0A>,0.019143905
▁Show,0.0134694185
▁CREATE,0.006615957
▁Select,0.0056589274
▁What,0.0019103698
▁select,0.0016086927
select,0.0013546551
