Token,Probability
<0x0A>,0.48191464
<0x09>,0.18007836
▁SELECT,0.091259256
▁Would,0.061268564
SELECT,0.018253002
▁CREATE,0.008356833
▁Show,0.008036687
ould,0.0030503825
▁What,0.0029797205
1,0.002865569
