Token,Probability
<0x0A>,0.48211622
▁SELECT,0.17461093
<0x09>,0.08183849
▁Would,0.07509922
SELECT,0.024003152
▁CREATE,0.012452672
▁Show,0.008558588
1,0.005928361
▁What,0.0044749617
2,0.0026306938
