Token,Probability
<0x0A>,0.6069088
▁SELECT,0.13436581
<0x09>,0.061999638
1,0.027512172
▁Would,0.025644165
SELECT,0.021934617
2,0.012694782
3,0.011029417
▁Show,0.009582524
9,0.006138796
