Token,Probability
<0x0A>,0.47280616
▁SELECT,0.17806043
<0x09>,0.112301305
▁Would,0.06601853
SELECT,0.02585323
▁CREATE,0.016052634
▁Show,0.011032804
▁What,0.0036099192
1,0.0034446092
▁List,0.00224145
