Token,Probability
<0x0A>,0.48384485
<0x09>,0.14988814
▁Would,0.0937976
▁SELECT,0.0649717
SELECT,0.014725442
1,0.009433473
▁CREATE,0.00794378
▁Show,0.006901676
0,0.0052096588
2,0.004669908
