Token,Probability
<0x0A>,0.5704158
<0x09>,0.19559632
▁SELECT,0.035343535
▁Would,0.02143694
SELECT,0.011296472
▁CREATE,0.006851657
1,0.0033654207
ould,0.0030404043
▁Show,0.0023494423
0,0.0022950175
