Token,Probability
▁SELECT,0.2725027
<0x0A>,0.19474891
<0x09>,0.18294966
SELECT,0.054503966
▁Would,0.031055424
▁CREATE,0.028721573
<s>,0.005271611
▁grant,0.0048754434
▁Show,0.004725442
▁NE,0.004473958
