Token,Probability
▁SELECT,0.9166004
SELECT,0.03286955
<0x0A>,0.011538297
▁Would,0.0067302287
▁Select,0.005536135
▁CREATE,0.0042447024
▁Show,0.0038648455
▁MAX,0.0014217971
<0x09>,0.001378053
▁W,0.0011072968
