Token,Probability
▁SELECT,0.65708023
<0x0A>,0.12837987
SELECT,0.092468545
<0x09>,0.02909652
▁CREATE,0.01463065
▁Would,0.013425838
▁Show,0.0043587317
▁select,0.0019955728
select,0.001980043
CREATE,0.0014946149
