Token,Probability
<0x0A>,0.47707558
<0x09>,0.28045824
▁Would,0.0692683
▁SELECT,0.010705953
▁Show,0.0059587606
SELECT,0.003586045
1,0.0033687777
ould,0.0032651313
</s>,0.0024264394
▁CREATE,0.002388821
