Token,Probability
<0x0A>,0.47849065
<0x09>,0.2406002
▁SELECT,0.05850277
▁Would,0.05162852
SELECT,0.014336721
▁CREATE,0.007322481
▁Show,0.0038286478
1,0.003653321
<s>,0.003052464
0,0.0026728269
