Token,Probability
<0x0A>,0.530927
<0x09>,0.13850059
▁SELECT,0.08335112
▁Would,0.079534195
SELECT,0.015539335
▁Show,0.010680018
▁CREATE,0.0062784585
▁What,0.0044870125
1,0.0033869746
▁NE,0.002309716
