Token,Probability
<0x0A>,0.38854083
▁SELECT,0.18497317
▁Would,0.10874011
<0x09>,0.107893884
SELECT,0.025828041
▁Show,0.016417302
▁CREATE,0.014716375
▁What,0.005673668
▁List,0.0038389952
1,0.003691926
