Token,Probability
<0x0A>,0.5453521
<0x09>,0.17160264
▁Would,0.08764606
▁SELECT,0.031992264
SELECT,0.007840041
▁Show,0.004944652
1,0.0043296814
▁What,0.0031430123
ould,0.0029990831
▁CREATE,0.0029990831
