Token,Probability
1,0.258713
2,0.21956688
▁SELECT,0.101313464
3,0.09081681
4,0.0638976
9,0.03556437
5,0.034740523
6,0.028133733
0,0.02387679
<0x0A>,0.022783391
