Token,Probability
<0x0A>,0.4128965
<0x09>,0.32408616
▁Would,0.024033457
▁SELECT,0.018000228
SELECT,0.010097213
▁CREATE,0.0043427576
ould,0.004242158
1,0.00334274
<s>,0.0031402134
▁grant,0.002593179
