Token,Probability
▁SELECT,0.9010538
SELECT,0.054112487
▁Would,0.01479353
<0x0A>,0.007496997
▁Select,0.004802756
▁Show,0.004012853
▁CREATE,0.0020177893
1,0.0010305858
▁select,0.0006602181
select,0.0006106019
