Token,Probability
<0x0A>,0.42523623
▁SELECT,0.12767906
<0x09>,0.12088412
▁Would,0.09713312
SELECT,0.03409693
1,0.013562823
▁CREATE,0.010000598
▁Show,0.0073739784
0,0.0065585524
2,0.006456871
