Token,Probability
<0x0A>,0.43549454
<0x09>,0.21727629
▁Would,0.085753955
1,0.024377724
▁SELECT,0.016624162
2,0.0142194
3,0.011248472
0,0.009926741
9,0.0086245015
<s>,0.005745157
