Token,Probability
▁SELECT,0.8974217
<0x0A>,0.03094893
SELECT,0.020616433
▁Would,0.010126451
▁Select,0.006336971
▁Show,0.00604678
▁CREATE,0.0034453515
1,0.0021560458
<0x09>,0.0016402331
▁W,0.0015051626
