Token,Probability
<0x0A>,0.4465393
▁Would,0.14840795
<0x09>,0.08522352
1,0.060432523
2,0.0372314
3,0.025991702
9,0.015642082
▁SELECT,0.014353983
0,0.014131444
4,0.01380409
