Token,Probability
<0x0A>,0.45695743
<0x09>,0.1642111
▁Would,0.122988425
1,0.02104084
▁SELECT,0.020714631
0,0.011350681
2,0.010746609
<s>,0.009192061
3,0.006992952
▁What,0.0061712586
