Token,Probability
<0x0A>,0.52942413
<0x09>,0.17322691
▁Would,0.06890491
▁SELECT,0.04698906
SELECT,0.011696503
▁Show,0.010004549
1,0.004616341
▁CREATE,0.004203226
▁What,0.003377387
ould,0.0028888322
