Token,Probability
<0x0A>,0.62364393
<0x09>,0.26406744
▁Would,0.02325493
▁SELECT,0.0037374073
ould,0.0027343452
1,0.002357153
</s>,0.0019088807
SELECT,0.0018792861
0,0.0014866377
▁Show,0.0013326134
