Token,Probability
<0x0A>,0.5447484
<0x09>,0.24173065
▁Would,0.03002068
▁SELECT,0.01374447
SELECT,0.0051359334
▁Show,0.0041918266
1,0.004094723
what,0.00403124
ould,0.003757529
</s>,0.0029263666
