Token,Probability
<0x0A>,0.5587309
<0x09>,0.15637085
▁Would,0.05404032
▁SELECT,0.047319286
SELECT,0.014773803
▁CREATE,0.0056958077
▁Show,0.004871883
1,0.004333142
ould,0.0030967568
0,0.0025274996
