Token,Probability
<0x0A>,0.6186325
▁SELECT,0.11266134
<0x09>,0.09864957
▁Would,0.043775477
SELECT,0.019731157
▁CREATE,0.006257379
▁Show,0.003885295
1,0.0030258708
▁What,0.0023936606
</s>,0.0022311371
