Token,Probability
▁SELECT,0.92819625
SELECT,0.035156365
<0x0A>,0.010473709
▁Would,0.006605685
▁CREATE,0.0032700512
▁Select,0.0024683643
<0x09>,0.0014971385
▁Show,0.0012906143
▁select,0.00077066093
1,0.0006389003
