Token,Probability
▁SELECT,0.63769275
<0x0A>,0.11081437
SELECT,0.07439725
▁Would,0.058853075
▁Show,0.016215727
<0x09>,0.013870046
▁CREATE,0.012050505
1,0.0037040212
▁List,0.0026471445
▁What,0.0024674102
