Token,Probability
▁SELECT,0.31399122
<0x0A>,0.15665604
<0x09>,0.09576191
▁Would,0.084509596
SELECT,0.026385183
▁Name,0.02170386
▁CREATE,0.016771441
▁Show,0.014685567
1,0.006567791
▁NE,0.0063161827
