Token,Probability
<0x0A>,0.24421798
<0x09>,0.18871702
▁Would,0.12089666
▁SELECT,0.099446885
▁Name,0.01478146
▁Show,0.014666429
1,0.011333338
▁CREATE,0.010400056
SELECT,0.009923802
▁List,0.007608844
