Token,Probability
▁SELECT,0.64791983
<0x0A>,0.08109668
▁Would,0.059796937
SELECT,0.051952478
<0x09>,0.038307354
▁Show,0.015357123
▁CREATE,0.012243766
1,0.0037929418
▁What,0.0026479003
▁List,0.002355091
