Token,Probability
<0x0A>,0.41853932
<0x09>,0.32595876
▁Would,0.051172808
▁SELECT,0.04551404
SELECT,0.009843102
▁CREATE,0.0076658153
1,0.007546968
▁Show,0.004333859
ould,0.0038848463
2,0.0035649352
