Token,Probability
▁SELECT,0.84342253
SELECT,0.076633215
<0x0A>,0.028635738
▁CREATE,0.009369578
▁Show,0.007072529
▁Would,0.0068549304
<0x09>,0.0039673294
▁select,0.0014481408
▁Select,0.0014035861
CREATE,0.0014035861
