Token,Probability
▁SELECT,0.8183884
SELECT,0.06164546
▁Would,0.03738986
<0x0A>,0.019397603
<0x09>,0.0155864125
▁Show,0.006009097
1,0.00416238
▁Select,0.0034238803
▁CREATE,0.0032416647
▁What,0.0029515694
