Token,Probability
▁SELECT,0.9214673
SELECT,0.06995431
<0x0A>,0.0028648893
▁Select,0.0013427467
select,0.0010789272
▁select,0.00084026944
▁CREATE,0.0005641302
<0x09>,0.00040632774
Select,0.00035858297
▁Show,0.0003368575
