Token,Probability
▁SELECT,0.89053005
SELECT,0.067605674
<0x0A>,0.01147596
▁Would,0.006906354
▁Show,0.005132367
<0x09>,0.0035550864
▁Select,0.0030408266
select,0.001963305
▁select,0.0016532687
▁CREATE,0.0014476505
