Token,Probability
1,0.2649063
2,0.22307347
3,0.18206725
5,0.083356455
4,0.08206414
9,0.046033803
6,0.029490367
7,0.029490367
8,0.025224447
▁SELECT,0.016672341
