Token,Probability
▁SELECT,0.679441
SELECT,0.100203976
<0x0A>,0.09636522
▁Would,0.045519706
<0x09>,0.038632076
▁Show,0.0057871817
▁What,0.0036215256
select,0.0018068461
▁CREATE,0.0017927852
▁select,0.0016451522
