Token,Probability
▁SELECT,0.8751984
SELECT,0.113021225
<0x0A>,0.0024582525
▁Select,0.0023456807
select,0.0017568337
▁Show,0.001134297
▁Would,0.0010327892
▁select,0.00096266536
Select,0.00049942423
▁CREATE,0.00038592514
