Token,Probability
▁SELECT,0.79135406
SELECT,0.1452466
<0x0A>,0.02446352
▁Would,0.009961678
<0x09>,0.008520675
▁Show,0.0028098202
select,0.0026395817
▁CREATE,0.0022933085
▁Select,0.0015517302
▁select,0.0015157843
