Token,Probability
▁SELECT,0.9030584
SELECT,0.070733
▁Would,0.0065279943
<0x0A>,0.005851656
▁Select,0.003440011
select,0.0020541246
▁Show,0.0019296714
▁select,0.0011704048
<0x09>,0.0011432924
▁CREATE,0.00071545417
