Token,Probability
▁SELECT,0.9498618
SELECT,0.03150249
<0x0A>,0.0029531694
1,0.0020296818
2,0.0018771488
▁Select,0.0015807177
▁Would,0.0015441006
3,0.0014733911
5,0.00083297974
select,0.00067456753
