Token,Probability
▁SELECT,0.93422437
SELECT,0.039784074
<0x0A>,0.006967658
▁Would,0.006596846
<0x09>,0.0020596357
▁Show,0.0020436076
▁Select,0.0017479901
▁CREATE,0.0012590302
▁select,0.0008653179
select,0.0008653179
