Token,Probability
▁SELECT,0.86588204
SELECT,0.08776706
<0x0A>,0.012843158
▁Show,0.0081000775
▁Would,0.005926144
<0x09>,0.004169563
▁Select,0.002568793
select,0.0021801065
▁select,0.0018941093
▁CREATE,0.0016201176
