Token,Probability
▁SELECT,0.7870492
SELECT,0.08295437
▁Would,0.05746082
<0x09>,0.019703392
<0x0A>,0.018509623
▁Show,0.0033446206
▁Select,0.0024090398
▁What,0.002245472
▁RET,0.0021426443
1,0.0019357178
