Token,Probability
▁SELECT,0.957997
SELECT,0.037145574
▁Select,0.0017646805
▁CREATE,0.00089429657
<0x0A>,0.0005257298
▁select,0.00046395493
select,0.0002903356
Select,0.0002522479
<0x09>,0.00018311235
▁Show,0.00012883563
