Token,Probability
▁SELECT,0.65032756
SELECT,0.117511794
<0x0A>,0.08464058
<0x09>,0.048986204
▁Would,0.046018276
▁Show,0.006425591
▁What,0.0050042556
▁CREATE,0.0026370573
▁RET,0.0026165356
▁select,0.0020698502
