Token,Probability
▁SELECT,0.6535072
<0x0A>,0.09789701
SELECT,0.07684024
▁Would,0.054915246
<0x09>,0.03955397
▁Show,0.01585688
▁RET,0.0074902605
▁CREATE,0.004989588
▁What,0.0027127923
1,0.00256842
