Token,Probability
▁SELECT,0.8445871
SELECT,0.10906815
▁Would,0.011055304
<0x0A>,0.010466953
▁Select,0.006057807
▁Show,0.0033454387
select,0.0025450755
<0x09>,0.001966682
▁select,0.0012897815
Select,0.0011382283
