Token,Probability
▁SELECT,0.8420992
SELECT,0.08945273
<0x0A>,0.02503495
<0x09>,0.011918423
▁Would,0.009282077
▁Show,0.0034146851
select,0.0028308735
▁select,0.0015756184
▁Select,0.0014013839
▁CREATE,0.0013904783
