Token,Probability
▁SELECT,0.38777232
<0x0A>,0.13401054
1,0.076356895
<0x09>,0.055863902
2,0.051263593
3,0.051263593
▁Would,0.048535403
SELECT,0.030372676
5,0.024789454
4,0.018566445
