Token,Probability
▁SELECT,0.8480046
SELECT,0.12409048
<0x0A>,0.008248848
▁Show,0.00438093
select,0.002828541
▁Would,0.002438355
▁Select,0.0024005517
<0x09>,0.0022028699
▁select,0.0014446775
Select,0.00086942216
