Token,Probability
▁SELECT,0.853462
SELECT,0.08000695
<0x0A>,0.026178174
▁Would,0.009630412
<0x09>,0.008976531
▁Show,0.00570583
▁CREATE,0.0023053638
▁Select,0.0020990577
select,0.0018379964
▁select,0.0013982739
