Token,Probability
1,0.2852603
2,0.22921307
3,0.14121407
4,0.08976112
5,0.06670481
9,0.045134734
▁SELECT,0.03860578
6,0.036837894
7,0.02960008
8,0.024925765
