Token,Probability
▁SELECT,0.8961134
SELECT,0.085997395
<0x0A>,0.005005649
select,0.0018559182
▁Would,0.0017988174
▁Show,0.0014567268
▁Select,0.001411908
▁CREATE,0.0011982707
▁select,0.0011523657
<0x09>,0.0010410757
