Token,Probability
▁SELECT,0.87051445
SELECT,0.052278455
<0x0A>,0.017926354
▁Would,0.014180912
<0x09>,0.0063420963
▁CREATE,0.004358855
▁Show,0.00334205
▁RET,0.003214018
1,0.00219177
▁Select,0.002124336
