Token,Probability
▁SELECT,0.8740512
SELECT,0.09357507
1,0.006076258
2,0.0048824106
▁Select,0.0038322476
3,0.0026338627
4,0.0017961384
5,0.0015363186
▁Would,0.0014432378
<0x0A>,0.00122486
