Token,Probability
▁SELECT,0.7100729
SELECT,0.10309801
▁Would,0.07966796
<0x0A>,0.03913159
<0x09>,0.021950835
▁Show,0.0086634895
▁RET,0.0036683525
▁What,0.0023870426
▁CREATE,0.002242419
select,0.0021565133
