Token,Probability
▁SELECT,0.8726701
SELECT,0.087766744
▁Would,0.009107131
<0x0A>,0.007789741
<0x09>,0.0032727157
▁Select,0.0031720246
▁Show,0.0020320753
select,0.0017654976
1,0.0016456249
▁select,0.0013642709
