Token,Probability
▁SELECT,0.93135124
SELECT,0.037845477
<0x0A>,0.006680123
▁Would,0.004147783
1,0.0027201823
▁Show,0.001990128
2,0.0017290532
▁CREATE,0.0015991128
▁Select,0.0015022274
3,0.0013677938
