Token,Probability
▁SELECT,0.92157453
SELECT,0.06887778
▁Select,0.0028429255
▁CREATE,0.0015336432
▁Show,0.0009979608
<0x0A>,0.00090865366
▁select,0.00088069733
select,0.0008209001
<0x09>,0.00056862086
Select,0.000381754
