Token,Probability
▁SELECT,0.8248457
SELECT,0.12848617
<0x0A>,0.015832603
<0x09>,0.008881286
▁Would,0.0053032576
select,0.0022809028
▁Show,0.0021935229
▁CREATE,0.00156764
▁select,0.0015554406
▁Select,0.0013304388
