Token,Probability
▁SELECT,0.86715156
SELECT,0.089980125
▁Would,0.009708738
▁Show,0.008304324
<0x0A>,0.005237471
▁Select,0.003571645
select,0.002183303
<0x09>,0.001700358
1,0.0015123297
▁select,0.0013662758
