Token,Probability
▁SELECT,0.9119776
SELECT,0.072556496
<0x0A>,0.004190428
▁Would,0.0020105895
select,0.001505862
▁Select,0.0014481733
▁select,0.0011366842
▁CREATE,0.0009423443
▁Show,0.00085801433
<0x09>,0.00059432915
