Token,Probability
▁SELECT,0.9102574
SELECT,0.07830429
<0x0A>,0.0026173568
▁Show,0.0018272095
▁Select,0.0015030216
▁Would,0.0010249716
▁CREATE,0.00089051086
select,0.0008698822
▁select,0.0007676683
Select,0.00039826104
