Token,Probability
▁SELECT,0.8684018
SELECT,0.07240531
<0x0A>,0.018023105
▁Would,0.011456182
▁Show,0.009423599
<0x09>,0.003719278
▁CREATE,0.0027856105
▁Select,0.0025165894
select,0.0017161648
▁select,0.0013055893
