Token,Probability
▁SELECT,0.9225376
SELECT,0.049662653
▁Would,0.008234874
<0x0A>,0.004407811
▁Show,0.003569554
▁Select,0.0035417757
select,0.0009239274
▁What,0.00090960326
▁CREATE,0.00078412704
<0x09>,0.0007482192
