Token,Probability
▁SELECT,0.8595367
SELECT,0.11632564
<0x0A>,0.008040719
▁Would,0.0028670067
select,0.0025301245
<0x09>,0.0023217727
▁Select,0.0014529283
▁select,0.0013229063
▁Show,0.0008881572
▁CREATE,0.0008608316
