Token,Probability
▁SELECT,0.8093819
SELECT,0.09895927
<0x0A>,0.029024662
▁Would,0.01963907
▁Show,0.010030655
<0x09>,0.0073385835
▁CREATE,0.0048505077
select,0.0022034422
▁RET,0.0014226494
▁Select,0.001295337
