Token,Probability
▁SELECT,0.87147707
SELECT,0.06933429
▁Would,0.018371757
<0x0A>,0.015837444
▁Show,0.0044323923
<0x09>,0.0042625903
▁CREATE,0.002688382
▁Select,0.0018476961
select,0.0012023188
▁RET,0.0010777517
