Token,Probability
▁SELECT,0.832419
SELECT,0.057538882
▁Would,0.03382536
<0x0A>,0.02848381
<0x09>,0.012155399
▁Show,0.008034227
▁CREATE,0.0035374225
▁RET,0.002469519
▁Select,0.0023198985
select,0.0013744944
