Token,Probability
1,0.24218829
2,0.21041684
3,0.19158672
5,0.10416389
4,0.090499155
9,0.04480033
6,0.038319755
7,0.031768188
8,0.025130708
▁SELECT,0.009173125
