Token,Probability
▁SELECT,0.7120128
SELECT,0.102575175
<0x0A>,0.060300827
▁Would,0.04377371
<0x09>,0.034627855
▁Show,0.008289345
▁CREATE,0.0050277417
▁RET,0.003246154
select,0.0025281073
▁List,0.0014746321
