Token,Probability
▁SELECT,0.869091
SELECT,0.07246277
▁Would,0.020122183
▁Show,0.008790731
<0x0A>,0.0075191106
▁Select,0.0061850515
select,0.0020396134
<0x09>,0.0017445739
▁select,0.0015039168
▁What,0.0013800716
