Token,Probability
▁SELECT,0.8840732
SELECT,0.09318063
<0x0A>,0.005818848
▁Would,0.002791914
▁CREATE,0.0027060157
<0x09>,0.0016412815
select,0.0015907846
▁Select,0.0014944038
▁Show,0.0014827743
▁select,0.0011105468
