Token,Probability
▁SELECT,0.7277407
SELECT,0.13673842
<0x0A>,0.047999702
▁Would,0.02934163
<0x09>,0.01738434
▁Show,0.0070789973
▁CREATE,0.0044646673
select,0.003450028
▁RET,0.0016683245
▁select,0.0016553414
