Token,Probability
▁SELECT,0.96049345
SELECT,0.034985974
▁Select,0.0017148441
▁CREATE,0.0010564848
▁select,0.0004105058
select,0.0003429904
<0x0A>,0.00026093333
Select,0.00022493859
▁Show,0.00015459789
<0x09>,0.00012229699
