Token,Probability
▁SELECT,0.90511954
SELECT,0.07201087
<0x0A>,0.008270993
▁Select,0.002026894
<0x09>,0.0017068159
▁Show,0.0013822215
▁CREATE,0.001371465
▁Would,0.001339695
▁select,0.0011106462
select,0.0010112548
