Token,Probability
▁SELECT,0.9062296
SELECT,0.06879752
▁Would,0.0059646787
<0x0A>,0.0041316124
▁Select,0.0026675693
▁Show,0.0025854968
select,0.0017089093
<0x09>,0.0013308998
▁select,0.0010947683
▁CREATE,0.0008526065
