Token,Probability
▁SELECT,0.71333694
SELECT,0.10685966
<0x0A>,0.08721631
▁Would,0.033363216
<0x09>,0.016133396
▁Show,0.0072153015
▁CREATE,0.005532163
select,0.002984378
▁RET,0.0017407724
▁select,0.0016610565
