Token,Probability
▁SELECT,0.9228939
SELECT,0.070062615
▁Select,0.0024735127
select,0.0012340812
▁select,0.0009536241
Select,0.0005650036
▁Show,0.0004101486
<0x0A>,0.0003676548
▁CREATE,0.00032956366
▁Would,0.00029541898
