Token,Probability
▁SELECT,0.8655205
SELECT,0.05936136
<0x0A>,0.025731247
<0x09>,0.010642906
▁CREATE,0.0073721255
▁Show,0.0054358644
▁Would,0.0054358644
▁RET,0.0016971597
1,0.001521324
▁Select,0.0015094851
