Token,Probability
▁SELECT,0.92034876
SELECT,0.06563622
<0x0A>,0.0049828533
▁Would,0.001722028
▁Select,0.0012403304
<0x09>,0.0010363348
select,0.0009074451
▁CREATE,0.0008726813
▁select,0.00056786457
▁Show,0.0004154586
