Token,Probability
▁SELECT,0.91512185
SELECT,0.06227482
<0x0A>,0.005441513
▁Would,0.004511173
▁Select,0.0025305387
<0x09>,0.001131727
select,0.001030449
▁select,0.00102243
▁Show,0.00094559323
1,0.00082154566
