Token,Probability
▁SELECT,0.6418362
SELECT,0.09614867
▁Would,0.08033523
<0x0A>,0.077257626
<0x09>,0.04577363
▁Show,0.009299477
▁What,0.0049776514
▁CREATE,0.0034210864
select,0.002522551
▁Select,0.0022436033
