Token,Probability
▁SELECT,0.73381585
SELECT,0.12073169
<0x0A>,0.07209218
▁Would,0.024147857
<0x09>,0.014877063
▁Show,0.005735619
▁Select,0.0049059344
select,0.0034517564
▁select,0.0019667514
▁List,0.0014165979
