Token,Probability
▁SELECT,0.84761405
SELECT,0.06849772
<0x0A>,0.04090185
▁Would,0.012280963
<0x09>,0.004277475
▁Show,0.0035461513
1,0.002219125
▁Select,0.0021508494
▁CREATE,0.0021175037
3,0.0015491988
