Token,Probability
▁SELECT,0.74680424
SELECT,0.09950204
<0x0A>,0.06838668
<0x09>,0.018842513
▁Show,0.01624326
▁Would,0.015259131
▁CREATE,0.0052734152
select,0.0029581175
▁RET,0.0024332812
▁select,0.002130652
