Token,Probability
▁SELECT,0.88678414
SELECT,0.08644225
▁Would,0.005613091
▁Show,0.0043374607
<0x0A>,0.004074667
▁Select,0.0023953733
select,0.0018223039
<0x09>,0.0017253226
▁select,0.0014757466
▁CREATE,0.0009985402
