Token,Probability
▁SELECT,0.55381566
<0x0A>,0.09929369
▁Would,0.060224663
<0x09>,0.043378197
1,0.040118277
SELECT,0.031244146
3,0.030047199
2,0.027145382
5,0.014304612
▁Show,0.012525536
