Token,Probability
▁SELECT,0.888753
SELECT,0.07410214
▁Would,0.009060115
<0x0A>,0.008781364
<0x09>,0.004700326
▁Show,0.001974755
▁Select,0.0017840426
select,0.0016243892
▁CREATE,0.0013786012
▁select,0.0012749977
