Token,Probability
▁SELECT,0.63660383
<0x0A>,0.10976427
SELECT,0.08415918
▁Would,0.07198516
<0x09>,0.03144799
▁Show,0.014854979
▁What,0.004747936
▁CREATE,0.0035560399
▁RET,0.0028130591
1,0.0026842398
