Token,Probability
▁SELECT,0.8885018
SELECT,0.06959284
<0x0A>,0.011813278
▁Would,0.009793552
▁Select,0.0051608393
▁Show,0.0032044381
<0x09>,0.0027409012
▁CREATE,0.0016112926
select,0.0011605705
▁select,0.0010567114
