Token,Probability
▁SELECT,0.85891587
SELECT,0.11443947
<0x0A>,0.0074310782
▁Would,0.0030497087
▁Show,0.0027337412
▁Select,0.002568112
<0x09>,0.0023382923
select,0.0018788709
▁select,0.0015215559
▁CREATE,0.0012515978
