Token,Probability
▁SELECT,0.88661516
SELECT,0.06836842
▁Would,0.013150681
<0x0A>,0.010484636
▁Show,0.0032479889
<0x09>,0.0032227125
▁Select,0.0031976334
▁CREATE,0.0020484808
select,0.0019093942
▁select,0.0013645825
