Token,Probability
▁SELECT,0.7271761
SELECT,0.08352167
<0x0A>,0.07088392
▁Would,0.0457661
<0x09>,0.028639693
▁Show,0.01095566
▁RET,0.0030422767
▁What,0.0022084562
select,0.002140509
▁CREATE,0.0020585074
