Token,Probability
▁SELECT,0.8398186
SELECT,0.12289261
<0x0A>,0.0072093112
▁Show,0.006462385
▁Would,0.005884068
<0x09>,0.0031250052
select,0.0027578073
▁Select,0.0020334797
▁select,0.0016596776
▁CREATE,0.0014085502
