Token,Probability
▁SELECT,0.858108
SELECT,0.094046794
<0x0A>,0.015233241
▁Would,0.009384927
▁Show,0.0034796002
▁CREATE,0.0028178662
<0x09>,0.002667902
▁Select,0.002061595
select,0.0020455513
▁select,0.0010447656
