Token,Probability
▁SELECT,0.73412246
SELECT,0.14120862
▁Would,0.03225509
<0x0A>,0.029140046
<0x09>,0.027589243
▁Show,0.005693361
select,0.002796485
▁CREATE,0.002606611
▁RET,0.002061999
▁select,0.0019830049
