Token,Probability
▁SELECT,0.8145694
SELECT,0.14378005
<0x0A>,0.014460339
<0x09>,0.006938147
▁Would,0.006268093
select,0.0020669978
▁CREATE,0.0015602517
▁RET,0.0015122478
▁select,0.0012246555
▁Select,0.0012246555
