Token,Probability
▁SELECT,0.90909845
SELECT,0.080687076
<0x0A>,0.0015609051
▁Show,0.0013351131
select,0.001178233
▁Select,0.0011068475
▁select,0.0010896875
▁Would,0.0010896875
▁CREATE,0.0006257549
<0x09>,0.00050280814
