Token,Probability
▁SELECT,0.8435496
SELECT,0.10808642
<0x0A>,0.019378832
▁Show,0.0057732994
▁Would,0.0051348787
<0x09>,0.004223836
▁CREATE,0.0026022298
▁Select,0.0020746784
select,0.001654078
▁select,0.0010270403
