Token,Probability
▁SELECT,0.9123774
SELECT,0.05742207
<0x0A>,0.006342695
1,0.0052582794
2,0.004825268
3,0.0027067298
▁CREATE,0.0024453267
▁Select,0.0017071132
4,0.0010766629
9,0.0008517104
