Token,Probability
▁SELECT,0.8890864
SELECT,0.042903114
<0x0A>,0.026848085
▁Would,0.020265998
<0x09>,0.0049663964
▁Select,0.0022385304
▁Show,0.0021029045
▁CREATE,0.0020541905
select,0.0010329119
▁RET,0.0010168982
