Token,Probability
▁SELECT,0.8242635
SELECT,0.13667628
<0x0A>,0.009014778
▁Would,0.006493102
▁Show,0.0052582733
<0x09>,0.004225142
select,0.0026030343
▁Select,0.0022615555
▁CREATE,0.0015302448
▁select,0.0013933039
