Token,Probability
▁SELECT,0.6972781
SELECT,0.06639501
<0x0A>,0.062372334
1,0.044228606
2,0.029233325
3,0.022066468
▁Would,0.01639841
5,0.008507382
<0x09>,0.008441178
4,0.008441178
