Token,Probability
▁SELECT,0.34446135
<0x0A>,0.3160955
▁Would,0.1552609
<0x09>,0.080548294
SELECT,0.03864749
▁Show,0.0076698298
▁What,0.006114921
▁RET,0.00514928
▁CREATE,0.0032730815
1,0.0024706514
