Token,Probability
▁SELECT,0.8569018
SELECT,0.079704285
<0x0A>,0.024308436
▁Would,0.012033548
<0x09>,0.0053398544
▁Select,0.0031885728
▁Show,0.0031391385
select,0.0025223684
▁select,0.001590838
▁CREATE,0.0013085876
