Token,Probability
▁SELECT,0.8497759
SELECT,0.07904147
▁Would,0.019829292
<0x0A>,0.013951648
▁Show,0.008011757
<0x09>,0.006852819
▁CREATE,0.0028344493
▁Select,0.0017599497
select,0.0016024525
▁RET,0.0013922347
