Token,Probability
▁SELECT,0.9059329
SELECT,0.07095815
1,0.0041302596
2,0.004003185
3,0.0025247773
▁Select,0.0022107686
4,0.0011833392
5,0.0010042869
9,0.0009733882
<0x0A>,0.0008657495
