Token,Probability
▁SELECT,0.84892404
SELECT,0.12816836
<0x0A>,0.003551632
select,0.0033626175
▁Select,0.0030616983
▁Would,0.0025184841
▁Show,0.002384453
▁select,0.0021042724
<0x09>,0.0016908303
Select,0.00088407105
