Token,Probability
▁SELECT,0.9298002
SELECT,0.058518603
▁Select,0.0032249172
▁Would,0.0018664388
<0x0A>,0.001408862
▁Show,0.0011863806
select,0.0009239541
▁select,0.00073664053
▁CREATE,0.0006251786
Select,0.00044331807
