Token,Probability
▁SELECT,0.8781681
SELECT,0.08695042
<0x0A>,0.014759702
<0x09>,0.0027302701
▁CREATE,0.0022458588
▁Would,0.0021097893
select,0.001790555
▁Show,0.0016431055
▁select,0.0010691892
▁Select,0.0009289277
