Token,Probability
▁SELECT,0.64687026
<0x0A>,0.11329084
SELECT,0.06556771
<0x09>,0.06505746
▁Would,0.060640216
▁Show,0.0070746695
▁What,0.0035573675
▁RET,0.0035022155
▁CREATE,0.003368048
select,0.002483443
