Token,Probability
▁SELECT,0.75027436
SELECT,0.14097238
<0x0A>,0.05695799
<0x09>,0.011662476
▁Would,0.010536169
select,0.003937078
▁Show,0.0038760398
▁Select,0.0033153526
▁select,0.0022258223
1,0.0020585493
