Token,Probability
▁SELECT,0.8546117
SELECT,0.0820146
▁Would,0.027257666
<0x0A>,0.01277541
<0x09>,0.0035199956
▁Select,0.0033588032
▁Show,0.0030108117
select,0.0018404723
▁What,0.001274858
▁select,0.0010486695
