Token,Probability
▁SELECT,0.8470855
SELECT,0.0734415
<0x0A>,0.017718585
▁Would,0.01664507
1,0.0061714053
▁CREATE,0.00447996
2,0.0036851147
▁Select,0.0023241728
3,0.0022703332
<0x09>,0.0022177412
