Token,Probability
▁SELECT,0.7826594
SELECT,0.10509715
<0x0A>,0.040836353
▁Would,0.01770125
<0x09>,0.014112665
▁Show,0.014002841
▁What,0.0029813766
▁CREATE,0.002590265
▁Select,0.0023956033
select,0.0021642472
