Token,Probability
▁SELECT,0.89708626
SELECT,0.07962093
<0x0A>,0.005011083
▁Would,0.0028776228
▁Select,0.0027032762
▁CREATE,0.0024422065
▁Show,0.0018007704
select,0.0012869525
<0x09>,0.001180974
▁select,0.001066921
