Token,Probability
▁SELECT,0.9171807
SELECT,0.07411957
▁Select,0.001784462
▁select,0.0013055403
select,0.0012653731
<0x0A>,0.00096264505
Select,0.0006071326
▁Show,0.00053162314
▁Would,0.00045118266
▁CREATE,0.00034057052
