Token,Probability
▁SELECT,0.9540493
SELECT,0.03315987
<0x0A>,0.0037790223
▁Would,0.0015876862
▁Select,0.001082708
▁Show,0.0010742823
▁CREATE,0.00086321007
▁select,0.0006315379
select,0.0004995877
<0x09>,0.0004767099
