Token,Probability
▁SELECT,0.93674296
SELECT,0.053679645
▁Select,0.0017942667
▁Would,0.0017803035
<0x0A>,0.0016855575
▁Show,0.0008279181
select,0.0006810268
▁CREATE,0.0005387365
▁select,0.0004228592
Select,0.0003371327
