Token,Probability
▁SELECT,0.9211144
SELECT,0.06777608
<0x0A>,0.004758627
▁CREATE,0.0014176801
▁Select,0.001212606
select,0.00077077927
▁select,0.0007529241
<0x09>,0.0004190654
▁Would,0.0002971619
Select,0.00025023537
