Token,Probability
▁SELECT,0.90773225
SELECT,0.07109909
<0x0A>,0.0054399073
▁Would,0.0044747456
▁Select,0.0017523356
<0x09>,0.0014414319
select,0.001375424
▁Show,0.0013647202
▁CREATE,0.0011402665
▁select,0.00080857
