Token,Probability
▁SELECT,0.8495958
SELECT,0.11863015
<0x0A>,0.010863251
<0x09>,0.004221005
▁Would,0.0029238043
▁Select,0.0018877501
select,0.001718816
▁select,0.0014933333
▁Show,0.0011813239
▁CREATE,0.0011360679
