Token,Probability
▁SELECT,0.8924748
SELECT,0.06670289
▁Would,0.012930945
<0x0A>,0.0077819796
<0x09>,0.004264173
▁Select,0.0018339979
select,0.0017775719
▁Show,0.0017775719
▁select,0.001250678
▁CREATE,0.00088686345
