Token,Probability
▁SELECT,0.8750104
SELECT,0.05550223
<0x0A>,0.027261782
▁Would,0.0061306343
▁CREATE,0.0041159135
1,0.0040838826
3,0.0034389743
▁Select,0.0027632935
▁Show,0.0027632935
<0x09>,0.0024964274
