Token,Probability
▁SELECT,0.8719409
SELECT,0.0584164
<0x0A>,0.01740329
▁Would,0.008819558
▁CREATE,0.0047951103
▁Show,0.0044002403
<0x09>,0.0041014752
1,0.0040064645
2,0.0027969629
3,0.0027109093
