Token,Probability
▁SELECT,0.8958583
SELECT,0.08597291
<0x0A>,0.003131563
▁Show,0.0026785678
▁Would,0.0025162816
▁CREATE,0.0012751893
▁Select,0.0011253508
select,0.0010654606
<0x09>,0.0009042446
▁select,0.0008628363
