Token,Probability
▁SELECT,0.9328363
SELECT,0.05429758
▁Select,0.0023304056
<0x0A>,0.002088962
▁Would,0.0016268853
select,0.0016016626
▁select,0.0011269104
▁Show,0.0007107335
Select,0.00044825402
<0x09>,0.0003894498
