Token,Probability
▁SELECT,0.95104414
SELECT,0.03254294
<0x0A>,0.0035666365
▁Would,0.0029338351
▁Show,0.0027133538
▁Select,0.0025891003
▁CREATE,0.00082108635
select,0.00048647757
▁select,0.00045344693
<0x09>,0.00043607567
