Token,Probability
▁SELECT,0.6147893
<0x0A>,0.1350513
▁Would,0.09576571
SELECT,0.058999546
<0x09>,0.02786941
▁Show,0.021535808
▁What,0.003598995
▁CREATE,0.003380943
▁Select,0.0025520697
▁RET,0.0024352018
