Token,Probability
▁SELECT,0.9225273
SELECT,0.04149423
<0x0A>,0.010328732
▁Would,0.008903923
▁Select,0.0021481714
▁CREATE,0.0020658763
<0x09>,0.0020338476
▁Show,0.0017126715
select,0.00092391705
▁select,0.00090251456
