Token,Probability
▁SELECT,0.91563475
SELECT,0.069511525
▁Select,0.0030067733
▁Would,0.0026534684
<0x0A>,0.0012534097
▁CREATE,0.0012148463
▁Show,0.0011148057
▁select,0.0009242062
select,0.00091701414
Select,0.00052249886
