Token,Probability
▁SELECT,0.9100469
SELECT,0.06801621
<0x0A>,0.0041490155
▁Would,0.0036902106
▁Select,0.0026167515
select,0.0016375211
<0x09>,0.0015871399
▁Show,0.0010739126
▁select,0.0010408717
▁CREATE,0.0009477245
