Token,Probability
▁SELECT,0.837703
SELECT,0.09927076
<0x0A>,0.019855402
▁Would,0.009752647
▁Show,0.008606681
<0x09>,0.0051795915
▁CREATE,0.0039713304
select,0.0023164565
▁select,0.001748553
▁Select,0.0016947557
