Token,Probability
▁SELECT,0.9089965
SELECT,0.066884436
<0x0A>,0.005753689
▁Would,0.0054050907
▁Select,0.002183854
▁Show,0.0019423601
▁CREATE,0.0015853081
select,0.0013773396
<0x09>,0.0012346392
▁select,0.0010155864
