Token,Probability
▁SELECT,0.9328197
SELECT,0.055151664
▁Select,0.002461355
<0x0A>,0.001745362
▁Show,0.001391524
select,0.0011809709
▁Would,0.0011446363
▁select,0.0010503774
▁CREATE,0.0007990849
Select,0.0004808978
