Token,Probability
▁SELECT,0.87223876
SELECT,0.07159772
▁Would,0.019573728
<0x0A>,0.014890907
<0x09>,0.0047594192
▁Select,0.0029093747
▁Show,0.002567514
select,0.0018638154
▁CREATE,0.0013320087
▁select,0.0012033697
