Token,Probability
▁SELECT,0.7114961
<0x0A>,0.07382851
SELECT,0.069899425
<0x09>,0.029829415
▁Would,0.019259317
▁CREATE,0.012337982
1,0.010803497
3,0.008817558
▁Show,0.0066558416
2,0.006451063
