Token,Probability
▁SELECT,0.88659686
SELECT,0.079307124
<0x0A>,0.007730727
▁Would,0.0058812266
▁CREATE,0.0038570028
<0x09>,0.0034304892
▁Show,0.002529484
select,0.0015222704
▁Select,0.0013969138
▁select,0.001204215
