Token,Probability
▁SELECT,0.90321124
SELECT,0.059109636
▁Would,0.012197964
<0x0A>,0.006133521
<0x09>,0.004522575
▁Show,0.004182698
▁Select,0.0014342528
select,0.0009479832
▁select,0.0008975324
▁RET,0.0008431537
