Token,Probability
▁SELECT,0.88315874
SELECT,0.09755145
▁Would,0.0034439873
<0x0A>,0.0028775593
▁Select,0.0027673217
▁Show,0.0015282602
select,0.0014812405
<0x09>,0.0012184352
▁select,0.0011446138
▁CREATE,0.000710707
