Token,Probability
▁SELECT,0.76050234
SELECT,0.08666968
<0x0A>,0.047491074
▁Would,0.046754792
<0x09>,0.018890643
▁Show,0.00906383
select,0.002536675
▁What,0.002238608
▁CREATE,0.0021867508
▁select,0.0021360947
