Token,Probability
▁SELECT,0.91319215
SELECT,0.07379725
▁Would,0.0022284836
<0x0A>,0.002126434
▁Select,0.001450102
select,0.0011381981
▁Show,0.0010282763
▁select,0.00091456785
<0x09>,0.0008726868
▁CREATE,0.0008071033
