Token,Probability
▁SELECT,0.7958701
SELECT,0.10039612
<0x0A>,0.04892916
<0x09>,0.016909465
▁Would,0.012964936
select,0.003600233
▁Show,0.0032272276
▁select,0.0021164678
▁CREATE,0.0019882375
▁Select,0.0019421799
