Token,Probability
▁SELECT,0.7601571
▁Would,0.046733566
SELECT,0.042220257
<0x0A>,0.027905883
▁CREATE,0.016150689
▁Show,0.01370691
1,0.013389391
<0x09>,0.011274997
2,0.0078099626
3,0.007510767
