Token,Probability
▁SELECT,0.83274215
SELECT,0.08440795
<0x0A>,0.032037646
▁Would,0.0182545
<0x09>,0.010239846
select,0.0030986734
▁Show,0.0020321596
▁select,0.0015950603
▁Select,0.0014867596
▁CREATE,0.0014751896
