Token,Probability
▁SELECT,0.82049155
SELECT,0.10678753
<0x0A>,0.026581518
▁Would,0.012654699
▁Show,0.0077356626
<0x09>,0.0068266983
select,0.0032499954
▁Select,0.0025310991
▁select,0.0022866577
▁CREATE,0.0022336869
