Token,Probability
▁SELECT,0.8413312
SELECT,0.09739116
<0x0A>,0.023680996
▁Would,0.012875135
▁Show,0.0042127282
<0x09>,0.0036315983
select,0.0028282919
▁Select,0.0021685266
▁CREATE,0.001549776
▁select,0.0015138754
