Token,Probability
▁SELECT,0.85446036
SELECT,0.10046858
<0x0A>,0.012477258
▁Would,0.011097503
▁Show,0.0034110926
<0x09>,0.0033582083
▁Select,0.0021179956
select,0.0020368563
▁select,0.0013674807
▁RET,0.0012647128
