Token,Probability
▁SELECT,0.85412836
SELECT,0.07760594
<0x0A>,0.02155039
▁Would,0.012279043
▁Show,0.00898354
<0x09>,0.006470601
▁Select,0.0018978212
▁CREATE,0.0018109137
▁RET,0.0015013001
select,0.001410341
