Token,Probability
▁SELECT,0.87716895
SELECT,0.091019586
<0x0A>,0.00915408
▁Would,0.0043921755
▁Show,0.003727591
<0x09>,0.003447458
▁Select,0.0022965022
select,0.0020585712
▁select,0.0014483858
▁CREATE,0.0012682489
