Token,Probability
▁SELECT,0.7679701
SELECT,0.16097528
<0x0A>,0.032960612
<0x09>,0.01061747
▁Would,0.0058635236
▁Show,0.0040933993
select,0.003114094
▁select,0.0022082236
▁Select,0.001268076
▁CREATE,0.001051272
