Token,Probability
▁SELECT,0.79908025
SELECT,0.092500255
<0x0A>,0.042681854
<0x09>,0.022668162
▁Would,0.013535778
▁CREATE,0.0045339176
▁Show,0.0042926273
select,0.0024458652
▁RET,0.0019500137
▁select,0.0018176126
