Token,Probability
▁SELECT,0.7159405
1,0.052269317
SELECT,0.051862556
2,0.043672647
3,0.03245476
▁Would,0.01619228
5,0.015941242
4,0.015450782
9,0.01013287
<0x0A>,0.009444873
