Token,Probability
▁SELECT,0.70521677
<0x0A>,0.076091975
SELECT,0.041694958
1,0.028656498
<0x09>,0.023388755
▁Would,0.017517366
2,0.015219353
3,0.010542137
▁Show,0.009981095
▁CREATE,0.008537283
