Token,Probability
▁SELECT,0.869974
SELECT,0.08887344
▁Would,0.015687095
<0x0A>,0.0064884643
▁Select,0.0036682452
▁Show,0.002443578
select,0.0020738377
▁CREATE,0.0019330294
▁select,0.0013285503
<0x09>,0.0012578461
