Token,Probability
▁SELECT,0.8632918
SELECT,0.1031055
<0x0A>,0.01069876
<0x09>,0.004255672
▁Would,0.003314321
▁Show,0.002295763
▁Select,0.0021906323
select,0.002074049
▁CREATE,0.0018303419
▁select,0.0014033718
