Token,Probability
▁SELECT,0.34125805
2,0.1611989
1,0.14677326
3,0.14449775
4,0.060235623
5,0.035968333
9,0.028453294
6,0.025109943
7,0.016467502
SELECT,0.015960852
