Token,Probability
▁SELECT,0.9112154
SELECT,0.06298549
<0x0A>,0.004491916
1,0.004186926
▁Select,0.0038722735
2,0.0027673892
▁CREATE,0.0012184649
3,0.0011902392
▁Would,0.0008309209
▁select,0.00081803865
