Token,Probability
▁SELECT,0.89452237
SELECT,0.051662255
<0x0A>,0.012960612
▁Would,0.011986607
<0x09>,0.0046940227
1,0.0037132774
▁Select,0.0027594736
2,0.002737999
3,0.002003163
▁select,0.0011684346
