Token,Probability
▁SELECT,0.9148965
SELECT,0.072788715
<0x0A>,0.002321581
▁Select,0.0019549672
▁Show,0.0014528083
select,0.0010301954
▁Would,0.0009984996
▁select,0.00093800353
▁CREATE,0.0008023169
<0x09>,0.0005386501
