Token,Probability
▁SELECT,0.90058076
SELECT,0.063230686
<0x0A>,0.009926693
▁Would,0.007206006
▁Show,0.0031976458
▁Select,0.0023394476
▁CREATE,0.0021135148
<0x09>,0.0018219636
select,0.0014639889
▁select,0.0011671936
