Token,Probability
▁SELECT,0.7982333
SELECT,0.15474457
<0x0A>,0.016309958
▁Would,0.0065898187
<0x09>,0.004188744
▁CREATE,0.0034187532
select,0.0028564748
▁Select,0.0026418075
▁Show,0.0020735785
▁select,0.0013813012
