Token,Probability
▁SELECT,0.8451868
SELECT,0.072140835
<0x0A>,0.027381573
▁Would,0.019568728
<0x09>,0.0074274507
▁CREATE,0.0055196127
▁Show,0.0048331344
▁Select,0.0027972036
select,0.0020950087
▁select,0.001791956
