Token,Probability
▁SELECT,0.7636134
SELECT,0.07385651
<0x0A>,0.043080125
1,0.022003174
3,0.014543209
2,0.012934998
▁Would,0.01253703
<0x09>,0.008959811
▁Show,0.008416964
5,0.0061100605
