Token,Probability
▁SELECT,0.8170974
SELECT,0.10717985
<0x0A>,0.029762771
<0x09>,0.011746682
▁Would,0.009891699
▁Show,0.0030167974
select,0.00248155
▁CREATE,0.0020096202
▁select,0.0015897405
▁Select,0.001481801
