Token,Probability
▁SELECT,0.57838506
1,0.08267584
2,0.070166074
3,0.043567106
<0x0A>,0.034734722
SELECT,0.033930093
▁Would,0.032376323
4,0.021906916
5,0.021067675
9,0.01541344
