Token,Probability
▁SELECT,0.89680386
SELECT,0.077146955
▁Would,0.0052910917
<0x0A>,0.0038710453
▁Select,0.002876717
▁Show,0.0028543302
select,0.0018865969
▁CREATE,0.0015640438
▁select,0.0013588648
<0x09>,0.0012765353
