Token,Probability
▁SELECT,0.81848884
SELECT,0.13571875
<0x0A>,0.012331381
<0x09>,0.0069715306
▁Would,0.0068100356
▁Show,0.0043968894
select,0.0026255024
▁select,0.0021261966
▁Select,0.0019818333
▁CREATE,0.0016558836
