Token,Probability
▁SELECT,0.8358875
SELECT,0.052198645
<0x0A>,0.03848887
▁Would,0.030926675
<0x09>,0.014723305
▁Show,0.0060424316
▁Select,0.0026192002
▁What,0.0019616901
▁CREATE,0.0019616901
select,0.0013802216
