Token,Probability
▁SELECT,0.80811924
SELECT,0.08584318
<0x0A>,0.035506282
▁Would,0.027223608
▁Show,0.0073846024
<0x09>,0.0062672305
1,0.0034610936
2,0.0029373919
3,0.0021828844
▁Select,0.0019113973
