Token,Probability
▁SELECT,0.8931476
SELECT,0.09712529
<0x0A>,0.0021795682
select,0.0011219457
▁Select,0.0011045515
▁CREATE,0.0009521829
▁select,0.0008737722
<0x09>,0.0008337592
▁Would,0.0006244568
Select,0.0003642424
