Token,Probability
▁SELECT,0.66265124
<0x0A>,0.055683635
SELECT,0.050305974
1,0.04336646
2,0.028440416
<0x09>,0.025693776
3,0.022852518
▁Would,0.019093994
5,0.012620359
9,0.011401544
