Token,Probability
▁SELECT,0.8494792
SELECT,0.12825218
<0x0A>,0.0038427413
▁Would,0.0028114095
select,0.0025398969
▁Select,0.0024617526
▁Show,0.0021724887
▁CREATE,0.0015894269
▁select,0.0013280159
<0x09>,0.0009640361
