Token,Probability
▁SELECT,0.19800557
1,0.16543984
<0x0A>,0.14714524
2,0.104341604
3,0.078761175
▁Would,0.05498416
<0x09>,0.035778876
4,0.033349577
5,0.031085225
9,0.029201865
