Token,Probability
▁SELECT,0.93068373
SELECT,0.047065698
<0x0A>,0.0059371665
▁Would,0.0051181577
▁Select,0.0019125157
▁Show,0.0017966423
▁CREATE,0.0014663766
select,0.00083551626
<0x09>,0.0007727262
▁select,0.000645637
