Token,Probability
▁SELECT,0.9412731
SELECT,0.044717204
▁Select,0.0023514822
▁Would,0.002107855
<0x0A>,0.0020430032
▁Show,0.0011194733
▁CREATE,0.0010516478
select,0.0007171616
▁select,0.0006843203
1,0.0006328928
