Token,Probability
▁SELECT,0.8207591
SELECT,0.12199495
<0x0A>,0.012758111
▁Would,0.010013955
1,0.005035333
2,0.004077737
<0x09>,0.003302252
3,0.0026742453
▁Show,0.0023234244
select,0.002002917
