Token,Probability
▁SELECT,0.8695505
SELECT,0.064989544
▁Would,0.024475288
<0x0A>,0.009735597
<0x09>,0.0040584006
▁Select,0.0036952158
▁Show,0.0033909203
1,0.0022944116
2,0.002040692
select,0.0020248112
