Token,Probability
▁SELECT,0.90089095
SELECT,0.047005247
<0x0A>,0.016244577
▁Would,0.008832024
▁Show,0.004475852
▁Select,0.003173854
<0x09>,0.0029583573
▁CREATE,0.0026936152
1,0.0016725037
▁What,0.0013230593
