Token,Probability
▁SELECT,0.78456867
SELECT,0.114807755
<0x0A>,0.035565786
▁Would,0.023143098
<0x09>,0.014258048
▁CREATE,0.003059523
select,0.0025563273
▁Show,0.0024014472
▁RET,0.0019447514
▁Select,0.0015145738
