Token,Probability
▁SELECT,0.8023971
SELECT,0.13835062
▁Would,0.019931294
<0x0A>,0.011356509
▁Show,0.0046244324
<0x09>,0.003658227
▁Select,0.0032536942
select,0.0030327768
▁select,0.0019889437
▁CREATE,0.0010480996
