Token,Probability
▁SELECT,0.8225738
▁Would,0.055541236
SELECT,0.049014963
<0x0A>,0.02972908
<0x09>,0.013089537
▁Show,0.0058540027
▁Select,0.004667218
▁What,0.0034955847
▁CREATE,0.0024787406
select,0.0014801237
