Token,Probability
▁SELECT,0.93002266
SELECT,0.05498629
▁Show,0.0029600584
<0x0A>,0.0027376062
▁Would,0.002341599
▁Select,0.001535658
▁select,0.0008480709
select,0.0008349228
▁CREATE,0.000790489
<0x09>,0.0007602058
