Token,Probability
▁SELECT,0.8824183
SELECT,0.06543804
<0x0A>,0.018748311
▁Would,0.0068971184
▁Show,0.004086408
<0x09>,0.0035781777
▁CREATE,0.0034410998
▁Select,0.0031331573
select,0.0015754504
▁select,0.0011985394
