Token,Probability
▁SELECT,0.8244061
SELECT,0.09106178
<0x0A>,0.034294184
▁Would,0.024318216
<0x09>,0.00664823
▁Show,0.0022619467
▁Select,0.0020118167
select,0.0019499196
▁select,0.0014044746
▁CREATE,0.0010437168
