Token,Probability
▁SELECT,0.73975885
SELECT,0.13899657
<0x0A>,0.055722654
▁Would,0.015964808
<0x09>,0.015840568
▁Show,0.0053059254
▁CREATE,0.0051026586
select,0.004005123
▁select,0.0018625553
▁Select,0.0017225818
