Token,Probability
▁SELECT,0.78243834
SELECT,0.15527964
<0x0A>,0.02917618
<0x09>,0.007434751
▁Would,0.0049914555
select,0.0035672325
▁Show,0.0023031784
▁select,0.0022149452
▁CREATE,0.001711577
▁Select,0.0014870437
