Token,Probability
▁SELECT,0.8736782
SELECT,0.087868124
<0x0A>,0.010743218
▁Would,0.008301714
▁Show,0.0033805033
▁Select,0.0032764962
<0x09>,0.0019564852
select,0.0016475258
▁CREATE,0.0014313951
▁select,0.0010390814
