Token,Probability
▁SELECT,0.81373227
SELECT,0.054516662
▁Would,0.02719937
▁Show,0.01913715
<0x0A>,0.018693838
1,0.012648883
2,0.008830343
3,0.004545471
<0x09>,0.004405622
▁What,0.0032485018
