Token,Probability
▁SELECT,0.8945035
SELECT,0.084512025
▁Would,0.0037131992
<0x09>,0.0032768867
<0x0A>,0.0028918423
▁Select,0.0024162247
select,0.0018965165
▁select,0.0017000263
▁Show,0.0015002681
Select,0.00066573994
