Token,Probability
▁SELECT,0.5561997
<0x0A>,0.10208593
▁Would,0.08267171
SELECT,0.06289332
<0x09>,0.058623016
1,0.023501515
3,0.016026642
▁Show,0.013601634
2,0.0126781175
5,0.0069470354
