Token,Probability
▁SELECT,0.87308115
SELECT,0.104274675
<0x0A>,0.0038882764
▁Select,0.0029121845
select,0.0027144542
▁Show,0.0021811256
▁Would,0.0021641518
▁select,0.0018366916
<0x09>,0.0010882039
▁CREATE,0.00086084014
