Token,Probability
▁SELECT,0.8859714
SELECT,0.045155957
▁Would,0.015007645
<0x0A>,0.011417215
▁Show,0.009997247
<0x09>,0.009318459
▁CREATE,0.004685615
▁Select,0.0021961038
▁What,0.0019995752
▁RET,0.0014179111
