Token,Probability
▁SELECT,0.9436534
SELECT,0.033839677
1,0.0031230855
▁Select,0.0027133839
2,0.0025489882
▁Would,0.0024133332
3,0.0017247316
<0x0A>,0.0014637607
5,0.0009524872
4,0.00085380406
