Token,Probability
▁SELECT,0.83306783
SELECT,0.0716641
▁Would,0.038659886
<0x0A>,0.018119523
▁Show,0.012748678
<0x09>,0.0051509314
▁Select,0.0027143501
select,0.0024331275
▁CREATE,0.0018949218
▁RET,0.0017119191
