Token,Probability
▁SELECT,0.85939044
SELECT,0.08575855
<0x0A>,0.016755447
▁Would,0.011788929
▁Show,0.005439697
<0x09>,0.004106099
▁Select,0.0032481914
▁CREATE,0.0023033125
select,0.0021136384
▁select,0.0014190298
