Token,Probability
▁SELECT,0.789627
SELECT,0.12591703
<0x0A>,0.024988996
▁Would,0.017309375
<0x09>,0.005076823
▁Show,0.0045154197
▁Select,0.003923065
1,0.0033555753
select,0.0033035518
2,0.002324339
