Token,Probability
▁SELECT,0.86976224
SELECT,0.05872746
▁Would,0.020776965
<0x0A>,0.015440129
▁Show,0.011838358
<0x09>,0.0046359673
▁Select,0.0034451582
▁CREATE,0.0020411888
select,0.0015650337
▁RET,0.0011360927
