Token,Probability
▁SELECT,0.6171308
1,0.074283846
3,0.05105449
2,0.044356912
SELECT,0.044011723
<0x0A>,0.041023437
5,0.024305582
▁Would,0.019530082
9,0.013214716
4,0.013111878
