Token,Probability
▁SELECT,0.74045753
SELECT,0.08843505
▁Would,0.055341233
<0x0A>,0.0451682
<0x09>,0.035730988
▁Show,0.004911814
select,0.0026497247
▁What,0.0026086445
▁Select,0.002338374
▁CREATE,0.002231292
