Token,Probability
▁SELECT,0.8674931
SELECT,0.079438455
▁Would,0.013804334
<0x0A>,0.011092093
▁Show,0.0058451225
▁Select,0.0033565715
<0x09>,0.0032279834
▁CREATE,0.0025735726
select,0.0017966434
▁select,0.0014778785
