Token,Probability
▁SELECT,0.92074144
SELECT,0.05443755
<0x0A>,0.0037628599
▁Select,0.0035348798
▁Would,0.0034529942
1,0.0015685934
▁Show,0.0014967622
select,0.0014507116
▁select,0.0011210231
2,0.0010865328
