Token,Probability
▁SELECT,0.93368065
SELECT,0.061582915
▁Select,0.0012006757
▁CREATE,0.00076918176
<0x0A>,0.00071137684
▁select,0.00054543145
select,0.00053697533
Select,0.00022210267
<0x09>,0.00015872961
▁Show,0.00015264878
