Token,Probability
▁SELECT,0.93930954
SELECT,0.055535365
▁Select,0.0010331838
<0x0A>,0.0010171658
▁CREATE,0.0007558934
select,0.00059330754
▁select,0.0005617323
<0x09>,0.00024926718
Select,0.00023234254
▁Show,0.00013135458
