Token,Probability
▁SELECT,0.9207643
SELECT,0.051945973
<0x0A>,0.008219046
▁Would,0.004646627
▁Show,0.002930591
▁Select,0.0019675058
select,0.0014061129
▁CREATE,0.0012903218
<0x09>,0.0011748513
▁select,0.0011298435
