Token,Probability
▁SELECT,0.78070647
SELECT,0.06611854
<0x0A>,0.04913513
▁Would,0.03324649
▁Show,0.026506413
<0x09>,0.0100607
▁What,0.0036437437
▁CREATE,0.003266231
▁Select,0.0028824387
select,0.0020122665
