Token,Probability
▁SELECT,0.8450371
SELECT,0.12560354
<0x0A>,0.013446994
<0x09>,0.002264843
select,0.0019677298
▁Would,0.0017095933
▁CREATE,0.0015087108
▁select,0.001439622
▁Select,0.0013736968
▁Show,0.0008463101
