Token,Probability
▁SELECT,0.9361352
SELECT,0.054489598
▁Would,0.0018500217
<0x0A>,0.0016199332
▁Select,0.001429586
▁Show,0.00075333886
▁CREATE,0.00073016115
select,0.0006752886
▁select,0.00046411858
<0x09>,0.00036145595
