Token,Probability
▁SELECT,0.89954597
SELECT,0.039833277
▁Would,0.026534682
<0x0A>,0.01007143
▁Show,0.0042979587
<0x09>,0.0041333064
▁Select,0.0030239916
▁CREATE,0.002062183
▁What,0.0018341435
select,0.0012028606
