Token,Probability
▁SELECT,0.864643
SELECT,0.061183598
▁Would,0.02081667
<0x0A>,0.018227687
<0x09>,0.0077786217
▁Show,0.007364651
▁Select,0.0034248808
▁CREATE,0.0021432359
select,0.0020291747
▁select,0.0015927175
