Token,Probability
▁SELECT,0.99878985
SELECT,0.0010482995
▁Select,8.7404755e-05
▁select,4.2597672e-05
Select,8.928958e-06
▁CREATE,7.063387e-06
select,6.481728e-06
▁UPDATE,1.7720057e-06
▁RET,8.910204e-07
▁WH,8.176463e-07
