Token,Probability
▁SELECT,0.9391193
SELECT,0.052160084
▁Select,0.0020704272
▁Would,0.0015266374
▁Show,0.0009045027
<0x0A>,0.00084970164
select,0.00084308925
▁select,0.00058857107
▁CREATE,0.0003920729
Select,0.00036260817
