Token,Probability
▁SELECT,0.9345692
SELECT,0.054398447
<0x0A>,0.0021592763
▁Select,0.0017081283
select,0.0012893628
▁Would,0.001279329
▁CREATE,0.0009359771
▁select,0.0009001203
▁Show,0.0006138287
<0x09>,0.0005996094
