Token,Probability
▁SELECT,0.9397998
SELECT,0.040021505
▁Would,0.005720776
<0x0A>,0.0031347263
▁Show,0.002329531
▁Select,0.002088178
▁CREATE,0.00078641507
select,0.00074456277
<0x09>,0.00073876855
▁select,0.00061726425
