Token,Probability
▁SELECT,0.43443862
<0x0A>,0.22538377
<0x09>,0.1314652
SELECT,0.086893186
▁Would,0.051886294
▁Show,0.010459306
▁RET,0.00634389
▁CREATE,0.0033956396
select,0.0029733214
▁What,0.0025037879
