Token,Probability
▁SELECT,0.89596707
SELECT,0.08871275
▁Select,0.003928337
select,0.0022035972
<0x0A>,0.0019752916
▁select,0.0014564889
▁Would,0.0014116773
Select,0.0009702308
<0x09>,0.00069339265
▁Show,0.00048406605
