Token,Probability
▁SELECT,0.8390876
SELECT,0.097893246
▁Would,0.017011296
<0x0A>,0.008290643
▁Select,0.005566075
▁Show,0.0036789507
1,0.003049957
select,0.0027554068
<0x09>,0.0027126882
3,0.002431638
