Token,Probability
▁SELECT,0.89248157
SELECT,0.0926085
<0x0A>,0.004468849
▁CREATE,0.0021950246
▁Select,0.002127491
1,0.0011841271
▁select,0.00070157205
select,0.00070157205
2,0.0006288852
3,0.00051328103
