Token,Probability
▁SELECT,0.9069041
SELECT,0.071034215
<0x0A>,0.004038907
▁Would,0.003481756
▁Select,0.0027976695
<0x09>,0.0021117916
select,0.0020308902
▁select,0.0012222113
▁CREATE,0.00097443175
▁Show,0.0008269895
