Token,Probability
▁SELECT,0.9295781
SELECT,0.042139303
▁Show,0.0062634484
▁Select,0.0046546
<0x0A>,0.0030288058
▁Would,0.0027577588
▁CREATE,0.0015469625
1,0.0015469625
2,0.0010884241
▁select,0.0008543139
