Token,Probability
▁SELECT,0.93934727
SELECT,0.042582154
<0x0A>,0.005206317
▁Show,0.0024211626
▁Would,0.0021200408
▁Select,0.0019303189
▁CREATE,0.001368801
select,0.00087006297
▁select,0.00074420427
<0x09>,0.0007269648
