Token,Probability
▁SELECT,0.85689586
SELECT,0.117794484
<0x0A>,0.0052570305
▁Show,0.0029259785
select,0.0028138857
▁Select,0.0027919882
▁Would,0.002388114
▁CREATE,0.0017471815
▁select,0.0015661634
<0x09>,0.0012683177
