Token,Probability
▁SELECT,0.92242384
SELECT,0.07338759
▁Select,0.0013233016
select,0.0007028002
▁CREATE,0.0006058516
▁select,0.0005691449
<0x0A>,0.00031926134
Select,0.0002952685
<0x09>,7.6425975e-05
▁Show,4.4231958e-05
