Token,Probability
▁SELECT,0.9301165
SELECT,0.025573581
▁Would,0.01856443
<0x0A>,0.004842821
▁Select,0.0036842236
▁Show,0.0036555529
1,0.0015002359
<0x09>,0.0013983735
▁CREATE,0.0013448028
▁What,0.0011148807
