Token,Probability
▁SELECT,0.8479275
SELECT,0.124079205
<0x0A>,0.008057031
▁Would,0.0034924645
select,0.0022904142
▁CREATE,0.0019899462
<0x09>,0.0017424552
▁Select,0.0014445463
▁Show,0.0012948827
▁select,0.0010904006
