Token,Probability
▁SELECT,0.91419345
SELECT,0.05844243
<0x0A>,0.011507997
▁CREATE,0.003565011
▁Select,0.0027121173
▁Show,0.0018786289
1,0.0011756159
<0x09>,0.0009977323
▁select,0.00092998875
select,0.0007356817
