Token,Probability
▁SELECT,0.84244066
SELECT,0.06055129
<0x0A>,0.02408564
▁Would,0.019202745
<0x09>,0.0074033174
▁CREATE,0.00684695
1,0.006533405
▁Show,0.003931872
2,0.0033369367
3,0.002598809
