Token,Probability
▁SELECT,0.87594104
SELECT,0.076538876
▁Would,0.018465864
<0x0A>,0.0096551
<0x09>,0.003134552
▁Select,0.002154344
select,0.0020556895
▁Show,0.001901202
▁select,0.0014806576
▁CREATE,0.0011089612
