Token,Probability
▁SELECT,0.9079901
SELECT,0.052851357
<0x0A>,0.01367981
▁Would,0.0049544983
▁Show,0.0048397277
<0x09>,0.003052378
▁CREATE,0.0028010195
▁Select,0.0016725651
select,0.0012924582
▁select,0.0011767965
