Token,Probability
▁SELECT,0.91448736
SELECT,0.073901914
<0x0A>,0.0024129828
▁Select,0.0013748761
<0x09>,0.001242097
select,0.00122284
▁Would,0.0010541541
▁select,0.0010378109
▁Show,0.00096734625
▁CREATE,0.00050975557
