Token,Probability
▁SELECT,0.90703076
SELECT,0.08305901
▁Select,0.0031214615
select,0.0014516145
▁select,0.0013636656
<0x0A>,0.0008600531
▁Show,0.0007130091
Select,0.0005382075
▁Would,0.00041589452
▁CREATE,0.00037867625
