Token,Probability
▁SELECT,0.88602
SELECT,0.08050361
<0x0A>,0.009690194
▁Would,0.004233333
▁Show,0.003824497
▁CREATE,0.0034282573
<0x09>,0.0029323439
▁Select,0.0015695705
select,0.0015332116
▁select,0.001175554
