Token,Probability
▁SELECT,0.8976711
SELECT,0.07031103
<0x0A>,0.0066950354
▁Would,0.0055503794
<0x09>,0.0022601446
▁Select,0.0022077882
▁Show,0.0019636475
▁CREATE,0.0016795968
select,0.001482239
1,0.0013601789
