Token,Probability
▁SELECT,0.6325283
<0x0A>,0.12262119
SELECT,0.07554474
<0x09>,0.069867454
▁Would,0.04546362
▁Show,0.009832198
▁CREATE,0.00471754
▁What,0.0031181034
▁RET,0.0028613326
select,0.0022110667
