Token,Probability
▁SELECT,0.92678946
SELECT,0.06926754
▁Select,0.0010683351
select,0.000647978
▁select,0.0006280418
▁CREATE,0.00042164733
<0x0A>,0.00040867462
Select,0.00025574202
<0x09>,0.00016641451
▁Show,6.415851e-05
