Token,Probability
▁SELECT,0.90047944
SELECT,0.046983775
▁Would,0.023441074
<0x0A>,0.008037976
▁Show,0.0041700476
▁Select,0.0030989158
<0x09>,0.0019544617
▁CREATE,0.0015582328
▁What,0.0014524326
select,0.0010878218
