Token,Probability
▁SELECT,0.92794746
SELECT,0.049953878
▁Would,0.0047196047
<0x0A>,0.003762797
▁Select,0.003647028
1,0.0015322315
▁CREATE,0.0012802272
2,0.0010865148
▁What,0.0007949112
▁Show,0.0007949112
