Token,Probability
▁SELECT,0.86283875
SELECT,0.07307438
<0x0A>,0.017087596
▁Would,0.01060993
▁Show,0.007642045
1,0.0030397957
<0x09>,0.002946271
▁CREATE,0.0022767019
select,0.0019935465
2,0.0019322118
