Token,Probability
▁SELECT,0.85681885
SELECT,0.10808458
<0x0A>,0.010870352
▁Would,0.0050551826
<0x09>,0.0040619536
▁Show,0.0028579412
select,0.0020424784
▁select,0.0013712553
▁CREATE,0.0012982783
▁Select,0.0012196196
