Token,Probability
▁SELECT,0.8739782
SELECT,0.10939121
▁Show,0.0034081866
▁Select,0.0026336426
▁Would,0.0020833828
select,0.0015603816
<0x0A>,0.0014318867
▁select,0.0012936018
<0x09>,0.0011686718
▁CREATE,0.0006607072
