Token,Probability
▁SELECT,0.906315
SELECT,0.06463538
<0x0A>,0.005918819
▁Would,0.003973707
▁Select,0.0020777008
▁Show,0.001805138
▁CREATE,0.0017359841
1,0.0017090703
select,0.0013840472
2,0.0012800344
