Token,Probability
▁SELECT,0.8850932
SELECT,0.055271395
<0x0A>,0.018805144
▁Would,0.008952592
▁Show,0.007250029
<0x09>,0.006448309
▁CREATE,0.0044666133
▁RET,0.002839152
▁Select,0.0018188291
select,0.0011381942
