Token,Probability
▁SELECT,0.7970186
SELECT,0.1545091
<0x0A>,0.018891092
▁Would,0.0053284774
select,0.0038983973
▁Show,0.0038379582
<0x09>,0.0034673063
▁select,0.0023278391
▁CREATE,0.0018559153
▁Select,0.0017848164
