Token,Probability
▁SELECT,0.82737124
SELECT,0.14377555
<0x0A>,0.008111263
▁Would,0.003543548
<0x09>,0.0034077968
select,0.002552322
▁Show,0.0019417041
▁CREATE,0.0012246175
▁Select,0.0012150875
▁select,0.001141469
