Token,Probability
▁SELECT,0.87875867
SELECT,0.07922249
<0x0A>,0.011236139
▁Would,0.008481483
<0x09>,0.004720656
▁CREATE,0.002931122
▁Show,0.0029083118
select,0.0015567071
▁Select,0.0013108789
▁select,0.0010699081
