Token,Probability
▁SELECT,0.88370794
SELECT,0.07368149
▁Would,0.016312622
<0x0A>,0.009367551
▁Show,0.002662962
▁Select,0.0024436715
▁CREATE,0.0021230986
<0x09>,0.0021065762
select,0.0013815266
▁select,0.0009202951
