Token,Probability
▁Would,0.24329838
1,0.1452801
3,0.10712282
2,0.099849455
▁SELECT,0.07837274
5,0.05471299
4,0.04716554
<0x0A>,0.04129953
▁What,0.032926854
9,0.02666498
