Token,Probability
▁SELECT,0.8968841
SELECT,0.059619885
▁Would,0.013199469
<0x0A>,0.009433236
▁Select,0.0028769742
<0x09>,0.0028103292
▁Show,0.0026816349
▁CREATE,0.0021716543
▁What,0.0019466582
select,0.0012470761
