Token,Probability
▁SELECT,0.7453528
SELECT,0.08971788
<0x0A>,0.060233742
▁Would,0.053572997
<0x09>,0.012237227
▁Show,0.0062991846
▁What,0.0031183222
▁RET,0.002688162
select,0.0026672422
▁CREATE,0.0023909006
