Token,Probability
▁SELECT,0.7987996
SELECT,0.09103418
<0x0A>,0.0329704
1,0.013425725
▁Would,0.0126123
2,0.008533909
3,0.006803826
<0x09>,0.005509906
5,0.0029956838
4,0.002748994
