Token,Probability
▁SELECT,0.8598609
SELECT,0.079979524
<0x0A>,0.024392378
▁Would,0.0072103734
▁Show,0.0050731306
<0x09>,0.0043055103
▁CREATE,0.0027798463
select,0.0026943195
▁Select,0.0023963775
▁select,0.0018663006
