Token,Probability
▁SELECT,0.89472485
SELECT,0.07696811
<0x0A>,0.0085017
▁Would,0.003984667
<0x09>,0.0026337039
▁Select,0.0024357778
▁Show,0.002200542
select,0.0016099509
▁CREATE,0.001560418
▁select,0.0012247862
