Token,Probability
▁SELECT,0.9022565
SELECT,0.037240576
<0x0A>,0.018149605
▁Would,0.011627074
<0x09>,0.00584646
▁CREATE,0.004517794
▁Select,0.0033052887
▁Show,0.0020523004
1,0.0020363294
▁What,0.0017691937
