Token,Probability
▁SELECT,0.7677717
<0x0A>,0.04832106
SELECT,0.046834376
▁Would,0.022647625
<0x09>,0.01805626
1,0.014622405
3,0.012704166
2,0.012313301
▁Show,0.012028063
5,0.0056816544
