Token,Probability
▁SELECT,0.701047
SELECT,0.18575898
<0x0A>,0.04733559
<0x09>,0.031779613
▁Would,0.006926727
select,0.0036787572
▁Show,0.003146608
▁CREATE,0.0029559645
▁select,0.0018497952
▁Select,0.0011850233
