Token,Probability
▁SELECT,0.6419206
SELECT,0.15487057
<0x0A>,0.1196747
▁Would,0.022137593
<0x09>,0.020796346
▁Show,0.008601742
select,0.0039075175
▁RET,0.0024262327
▁select,0.002157936
▁CREATE,0.001761256
