Token,Probability
▁SELECT,0.70348346
▁Would,0.14745814
<0x0A>,0.033160415
SELECT,0.02814288
▁What,0.019646896
▁Show,0.018747197
<0x09>,0.010272617
▁Select,0.0038385964
1,0.0037496756
▁CREATE,0.0023282266
