Token,Probability
▁SELECT,0.83389014
SELECT,0.15186268
▁Select,0.0032014432
select,0.0026749058
▁Would,0.001713609
▁Show,0.0015972592
<0x0A>,0.0011415097
Select,0.0010977791
▁select,0.0010393565
▁CREATE,0.0004007076
