Token,Probability
▁SELECT,0.904853
SELECT,0.058299
▁Would,0.009442989
<0x0A>,0.0089404415
<0x09>,0.0040297727
▁Select,0.0027480663
▁Show,0.0019184595
▁CREATE,0.0019035299
select,0.0011911985
▁select,0.0010349313
