Token,Probability
▁SELECT,0.79863614
SELECT,0.0772439
▁Would,0.03735271
<0x0A>,0.037062027
▁Show,0.011128039
<0x09>,0.009518316
select,0.0022607984
▁What,0.0021741882
▁RET,0.0021404808
▁Select,0.0020584804
