Token,Probability
▁SELECT,0.91720706
SELECT,0.07184121
▁Select,0.0030119363
<0x0A>,0.0018126153
select,0.0012753343
▁select,0.0009855019
▁Show,0.0008562189
▁Would,0.0007153977
Select,0.0005884701
▁CREATE,0.00058389053
