Token,Probability
▁SELECT,0.91871035
SELECT,0.055172842
▁Would,0.010205951
<0x0A>,0.0030643817
▁Show,0.0026416625
▁Select,0.0024431383
▁What,0.0009794353
▁CREATE,0.0008183488
<0x09>,0.0007451151
▁select,0.00067843497
