Token,Probability
▁SELECT,0.8536926
SELECT,0.121079355
▁Would,0.004806089
▁Select,0.0034888466
select,0.0032015454
<0x0A>,0.003176631
▁Show,0.0017406502
▁select,0.0015848799
<0x09>,0.0015481663
▁CREATE,0.0011064245
