Token,Probability
▁SELECT,0.6734635
▁Would,0.08429386
<0x0A>,0.08234118
SELECT,0.06826324
<0x09>,0.024723304
▁Show,0.013760592
▁CREATE,0.005647336
1,0.0050228443
▁What,0.0045377617
▁Select,0.0045024483
