Token,Probability
▁SELECT,0.8754664
SELECT,0.06750872
<0x0A>,0.01494601
▁Would,0.013293255
<0x09>,0.005807393
▁Show,0.0022920447
▁Select,0.0021870844
▁CREATE,0.0019604897
1,0.0017436957
select,0.0015752977
