Token,Probability
▁SELECT,0.91036546
SELECT,0.06594665
<0x0A>,0.006133994
▁Would,0.0029431225
▁Select,0.0021033548
▁Show,0.0016001479
1,0.0013265692
<0x09>,0.0012559706
select,0.0009705389
▁CREATE,0.0009629861
