Token,Probability
▁SELECT,0.9288308
SELECT,0.04447219
▁Would,0.0057880855
<0x0A>,0.005028776
▁Show,0.002843012
▁Select,0.0027771539
▁CREATE,0.0023023414
<0x09>,0.0013016257
▁select,0.001261579
select,0.0011133396
