Token,Probability
▁SELECT,0.704286
SELECT,0.08815173
▁Would,0.07658755
<0x0A>,0.039733097
▁Show,0.02752231
<0x09>,0.019516243
▁What,0.005131046
▁CREATE,0.0040908265
▁Select,0.0030163862
select,0.0027250778
