Token,Probability
▁SELECT,0.8980111
SELECT,0.08617951
▁Would,0.002225947
▁Select,0.002174383
<0x0A>,0.0021574618
▁Show,0.0020748104
select,0.001760869
▁select,0.0011548061
<0x09>,0.0008993639
▁CREATE,0.0007340394
