Token,Probability
▁SELECT,0.88873804
SELECT,0.08138391
<0x0A>,0.011014114
▁Would,0.003989048
<0x09>,0.0025755228
▁CREATE,0.001974722
▁Show,0.0018406432
▁Select,0.0016499418
select,0.0015259467
▁select,0.0010736376
