Token,Probability
▁SELECT,0.82375973
SELECT,0.12932342
<0x0A>,0.018776929
<0x09>,0.0055504492
▁Would,0.0050933785
select,0.0027909412
▁Select,0.0022601732
▁Show,0.001830344
▁select,0.0018019672
▁CREATE,0.001615273
