Token,Probability
▁SELECT,0.80345434
SELECT,0.05299356
<0x0A>,0.050173294
▁Would,0.040001635
<0x09>,0.0135039585
▁Show,0.009650844
▁CREATE,0.0035781928
▁Select,0.0025572192
▁RET,0.0022044608
▁What,0.0021702836
