Token,Probability
▁SELECT,0.90469015
SELECT,0.051842876
<0x0A>,0.011934907
▁Would,0.009740988
▁Show,0.0042555225
▁Select,0.0028570225
▁CREATE,0.0016278824
<0x09>,0.0015412482
select,0.0011817159
▁select,0.0011543414
