Token,Probability
▁SELECT,0.8717808
SELECT,0.09480177
<0x0A>,0.009914273
▁Would,0.0042640762
<0x09>,0.003562769
▁Show,0.003168792
▁Select,0.0021108708
select,0.0019070128
▁CREATE,0.0015204032
▁select,0.0012216783
