Token,Probability
▁SELECT,0.8208425
SELECT,0.14042959
▁Would,0.011617572
<0x0A>,0.005530793
▁Select,0.0038913991
<0x09>,0.003102494
select,0.002891842
▁Show,0.0025922304
▁select,0.0016477221
▁CREATE,0.0010072322
