Token,Probability
▁Would,0.3503975
<0x0A>,0.22447306
<0x09>,0.13509028
▁SELECT,0.1239658
▁Show,0.033105295
SELECT,0.01842587
▁What,0.016260775
1,0.008112801
3,0.0050768615
2,0.004515454
