Token,Probability
▁SELECT,0.87098444
SELECT,0.099260636
▁Would,0.009451625
▁Select,0.0036725055
<0x0A>,0.0032409749
select,0.0024464163
▁Show,0.0023711475
<0x09>,0.002012367
▁select,0.0018757323
Select,0.0008454587
