Token,Probability
▁SELECT,0.4439832
<0x0A>,0.19245248
▁Would,0.083421975
<0x09>,0.06547865
SELECT,0.062480167
▁Show,0.029513543
1,0.020126488
3,0.012594835
2,0.011739677
▁What,0.008792611
