Token,Probability
▁SELECT,0.96420836
SELECT,0.02866516
▁Select,0.0018759588
▁CREATE,0.0015797156
<0x0A>,0.0015073754
▁select,0.0005588817
select,0.0003608411
▁Show,0.00027451344
Select,0.00024037201
<0x09>,0.00021379128
