Token,Probability
▁SELECT,0.9346021
SELECT,0.055257045
▁Select,0.0025245387
▁Would,0.0014161379
<0x0A>,0.0010773409
select,0.00095820683
▁select,0.00094335113
▁Show,0.000900152
▁CREATE,0.0006090733
Select,0.0004743468
