Token,Probability
▁SELECT,0.9239963
SELECT,0.055490293
<0x0A>,0.004736368
▁Would,0.0025953157
▁Show,0.002326426
▁Select,0.0018987734
▁select,0.001335954
▁CREATE,0.0013255575
select,0.0011162313
<0x09>,0.0010989257
