Token,Probability
▁SELECT,0.7558512
SELECT,0.065531574
▁Would,0.058284987
<0x0A>,0.04539239
<0x09>,0.023184165
▁Show,0.013417966
▁CREATE,0.004494455
▁RET,0.0028792561
▁What,0.0027474053
1,0.0021396815
