Token,Probability
▁SELECT,0.8594722
SELECT,0.11273822
<0x0A>,0.009473572
▁Would,0.0042368434
<0x09>,0.0035124666
select,0.0014528193
▁Select,0.0013755017
▁CREATE,0.0010302032
▁Show,0.0009907366
▁select,0.00093071104
