Token,Probability
▁SELECT,0.9174673
SELECT,0.06243443
<0x0A>,0.0076934323
▁CREATE,0.0019913334
▁Select,0.0017990199
▁Would,0.0011706444
<0x09>,0.0009781101
1,0.0008564618
select,0.0008045714
▁select,0.0005932537
