Token,Probability
▁SELECT,0.7269958
SELECT,0.080931924
<0x0A>,0.07311589
▁Would,0.041660182
<0x09>,0.023006935
▁Show,0.016061429
▁RET,0.0037265515
▁CREATE,0.0031136503
select,0.0026841343
▁Select,0.002601552
