Token,Probability
▁SELECT,0.7929749
SELECT,0.059731174
<0x0A>,0.050693188
<0x09>,0.027777575
▁Would,0.026713433
▁Show,0.011311179
▁CREATE,0.0030443629
▁What,0.0024271775
▁Select,0.0023895476
▁RET,0.0017211266
