Token,Probability
▁SELECT,0.6959249
<0x0A>,0.07221276
SELECT,0.041793536
▁Would,0.039261397
<0x09>,0.02151347
1,0.02151347
2,0.01399908
3,0.012354146
▁Show,0.010322276
▁CREATE,0.0077916626
