Token,Probability
▁SELECT,0.8376497
SELECT,0.13253544
<0x0A>,0.0082764365
<0x09>,0.002815916
▁Show,0.002750685
▁Would,0.002750685
select,0.0022982836
▁CREATE,0.001965826
▁Select,0.0018905165
▁select,0.0017348356
