Token,Probability
▁SELECT,0.7937586
▁Would,0.050348397
SELECT,0.049567822
<0x0A>,0.03830304
<0x09>,0.017952276
3,0.0051033865
▁Show,0.004365158
1,0.003912902
▁CREATE,0.0034262515
▁What,0.0028851929
