Token,Probability
▁SELECT,0.61368936
<0x0A>,0.14576401
SELECT,0.110028446
<0x09>,0.06621628
▁Would,0.026753794
▁Show,0.006354583
select,0.0032967145
▁CREATE,0.0028198292
▁RET,0.0025674838
▁Select,0.0014515236
