Token,Probability
▁SELECT,0.91700816
SELECT,0.058622368
▁Would,0.008445352
▁Select,0.0036895014
▁Show,0.0028733867
<0x0A>,0.0016760316
▁CREATE,0.0014113601
select,0.0011978057
▁select,0.0008427616
▁What,0.0007152425
