Token,Probability
▁SELECT,0.8040942
SELECT,0.13126476
▁Would,0.022632884
<0x0A>,0.01721819
<0x09>,0.0065865447
select,0.0022235196
▁Show,0.0022235196
▁Select,0.001731679
▁CREATE,0.001058554
▁select,0.0010340328
