Token,Probability
▁SELECT,0.93535763
SELECT,0.0579557
▁CREATE,0.0028854446
▁Select,0.0010208304
<0x0A>,0.0009008797
▁select,0.00058621354
select,0.00044249723
Select,0.0001505521
<0x09>,0.000115432296
▁Show,0.00011188082
