Token,Probability
▁SELECT,0.7151308
<0x0A>,0.07478766
▁Would,0.07136288
SELECT,0.054715823
<0x09>,0.029059354
▁Show,0.010524601
▁CREATE,0.0033638647
▁What,0.0030389985
1,0.0030153487
▁RET,0.0022060762
