Token,Probability
▁SELECT,0.543224
1,0.09293467
2,0.068525724
3,0.04746638
<0x0A>,0.035829507
▁Would,0.031373363
4,0.024054792
5,0.022597387
9,0.017057402
SELECT,0.016276285
