Token,Probability
▁SELECT,0.8174702
SELECT,0.08285996
▁Would,0.041018657
<0x0A>,0.015327552
▁Show,0.01428685
<0x09>,0.007828548
▁Select,0.0035011428
select,0.0022782374
▁CREATE,0.0018306151
▁select,0.0017331914
