Token,Probability
▁SELECT,0.89891505
SELECT,0.08103965
▁Select,0.0046078027
▁Show,0.003166893
▁Would,0.0029750208
select,0.0018617207
▁select,0.0016951159
<0x0A>,0.001519492
Select,0.00085235777
▁CREATE,0.00071217155
