Token,Probability
▁SELECT,0.897187
SELECT,0.0765793
▁Would,0.0067439065
<0x0A>,0.0060451985
▁Show,0.0021894258
▁Select,0.0017185
select,0.0013383692
<0x09>,0.0012770807
▁CREATE,0.00096399116
▁select,0.0008310123
