Token,Probability
▁SELECT,0.8849804
SELECT,0.046537247
▁Would,0.017802082
<0x0A>,0.0155880265
▁Show,0.005916547
<0x09>,0.004680374
▁CREATE,0.0026254517
1,0.002485728
▁What,0.0016688388
▁Select,0.0014727449
