Token,Probability
▁SELECT,0.9008119
SELECT,0.066282205
<0x0A>,0.01151812
▁Would,0.0050713597
▁Show,0.0037687144
▁Select,0.0021982717
<0x09>,0.0015588081
select,0.0015466773
▁CREATE,0.0011227673
▁select,0.0010143358
