Token,Probability
▁SELECT,0.60807925
▁Would,0.090382904
<0x0A>,0.082294576
SELECT,0.082294576
<0x09>,0.07791493
▁Show,0.010964691
▁CREATE,0.0059613995
▁What,0.0040972056
▁Select,0.002905354
select,0.0019203216
