Token,Probability
▁SELECT,0.73748934
SELECT,0.083392985
▁Would,0.063939616
<0x0A>,0.054264847
▁Show,0.026446575
<0x09>,0.0111981835
▁What,0.0025380005
▁Select,0.0024407716
▁CREATE,0.001842391
select,0.0012962839
