Token,Probability
▁SELECT,0.8710273
SELECT,0.06875922
<0x0A>,0.015953422
<0x09>,0.009089986
▁Would,0.008341441
▁Show,0.0065472713
▁Select,0.0025045546
▁CREATE,0.0023898627
▁select,0.0014955377
▁What,0.0013095365
