Token,Probability
▁SELECT,0.7631239
<0x0A>,0.060241286
SELECT,0.05748264
▁Would,0.036538187
<0x09>,0.017259419
▁Show,0.014762763
▁CREATE,0.0088152485
1,0.0033458907
▁What,0.0032683832
▁RET,0.0031926713
