Token,Probability
▁SELECT,0.77835256
SELECT,0.088013664
<0x0A>,0.061443437
<0x09>,0.024250316
▁Would,0.02042081
▁Show,0.00441631
▁Select,0.0027636564
▁CREATE,0.0026165773
select,0.0024773255
▁select,0.0014563445
