Token,Probability
▁SELECT,0.2923009
2,0.20727238
1,0.18872367
3,0.1010165
4,0.06321451
5,0.04413084
9,0.027616374
6,0.02399352
7,0.016750177
8,0.013045051
