Token,Probability
▁SELECT,0.8717394
SELECT,0.08631389
▁Would,0.009459817
<0x09>,0.006501631
<0x0A>,0.006107717
▁Show,0.0037335723
▁Select,0.00273154
▁CREATE,0.0021440103
▁select,0.0020780459
select,0.0020618744
