Token,Probability
▁SELECT,0.7946271
SELECT,0.100239314
<0x0A>,0.034913477
▁Would,0.026148988
<0x09>,0.021342183
▁Show,0.0040415283
select,0.002214575
▁CREATE,0.0018216595
▁select,0.0015460224
▁Select,0.0013432076
