Token,Probability
▁SELECT,0.9146414
SELECT,0.058471065
▁Would,0.0043023317
<0x0A>,0.004202668
▁Select,0.0027134463
▁Show,0.00200077
1,0.0015582014
2,0.0013328
▁CREATE,0.0011947143
select,0.0011670387
