Token,Probability
▁SELECT,0.86036897
SELECT,0.114633076
<0x0A>,0.0055750366
▁Show,0.0042082584
▁Select,0.0030075067
select,0.002116045
<0x09>,0.0018099493
▁Would,0.0017680218
▁select,0.0016098024
Select,0.0012151425
