Token,Probability
▁SELECT,0.84023196
SELECT,0.1003514
▁Would,0.015877897
<0x0A>,0.012658964
<0x09>,0.008046527
▁Show,0.0062178737
▁Select,0.0026952487
select,0.0026328135
▁select,0.0017132043
▁CREATE,0.0015118975
