Token,Probability
▁SELECT,0.8179366
SELECT,0.09922697
<0x0A>,0.029561486
<0x09>,0.009979518
▁Would,0.007894449
▁Show,0.007021468
▁CREATE,0.00600578
▁RET,0.0028148522
▁Select,0.0020918206
select,0.0019195625
