Token,Probability
▁SELECT,0.4514856
<0x09>,0.18674257
<0x0A>,0.1713646
▁Would,0.06869874
SELECT,0.03677179
1,0.009974616
3,0.008666097
2,0.005909764
▁Show,0.0049377927
5,0.004357587
