Token,Probability
▁SELECT,0.7119247
<0x0A>,0.11089648
SELECT,0.09863337
<0x09>,0.02717635
▁Would,0.017683988
▁Show,0.0048724515
select,0.0041030156
▁CREATE,0.003145891
▁select,0.002374643
▁Select,0.0021621373
