Token,Probability
▁SELECT,0.7826849
SELECT,0.07337202
▁Would,0.06785803
<0x0A>,0.030825898
<0x09>,0.010007704
▁Show,0.007916746
▁Select,0.0026517776
▁What,0.002049135
select,0.0017390783
▁CREATE,0.0016724551
