Token,Probability
▁SELECT,0.7740288
SELECT,0.09172514
▁Would,0.057850324
▁Show,0.023373643
<0x0A>,0.010211188
<0x09>,0.009592525
▁What,0.0034741822
▁Select,0.0025023592
▁CREATE,0.0023507492
▁select,0.0020107022
