Token,Probability
▁SELECT,0.938326
SELECT,0.048958473
▁Select,0.002827548
<0x0A>,0.0021177358
select,0.0011513928
▁select,0.0011159682
▁Would,0.0010901169
▁Show,0.00085564255
▁CREATE,0.0006067414
<0x09>,0.00054814515
