Token,Probability
▁SELECT,0.59578377
<0x0A>,0.12009887
▁Would,0.06529662
SELECT,0.04703139
<0x09>,0.033875443
1,0.021364974
2,0.0158771
3,0.015032136
▁Show,0.0113468515
5,0.006828656
