Token,Probability
▁SELECT,0.39405632
<0x0A>,0.23347066
<0x09>,0.14271775
▁Would,0.10441454
SELECT,0.065853424
▁Show,0.012568346
▁What,0.004733282
select,0.0029620123
▁Select,0.0027180952
▁CREATE,0.0021168548
