Token,Probability
▁SELECT,0.85154885
SELECT,0.13685636
select,0.0027529742
▁Select,0.0024294911
▁select,0.001473561
<0x0A>,0.0009893021
▁Show,0.00078874035
Select,0.00076447334
▁Would,0.00062883866
<0x09>,0.00059073925
