Token,Probability
▁SELECT,0.7074911
SELECT,0.054983735
▁Would,0.047770705
1,0.042157497
2,0.034949794
3,0.028974395
<0x0A>,0.020707067
4,0.010412167
5,0.008905998
9,0.007325874
