Token,Probability
▁SELECT,0.2995274
<0x0A>,0.28358683
<0x09>,0.18025877
▁Would,0.08854013
SELECT,0.038379304
1,0.01143388
3,0.009856621
2,0.006514828
▁RET,0.0063143885
▁Show,0.006072488
