Token,Probability
▁SELECT,0.39667407
<0x0A>,0.11634413
▁Would,0.06839519
1,0.06325521
<0x09>,0.05538811
3,0.053266227
2,0.040840633
SELECT,0.031806715
5,0.02699401
▁CREATE,0.018408315
