Token,Probability
▁SELECT,0.8754333
SELECT,0.09669812
▁Would,0.004629883
▁Show,0.0041827504
<0x0A>,0.003549854
▁Select,0.0029200302
<0x09>,0.0028301904
select,0.0023463103
▁select,0.0016379886
▁CREATE,0.0010996936
