Token,Probability
▁SELECT,0.8455267
SELECT,0.11177883
▁Would,0.01064361
<0x0A>,0.007909659
<0x09>,0.004402389
▁Show,0.0042669415
select,0.0027549444
▁Select,0.0025678906
▁select,0.0019082943
▁CREATE,0.0016322505
