Token,Probability
▁SELECT,0.65064096
<0x0A>,0.121300444
SELECT,0.102946356
▁Would,0.031396862
1,0.014262669
<0x09>,0.014151675
3,0.008516627
2,0.008319341
▁Show,0.0068433033
▁CREATE,0.0033351595
