Token,Probability
▁SELECT,0.8904602
SELECT,0.08680059
▁Would,0.006538292
▁Select,0.0027043552
▁Show,0.0025805137
<0x0A>,0.0023680124
select,0.0016022773
<0x09>,0.0012478548
▁select,0.0012285085
▁CREATE,0.00082478166
