Token,Probability
▁SELECT,0.8554873
SELECT,0.06545473
<0x0A>,0.026240295
▁Would,0.01220287
<0x09>,0.011920192
▁Show,0.00287588
1,0.0023108346
3,0.002187854
select,0.0021539347
▁Select,0.0021539347
