Token,Probability
▁SELECT,0.923505
SELECT,0.058122408
<0x0A>,0.004276677
▁Show,0.003573297
▁Would,0.0019580054
▁Select,0.0017144867
<0x09>,0.0010562646
select,0.0010078948
▁CREATE,0.0009922688
▁select,0.0009542555
