Token,Probability
▁SELECT,0.90626055
SELECT,0.0743904
▁Show,0.0042629098
▁Select,0.0029993313
▁Would,0.0024100305
<0x0A>,0.0019670096
▁CREATE,0.0015929329
select,0.0012799576
▁select,0.0011207684
<0x09>,0.000879701
