Token,Probability
▁SELECT,0.8654115
SELECT,0.09785803
<0x0A>,0.009464804
▁Would,0.0058310973
▁CREATE,0.0037648394
<0x09>,0.0025079236
select,0.0024118468
▁Select,0.001999491
▁Show,0.0019839308
▁select,0.001385007
