Token,Probability
▁SELECT,0.8647793
SELECT,0.10010547
<0x0A>,0.011231522
▁Would,0.006449721
<0x09>,0.0032431232
▁Show,0.002486589
select,0.00217733
▁Select,0.0020294946
▁CREATE,0.0016564252
▁select,0.0012406051
