Token,Probability
▁SELECT,0.8986383
SELECT,0.0862397
<0x0A>,0.003450022
▁Would,0.0020440705
▁Select,0.0014381832
select,0.0014269912
▁CREATE,0.001351048
<0x09>,0.0012205702
▁select,0.00094318355
▁Show,0.00072316395
