Token,Probability
▁SELECT,0.9046074
SELECT,0.056933053
▁Would,0.01147664
<0x0A>,0.006746768
▁Show,0.0062886793
▁Select,0.0035831812
<0x09>,0.0015776535
▁CREATE,0.0011816078
▁What,0.0010265986
select,0.00089891977
