Token,Probability
▁SELECT,0.8588936
SELECT,0.051985122
▁Would,0.03253146
<0x0A>,0.018681243
<0x09>,0.0053942446
▁Show,0.0033756318
▁CREATE,0.00273367
▁RET,0.0023750535
1,0.0023750535
3,0.0020156817
