Token,Probability
▁SELECT,0.79189134
SELECT,0.07423507
1,0.02907087
2,0.020938965
3,0.017770668
<0x0A>,0.011837817
4,0.007947533
5,0.0075835907
▁Would,0.0069590933
9,0.0069590933
