Token,Probability
▁SELECT,0.6214716
<0x0A>,0.16726682
SELECT,0.104672894
<0x09>,0.03674364
▁Would,0.02525351
▁Show,0.0070126466
▁CREATE,0.0036098014
▁RET,0.0029233063
select,0.0027677305
▁select,0.0017051494
