Token,Probability
▁SELECT,0.89781153
SELECT,0.076036245
<0x0A>,0.006540968
▁Show,0.003697928
▁Would,0.003473882
▁Select,0.0027913426
select,0.002242907
▁CREATE,0.001693035
▁select,0.0011103195
<0x09>,0.00100309
