Token,Probability
▁SELECT,0.90296197
SELECT,0.06339788
<0x0A>,0.008251277
▁Would,0.0071688327
▁Show,0.0058510313
▁Select,0.002851565
<0x09>,0.001770577
▁CREATE,0.0015263327
select,0.0011794586
▁select,0.0010167568
