Token,Probability
▁SELECT,0.52314144
<0x0A>,0.13970588
<0x09>,0.107956335
SELECT,0.088802464
▁Would,0.07361983
▁Show,0.007639174
▁What,0.0055454457
▁CREATE,0.005009893
▁RET,0.0036084899
select,0.0027451946
