Token,Probability
▁SELECT,0.8925889
SELECT,0.08837827
▁Select,0.003822869
▁Would,0.003591253
<0x0A>,0.0031692698
select,0.0017231021
▁Show,0.0016831865
▁select,0.0012314455
Select,0.0007646219
<0x09>,0.0005954881
