Token,Probability
▁SELECT,0.41400412
▁Would,0.16212635
<0x0A>,0.13440746
<0x09>,0.044322874
1,0.034789424
SELECT,0.026260436
3,0.024669396
2,0.022637911
▁Show,0.020936644
▁CREATE,0.013204577
