Token,Probability
▁SELECT,0.8643051
SELECT,0.08229936
<0x0A>,0.014640634
▁Would,0.008879994
<0x09>,0.004465141
▁CREATE,0.0031910923
▁Show,0.002687169
▁RET,0.0019506757
select,0.0019054882
▁Select,0.0016685013
