Token,Probability
▁SELECT,0.78148496
SELECT,0.12857449
▁Would,0.020185126
<0x0A>,0.019717537
<0x09>,0.016865304
▁Show,0.006401347
▁CREATE,0.0041654357
▁Select,0.0036473772
select,0.0033470218
▁select,0.0021779488
