Token,Probability
▁SELECT,0.9222052
SELECT,0.07111283
▁Select,0.0012923409
<0x0A>,0.0010713883
select,0.00069716567
▁select,0.0005387278
▁CREATE,0.00053037563
▁Show,0.0003850114
Select,0.00038201528
▁Would,0.00027515524
