Token,Probability
▁SELECT,0.94024605
SELECT,0.037614577
<0x0A>,0.005334881
▁Would,0.0031362146
▁CREATE,0.0028779523
▁Select,0.0021723923
▁Show,0.0017455664
<0x09>,0.0015404569
select,0.00090558786
▁select,0.0008310142
