Token,Probability
▁SELECT,0.9991528
SELECT,0.00073209696
▁Select,6.104052e-05
▁select,2.708657e-05
▁CREATE,7.5216685e-06
Select,5.4176544e-06
select,3.6089357e-06
▁UPDATE,2.9686298e-06
▁WH,1.1179961e-06
▁RET,9.124819e-07
