Token,Probability
▁SELECT,0.8910628
SELECT,0.096898586
▁Select,0.002107579
<0x0A>,0.0018310964
select,0.0018310964
▁select,0.0014944974
▁Would,0.0010764461
▁CREATE,0.0006895973
▁Show,0.0006580183
Select,0.0005716962
