Token,Probability
▁SELECT,0.89091945
SELECT,0.05477268
<0x0A>,0.018203774
▁Would,0.011571024
1,0.0027699145
▁CREATE,0.0024636132
<0x09>,0.0020265128
▁Select,0.0019950948
3,0.0016411202
2,0.0015416897
