Token,Probability
▁SELECT,0.7744576
SELECT,0.06113597
<0x0A>,0.04836254
▁Would,0.042679783
<0x09>,0.011133688
1,0.010961076
2,0.005468684
▁Show,0.0052182544
3,0.004902096
▁CREATE,0.0030437808
