Token,Probability
▁SELECT,0.9119423
SELECT,0.08093948
▁Select,0.0015780687
<0x0A>,0.0013818031
select,0.0010677746
▁select,0.0006787189
Select,0.00043480363
▁CREATE,0.00040528155
▁Would,0.00038672236
▁Show,0.00036046488
