Token,Probability
▁SELECT,0.8279929
SELECT,0.10444829
<0x0A>,0.025003219
▁Would,0.010023599
<0x09>,0.008708653
▁Show,0.0067295255
select,0.0025542397
▁select,0.001943163
▁Select,0.0018541792
▁CREATE,0.0012351497
