Token,Probability
▁SELECT,0.87121284
SELECT,0.0969867
<0x0A>,0.009830711
<0x09>,0.004195233
▁Would,0.0036165167
select,0.0024662502
▁Select,0.0022455463
▁select,0.0018909397
▁Show,0.0013619928
▁CREATE,0.0011741112
