Token,Probability
▁SELECT,0.73446923
SELECT,0.11263451
<0x0A>,0.04342447
▁Would,0.028701821
▁Show,0.025132155
<0x09>,0.018387077
▁CREATE,0.006255888
select,0.0034012676
▁RET,0.0027117266
▁Select,0.0019079379
