Token,Probability
▁SELECT,0.7036828
<0x0A>,0.09598003
SELECT,0.0713263
▁Would,0.02881843
<0x09>,0.026861731
1,0.011024033
3,0.008452419
2,0.007459234
▁Show,0.005543232
5,0.0042170687
