Token,Probability
▁SELECT,0.7699902
SELECT,0.13697731
<0x0A>,0.037447512
<0x09>,0.016232295
▁Would,0.011783383
▁Show,0.0033759954
select,0.0026706324
▁select,0.0024507102
▁CREATE,0.0017929777
▁Select,0.0013534105
