Token,Probability
▁SELECT,0.77349824
SELECT,0.11587198
<0x0A>,0.037913166
▁Would,0.022995498
<0x09>,0.018190935
▁Show,0.0060457825
select,0.0039034507
▁Select,0.0038130272
▁select,0.002349138
▁CREATE,0.0018728961
