Token,Probability
▁SELECT,0.9384289
SELECT,0.04896384
<0x0A>,0.0037463033
▁Select,0.0023080304
▁CREATE,0.0013048422
▁Show,0.0010162122
▁select,0.00086921226
select,0.0007094304
<0x09>,0.00059740024
▁Would,0.0004170526
