Token,Probability
▁SELECT,0.67911786
SELECT,0.131653
<0x09>,0.051960416
<0x0A>,0.038916554
▁Would,0.038015053
▁Show,0.006977354
▁CREATE,0.0054765875
▁RET,0.004504918
select,0.0037935216
<s>,0.0023189331
