Token,Probability
▁SELECT,0.96170604
SELECT,0.02996287
▁Select,0.0030849064
▁Would,0.0012080668
▁select,0.0008433665
select,0.0006517031
▁Show,0.0006366064
<0x0A>,0.0005236581
▁CREATE,0.00037424162
Select,0.00034883156
