Token,Probability
▁SELECT,0.75968266
SELECT,0.06334055
▁Would,0.04971657
<0x0A>,0.04526745
<0x09>,0.01704788
▁Show,0.010585269
1,0.008052848
▁What,0.004846289
▁Select,0.004588374
2,0.004447205
