Token,Probability
▁SELECT,0.7796163
SELECT,0.08411958
<0x0A>,0.03479337
▁Show,0.029760346
▁Would,0.027097106
<0x09>,0.010125448
▁CREATE,0.004354901
▁Select,0.002122409
▁RET,0.0020732437
▁select,0.0019476323
