Token,Probability
▁SELECT,0.87307334
SELECT,0.116325766
select,0.0021140005
<0x0A>,0.0016082466
▁Select,0.0015709916
▁select,0.0013649012
Select,0.0007248935
▁Would,0.0006104216
<0x09>,0.0005262163
▁CREATE,0.0003702394
