Token,Probability
▁SELECT,0.8307923
SELECT,0.07667436
<0x0A>,0.030261608
▁Would,0.017108362
▁Show,0.013639975
<0x09>,0.0077113435
▁CREATE,0.002771129
▁Select,0.0027281665
▁What,0.0020116242
select,0.0015666544
