Token,Probability
▁SELECT,0.8130825
SELECT,0.061245788
<0x0A>,0.038028378
<0x09>,0.022531068
▁Would,0.013142254
▁Show,0.0074882307
1,0.006765053
▁CREATE,0.00510653
3,0.0039769695
2,0.0036780955
