Token,Probability
▁SELECT,0.5515808
<0x0A>,0.14962031
SELECT,0.09585036
▁Would,0.07762199
<0x09>,0.052933607
▁Show,0.01348868
▁What,0.0070527196
select,0.0026560787
1,0.0026560787
▁RET,0.002456471
