Token,Probability
▁SELECT,0.94545543
SELECT,0.048565663
▁Select,0.0016618256
▁Would,0.00070366124
<0x0A>,0.00059718953
select,0.00058793096
▁select,0.00053115137
▁CREATE,0.00047985528
Select,0.00030501458
▁Show,0.00017515512
