Token,Probability
▁SELECT,0.8895528
SELECT,0.08807765
<0x0A>,0.0062325234
▁Would,0.0026184795
▁Select,0.00234719
▁Show,0.0022749742
▁CREATE,0.0017996529
select,0.0016514544
▁select,0.0012082298
<0x09>,0.0009784542
