Token,Probability
▁SELECT,0.7031969
SELECT,0.12412162
▁Would,0.048606727
▁Show,0.03501011
<0x0A>,0.031382862
<0x09>,0.022080602
select,0.0032564478
▁Select,0.0028514408
▁select,0.0025760622
▁CREATE,0.0021190108
