Token,Probability
▁SELECT,0.80593735
SELECT,0.15869847
<0x0A>,0.013759006
▁Would,0.0046086893
<0x09>,0.003293682
▁Show,0.0024286085
select,0.0021769907
▁Select,0.0015317042
▁CREATE,0.0014615625
▁select,0.0011294079
