Token,Probability
▁SELECT,0.79541314
SELECT,0.12293726
<0x0A>,0.023099225
▁Would,0.015148842
<0x09>,0.007982879
▁Show,0.0066699455
▁CREATE,0.003982806
select,0.0026531208
▁RET,0.0023597344
▁select,0.0017399591
