Token,Probability
▁SELECT,0.9255459
SELECT,0.050609216
<0x0A>,0.0060918154
▁Would,0.0041219285
▁Show,0.003111395
▁Select,0.0021384282
▁CREATE,0.0010585989
<0x09>,0.0010180445
▁select,0.001010122
select,0.0010022613
