Token,Probability
▁SELECT,0.3668155
2,0.13922746
1,0.13285178
3,0.13079211
4,0.04415347
5,0.043468934
SELECT,0.032556728
9,0.024962109
<0x0A>,0.021020204
6,0.016243154
