Token,Probability
▁SELECT,0.8021089
SELECT,0.0865465
<0x0A>,0.044550322
▁Would,0.027446656
<0x09>,0.007562349
▁Show,0.004732397
▁CREATE,0.0036855945
▁Select,0.0033296573
select,0.0029155451
▁What,0.0020999885
