Token,Probability
▁SELECT,0.9514712
SELECT,0.040518533
▁Select,0.0024333268
<0x0A>,0.001322977
▁CREATE,0.0012623934
▁select,0.00047542172
<0x09>,0.00033976857
select,0.00033712448
Select,0.0002353508
1,0.00023351931
