Token,Probability
▁SELECT,0.8398114
SELECT,0.0751221
<0x0A>,0.030830046
▁Show,0.013468651
▁Would,0.011341741
<0x09>,0.011165904
▁Select,0.0028901324
select,0.0020176377
▁select,0.0018085988
▁CREATE,0.001186108
