Token,Probability
▁SELECT,0.8830243
SELECT,0.053864826
▁Would,0.015193271
<0x0A>,0.0146112265
1,0.003994487
▁Select,0.0039019552
<0x09>,0.0030388455
▁Show,0.0027240037
2,0.002681772
3,0.0025390508
