Token,Probability
▁SELECT,0.7257224
<0x0A>,0.09821584
SELECT,0.055094093
▁Would,0.020748626
1,0.019953758
<0x09>,0.013929969
3,0.0116389245
2,0.01003338
▁Show,0.004928231
5,0.004739433
