Token,Probability
▁SELECT,0.73498935
SELECT,0.11096679
<0x0A>,0.05001665
▁Would,0.043455217
▁Show,0.010901697
<0x09>,0.00875976
▁CREATE,0.0047999523
1,0.002888662
select,0.0028438775
▁RET,0.0024135674
