Token,Probability
▁SELECT,0.9064678
SELECT,0.06774872
<0x0A>,0.0077814525
▁Would,0.0043310304
▁Select,0.0019828903
▁Show,0.0019828903
<0x09>,0.0015322588
select,0.0014171079
▁CREATE,0.0011036446
▁select,0.00088680343
