Token,Probability
▁SELECT,0.92415076
SELECT,0.06000934
▁Select,0.0028957676
▁Would,0.0028066745
<0x0A>,0.0025158862
▁CREATE,0.0012950674
select,0.0012454542
▁Show,0.0011428931
▁select,0.0009111938
<0x09>,0.00059292506
