Token,Probability
▁SELECT,0.8387492
SELECT,0.12273611
<0x0A>,0.012538284
▁Would,0.0049485727
<0x09>,0.0046852147
select,0.0026077144
▁CREATE,0.002195916
▁Show,0.001485831
▁Select,0.0014514118
▁select,0.0012909124
