Token,Probability
▁SELECT,0.90320915
SELECT,0.06964801
<0x0A>,0.007693141
▁Would,0.0022041218
1,0.0020384795
▁CREATE,0.0014682616
▁Select,0.0014568354
3,0.0013058989
select,0.0012267785
▁select,0.0010170351
