Token,Probability
▁SELECT,0.8501862
SELECT,0.11506019
<0x0A>,0.010212173
▁Show,0.006003427
▁Would,0.0045316243
▁Select,0.0027059566
<0x09>,0.0021742969
select,0.0020266676
▁select,0.0016412456
Select,0.00085146696
