Token,Probability
▁SELECT,0.89377826
SELECT,0.10027914
▁Select,0.0020650309
select,0.00088815874
▁select,0.0007961404
▁CREATE,0.00063971675
<0x0A>,0.00050605764
Select,0.0004982119
<0x09>,0.00012596771
▁Would,6.8487454e-05
