Token,Probability
▁SELECT,0.84357285
SELECT,0.073136955
▁Would,0.031211022
<0x0A>,0.018491918
▁Show,0.0062425965
<0x09>,0.00581874
▁Select,0.0048617395
select,0.0021743043
▁What,0.0020585898
▁select,0.0014597588
