Token,Probability
▁SELECT,0.7906586
SELECT,0.109541535
▁Would,0.03669182
<0x0A>,0.015904725
<0x09>,0.0111903725
▁Show,0.0075128605
▁CREATE,0.0057603098
▁Select,0.0021693527
select,0.001944595
▁What,0.001770574
