Token,Probability
▁SELECT,0.94754136
SELECT,0.029521553
<0x0A>,0.007122406
▁CREATE,0.0052929227
▁Select,0.0027459322
1,0.0013593349
2,0.0009564115
3,0.0005622454
▁Would,0.0005535285
<0x09>,0.0005159453
