Token,Probability
▁SELECT,0.9204067
SELECT,0.06462269
<0x0A>,0.0035613088
▁Would,0.0021940586
▁Select,0.0016052078
▁Show,0.001362322
select,0.0011294046
<0x09>,0.0010445286
▁CREATE,0.0008393023
▁select,0.0008071491
