Token,Probability
▁SELECT,0.7494612
SELECT,0.09528329
<0x0A>,0.083432846
▁Would,0.019972464
<0x09>,0.015923437
▁CREATE,0.005375515
▁Show,0.004153876
select,0.0022061071
▁RET,0.001718118
1,0.0016266815
