generated_token_id,generated_token,token_probability,payload_signal
5097,SELECT,0.915952205657959,9.782505943078945e-07
341,M,0.9944368600845337,2.84745352936433e-05
1177,IN,0.9999961853027344,2.5649240164519332e-11
29898,(,0.9994550347328186,4.079601413631284e-11
11802,game,0.9938780665397644,3.649113580750374e-10
29897,),0.9990953207015991,4.6170855810476197e-10
3895,FROM,0.9876826405525208,6.675688848229149e-09
1591,table,0.9999920129776001,1.473029058214353e-09
29918,_,0.9999988079071045,1.5798230281073968e-11
978,name,0.9999819993972778,8.289322343363022e-15
29918,_,0.9999964237213135,4.079575122745041e-12
29953,6,0.9999854564666748,2.6549031731186966e-11
29896,1,0.9999852180480957,3.512771095325832e-10
5754,WHERE,0.9997616410255432,1.0222557268622847e-08
23995,oppon,0.9881235957145691,9.682068984537273e-07
296,ent,0.9999833106994629,3.2280997363213034e-13
353,=,0.998557984828949,3.402121236811828e-08
376,",0.9957866072654724,3.7564340329282464e-08
561,ph,0.9694890975952148,1.8024770315639566e-12
29877,o,0.9997064471244812,1.341026511285869e-09
23534,enix,0.9999551773071289,8.310143278217754e-11
29908,",0.9993852376937866,2.415228093390065e-08
5300,AND,0.9995762705802917,7.791817990192122e-08
2407,record,0.9997780919075012,4.0834266532203435e-07
353,=,0.9981354475021362,3.3741147266799776e-08
376,",0.6508843302726746,2.1699229802579767e-07
29906,2,0.9996832609176636,1.8041803402819856e-10
29929,9,0.9995500445365906,3.412113922570542e-10
29899,-,0.9591540694236755,3.7006303238787397e-09
29896,1,0.9998863935470581,1.5775521349442123e-10
29955,7,0.9998764991760254,1.7801689277812142e-10
29908,",0.9953244924545288,9.657078700944788e-09
13,NEWLINE,0.9991010427474976,7.035982687786575e-08
259, ,0.9997989535331726,5.777168327059101e-11
2,</s>,0.999805748462677,2.327759580575406e-09
0,token_ID_0,5.924878236683931e-14,7.975316483085335e-15
0,token_ID_0,2.2319213712762576e-06,0.00044095779185227
0,token_ID_0,2.157006065317546e-06,0.00045415212161969976
0,token_ID_0,5.2601425437615035e-09,0.009303846199912869
0,token_ID_0,9.48043865633963e-09,0.010356252958445111
0,token_ID_0,1.6208486997015825e-08,0.0139312610590423
0,token_ID_0,1.8176066873820673e-08,0.008938874438172206
0,token_ID_0,1.2967324103385636e-08,0.013690786952793133
0,token_ID_0,7.997942752524523e-09,0.016192081893677823
0,token_ID_0,4.4699319801111415e-09,0.02509783772256924
0,token_ID_0,6.2268723510783275e-09,0.02413991325738607
0,token_ID_0,6.477073544175482e-09,0.021907994625507854
