generated_token_id,generated_token,token_probability,payload_signal
5097,SELECT,0.9558715224266052,8.569161700222594e-07
21122,COUNT,0.7532625794410706,0.002473576402641564
29898,(,0.8394395112991333,2.835988226479458e-07
29968,K,0.9045627117156982,8.867166965131901e-07
4841,ids,0.992102324962616,2.009887505993041e-09
29897,),0.9971174001693726,6.078741085491224e-08
3895,FROM,0.976984441280365,8.923073438818485e-07
2538,Res,0.9992071986198425,8.007212334812039e-06
6972,erv,0.9988327622413635,5.18321835647241e-13
800,ations,0.9999948740005493,5.149229662716909e-12
5754,WHERE,0.9275746941566467,0.0002923141391728279
9208,Last,0.7166111469268799,0.0004285528585591669
1170,Name,0.9997983574867249,1.2307818295347744e-10
353,=,0.9946126937866211,3.9150731613174505e-06
376,",0.9593757390975952,0.022562359244773456
29928,D,0.6257221698760986,0.0001512089435546926
314,am,0.7524938583374023,5.760219927708476e-07
819,ien,0.9957279562950134,4.388473739741147e-08
3201,Tra,0.41029027104377747,7.08495405240886e-05
13664,chsel,0.8079559803009033,3.70076986633619e-11
29908,",0.9935981035232544,2.545241366558315e-06
5300,AND,0.9976441264152527,1.3465274320311523e-06
5399,Check,0.9833696484565735,1.1829733941537413e-05
797,In,0.9994649291038513,2.157550123261208e-11
353,=,0.9970285296440125,4.952230965998838e-07
376,",0.9778605699539185,3.5886150419051077e-06
29903,S,0.9218816757202148,2.2474283378759452e-08
1022,ep,0.9998987913131714,8.723967104273811e-10
29871,,0.998166561126709,4.946526192643741e-08
29906,2,0.9996740818023682,3.726238848728025e-11
29896,1,0.999311089515686,3.532486172498628e-09
29892,,,0.9852681159973145,2.056060690869277e-07
29871,,0.9994589686393738,1.8983792055623106e-07
29906,2,0.9999710321426392,2.8242224363187254e-10
29900,0,0.9999866485595703,9.111520414233749e-10
29896,1,0.9998713731765747,2.4382561790729698e-09
29900,0,0.9996846914291382,5.635183986671746e-08
29908,",0.9891601204872131,3.3015251366119713e-07
13,NEWLINE,0.8192899227142334,3.3014021543209537e-06
259, ,0.9991791844367981,1.2536603005708358e-10
2,</s>,0.9998008608818054,3.041673425629998e-08
0,token_ID_0,4.835744299566333e-14,1.2709198336832407e-14
0,token_ID_0,nan,nan
0,token_ID_0,nan,nan
0,token_ID_0,nan,nan
0,token_ID_0,nan,nan
0,token_ID_0,nan,nan
0,token_ID_0,nan,nan
0,token_ID_0,nan,nan
0,token_ID_0,nan,nan
0,token_ID_0,nan,nan
0,token_ID_0,nan,nan
0,token_ID_0,nan,nan
0,token_ID_0,nan,nan
0,token_ID_0,nan,nan
0,token_ID_0,nan,nan
