generated_token_id,generated_token,token_probability,payload_signal
5097,SELECT,0.903211236000061,7.496958627228878e-07
12060,birth,0.9904298186302185,0.0005392987688277173
29918,_,0.9998596906661987,1.0670584901784075e-10
6689,place,0.9999867677688599,5.639581615829274e-14
3895,FROM,0.9949215054512024,1.8436182764453024e-08
1591,table,0.9998996257781982,6.070223870647119e-08
29918,_,0.9999979734420776,5.3298953283916015e-11
978,name,0.9999499320983887,7.19415727755109e-14
29918,_,0.999994158744812,5.063691976034228e-11
29947,8,0.9999037981033325,1.1355672196837474e-10
29941,3,0.9999798536300659,4.4405214594478654e-10
5754,WHERE,0.9998145699501038,7.24931360162565e-09
25552,monarch,0.8755810260772705,1.8233358015928847e-06
29879,s,0.999942421913147,8.643500720127977e-09
29918,_,0.9999526739120483,1.614814306103167e-10
643,ser,0.9998995065689087,2.6091967236546476e-13
1490,ved,0.9999979734420776,4.922226047143479e-13
353,=,0.9957695007324219,1.605899180925907e-07
376,",0.9917126893997192,1.237888813676591e-07
479,ge,0.9915254712104797,4.377667152388742e-11
3890,orge,0.9997246861457825,1.7389109082889184e-11
325,v,0.9988956451416016,5.629840361259797e-10
29908,",0.9975399971008301,2.0348657356339395e-08
5300,AND,0.9993014335632324,1.0400684714601677e-07
7802,entered,0.9991841912269592,1.782865256771374e-07
29918,_,0.9999333620071411,2.1384305925412767e-10
20205,office,0.9998941421508789,4.924373964696784e-13
353,=,0.9991975426673889,7.438346864840906e-08
376,",0.9953032732009888,4.032449089919066e-08
29906,2,0.9887992739677429,2.1801924501851921e-10
29941,3,0.9996368885040283,1.9178206258859722e-10
4725,oct,0.9869176745414734,2.2370150768672575e-09
4950,ober,0.9986396431922913,5.616629675950577e-11
29871,,0.9992710947990417,2.690175590104593e-09
29896,1,0.999954342842102,9.88199196679928e-12
29929,9,0.9999836683273315,6.823493785348695e-11
29906,2,0.9999195337295532,7.081877432282114e-12
29906,2,0.9997929930686951,4.5807740820604003e-10
29908,",0.9910377264022827,1.3549894374922933e-08
13,NEWLINE,0.9989317059516907,1.225037603836917e-07
259, ,0.9999473094940186,6.127068644112832e-11
2,</s>,0.9999271631240845,1.265042264171623e-08
0,token_ID_0,4.641415629114999e-14,7.63151401542649e-15
0,token_ID_0,2.2659742171526887e-06,0.00043580108604146517
0,token_ID_0,2.2851979792903876e-06,0.00043029240441683214
0,token_ID_0,2.6935360608604242e-08,0.007053690633284759
0,token_ID_0,2.7556007253792814e-08,0.012741736011321336
