Token,Probability
▁SELECT,0.6446935
<0x0A>,0.2028618
1,0.072332606
2,0.027886705
SELECT,0.017046802
4,0.0063699232
3,0.005364014
5,0.0053222706
0,0.0046240683
7,0.0035732032
