Token,Probability
▁SELECT,0.77490634
<0x0A>,0.14789346
SELECT,0.03568096
1,0.02822596
2,0.004904936
0,0.0020607184
5,0.001060767
3,0.0009887434
4,0.0009658393
7,0.0008657727
