Token,Probability
▁SELECT,0.8140619
<0x0A>,0.14595325
SELECT,0.022735132
1,0.010908435
2,0.0023591146
0,0.00058266014
4,0.0005516516
3,0.0004718526
5,0.00042296594
7,0.0002884377
