Token,Probability
▁SELECT,0.52767736
<0x0A>,0.24925713
1,0.11060718
2,0.035352178
SELECT,0.021950668
7,0.015324035
0,0.008799853
5,0.007950005
3,0.0062889713
4,0.0050533307
