Token,Probability
▁SELECT,0.8297243
<0x0A>,0.10883614
SELECT,0.030222706
1,0.017767012
2,0.0056786784
0,0.0021054538
4,0.0013488043
3,0.0009868062
5,0.0007929212
7,0.0006889018
