Token,Probability
▁SELECT,0.6496906
<0x0A>,0.14496557
1,0.092145726
2,0.053329855
SELECT,0.030386437
3,0.007865089
5,0.004696459
0,0.004177117
4,0.0037152048
9,0.0027825597
