Token,Probability
▁SELECT,0.70717263
<0x0A>,0.21567544
SELECT,0.04591996
1,0.016501682
2,0.007042053
0,0.0020175818
▁CREATE,0.0017944745
4,0.0006105392
3,0.0006010737
5,0.0005559023
