Token,Probability
▁SELECT,0.8456039
SELECT,0.054908935
<0x0A>,0.054057647
1,0.033828415
2,0.0044373223
0,0.0021795395
4,0.000922875
5,0.00082082197
3,0.0007591363
7,0.0006442706
