Token,Probability
▁SELECT,0.6147344
1,0.16288841
2,0.07228129
<0x0A>,0.06378802
3,0.016902141
SELECT,0.015389576
5,0.013687772
4,0.01009273
7,0.00726952
0,0.0070458613
