Token,Probability
▁SELECT,0.62693536
<0x0A>,0.15605657
1,0.11965271
2,0.03428108
SELECT,0.028867563
0,0.0062920125
4,0.005819161
5,0.005552681
3,0.0054665953
7,0.0038763965
