Token,Probability
<0x0A>,0.5154369
▁SELECT,0.40774417
SELECT,0.023919698
1,0.023919698
2,0.010287735
3,0.006239827
4,0.0041242735
5,0.0018301354
0,0.0017058736
▁CREATE,0.00075697683
