Token,Probability
1,0.6226391
▁SELECT,0.28955412
<0x0A>,0.046535578
2,0.014416049
SELECT,0.01375589
▁CREATE,0.0027729303
0,0.0025051336
9,0.0014498602
3,0.0014385772
5,0.001279497
