Token,Probability
▁SELECT,0.7709766
<0x0A>,0.14040527
SELECT,0.04418048
1,0.030842947
2,0.0063648014
0,0.0014425438
3,0.0008818093
7,0.0008818093
4,0.0008091937
5,0.0007085537
