Token,Probability
▁SELECT,0.78210664
<0x0A>,0.18005116
SELECT,0.021170657
1,0.0088252425
2,0.003073843
0,0.0009374692
▁CREATE,0.0008945393
3,0.0005341538
4,0.00052178017
5,0.00044980258
