Token,Probability
▁SELECT,0.8173624
<0x0A>,0.13983423
SELECT,0.023551928
1,0.0116590485
2,0.0035281375
0,0.0010676475
5,0.00042137597
4,0.00039584606
3,0.0003866763
7,0.00036609778
