Token,Probability
▁SELECT,0.7008919
<0x0A>,0.18283859
1,0.054898098
2,0.028259119
SELECT,0.012249421
0,0.0044019218
3,0.0030730364
5,0.0030730364
4,0.0030730364
7,0.0023196498
