Token,Probability
▁SELECT,0.6793705
1,0.11991602
<0x0A>,0.06832609
2,0.04551499
SELECT,0.037733253
3,0.0096907
5,0.008754819
4,0.007909319
0,0.0069799502
7,0.0051466925
