Token,Probability
▁SELECT,0.7986246
<0x0A>,0.12835065
SELECT,0.029548
1,0.02488191
2,0.00782944
0,0.0024444703
4,0.0016540115
5,0.0015782686
3,0.0014483007
7,0.0010110768
