Token,Probability
▁SELECT,0.850604
<0x0A>,0.11333202
1,0.0127155
SELECT,0.011577595
2,0.004940711
0,0.0011735216
4,0.0010356292
9,0.00089276815
5,0.0007229858
3,0.0007173594
