Token,Probability
▁SELECT,0.6093518
<0x0A>,0.33651602
1,0.021681478
SELECT,0.017017987
2,0.005835491
0,0.0023948804
4,0.0011312615
3,0.0008472757
▁CREATE,0.0008406821
5,0.0008212078
