Token,Probability
▁SELECT,0.8029892
<0x0A>,0.15325317
SELECT,0.020419009
1,0.013080907
2,0.004485461
0,0.0013895311
4,0.0009112767
3,0.00076140015
5,0.00055705226
7,0.00040122968
