Token,Probability
▁SELECT,0.7538627
<0x0A>,0.184742
SELECT,0.024232877
1,0.023123173
2,0.00603204
0,0.0023074609
3,0.0009618928
4,0.0009178446
5,0.00079123146
7,0.00057887734
