Token,Probability
▁SELECT,0.73662
<0x0A>,0.2013807
SELECT,0.031369064
1,0.016530335
2,0.005624163
0,0.0019285332
3,0.00088987185
4,0.00088987185
5,0.0008624933
7,0.0006717105
