Token,Probability
▁SELECT,0.87195116
<0x0A>,0.09482029
SELECT,0.018671222
1,0.0056061177
2,0.0023369775
▁CREATE,0.002318791
4,0.0007016879
5,0.00061923737
0,0.00058628217
3,0.00043229735
