Token,Probability
▁SELECT,0.48200074
<0x0A>,0.31610382
1,0.09056526
2,0.042116754
SELECT,0.020526068
5,0.008358326
9,0.0069292956
0,0.006821867
4,0.006408551
3,0.006358679
