Token,Probability
▁SELECT,0.6925927
<0x0A>,0.25479063
SELECT,0.022090103
1,0.019042857
2,0.004594303
3,0.00087683805
▁CREATE,0.0007326257
0,0.0007156544
9,0.00059329835
4,0.0005360004
