Token,Probability
1,0.4702669
<0x0A>,0.25171575
▁SELECT,0.24018885
SELECT,0.014651614
2,0.008413714
9,0.003023531
3,0.0023364038
5,0.0017913829
0,0.0017362679
4,0.0013735009
