Token,Probability
<0x0A>,0.56626064
▁SELECT,0.38315114
1,0.020626044
SELECT,0.009369803
2,0.0055514243
0,0.002444259
▁CREATE,0.0013818587
3,0.0011819664
5,0.0011366861
<0x09>,0.0011017137
