Token,Probability
▁SELECT,0.84877414
<0x0A>,0.09522981
SELECT,0.036714368
1,0.012491434
2,0.0023288059
4,0.0009860784
0,0.00095574
5,0.0005319494
3,0.0004881442
7,0.00028031762
