Token,Probability
▁SELECT,0.80124784
<0x0A>,0.13923599
SELECT,0.024576612
2,0.019441701
1,0.010086222
3,0.001408352
0,0.00089520303
4,0.0007777659
5,0.0005734886
7,0.00033978076
