Token,Probability
▁SELECT,0.84187895
<0x0A>,0.083357304
SELECT,0.032643188
1,0.024258358
2,0.0055411314
0,0.002743059
5,0.001798942
4,0.0017572695
3,0.0015267422
7,0.0013161341
