Token,Probability
2,0.7543536
▁SELECT,0.18777347
1,0.024630517
<0x0A>,0.019182267
SELECT,0.0073954226
3,0.0016630839
0,0.0014225112
▁CREATE,0.0009776766
4,0.0006719467
5,0.00056583586
