Token,Probability
▁SELECT,0.6885384
<0x0A>,0.21329923
1,0.04796677
SELECT,0.018206134
2,0.013529648
0,0.0041263103
3,0.0022434357
5,0.0022086545
4,0.0018744606
7,0.0011280703
