Token,Probability
▁SELECT,0.6441804
<0x0A>,0.28585333
SELECT,0.02383378
1,0.020707145
2,0.01246178
0,0.002182517
4,0.0015843374
3,0.0015355925
5,0.0013981729
7,0.0008613893
