Token,Probability
▁SELECT,0.8433056
<0x0A>,0.11061762
SELECT,0.01952517
1,0.014970467
2,0.0046740077
0,0.001084457
3,0.0010267433
4,0.0009348604
▁CREATE,0.00079340575
5,0.0006839585
