Token,Probability
▁SELECT,0.76290387
<0x0A>,0.17290755
1,0.030519998
SELECT,0.01794178
2,0.0074792467
0,0.0020288
▁CREATE,0.0011116907
4,0.0011030395
3,0.0009144519
5,0.00080072077
