Token,Probability
▁SELECT,0.8935003
<0x0A>,0.057119563
SELECT,0.039875884
1,0.004991052
2,0.0011580171
0,0.00057326007
3,0.00034499398
4,0.0003423092
5,0.00032409184
7,0.00030208682
