Token,Probability
▁SELECT,0.80627465
1,0.067225285
<0x0A>,0.04995759
2,0.024347385
SELECT,0.015117635
4,0.0066562044
3,0.0063513955
5,0.0057830103
0,0.004985267
7,0.0047942842
