Token,Probability
▁SELECT,0.6234198
<0x0A>,0.28099734
1,0.037439268
2,0.023428898
SELECT,0.015485555
0,0.0034823949
3,0.0024887554
5,0.0021792268
4,0.002047194
7,0.0014180499
