Token,Probability
▁SELECT,0.7925769
<0x0A>,0.09032502
2,0.05564763
SELECT,0.022837743
1,0.020471621
▁CREATE,0.005298782
4,0.0026852924
0,0.0024070805
3,0.0016543606
5,0.0014829593
