Token,Probability
▁SELECT,0.8088777
<0x0A>,0.13204566
SELECT,0.031857498
1,0.017320622
2,0.0036590747
0,0.001410699
5,0.0007205145
4,0.0007149074
3,0.000692912
9,0.00067686074
