Token,Probability
<0x0A>,0.72781163
▁SELECT,0.24378636
1,0.009906265
SELECT,0.009306074
2,0.002708222
0,0.00074619363
3,0.00072890805
5,0.0005721265
4,0.00056767423
​,0.00056767423
