Token,Probability
<0x0A>,0.52772665
▁SELECT,0.43750077
1,0.014970453
SELECT,0.008463527
2,0.002642442
0,0.0011725766
▁CREATE,0.00089904567
3,0.0007872307
5,0.0006947286
<0x09>,0.0005850201
