Token,Probability
2,0.86184037
▁SELECT,0.07892082
<0x0A>,0.04158835
1,0.011193353
SELECT,0.0032829999
3,0.00075578946
0,0.00048040898
▁CREATE,0.00047296094
5,0.0003542314
4,0.00035147477
