Token,Probability
▁SELECT,0.7351008
1,0.12000191
<0x0A>,0.07747905
SELECT,0.02254769
2,0.020529907
3,0.0055688866
4,0.003857455
5,0.003051498
0,0.0025897727
7,0.0023396648
