Token,Probability
▁SELECT,0.7577107
<0x0A>,0.15636243
1,0.028924141
2,0.028924141
SELECT,0.014207061
0,0.0039761006
3,0.0024305417
4,0.0019077541
5,0.0015209941
7,0.001070153
