Token,Probability
▁SELECT,0.49764383
<0x0A>,0.31141758
1,0.12780552
SELECT,0.023641642
2,0.013682732
▁CREATE,0.0038896615
3,0.003174649
9,0.0031011086
0,0.0030769755
5,0.002890551
