Token,Probability
▁SELECT,0.5803791
<0x0A>,0.34656018
1,0.034854475
SELECT,0.012822244
2,0.010967447
0,0.0035606085
▁CREATE,0.001818581
4,0.0016688239
3,0.0012996813
5,0.0012795315
