Token,Probability
1,0.47209948
▁SELECT,0.4166263
<0x0A>,0.056384243
SELECT,0.02902412
2,0.01349747
▁CREATE,0.0036612868
0,0.0023455084
3,0.0019597455
4,0.001400567
5,0.00064625556
