Token,Probability
▁SELECT,0.76317173
<0x0A>,0.15504774
SELECT,0.045832023
1,0.025709433
2,0.0042630425
0,0.001967071
5,0.00062382093
3,0.00058602553
4,0.0005253099
7,0.0004155543
