Token,Probability
▁SELECT,0.862892
<0x0A>,0.053465657
1,0.043637395
SELECT,0.03143084
2,0.0025800003
0,0.001101009
3,0.0009417429
4,0.00084417296
9,0.000627336
5,0.000627336
