Token,Probability
▁SELECT,0.7818956
<0x0A>,0.16647516
1,0.02019573
SELECT,0.019574374
2,0.0052683707
3,0.0015695418
0,0.0010787292
4,0.0008142675
5,0.0007299047
▁CREATE,0.0005055902
