Token,Probability
▁SELECT,0.5737294
<0x0A>,0.16182782
1,0.116560206
2,0.05336515
SELECT,0.051723275
5,0.00818381
3,0.0073359204
7,0.0065758773
4,0.006081692
0,0.0047364263
