Token,Probability
▁SELECT,0.77118933
<0x0A>,0.16940781
SELECT,0.03335838
1,0.015272576
2,0.0030309358
9,0.0021492555
0,0.0011237641
4,0.0007723511
3,0.00067629316
5,0.0006353187
