Token,Probability
▁SELECT,0.6247618
<0x0A>,0.12692806
1,0.11738926
2,0.05374472
SELECT,0.03209244
3,0.01025736
0,0.0076824077
5,0.006674591
4,0.0063689393
7,0.004659616
