Token,Probability
▁SELECT,0.77056295
<0x0A>,0.18302475
1,0.01990302
SELECT,0.009929985
2,0.006932246
0,0.0022330568
3,0.0013230423
5,0.0011584945
4,0.0011584945
9,0.00070266245
