Token,Probability
▁SELECT,0.71611875
<0x0A>,0.13455473
1,0.07202196
2,0.024504237
SELECT,0.023382105
4,0.0051363665
5,0.004640321
0,0.004393367
3,0.0042581977
7,0.0022439125
