Token,Probability
▁SELECT,0.57547915
1,0.12062698
<0x0A>,0.113318555
SELECT,0.113318555
2,0.04950521
5,0.005177206
0,0.0050572758
3,0.004160002
4,0.0037582482
7,0.0019804577
