Token,Probability
<0x0A>,0.63183004
▁SELECT,0.3277891
1,0.016066646
SELECT,0.0104547655
2,0.002813862
▁CREATE,0.0017200792
0,0.0015661501
​,0.0011638638
<0x09>,0.0007226595
3,0.000545492
