Token,Probability
▁SELECT,0.7594883
<0x0A>,0.13405764
1,0.04855246
2,0.023848169
SELECT,0.016648706
4,0.0028705967
3,0.0023612883
5,0.0022356228
0,0.0022009627
7,0.0019423426
