Token,Probability
2,0.5015305
▁SELECT,0.20906903
1,0.10678201
3,0.08580176
<0x0A>,0.05897063
SELECT,0.008234145
4,0.0058388836
0,0.00507291
5,0.0046189367
7,0.0036538795
