Token,Probability
▁SELECT,0.85792214
<0x0A>,0.083628826
SELECT,0.044069298
1,0.008677759
2,0.0017907567
0,0.0012698367
5,0.00034445245
4,0.00032612105
3,0.00031608736
7,0.0003111869
