Token,Probability
▁SELECT,0.7800893
<0x0A>,0.17136289
SELECT,0.029778404
1,0.010453204
2,0.0036408636
0,0.0008580511
4,0.0006527709
3,0.00055834453
5,0.0004889028
7,0.0003748548
