Token,Probability
▁SELECT,0.8814928
<0x0A>,0.058140755
SELECT,0.033127606
1,0.011812011
4,0.007930208
2,0.0033058028
0,0.0009545568
3,0.00088282075
5,0.00067161454
▁CREATE,0.0003147794
