Token,Probability
▁SELECT,0.6871926
<0x0A>,0.108729675
1,0.102142066
2,0.037575968
SELECT,0.021578062
3,0.007457179
5,0.0073415656
0,0.0065297238
4,0.0047031837
7,0.0042822976
