Token,Probability
▁SELECT,0.60894316
<0x0A>,0.15885232
1,0.09338446
2,0.053208858
SELECT,0.022180753
3,0.01215405
5,0.011507223
4,0.010559621
7,0.007908791
0,0.0076654633
