Token,Probability
<0x0A>,0.63683194
▁SELECT,0.3202192
1,0.020956384
SELECT,0.008271003
2,0.0053401613
0,0.0012783476
3,0.000957438
▁CREATE,0.0008649732
5,0.0005991495
4,0.0005852702
