Token,Probability
▁SELECT,0.6241119
<0x0A>,0.17062269
SELECT,0.075713366
1,0.07112612
2,0.022556363
4,0.012359866
5,0.0049164155
3,0.0048781554
0,0.0036251375
7,0.002736397
