Token,Probability
▁SELECT,0.69412756
<0x0A>,0.14324132
1,0.0803511
SELECT,0.026914246
2,0.022841824
0,0.0074156546
5,0.005510846
4,0.0042918515
3,0.003877365
7,0.0034756474
