Token,Probability
▁SELECT,0.66468257
<0x0A>,0.25625798
SELECT,0.0283056
1,0.0261784
2,0.01017183
5,0.0037128867
4,0.0021657075
3,0.001971899
0,0.0017266525
7,0.0011148107
