Token,Probability
▁SELECT,0.77244127
<0x0A>,0.19530374
SELECT,0.017884439
1,0.009134477
2,0.0018703368
0,0.000970318
▁CREATE,0.0003982177
4,0.00033796293
3,0.00030294803
7,0.00022689761
