Token,Probability
▁SELECT,0.7586715
<0x0A>,0.12384972
SELECT,0.05082782
1,0.04280132
2,0.008494182
5,0.003300483
4,0.002590579
0,0.0024913352
3,0.0024336237
7,0.0010224421
