Token,Probability
<0x0A>,0.5341558
▁SELECT,0.43596527
1,0.013062559
SELECT,0.0050360654
2,0.0037424858
0,0.0019876193
▁CREATE,0.0008958902
3,0.0005784302
<0x09>,0.0005519419
9,0.00051850145
