Token,Probability
▁SELECT,0.6500574
<0x0A>,0.21436618
2,0.05091643
1,0.03667373
SELECT,0.03526878
0,0.0030817515
3,0.0018691769
4,0.0014902377
5,0.0014331475
7,0.0010485131
