Token,Probability
▁SELECT,0.99608
1,0.001053655
2,0.00062916614
SELECT,0.00034745855
3,0.00017746445
▁CREATE,0.00015661183
▁U,0.00013395719
5,0.00013085408
7,0.00013085408
4,0.00012983577
