Token,Probability
▁SELECT,0.7225621
<0x0A>,0.12954825
1,0.042720474
5,0.03379468
SELECT,0.025911279
2,0.020179724
4,0.006654566
3,0.0044676648
7,0.004364171
0,0.0039427
