Token,Probability
▁SELECT,0.69449896
<0x0A>,0.20211072
1,0.03979796
2,0.03430799
SELECT,0.018079039
0,0.0019055167
4,0.0017900674
3,0.0016171909
5,0.0010523263
▁CREATE,0.00081317464
