Token,Probability
▁SELECT,0.7653771
<0x0A>,0.121100254
1,0.0405635
2,0.02967689
SELECT,0.02876383
0,0.0026339737
4,0.0023063845
5,0.002252957
3,0.0022007676
7,0.0010234519
