Token,Probability
▁SELECT,0.65436906
<0x0A>,0.20590635
1,0.07341817
2,0.029203732
SELECT,0.014570283
0,0.004374792
3,0.0041744555
5,0.0035152442
4,0.003126523
7,0.0023785331
