Token,Probability
▁SELECT,0.80419517
<0x0A>,0.1583554
SELECT,0.016953377
1,0.012021744
2,0.0031606555
0,0.0012280984
4,0.00062725134
7,0.00062237
3,0.0005801126
5,0.0005801126
