Token,Probability
▁SELECT,0.7646046
<0x0A>,0.11725592
1,0.041483525
2,0.034660783
SELECT,0.010326066
5,0.0060231416
3,0.0053154035
4,0.0048397295
0,0.0037398534
7,0.0031988658
