Token,Probability
▁SELECT,0.6947425
<0x0A>,0.25161907
SELECT,0.030524855
1,0.01302641
2,0.0031183106
0,0.0011561594
4,0.0010946299
3,0.0010445031
5,0.00067438185
7,0.00053348
