Token,Probability
▁SELECT,0.5391478
1,0.19834141
<0x0A>,0.11125943
2,0.058629602
SELECT,0.033932213
0,0.016537238
3,0.010188297
5,0.008446395
4,0.0067868694
7,0.005244486
