Token,Probability
▁SELECT,0.7901409
<0x0A>,0.10045514
1,0.06286323
SELECT,0.032107394
2,0.005711741
0,0.0018113753
3,0.0016492759
4,0.0013997223
5,0.0011513801
7,0.0006309042
