Token,Probability
▁SELECT,0.89764774
<0x0A>,0.03023961
1,0.028407484
SELECT,0.017230012
2,0.012804257
3,0.0029020074
4,0.002424718
5,0.002073971
7,0.0017601566
0,0.0013815627
