Token,Probability
▁SELECT,0.85326964
SELECT,0.07340195
<0x0A>,0.051242825
1,0.013367489
2,0.0031015067
4,0.0010148091
0,0.0009683377
9,0.00068131066
5,0.000660349
3,0.0005782208
