Token,Probability
▁SELECT,0.6945487
<0x0A>,0.1502067
SELECT,0.063601516
1,0.05701203
2,0.01583167
0,0.005962261
3,0.0023716239
4,0.002280768
5,0.0021933934
7,0.0016173067
