Token,Probability
▁SELECT,0.80705017
SELECT,0.11094237
<0x0A>,0.037452497
1,0.023437172
2,0.0056988304
0,0.0020964823
▁CREATE,0.0017654152
4,0.0015579734
3,0.0013535907
5,0.0012715808
