Token,Probability
▁SELECT,0.78697366
<0x0A>,0.07435268
1,0.06561602
2,0.033513382
SELECT,0.015105665
3,0.0046795164
5,0.0038794554
4,0.0036729944
0,0.002729538
7,0.002666308
