Token,Probability
▁SELECT,0.8344474
<0x0A>,0.09074195
SELECT,0.054184493
1,0.016785571
2,0.0013995416
0,0.0007491206
5,0.00025092397
3,0.00023943331
4,0.00022669093
7,0.00021295641
