Token,Probability
▁SELECT,0.8459686
<0x0A>,0.09640974
SELECT,0.04554074
1,0.006983898
2,0.0018218588
0,0.00086058513
5,0.00035874525
3,0.00031659158
4,0.00031659158
7,0.00027291902
