Token,Probability
▁SELECT,0.84679776
<0x0A>,0.11282489
SELECT,0.01676992
1,0.013687211
2,0.0045489636
4,0.0009914982
0,0.0007721796
3,0.00067088124
5,0.0006013741
▁CREATE,0.00055618014
