Token,Probability
▁SELECT,0.81620234
<0x0A>,0.099016584
1,0.05217807
SELECT,0.020433228
2,0.0035786112
0,0.0030609486
▁CREATE,0.0007046704
5,0.00067767483
3,0.0006267468
4,0.0005155478
