Token,Probability
▁SELECT,0.5730826
1,0.18032844
<0x0A>,0.09958682
2,0.065310635
SELECT,0.015272134
3,0.014235195
5,0.010914502
4,0.010496374
0,0.009335669
9,0.0044444446
