Token,Probability
▁SELECT,0.7648591
<0x0A>,0.16801724
SELECT,0.024205176
1,0.017164042
2,0.015628038
0,0.0026946117
4,0.0013979462
3,0.0013443916
5,0.0011145398
7,0.0009912922
