Token,Probability
▁SELECT,0.71283835
<0x0A>,0.093504034
1,0.06840902
2,0.048509255
SELECT,0.043483414
0,0.007210258
3,0.0060243956
5,0.004765689
4,0.004765689
7,0.0034058844
