Token,Probability
▁SELECT,0.6350903
<0x0A>,0.15563558
1,0.091493435
2,0.052952338
SELECT,0.012001326
3,0.011632085
5,0.007870663
0,0.007569142
4,0.006373856
7,0.0060346457
