Token,Probability
▁SELECT,0.5680276
<0x0A>,0.3903993
SELECT,0.018838828
1,0.009181311
2,0.0053974143
0,0.0012425554
▁CREATE,0.0011856545
5,0.00063961267
3,0.000591545
4,0.0004942544
