Token,Probability
▁SELECT,0.80562574
<0x0A>,0.119745575
1,0.03652034
SELECT,0.018078879
2,0.010381827
0,0.0019054997
4,0.0013199011
5,0.0011648086
3,0.0010772719
▁CREATE,0.000752057
