Token,Probability
▁SELECT,0.86607987
<0x0A>,0.089868926
SELECT,0.034110393
1,0.0058356
2,0.0015829492
4,0.0004827722
▁CREATE,0.00044649132
0,0.00042938648
3,0.00022627076
5,0.00018758506
