Token,Probability
▁SELECT,0.71906507
<0x0A>,0.19353373
1,0.0333694
SELECT,0.023295598
2,0.013170136
0,0.0034356352
4,0.0025731716
3,0.002324667
5,0.0020515113
7,0.001727546
