Token,Probability
▁SELECT,0.71799344
<0x0A>,0.22592665
1,0.024377191
SELECT,0.017286016
2,0.0051097367
0,0.0017936864
4,0.0015462544
3,0.0010300274
▁CREATE,0.0009905676
5,0.00096009107
