Token,Probability
▁SELECT,0.7362822
<0x0A>,0.21427034
SELECT,0.02040288
1,0.01678295
2,0.0046970095
0,0.0014550656
4,0.0013145423
3,0.00082907145
5,0.00082261954
7,0.000625816
