Token,Probability
▁SELECT,0.73067105
<0x0A>,0.1036312
1,0.1036312
SELECT,0.017729208
2,0.015403402
0,0.0068352176
3,0.004211056
4,0.003925136
5,0.003630157
7,0.0027833378
