Token,Probability
▁SELECT,0.49892858
<0x0A>,0.3026155
1,0.13854747
2,0.015423626
SELECT,0.015184504
0,0.0053720684
▁CREATE,0.0041189073
3,0.0034146945
4,0.0034146945
5,0.0033355928
