Token,Probability
▁SELECT,0.5612417
1,0.17116903
<0x0A>,0.12720202
SELECT,0.041946776
2,0.040025894
9,0.016046073
3,0.0077593736
5,0.007639076
7,0.0073464266
4,0.0061863116
