Token,Probability
▁SELECT,0.8378029
<0x0A>,0.109895825
1,0.020973986
SELECT,0.017524421
2,0.005220838
0,0.0015798745
4,0.0011925518
5,0.0011649264
3,0.0010689965
7,0.000839065
