Token,Probability
▁SELECT,0.8612888
<0x0A>,0.06960281
SELECT,0.04859059
1,0.013493119
2,0.0029872921
0,0.0007553057
4,0.0006116652
3,0.0005612956
5,0.00051507377
7,0.00034311306
