Token,Probability
▁SELECT,0.7613739
<0x0A>,0.19553699
1,0.016560156
SELECT,0.014844428
2,0.005050562
0,0.0014024904
3,0.00083094806
5,0.00069972844
4,0.0006942831
▁CREATE,0.0006676855
