Token,Probability
▁SELECT,0.6577942
<0x0A>,0.2964911
SELECT,0.02472073
1,0.012527855
2,0.0025451882
0,0.0013101507
4,0.00079464656
3,0.0005859356
5,0.0005547527
7,0.0004457563
