Token,Probability
▁SELECT,0.7842241
<0x0A>,0.13208489
1,0.037256252
SELECT,0.02242121
2,0.01042683
3,0.0039886176
0,0.0018548795
4,0.0017289378
5,0.0013360197
7,0.0012453073
