Token,Probability
▁SELECT,0.71869427
<0x0A>,0.2297085
1,0.016382048
SELECT,0.012462804
2,0.007500248
3,0.006073886
4,0.0016605078
0,0.0014426743
5,0.0014203077
9,0.0012534172
