Token,Probability
▁SELECT,0.74840534
<0x0A>,0.18629283
SELECT,0.023684472
1,0.020901475
2,0.009421033
0,0.0028508927
4,0.0019441398
3,0.0015744125
5,0.0011608991
7,0.0009624191
