Token,Probability
▁SELECT,0.53390425
<0x0A>,0.43576
SELECT,0.01798596
1,0.0073239813
2,0.002082026
0,0.00046456285
3,0.0004330202
▁CREATE,0.0003973617
4,0.00035067045
5,0.00025257844
