Token,Probability
▁SELECT,0.798219
<0x0A>,0.16995062
1,0.014059813
SELECT,0.007886839
2,0.0033135097
0,0.0013180232
▁CREATE,0.0010841762
4,0.00062747305
5,0.00061774504
3,0.000598739
