Token,Probability
▁SELECT,0.8109546
<0x0A>,0.1476858
1,0.015087054
SELECT,0.0121227885
2,0.006191714
5,0.0012579231
0,0.001248134
3,0.0011633887
4,0.0010929026
7,0.00072803005
