Token,Probability
▁SELECT,0.89251333
<0x0A>,0.057954982
SELECT,0.027807103
1,0.0127310185
2,0.0050640497
0,0.0006095581
3,0.00056817057
4,0.00051732524
5,0.00045653793
▁CREATE,0.0004156825
