Token,Probability
▁SELECT,0.8459137
<0x0A>,0.101029985
SELECT,0.036023352
1,0.011072668
2,0.0021633701
0,0.00047895667
4,0.00042267778
▁CREATE,0.00039397902
5,0.00037888592
3,0.0003422949
