Token,Probability
▁SELECT,0.8765792
<0x0A>,0.086793095
SELECT,0.027740737
1,0.0045285514
2,0.0022417952
▁CREATE,0.0008575633
0,0.00025548338
3,0.0001728687
4,0.00014109132
5,0.0001367504
