Token,Probability
▁SELECT,0.8202298
<0x0A>,0.13600744
SELECT,0.026366247
1,0.010487768
2,0.0026517229
0,0.00074795284
▁CREATE,0.0005180918
4,0.0005021518
3,0.00042617065
5,0.00040665487
