Token,Probability
▁SELECT,0.8373091
<0x0A>,0.11156064
SELECT,0.021291722
1,0.017929425
2,0.005136866
0,0.0017752537
5,0.0007755509
4,0.00072289293
3,0.0006951993
7,0.0005372084
