Token,Probability
▁SELECT,0.4088604
2,0.4088604
<0x0A>,0.09864216
1,0.044461504
SELECT,0.013245876
3,0.0057416623
4,0.003946183
7,0.0037361707
5,0.0033230192
0,0.0031216873
