Token,Probability
▁SELECT,0.4917798
<0x0A>,0.3654597
1,0.053478576
SELECT,0.0494596
2,0.015563151
5,0.005506029
3,0.003472609
0,0.0030886023
4,0.0026212626
7,0.0024817616
