Token,Probability
▁SELECT,0.81799763
<0x0A>,0.0703677
1,0.04614827
SELECT,0.027772516
2,0.019693661
0,0.0036146117
▁CREATE,0.0032401169
5,0.0020435161
3,0.0020276133
4,0.0014266042
