Token,Probability
2,0.6433172
▁SELECT,0.21548428
<0x0A>,0.08843457
1,0.033565976
▁CREATE,0.0068728263
SELECT,0.003402296
3,0.0019385696
0,0.0017789315
4,0.0011396263
5,0.0010215545
