Token,Probability
▁SELECT,0.7386861
<0x0A>,0.22179377
SELECT,0.0165767
1,0.012127772
2,0.003529383
0,0.0019039594
3,0.00079991337
5,0.00066315144
4,0.000608542
7,0.0005370364
