Token,Probability
▁SELECT,0.8441171
<0x0A>,0.07148883
SELECT,0.040733106
1,0.025094941
2,0.006495462
0,0.0025636097
4,0.0022623774
5,0.0017757604
7,0.001173706
3,0.0011025948
