Token,Probability
▁SELECT,0.7525623
<0x0A>,0.165316
1,0.036886983
SELECT,0.023446796
2,0.008969199
0,0.0029347104
4,0.0019096525
3,0.0018800462
5,0.0018080227
7,0.0009830049
