Token,Probability
▁SELECT,0.7874922
<0x0A>,0.09553365
SELECT,0.04803733
1,0.03859908
2,0.020985955
0,0.0027961081
3,0.0014506017
4,0.0010366983
5,0.00091488304
▁CREATE,0.0006487493
