Token,Probability
<0x0A>,0.40224522
▁SELECT,0.33872446
2,0.11345848
1,0.08431518
SELECT,0.020026611
3,0.008748978
5,0.008613338
4,0.004946224
9,0.003373032
7,0.0032185693
