Token,Probability
▁SELECT,0.5602549
1,0.12697838
8,0.110320725
<0x0A>,0.056346316
2,0.044573605
9,0.021055082
7,0.018150615
4,0.01528435
5,0.01424658
3,0.011627719
