Token,Probability
<0x0A>,0.5097274
▁SELECT,0.46411213
SELECT,0.0091197165
1,0.0091197165
2,0.0018819597
▁CREATE,0.0007485919
<0x09>,0.0006015105
0,0.00049093855
3,0.00047583395
5,0.0003454184
