Token,Probability
▁SELECT,0.759741
<0x0A>,0.15925036
1,0.034982666
SELECT,0.019319262
2,0.0118096275
▁CREATE,0.0042438786
0,0.002020389
3,0.0018685543
4,0.0015858215
5,0.0014215213
