Token,Probability
▁SELECT,0.82602406
<0x0A>,0.11355064
1,0.022711556
SELECT,0.018249247
2,0.00896373
0,0.002412555
3,0.0015335133
4,0.0014632887
5,0.0013014758
7,0.0011757854
