Token,Probability
▁SELECT,0.83836675
<0x0A>,0.07920827
SELECT,0.04656414
1,0.019716498
2,0.0066559957
4,0.0024678088
0,0.0018627999
3,0.0013209229
5,0.0010049052
7,0.00063378573
