Token,Probability
▁SELECT,0.73825645
<0x0A>,0.22515549
SELECT,0.029076092
1,0.004059932
2,0.0012775144
0,0.0005202108
3,0.00022549467
4,0.00020692556
5,0.00018261114
7,0.00013464902
