Token,Probability
▁SELECT,0.4372572
<0x0A>,0.17944999
7,0.11586163
1,0.11055593
2,0.06499248
5,0.017221292
SELECT,0.0154370675
3,0.014388929
4,0.0120224
0,0.008934289
