Token,Probability
▁SELECT,0.8644247
<0x0A>,0.043714907
1,0.04303717
SELECT,0.015107469
2,0.012721764
3,0.0033973702
4,0.0032928442
0,0.0031176023
5,0.0027728528
▁CREATE,0.0019357633
