Token,Probability
<0x0A>,0.5763487
▁SELECT,0.40235624
SELECT,0.008683289
1,0.005739304
2,0.0014398305
▁CREATE,0.00082039065
3,0.0005133874
<0x09>,0.00042895123
0,0.00041575375
4,0.00033406753
