Token,Probability
▁SELECT,0.8844635
<0x0A>,0.06610413
SELECT,0.01893915
1,0.014074381
2,0.00937556
3,0.0024078425
4,0.0011023908
0,0.00095777377
5,0.00072296546
▁CREATE,0.0004250095
