Token,Probability
▁SELECT,0.8607813
<0x0A>,0.087934345
SELECT,0.020243635
1,0.01843204
2,0.005937439
0,0.0014437089
4,0.00096926035
3,0.00093212863
5,0.00081619906
7,0.00067665277
