Token,Probability
▁SELECT,0.6074813
<0x0A>,0.2269992
1,0.08751599
SELECT,0.03535965
2,0.016833719
0,0.0074117854
5,0.0044257795
3,0.002902497
9,0.002106987
4,0.0016537928
