Token,Probability
▁SELECT,0.7138797
<0x0A>,0.217721
1,0.029696437
SELECT,0.024048904
2,0.005366036
0,0.002185079
5,0.0011336041
4,0.00096207735
3,0.0009037879
9,0.0007319098
