Token,Probability
▁SELECT,0.7269203
1,0.111476846
<0x0A>,0.10804705
SELECT,0.024108559
2,0.011299454
0,0.004255413
5,0.0025810387
3,0.002313628
7,0.0021565384
4,0.0020739227
