Token,Probability
▁SELECT,0.65172786
1,0.13035376
<0x0A>,0.08030862
SELECT,0.07906356
2,0.024113026
9,0.006643836
7,0.005133959
0,0.0050150305
5,0.0048229075
3,0.004425749
