Token,Probability
▁SELECT,0.66978145
1,0.15908705
2,0.06842248
<0x0A>,0.032320492
SELECT,0.029428143
3,0.010492927
5,0.0068814303
4,0.0064141983
7,0.0049565076
0,0.0041090893
