Token,Probability
▁SELECT,0.68426746
SELECT,0.18131284
<0x0A>,0.08836482
1,0.026949747
2,0.009760551
3,0.0020142035
5,0.0018921691
4,0.0015085688
0,0.0012803057
7,0.0007467957
