Token,Probability
▁SELECT,0.7249519
<0x0A>,0.12796162
1,0.057676822
2,0.03609323
SELECT,0.021891652
▁CREATE,0.011357239
0,0.00727572
3,0.0030567595
5,0.0023254598
4,0.0013885956
