Token,Probability
▁SELECT,0.7410622
1,0.076896444
<0x0A>,0.07570427
2,0.039893348
SELECT,0.036895316
3,0.005111649
0,0.004993238
5,0.0048775696
4,0.004511015
7,0.002491219
