Token,Probability
▁SELECT,0.6544411
<0x0A>,0.29962498
SELECT,0.028754137
1,0.009706969
2,0.0024543062
0,0.0009243002
4,0.0007603086
3,0.0007086856
5,0.00058752095
9,0.0003295694
