Token,Probability
▁SELECT,0.6178064
<0x0A>,0.12749155
1,0.12551498
2,0.049926415
SELECT,0.031000014
5,0.008608393
7,0.0072489935
4,0.0071366085
3,0.0069170385
0,0.0063474313
