Token,Probability
▁SELECT,0.7241804
<0x0A>,0.19491051
1,0.037785128
SELECT,0.022917835
2,0.0051941886
9,0.0044082515
0,0.002322985
4,0.0013444406
▁CREATE,0.0013132966
5,0.0012241271
