Token,Probability
▁SELECT,0.4030054
1,0.23324163
<0x0A>,0.14595889
2,0.09133873
3,0.024392178
5,0.020701371
4,0.017432304
0,0.012753744
7,0.0126544945
SELECT,0.011080645
