Token,Probability
▁SELECT,0.7101079
<0x0A>,0.18524273
1,0.059207134
SELECT,0.02355097
2,0.01045068
▁CREATE,0.0026839564
0,0.0021231843
4,0.0014592417
3,0.0012678113
5,0.0010428731
