Token,Probability
▁SELECT,0.74946725
<0x0A>,0.16986223
SELECT,0.051805053
1,0.017488617
2,0.004634022
0,0.0017316074
3,0.00081795343
4,0.00076241646
5,0.00067283015
7,0.0005322525
