Token,Probability
▁SELECT,0.83823705
<0x0A>,0.11522952
SELECT,0.02959339
1,0.010388257
2,0.0024482254
0,0.00054202176
4,0.00050918234
5,0.00049351645
3,0.00048208414
▁CREATE,0.00043894266
