Token,Probability
▁SELECT,0.75288004
<0x0A>,0.16799024
1,0.028294176
SELECT,0.021357562
4,0.009185772
2,0.00911429
3,0.0026317681
0,0.0017807432
5,0.0017394923
7,0.0014762882
