Token,Probability
▁SELECT,0.7431303
<0x0A>,0.2129104
SELECT,0.02749479
1,0.00913793
2,0.0028753774
0,0.0010495604
4,0.0004549508
▁CREATE,0.00040781518
3,0.0003801256
5,0.00034882288
