Token,Probability
▁SELECT,0.65144897
1,0.11679837
<0x0A>,0.114987575
2,0.05781938
SELECT,0.0132071925
3,0.009512784
0,0.008594084
5,0.006640993
4,0.0061900862
7,0.0036106452
