Token,Probability
▁SELECT,0.88158953
<0x0A>,0.060937673
SELECT,0.0505191
1,0.0037463764
2,0.0008760466
7,0.0005656182
0,0.0004105948
▁CREATE,0.00021806524
3,0.00017659462
5,0.00017659462
