Token,Probability
▁SELECT,0.80956984
<0x0A>,0.10619245
SELECT,0.03238687
2,0.02296573
1,0.021914052
▁CREATE,0.0013367657
0,0.0011433964
3,0.0010169578
4,0.00094053213
5,0.00055724685
