Token,Probability
▁SELECT,0.8380672
SELECT,0.07917996
<0x0A>,0.077952385
1,0.0030701403
2,0.00057686225
0,0.00021555768
▁CREATE,0.000110096094
4,0.00010505442
5,0.00010182223
3,9.343734e-05
