Token,Probability
▁SELECT,0.87186444
<0x0A>,0.078600965
SELECT,0.017266339
1,0.016998652
2,0.005184295
4,0.0023921595
0,0.0018630156
3,0.0014062779
5,0.0011934927
7,0.0009441304
