Token,Probability
▁SELECT,0.805607
<0x0A>,0.13568637
1,0.022499006
SELECT,0.02215019
2,0.0042274375
4,0.0034234833
▁CREATE,0.0013617676
0,0.0012792624
3,0.0009432688
5,0.0006636726
