Token,Probability
▁SELECT,0.8141272
<0x0A>,0.087159656
1,0.039904602
SELECT,0.03807724
2,0.008834629
3,0.0024532878
4,0.0021819994
0,0.0018957539
5,0.0016599776
9,0.0008478336
