Token,Probability
▁SELECT,0.8656765
<0x0A>,0.056212343
SELECT,0.052806605
1,0.014212705
2,0.0065070507
3,0.0008272787
0,0.00073579693
4,0.0006858381
5,0.0005096716
7,0.00034756583
