Token,Probability
▁SELECT,0.4219988
<0x0A>,0.38423428
1,0.13916045
SELECT,0.023438442
2,0.013671523
0,0.004403953
3,0.0027993226
5,0.0024511688
4,0.0016585438
9,0.0015339023
