Token,Probability
▁SELECT,0.81700087
<0x0A>,0.09757684
SELECT,0.068119615
1,0.009661415
2,0.004027477
0,0.000979295
3,0.00045898635
4,0.00045541444
5,0.00041791183
7,0.0002872263
