Token,Probability
▁SELECT,0.718749
1,0.115513474
<0x0A>,0.07694856
2,0.0380923
SELECT,0.015511393
5,0.0056178537
3,0.005574135
0,0.0051552323
4,0.0044789435
7,0.0041101095
