Token,Probability
▁SELECT,0.7481755
<0x0A>,0.21773148
SELECT,0.020252183
1,0.0078691505
2,0.0022195957
▁CREATE,0.0015018536
0,0.0002713794
4,0.00026717203
3,0.00026302994
5,0.00026098304
