Token,Probability
▁SELECT,0.3855037
5,0.36214724
<0x0A>,0.10056466
1,0.066990495
2,0.03368494
SELECT,0.015543046
4,0.010035344
3,0.008384844
0,0.005808012
7,0.0029664421
