Token,Probability
▁SELECT,0.45708784
1,0.28603828
<0x0A>,0.078198515
2,0.069009945
3,0.018285817
0,0.016137175
4,0.015159474
5,0.014924447
SELECT,0.013695442
9,0.009194684
