Token,Probability
▁SELECT,0.7972228
<0x0A>,0.06858056
1,0.06442548
SELECT,0.034484476
2,0.0117327515
4,0.0117327515
0,0.002701033
3,0.002498047
5,0.002292337
7,0.0010998752
