Token,Probability
▁SELECT,0.6793583
1,0.14923522
<0x0A>,0.055765126
2,0.037732575
SELECT,0.031774014
3,0.011241207
5,0.008551859
4,0.0065569384
0,0.006016984
7,0.004834783
