Token,Probability
▁SELECT,0.8518793
<0x0A>,0.092637576
SELECT,0.045147948
1,0.0057399175
2,0.0020149006
0,0.00051746925
5,0.00029715762
4,0.00027056507
3,0.00026429744
7,0.00021236898
