Token,Probability
▁SELECT,0.61751705
<0x0A>,0.26147318
1,0.06019454
SELECT,0.030267715
2,0.013222986
0,0.003395944
5,0.0032152152
3,0.0024269714
4,0.0020921803
7,0.0016942993
