Token,Probability
▁SELECT,0.63025844
<0x0A>,0.23921911
4,0.058623165
1,0.036116686
SELECT,0.012288084
2,0.009131728
3,0.0029186758
5,0.0029186758
0,0.0028959622
7,0.0010991833
