Token,Probability
▁SELECT,0.7931701
<0x0A>,0.13783228
1,0.042036474
SELECT,0.016206505
2,0.004828207
0,0.0015674892
▁CREATE,0.0006689224
9,0.00057664706
4,0.00057664706
3,0.0005545561
