Token,Probability
▁SELECT,0.7056082
<0x0A>,0.143353
1,0.053567104
2,0.049541466
SELECT,0.021983895
5,0.004295198
3,0.004261772
4,0.0037610007
0,0.00319192
7,0.0030696394
