Token,Probability
▁SELECT,0.7327198
<0x0A>,0.18526056
1,0.039444253
SELECT,0.021445466
2,0.009742042
▁CREATE,0.0020904685
0,0.0019333676
5,0.0014939907
4,0.0014593825
3,0.0013497081
