Token,Probability
▁SELECT,0.835046
<0x0A>,0.10953419
SELECT,0.0256133
1,0.020904968
2,0.0032310246
0,0.0012652874
3,0.0006667596
4,0.00061665184
5,0.0005976794
7,0.0005441934
