Token,Probability
▁SELECT,0.58233255
1,0.17484793
2,0.082592316
<0x0A>,0.07175745
SELECT,0.02639809
3,0.0144649595
4,0.011898551
0,0.010418721
5,0.0095607545
7,0.0048074494
