Token,Probability
▁SELECT,0.8586255
<0x0A>,0.068311825
SELECT,0.04410543
2,0.013242851
1,0.0108085
0,0.0011481424
4,0.0006855871
3,0.0006593228
5,0.0005864137
7,0.00052565796
