Token,Probability
▁SELECT,0.81001794
<0x0A>,0.12617646
SELECT,0.03044149
1,0.021251582
2,0.0046320236
0,0.0017719071
4,0.0008703315
5,0.00082401326
7,0.0008112382
3,0.0007561571
