Token,Probability
▁SELECT,0.7956565
<0x0A>,0.14265336
1,0.024789436
SELECT,0.0148024475
2,0.011000246
0,0.0025924544
5,0.0020348406
3,0.0015003976
4,0.0013661274
▁CREATE,0.0007255448
