Token,Probability
▁SELECT,0.8342497
<0x0A>,0.111153014
SELECT,0.041534845
1,0.008843279
2,0.0013667971
0,0.0005697658
3,0.00033494807
5,0.0003297552
4,0.00030497366
7,0.00027985958
