Token,Probability
▁SELECT,0.74772197
<0x0A>,0.18905371
SELECT,0.04490419
1,0.009864142
2,0.0028931436
0,0.0013142697
4,0.0006557135
5,0.0006256862
3,0.0005786652
7,0.00053101295
