Token,Probability
▁SELECT,0.5173861
1,0.18447971
<0x0A>,0.12288997
2,0.08851433
5,0.014225546
4,0.013896013
3,0.013363665
SELECT,0.01032664
0,0.008297688
9,0.008233115
