Token,Probability
▁SELECT,0.83374107
<0x0A>,0.11461147
SELECT,0.02187398
1,0.016511347
2,0.0069369376
0,0.0013874747
4,0.0009915835
3,0.0007967598
5,0.0007198124
7,0.00047206454
