Token,Probability
▁SELECT,0.93798614
SELECT,0.037524167
<0x0A>,0.017450359
1,0.0041448236
2,0.0012940769
0,0.00053108815
▁CREATE,0.00020475271
3,0.00015946156
4,0.00012713386
5,0.00011485587
