Token,Probability
▁SELECT,0.8428907
<0x0A>,0.099108204
SELECT,0.038209617
1,0.011119632
2,0.004027264
0,0.0013280506
4,0.00052415114
3,0.00051200914
5,0.0005001485
7,0.00036878636
