Token,Probability
▁SELECT,0.85854405
<0x0A>,0.08239198
SELECT,0.038315825
1,0.014772066
2,0.0024686602
0,0.00069089874
3,0.0004602378
4,0.00044957642
5,0.00041255448
7,0.00032891709
