Token,Probability
▁SELECT,0.53943557
<0x0A>,0.1545509
1,0.12036435
SELECT,0.09228655
9,0.029961055
2,0.022615792
7,0.00972693
5,0.0071163746
8,0.0055422382
0,0.0044882414
