Token,Probability
▁SELECT,0.62025595
<0x0A>,0.20136762
1,0.061413657
SELECT,0.040910315
2,0.036103223
3,0.014816733
5,0.004924361
4,0.004772855
0,0.0039878697
7,0.0035468847
