Token,Probability
▁SELECT,0.7581429
<0x0A>,0.20088789
1,0.013249991
SELECT,0.013146879
2,0.006820511
0,0.0015579516
5,0.0009902944
4,0.0009158726
3,0.00090874516
7,0.00070222386
