Token,Probability
▁SELECT,0.65067214
<0x0A>,0.16973796
1,0.08017854
SELECT,0.052582372
2,0.0198027
0,0.008856316
3,0.003414414
5,0.003387843
▁CREATE,0.0027010236
4,0.0025773346
