Token,Probability
▁SELECT,0.6265298
<0x0A>,0.21993268
0,0.05737286
1,0.046826363
2,0.021776283
SELECT,0.015807886
3,0.0022072752
4,0.0019785888
5,0.0016792065
▁CREATE,0.001042643
