Token,Probability
▁SELECT,0.87037635
<0x0A>,0.06016259
SELECT,0.06016259
1,0.0061459956
2,0.0010432734
0,0.00042152053
5,0.0002364516
4,0.00021529161
3,0.0002054327
7,0.00016124597
