Token,Probability
▁SELECT,0.72727686
<0x0A>,0.21164963
▁CREATE,0.028643664
SELECT,0.01374338
1,0.009372171
2,0.0044271005
0,0.0007753485
4,0.0005287417
5,0.0005164934
3,0.0004702726
