Token,Probability
▁SELECT,0.68221986
<0x0A>,0.16718517
1,0.07897268
2,0.030685477
SELECT,0.011738241
0,0.008521049
3,0.0038708611
5,0.0033630622
4,0.0029911695
9,0.0025188173
