Token,Probability
▁SELECT,0.44179302
<0x0A>,0.3334829
1,0.08431768
2,0.0779811
SELECT,0.017536405
3,0.015475823
5,0.005475133
0,0.0053902487
4,0.0048317877
7,0.0032693509
