Token,Probability
▁SELECT,0.6420681
<0x0A>,0.11877066
1,0.10001492
2,0.05698678
SELECT,0.017931687
3,0.012915708
5,0.011221363
4,0.010297302
0,0.009087337
7,0.008603717
