Token,Probability
▁SELECT,0.71806973
<0x0A>,0.12284725
1,0.10507682
SELECT,0.024957934
2,0.011075016
3,0.0030754209
5,0.0030041786
9,0.0028221647
0,0.0023033838
7,0.0021137036
