Token,Probability
▁SELECT,0.87634146
<0x0A>,0.05871122
SELECT,0.026052946
2,0.025649032
1,0.008795087
▁CREATE,0.0015164634
0,0.0007052209
3,0.00045889604
4,0.00030095136
5,0.00028271764
