Token,Probability
▁SELECT,0.75674707
<0x0A>,0.14901233
1,0.038569685
2,0.028218186
SELECT,0.009828429
0,0.002882669
4,0.0027292562
5,0.0025045061
3,0.0022803787
7,0.0013301332
