Token,Probability
▁SELECT,0.7733875
<0x0A>,0.15712321
1,0.024095625
SELECT,0.019975975
2,0.007067224
7,0.005170491
0,0.002992451
5,0.001977889
4,0.0019320716
3,0.0017318977
