Token,Probability
<0x0A>,0.57962286
▁SELECT,0.37423265
1,0.021953799
SELECT,0.007889263
2,0.0029944263
0,0.0023873649
▁CREATE,0.0013391902
​,0.0013391902
<0x09>,0.0007512176
5,0.0007453716
