Token,Probability
▁SELECT,0.49905318
<0x0A>,0.37086484
1,0.0577696
SELECT,0.032916125
2,0.024461187
3,0.0026393302
0,0.0025382189
5,0.0020236445
4,0.0019767669
7,0.001041683
