Token,Probability
▁SELECT,0.78428274
<0x0A>,0.16439459
SELECT,0.024056243
1,0.01732706
2,0.005494964
0,0.00076129794
3,0.0006360883
4,0.0006022363
5,0.0004839104
▁CREATE,0.00044754398
