Token,Probability
▁SELECT,0.65414184
1,0.122909606
<0x0A>,0.1003159
2,0.060844664
SELECT,0.031565797
0,0.009404014
3,0.004271966
5,0.0037115484
4,0.002982313
7,0.0023592038
