Token,Probability
<0x0A>,0.43002352
▁SELECT,0.36781862
1,0.11573926
SELECT,0.026027467
2,0.02582492
0,0.008384124
5,0.005991863
3,0.003605967
9,0.0033874926
4,0.0024783425
