Token,Probability
▁SELECT,0.66108257
1,0.13642208
<0x0A>,0.084047206
2,0.043603122
SELECT,0.019048793
3,0.011553677
5,0.010038008
4,0.008387071
0,0.008321801
7,0.0066347183
