Token,Probability
▁SELECT,0.526565
<0x0A>,0.2862884
1,0.09893863
2,0.035554342
SELECT,0.015291732
5,0.0065768925
3,0.005849609
4,0.005162262
0,0.0050034355
7,0.0043811547
