Token,Probability
▁SELECT,0.8834671
SELECT,0.06602965
<0x0A>,0.041320305
1,0.0049350066
2,0.0024814773
0,0.0003926267
▁CREATE,0.00038957127
3,0.00018691833
4,0.00012746721
▁Select,0.000103226106
