Token,Probability
▁SELECT,0.82701033
<0x0A>,0.0987723
SELECT,0.024205193
1,0.024205193
2,0.00947889
4,0.0056160563
▁CREATE,0.003125806
0,0.001726234
5,0.0015115411
3,0.0013235495
