Token,Probability
<0x0A>,0.5599074
▁SELECT,0.35589877
1,0.040559556
SELECT,0.013375121
2,0.010175255
0,0.0038320366
3,0.0020193413
5,0.0018822332
​,0.0013557217
4,0.0012735826
