Token,Probability
▁SELECT,0.68054676
<0x0A>,0.15667076
1,0.089268304
2,0.034415998
SELECT,0.009707478
0,0.006671846
4,0.0050756726
3,0.0047310474
5,0.004409821
7,0.0021660314
