Token,Probability
▁SELECT,0.49994123
1,0.1957798
<0x0A>,0.103168696
2,0.10156923
SELECT,0.017376445
3,0.017107047
5,0.015576146
4,0.013427476
7,0.009521506
0,0.008805955
