Token,Probability
▁SELECT,0.64299864
<0x0A>,0.16773623
1,0.13477984
SELECT,0.02099465
2,0.013768627
3,0.004006899
0,0.003321836
5,0.0031945785
4,0.0026691703
9,0.0016966278
