Token,Probability
▁SELECT,0.7098297
<0x0A>,0.22335781
SELECT,0.028843943
1,0.019979617
2,0.009737287
0,0.0017732918
3,0.0011905318
4,0.0009869855
5,0.00083764375
7,0.00066782784
