Token,Probability
▁SELECT,0.8783267
<0x0A>,0.089726724
SELECT,0.019404765
1,0.0074229846
2,0.0016692821
0,0.0006588273
4,0.00043887363
5,0.0003236051
3,0.000311208
▁CREATE,0.00030638318
