Token,Probability
▁SELECT,0.6466093
<0x0A>,0.17955692
1,0.11593067
2,0.018342895
SELECT,0.01321189
0,0.008530238
5,0.0038448793
4,0.0029022675
3,0.0028796815
7,0.0017741205
