Token,Probability
▁SELECT,0.6947435
<0x0A>,0.22555019
1,0.0437249
SELECT,0.011768397
2,0.008215665
▁CREATE,0.003142772
0,0.0027734865
4,0.0019061876
3,0.0016177603
5,0.0013307334
