Token,Probability
▁SELECT,0.7978165
<0x0A>,0.11674634
1,0.04098182
SELECT,0.019510273
2,0.011650116
0,0.0030629504
4,0.0019621996
3,0.0016394791
5,0.0016394791
7,0.00124725
