Token,Probability
▁SELECT,0.81784576
<0x0A>,0.11419686
SELECT,0.030023674
1,0.018068565
2,0.009447369
0,0.0020431369
5,0.0010682788
3,0.0010599653
4,0.0010517167
▁CREATE,0.00085170614
