Token,Probability
▁SELECT,0.6041447
1,0.14349695
<0x0A>,0.12862982
2,0.048065457
SELECT,0.015726956
3,0.011327702
5,0.010558579
4,0.009689097
0,0.009245401
7,0.0064041023
