Token,Probability
▁SELECT,0.76861495
<0x0A>,0.17694521
1,0.025892803
SELECT,0.009904881
2,0.0070786984
0,0.002504346
<0x09>,0.0018322185
3,0.0011829693
5,0.0011737633
4,0.0010771058
