Token,Probability
▁SELECT,0.68996894
<0x0A>,0.25782257
1,0.027602233
SELECT,0.013038371
2,0.0040076664
9,0.0016969526
0,0.0012318555
4,0.00097447797
3,0.0008400525
5,0.0006341049
