Token,Probability
▁SELECT,0.85997456
<0x0A>,0.10596965
SELECT,0.01411909
1,0.012363088
2,0.002868467
0,0.0011772166
3,0.00056043913
4,0.0005023743
5,0.00049073686
7,0.00039431817
