Token,Probability
▁SELECT,0.69528526
<0x0A>,0.26390052
1,0.0178189
SELECT,0.0148882475
2,0.0029316698
0,0.0011302595
5,0.0006290841
3,0.0005423044
4,0.0005423044
▁CREATE,0.0003698195
