Token,Probability
▁SELECT,0.39724195
2,0.19974579
1,0.18473467
<0x0A>,0.06690646
3,0.034172475
5,0.022586627
4,0.02189171
SELECT,0.01977751
7,0.018007629
0,0.009867366
