Token,Probability
▁SELECT,0.77746415
<0x0A>,0.135103
1,0.052907098
SELECT,0.01677853
2,0.00780274
0,0.0018533132
3,0.0015728866
5,0.0011965891
4,0.00094657985
▁CREATE,0.0008485087
