Token,Probability
▁SELECT,0.88597816
<0x0A>,0.06318502
SELECT,0.03714456
1,0.009102667
2,0.0016577187
0,0.00071856787
▁CREATE,0.0004461689
3,0.00026850917
5,0.00025822275
4,0.00023328481
