Token,Probability
▁SELECT,0.7694903
<0x0A>,0.13371736
1,0.037716717
SELECT,0.036556292
2,0.009462068
0,0.0025466809
4,0.002030391
3,0.0018631916
5,0.0017778696
7,0.0012219108
