Token,Probability
▁SELECT,0.43171343
2,0.36353916
<0x0A>,0.12368797
1,0.044102304
SELECT,0.007199503
4,0.00601541
5,0.0056069787
0,0.005065483
3,0.004833518
7,0.0021116075
