Token,Probability
▁SELECT,0.8056454
<0x0A>,0.131518
1,0.024711499
SELECT,0.016720636
2,0.008949913
0,0.002625001
3,0.0017215175
7,0.0016555672
4,0.0015431584
5,0.0014160817
