Token,Probability
▁SELECT,0.8784625
<0x0A>,0.05193787
1,0.028682817
SELECT,0.021991879
2,0.0078414455
0,0.0019518902
4,0.0017091321
3,0.0016565478
5,0.0015561825
7,0.0011385274
