Token,Probability
▁SELECT,0.7989417
<0x0A>,0.14324236
SELECT,0.026497172
1,0.018354055
2,0.005425448
0,0.0016546682
4,0.0010767132
3,0.0008517502
5,0.0008451218
7,0.00066854636
