Token,Probability
▁SELECT,0.71745366
<0x0A>,0.15038645
1,0.06993619
2,0.0220064
SELECT,0.017545031
4,0.0040076636
3,0.0035924462
5,0.003001601
0,0.0026282899
▁CREATE,0.002046914
