Token,Probability
▁SELECT,0.712869
<0x0A>,0.21072367
SELECT,0.032315522
1,0.020222537
2,0.008364405
0,0.0030058117
7,0.0025114496
5,0.0017948523
4,0.0016215137
3,0.0015839515
