Token,Probability
▁SELECT,0.8244782
SELECT,0.096943244
<0x0A>,0.07092519
1,0.00497973
2,0.0009960087
0,0.00033102484
▁CREATE,0.00022223957
3,0.00014461407
5,0.00012762145
4,0.00011174908
