Token,Probability
▁SELECT,0.8203095
<0x0A>,0.13816266
SELECT,0.03548311
1,0.0036819105
2,0.00091649994
0,0.00037029944
4,0.00014388286
3,0.0001383708
5,0.00012897575
▁CREATE,0.00011743376
