Token,Probability
▁SELECT,0.82789314
<0x0A>,0.12696153
SELECT,0.03470935
1,0.0060315803
2,0.0018110089
0,0.0006714583
3,0.00030741596
4,0.00029563907
5,0.00027342144
7,0.0002450934
