Token,Probability
▁SELECT,0.6572431
<0x0A>,0.29164985
1,0.021797689
SELECT,0.008945754
▁CREATE,0.006858947
2,0.004258817
0,0.001426525
5,0.0009502705
3,0.0008128095
​,0.00071171974
