Token,Probability
▁SELECT,0.74211305
1,0.08863277
<0x0A>,0.07233995
2,0.044567354
SELECT,0.010752374
5,0.008707538
3,0.007990487
4,0.0066243457
7,0.0055782585
0,0.00414541
