Token,Probability
<0x0A>,0.47746795
▁SELECT,0.4415857
1,0.036818378
2,0.0144182835
SELECT,0.009164819
0,0.0029064566
3,0.0029064566
▁CREATE,0.002505522
7,0.002486024
5,0.0022111156
