Token,Probability
▁SELECT,0.8601008
<0x0A>,0.09208155
SELECT,0.02943103
1,0.01117076
2,0.0026121526
0,0.0011773894
3,0.0005390481
4,0.00049465836
5,0.0004908089
7,0.00041654412
