Token,Probability
▁SELECT,0.7065545
<0x0A>,0.13697182
1,0.088435665
SELECT,0.024557697
2,0.019579103
5,0.004578346
3,0.0043686884
4,0.0036217698
7,0.0026914706
0,0.002568219
