Token,Probability
▁SELECT,0.46790951
<0x0A>,0.13616943
1,0.13197994
9,0.08930209
2,0.06432189
0,0.019770926
5,0.017861541
7,0.01691097
3,0.014578167
4,0.013067785
