Token,Probability
▁SELECT,0.59820175
<0x0A>,0.34621263
SELECT,0.042000353
2,0.007530249
1,0.0040941257
0,0.00050056924
▁CREATE,0.00024017574
3,0.00021529212
4,0.00018271606
5,0.00015628531
