Token,Probability
▁SELECT,0.61315787
<0x0A>,0.22207107
1,0.10655085
2,0.018228704
SELECT,0.009757122
0,0.008477135
3,0.0044671358
5,0.003911555
9,0.0028394845
4,0.0026674487
