Token,Probability
▁SELECT,0.79245377
<0x0A>,0.10074918
1,0.06110747
SELECT,0.020790769
2,0.010212083
0,0.0031389368
5,0.002208518
3,0.0020266497
4,0.0020266497
9,0.0011192224
