Token,Probability
▁SELECT,0.85375184
1,0.051271785
<0x0A>,0.039311446
SELECT,0.023110004
2,0.01446187
3,0.0032776955
5,0.00307911
4,0.0026543585
0,0.0026132066
7,0.0020672167
