Token,Probability
▁SELECT,0.70546204
<0x0A>,0.17836873
1,0.056566413
2,0.021808296
SELECT,0.014414403
0,0.0044653737
4,0.003423721
5,0.0030451203
▁CREATE,0.0029284637
3,0.0025048477
