Token,Probability
▁SELECT,0.85636234
<0x0A>,0.09168131
SELECT,0.043989178
1,0.005132055
2,0.0009567804
0,0.00045549578
4,0.00019899136
3,0.00016241202
5,0.00015989406
7,0.0001400079
