Token,Probability
▁SELECT,0.7815794
<0x0A>,0.17169021
1,0.023235744
SELECT,0.014315126
2,0.0033736802
0,0.0012314492
5,0.00083324034
3,0.00063886744
4,0.0006096116
▁CREATE,0.0004710713
