Token,Probability
▁SELECT,0.8986361
<0x0A>,0.06716338
SELECT,0.021804757
1,0.00937811
2,0.0010198221
0,0.00037517154
4,0.0002831944
3,0.000220552
7,0.0001772185
5,0.00017311325
