Token,Probability
▁SELECT,0.6651923
<0x0A>,0.24471061
1,0.051294126
2,0.014927442
SELECT,0.009562878
3,0.002325247
0,0.002218766
4,0.0021171614
5,0.001958054
7,0.0013563045
