Token,Probability
▁SELECT,0.71269375
<0x0A>,0.24248186
SELECT,0.027205708
1,0.008832401
2,0.0025905345
0,0.00086096785
▁CREATE,0.0008344786
5,0.00058255997
4,0.00057352823
3,0.00050613686
