Token,Probability
▁SELECT,0.7591797
<0x0A>,0.15913272
SELECT,0.056740515
1,0.016512431
2,0.0037424427
0,0.00090998795
3,0.00075440644
4,0.00051849545
5,0.00047209553
▁CREATE,0.0003563564
