Token,Probability
▁SELECT,0.8431283
<0x0A>,0.11410501
SELECT,0.02930459
1,0.0075850682
2,0.0020736423
0,0.0009419945
4,0.00044845665
3,0.0003957616
5,0.0003746995
7,0.00032809784
