Token,Probability
▁SELECT,0.5341826
<0x0A>,0.30436805
1,0.08997103
SELECT,0.027439615
2,0.020551322
3,0.0038614788
5,0.0034885553
0,0.0034614073
4,0.002847276
7,0.0025722994
