Token,Probability
▁SELECT,0.6195253
1,0.11823847
2,0.11640535
<0x0A>,0.064285144
SELECT,0.01771242
3,0.015631156
4,0.012269033
5,0.010331563
0,0.0073261745
7,0.006670559
