Token,Probability
▁SELECT,0.7538838
<0x0A>,0.10044529
SELECT,0.05547116
1,0.052110333
2,0.01652585
3,0.0054072365
4,0.0031540133
5,0.0029629213
0,0.002399447
7,0.0022717505
