Token,Probability
▁SELECT,0.63968307
<0x0A>,0.23167786
1,0.07404869
2,0.020886391
SELECT,0.0143549945
0,0.0044818474
4,0.0034096097
3,0.0028266658
5,0.002035971
9,0.0015488851
