Token,Probability
▁SELECT,0.7277997
<0x0A>,0.22901234
SELECT,0.023763502
1,0.010141019
2,0.0040973416
0,0.0011557083
4,0.00068473455
5,0.0006137921
7,0.00055451493
3,0.00054591795
