Token,Probability
▁SELECT,0.67877895
1,0.121698365
<0x0A>,0.07857437
2,0.03889713
SELECT,0.034326598
4,0.008478072
3,0.0082172295
0,0.007902432
5,0.0075405533
7,0.005182541
