Token,Probability
▁SELECT,0.7726551
<0x0A>,0.15944639
1,0.026855158
SELECT,0.026438804
2,0.0074574077
0,0.0016381751
3,0.0010743415
5,0.0008768519
4,0.0008700282
9,0.00060737756
