Token,Probability
▁SELECT,0.76927996
<0x0A>,0.10090757
1,0.04917842
2,0.034872726
SELECT,0.025513431
0,0.0033466336
3,0.002999903
4,0.002668169
7,0.002668169
5,0.002506513
