Token,Probability
▁SELECT,0.5245643
<0x0A>,0.16766085
1,0.12855002
2,0.10169143
3,0.014536033
5,0.013030016
SELECT,0.012145311
4,0.009990459
7,0.0071958583
0,0.00713986
