Token,Probability
▁SELECT,0.71872056
<0x0A>,0.1789037
1,0.04523394
SELECT,0.021035735
2,0.017303523
0,0.005487499
3,0.0022697283
5,0.0021657897
4,0.0021489356
7,0.0017676661
