Token,Probability
▁SELECT,0.8961573
<0x0A>,0.060984273
SELECT,0.019189553
1,0.015180185
2,0.003413723
0,0.0013368332
▁CREATE,0.0007920475
3,0.00064645027
5,0.0005616457
4,0.00040453827
