Token,Probability
▁SELECT,0.7742701
<0x0A>,0.17548363
SELECT,0.028646918
1,0.015333588
2,0.0020590264
▁CREATE,0.0008650619
0,0.0006950968
3,0.00039916052
4,0.0003929721
5,0.0002786589
