Token,Probability
▁SELECT,0.47355077
<0x0A>,0.24186608
1,0.15373942
2,0.052307203
SELECT,0.028438933
0,0.00916092
3,0.008673385
5,0.008538917
4,0.005385427
7,0.005385427
