Token,Probability
▁SELECT,0.72844684
<0x0A>,0.16253847
1,0.05114499
SELECT,0.029141542
2,0.0110608805
0,0.0035077583
5,0.0025265436
4,0.002300444
3,0.002282542
7,0.0019071351
