Token,Probability
▁SELECT,0.7364752
<0x0A>,0.1341221
2,0.07292092
1,0.026000755
SELECT,0.021221198
0,0.0022542404
3,0.0015737134
4,0.0015372584
5,0.0010565412
7,0.00064082467
