Token,Probability
▁SELECT,0.8430975
<0x0A>,0.091682605
SELECT,0.04610091
1,0.014281395
2,0.0022420601
0,0.00050419493
4,0.00037177003
3,0.00029180563
5,0.0002677759
▁CREATE,0.0002344724
