Token,Probability
▁SELECT,0.60195273
<0x0A>,0.21801284
1,0.09376615
SELECT,0.044291995
2,0.020597689
0,0.0051673832
3,0.0034964266
5,0.0032845885
4,0.002765901
7,0.0021540858
