Token,Probability
▁SELECT,0.8094449
<0x0A>,0.13421912
SELECT,0.022962186
1,0.021570977
2,0.0050836843
0,0.0015504361
4,0.0009626876
3,0.00081702234
5,0.00073811825
7,0.00057484704
