Token,Probability
▁SELECT,0.77115846
<0x0A>,0.1518501
SELECT,0.028981103
1,0.025978489
5,0.0071578273
2,0.0061704325
4,0.0021158496
3,0.0016350019
0,0.001387608
7,0.0011062976
