Token,Probability
▁SELECT,0.5626612
<0x0A>,0.22381115
1,0.1057209
2,0.041400902
SELECT,0.035969723
3,0.0060111443
5,0.0059179505
0,0.0040356913
4,0.0037033586
7,0.0031429997
