Token,Probability
▁SELECT,0.8319903
<0x0A>,0.1143708
SELECT,0.022520946
1,0.018964538
2,0.003705278
4,0.0030717833
0,0.001439716
3,0.00083977875
5,0.00083324366
7,0.0004322811
