Token,Probability
<0x0A>,0.5948234
▁SELECT,0.2639513
1,0.04445665
2,0.027175805
5,0.01972752
SELECT,0.01150696
▁AV,0.01055938
3,0.005969732
0,0.0041675447
4,0.0041675447
