Token,Probability
▁SELECT,0.6750783
<0x0A>,0.27705157
1,0.020706624
SELECT,0.013686243
2,0.0053179017
▁CREATE,0.0013032077
0,0.0012435295
3,0.00090270553
4,0.0008155266
5,0.0007904354
