Token,Probability
▁SELECT,0.83049273
<0x0A>,0.08753329
SELECT,0.05066038
1,0.014743012
2,0.01130386
4,0.0013713138
▁CREATE,0.0012388788
0,0.0007282992
3,0.0006278332
5,0.00032066583
