Token,Probability
▁SELECT,0.41750324
1,0.35710946
<0x0A>,0.16868655
SELECT,0.017779434
2,0.016833229
9,0.0039671278
3,0.0028798257
▁CREATE,0.0028351783
0,0.0028351783
5,0.0026426767
