Token,Probability
▁SELECT,0.68807286
<0x0A>,0.24920347
SELECT,0.030231813
1,0.017225567
2,0.0048968014
0,0.0015897586
▁CREATE,0.0015529321
4,0.00094928825
5,0.0007808632
3,0.000745105
