Token,Probability
▁SELECT,0.56815606
<0x0A>,0.27260423
1,0.05849601
SELECT,0.041805215
2,0.037767865
0,0.0034048765
3,0.0030521115
5,0.0028671932
4,0.002340135
7,0.0020331442
