Token,Probability
▁SELECT,0.5286543
1,0.207024
<0x0A>,0.13366474
2,0.050733414
5,0.017261174
SELECT,0.013443016
0,0.013443016
3,0.009239241
4,0.009239241
7,0.0056921314
