Token,Probability
▁SELECT,0.31869116
1,0.29938266
<0x0A>,0.25607556
2,0.05042427
5,0.0132571235
SELECT,0.0108201485
3,0.009929127
9,0.009623639
0,0.007612925
7,0.006931647
