Token,Probability
▁SELECT,0.8500893
<0x0A>,0.09840498
SELECT,0.035087377
1,0.0091530895
2,0.002601996
7,0.0007873884
0,0.0007454844
5,0.0006376466
4,0.0005851374
3,0.00050441996
