Token,Probability
▁SELECT,0.48328385
<0x0A>,0.47579125
1,0.01200462
SELECT,0.011189537
▁CREATE,0.0027852962
​,0.0021355606
2,0.0020860902
▁S,0.0015746636
0,0.0015025544
<0x09>,0.0009476493
