Token,Probability
▁SELECT,0.6966718
<0x0A>,0.1371828
1,0.10852053
SELECT,0.024214204
2,0.014014104
0,0.006776779
3,0.0029837752
4,0.002738066
5,0.0019876228
7,0.00126341
