Token,Probability
▁SELECT,0.713026
<0x0A>,0.19800016
1,0.036626346
SELECT,0.022920184
2,0.013901794
0,0.0044087023
3,0.0024538122
4,0.0022342217
5,0.0018235183
7,0.0010229012
