Token,Probability
▁SELECT,0.6822328
<0x0A>,0.16459633
1,0.065471895
2,0.035044577
SELECT,0.01748439
5,0.008930151
3,0.006954809
4,0.004893319
0,0.0028766342
9,0.0025386207
