Token,Probability
▁SELECT,0.79996145
<0x0A>,0.147978
SELECT,0.04173911
1,0.006203965
2,0.0012312145
0,0.0005953765
4,0.00042549637
3,0.00032370054
5,0.00028790522
7,0.00020737035
