Token,Probability
▁SELECT,0.5382124
1,0.18893035
<0x0A>,0.1382244
2,0.049285423
SELECT,0.015149096
0,0.014010623
5,0.013161763
4,0.010742318
3,0.010411811
7,0.00830102
