Token,Probability
▁SELECT,0.6901472
1,0.09942514
<0x0A>,0.09636614
2,0.04552014
3,0.017143043
SELECT,0.0143235475
4,0.007090671
7,0.0068725133
5,0.006405887
0,0.0060649714
