Token,Probability
1,0.55380005
▁SELECT,0.35201672
<0x0A>,0.05398351
2,0.015833315
SELECT,0.009380928
▁CREATE,0.0042949016
0,0.00237187
5,0.0018910198
3,0.0017764486
4,0.0011469615
