Token,Probability
▁SELECT,0.8702259
2,0.045405257
<0x0A>,0.041992996
1,0.021115405
SELECT,0.014287397
3,0.0014595495
0,0.0010846452
4,0.0009953263
▁CREATE,0.0007873679
5,0.00074546493
