Token,Probability
▁SELECT,0.85674393
<0x0A>,0.08890018
SELECT,0.034813806
1,0.009819686
2,0.0028801046
3,0.001979465
0,0.0010512859
4,0.00086476415
7,0.0007113356
5,0.0006527583
