Token,Probability
▁SELECT,0.73735166
<0x0A>,0.08535465
1,0.07771629
2,0.04568705
SELECT,0.012296503
5,0.0060872105
3,0.005629749
4,0.00545654
▁CREATE,0.0051661483
0,0.004891211
