Token,Probability
▁SELECT,0.75113857
<0x0A>,0.18991756
1,0.03052253
SELECT,0.015468067
2,0.0056461007
0,0.001708563
3,0.0008591194
4,0.0007234511
5,0.0006957361
▁CREATE,0.0006188005
