Token,Probability
▁SELECT,0.72201246
<0x0A>,0.18542814
1,0.035946883
SELECT,0.021633215
2,0.018648999
0,0.003909042
4,0.0022980075
5,0.0022099721
3,0.0021757097
7,0.0014953421
