Token,Probability
2,0.5456049
▁SELECT,0.23102365
1,0.09334199
<0x0A>,0.053184662
3,0.015721356
SELECT,0.015001423
4,0.012436617
5,0.011683119
7,0.006868152
9,0.0040692454
