Token,Probability
▁SELECT,0.5831254
<0x0A>,0.2628352
1,0.052982666
2,0.049000952
SELECT,0.018744536
4,0.0072833416
5,0.006278633
3,0.005084592
7,0.0026378515
0,0.0024780321
