Token,Probability
▁SELECT,0.4818456
1,0.29685646
<0x0A>,0.0837322
2,0.0383354
SELECT,0.029392768
5,0.012062769
0,0.011420799
3,0.011243737
7,0.0095424345
4,0.00875663
