Token,Probability
▁SELECT,0.6735868
1,0.16251038
<0x0A>,0.07797333
2,0.031504076
SELECT,0.026737161
4,0.0038518528
▁CREATE,0.0037333437
7,0.0035071524
3,0.003168448
0,0.0031437906
