Token,Probability
▁SELECT,0.82008415
<0x0A>,0.05325182
1,0.03957339
SELECT,0.033324137
2,0.023263998
4,0.016496643
3,0.005272644
5,0.003075506
0,0.001659111
7,0.0012329466
