Token,Probability
▁SELECT,0.71297127
<0x0A>,0.11280844
1,0.09955309
2,0.02942784
SELECT,0.008300504
0,0.0073251687
5,0.00616841
3,0.0053592073
4,0.0051943217
7,0.002982848
