Token,Probability
▁SELECT,0.6832349
<0x0A>,0.21498938
1,0.048726045
SELECT,0.017647404
2,0.015573779
3,0.0042576343
5,0.0031888206
4,0.002727543
0,0.0025225647
9,0.0018455478
