Token,Probability
▁SELECT,0.78025347
<0x0A>,0.15125902
SELECT,0.03765135
1,0.018065317
2,0.004224364
0,0.0032899384
3,0.0009649359
5,0.0009499759
4,0.0009207482
7,0.0006631901
