Token,Probability
▁SELECT,0.7498198
<0x0A>,0.20498933
SELECT,0.021270752
1,0.011121671
2,0.0073509756
0,0.0010264262
▁CREATE,0.00096423813
3,0.0006731467
4,0.0006081374
5,0.00050024013
