Token,Probability
▁SELECT,0.57783824
1,0.20927915
<0x0A>,0.10688933
2,0.041858464
SELECT,0.01601229
3,0.010583477
0,0.010338311
5,0.008114633
4,0.006030284
7,0.004080294
