Token,Probability
▁SELECT,0.8260532
<0x0A>,0.09865799
SELECT,0.033046287
1,0.02782776
2,0.0057876226
0,0.002000149
4,0.0014183179
3,0.0011396505
5,0.0008875607
7,0.00059124286
