Token,Probability
▁SELECT,0.51344526
<0x0A>,0.27482745
1,0.11278895
2,0.043484014
SELECT,0.025965491
3,0.006720791
5,0.004955601
4,0.004108337
0,0.0039202026
9,0.0027367426
