Token,Probability
▁SELECT,0.79798275
<0x0A>,0.08814313
2,0.049443815
1,0.029066522
SELECT,0.028615886
3,0.0014247011
4,0.0011270313
0,0.0010923563
5,0.0008441075
7,0.0005711517
