Token,Probability
▁SELECT,0.9190592
<0x0A>,0.04038064
SELECT,0.037934106
1,0.0012879323
2,0.0005896584
0,0.000109931316
▁select,7.042465e-05
3,6.564299e-05
4,6.412237e-05
▁CREATE,6.1185994e-05
