Token,Probability
▁SELECT,0.7629321
<0x0A>,0.14112826
1,0.041717432
SELECT,0.024524413
2,0.011859232
0,0.0032675618
5,0.002524976
3,0.0024858299
4,0.0023170484
7,0.0019974206
