Token,Probability
▁SELECT,0.65733665
<0x0A>,0.18253578
1,0.06928277
2,0.035110798
SELECT,0.021462802
5,0.0063941516
3,0.0057316804
0,0.0052596857
4,0.0044988478
7,0.0033694813
