Token,Probability
<0x0A>,0.54353374
▁SELECT,0.39149266
1,0.028582059
SELECT,0.013501209
2,0.007692757
0,0.0028300073
4,0.0022562784
3,0.0015266745
5,0.0013368006
​,0.0009553684
