Token,Probability
▁SELECT,0.7673712
1,0.0783919
<0x0A>,0.07598004
2,0.028838772
SELECT,0.016953437
3,0.006335037
4,0.0052110595
5,0.005130269
0,0.0047819368
7,0.0036951944
