Token,Probability
▁SELECT,0.7326077
<0x0A>,0.12730812
1,0.07253799
2,0.025068456
SELECT,0.016185412
3,0.006191472
0,0.004322344
5,0.0036397786
4,0.0036397786
7,0.002173411
