Token,Probability
▁SELECT,0.50528497
1,0.19480471
2,0.0994965
<0x0A>,0.08918809
5,0.018841466
3,0.018694842
SELECT,0.01611596
4,0.014001789
7,0.013465388
9,0.011790688
