Token,Probability
▁SELECT,0.7316444
<0x0A>,0.1684341
1,0.049017116
SELECT,0.022267029
2,0.012988243
0,0.0035231556
3,0.002310542
5,0.0022394538
4,0.0019609313
▁CREATE,0.0009937517
