Token,Probability
▁SELECT,0.9938355
1,0.0014710063
2,0.00096470944
SELECT,0.0005453973
3,0.00031565173
7,0.00028516757
4,0.0002516595
5,0.0002022141
▁U,0.00020064045
▁CREATE,0.00019907906
