Token,Probability
▁SELECT,0.756215
<0x0A>,0.17409058
1,0.028867045
SELECT,0.023745386
2,0.00807896
0,0.0020911219
4,0.0010514822
3,0.0010191315
5,0.0010112004
7,0.00085151615
