Token,Probability
▁SELECT,0.54306704
<0x0A>,0.1630583
1,0.14166752
2,0.051308572
SELECT,0.04819994
4,0.012186854
3,0.009343985
5,0.0087778615
7,0.0053657987
0,0.0051602386
