Token,Probability
▁SELECT,0.8119345
<0x0A>,0.12647499
SELECT,0.031482115
1,0.019701004
2,0.004161943
0,0.00117393
3,0.001011991
4,0.0007881393
5,0.0006186177
7,0.000493205
