Token,Probability
▁SELECT,0.5930013
3,0.17257321
1,0.09093969
<0x0A>,0.05515771
2,0.044320464
SELECT,0.012022249
4,0.010363827
5,0.0063849688
0,0.0035816426
9,0.0025797605
