Token,Probability
▁SELECT,0.7705283
<0x0A>,0.10592184
SELECT,0.062268242
1,0.026366029
8,0.01649944
2,0.008493183
7,0.0019099489
9,0.001595822
4,0.0013973484
5,0.0013543565
