Token,Probability
▁SELECT,0.63038933
1,0.1497306
<0x0A>,0.072972864
2,0.037270892
8,0.029714946
7,0.014369209
SELECT,0.012290636
3,0.0121000875
4,0.0095719565
5,0.009062546
