Token,Probability
▁SELECT,0.7111328
<0x0A>,0.22029866
SELECT,0.029351957
1,0.022329792
2,0.0075382064
0,0.0023170544
3,0.0011117349
4,0.0009583754
5,0.0009435171
▁CREATE,0.0006091804
