Token,Probability
▁SELECT,0.6099796
<0x0A>,0.154227
1,0.12785867
2,0.030847339
SELECT,0.025176866
5,0.009334695
3,0.009262051
4,0.007618756
7,0.006723528
9,0.005933493
