Token,Probability
▁SELECT,0.8644188
<0x0A>,0.06985576
SELECT,0.035125677
1,0.019398242
2,0.00634708
0,0.0013304204
3,0.00060437067
4,0.00057220657
5,0.0005417543
7,0.00041214496
