Token,Probability
▁SELECT,0.77032125
<0x0A>,0.1614681
1,0.034919925
SELECT,0.014443509
2,0.008557497
0,0.0021301291
4,0.0019244114
3,0.0014640149
5,0.0013434556
7,0.00081484707
