Token,Probability
▁SELECT,0.85186756
<0x0A>,0.08567457
SELECT,0.057071567
1,0.0026485003
2,0.0009896723
▁CREATE,0.00035287853
0,0.00032891895
4,0.00016799536
3,0.00011727966
5,0.0001043107
