Token,Probability
▁SELECT,0.79590416
<0x0A>,0.118300594
1,0.036079645
SELECT,0.028098855
2,0.008980934
0,0.0026340992
4,0.0020837442
3,0.0017140411
5,0.0013039736
7,0.0011153478
