Token,Probability
▁SELECT,0.8871253
<0x0A>,0.07997677
SELECT,0.020539735
1,0.007210125
2,0.0019711384
▁CREATE,0.00058723724
0,0.00058723724
4,0.00049838185
3,0.00031432547
5,0.00028844128
