Token,Probability
▁SELECT,0.8299318
<0x0A>,0.13548264
SELECT,0.023543354
1,0.0066407076
2,0.0015050762
0,0.00069992547
4,0.00032296253
3,0.00032044924
5,0.0002698453
▁CREATE,0.00023628445
