Token,Probability
▁SELECT,0.8863047
<0x0A>,0.06320831
SELECT,0.021505546
1,0.015733792
2,0.0065077795
0,0.0014184444
4,0.0010058277
3,0.0008738783
5,0.00073015265
▁CREATE,0.0006196725
