Token,Probability
<0x0A>,0.51669216
▁SELECT,0.43509844
1,0.023240227
SELECT,0.007032711
2,0.004435475
0,0.00243044
▁CREATE,0.0015939213
​,0.0009974506
5,0.00095923874
3,0.00071843667
