Token,Probability
▁SELECT,0.8492448
<0x0A>,0.09091931
SELECT,0.031915683
1,0.016557638
2,0.005677636
0,0.0013697934
4,0.0010502571
3,0.0007989935
5,0.00062713714
7,0.00041128657
