Token,Probability
▁SELECT,0.83599085
<0x0A>,0.12425894
SELECT,0.023347566
1,0.00988598
2,0.0025789123
0,0.0009195394
3,0.00052393775
5,0.00046599988
4,0.00044814774
7,0.00030800715
