Token,Probability
▁SELECT,0.7662792
<0x0A>,0.08870326
1,0.07587192
2,0.039981693
SELECT,0.007224544
3,0.003307637
▁CREATE,0.003131608
9,0.0029418736
5,0.0028071553
4,0.0027421275
