Token,Probability
▁SELECT,0.5030543
<0x0A>,0.34574383
1,0.09019267
SELECT,0.019658515
2,0.017899282
3,0.005168452
5,0.0036081604
4,0.0032091644
9,0.0024414037
0,0.0022056242
