Token,Probability
▁SELECT,0.86957806
SELECT,0.06601507
<0x0A>,0.05472842
1,0.007641799
2,0.00079917174
0,0.0002134203
3,0.00015736624
4,0.00014553998
▁CREATE,0.00010731445
▁select,0.000103203296
