Token,Probability
▁SELECT,0.65845704
<0x0A>,0.18284692
1,0.09338907
2,0.02035521
SELECT,0.018825492
4,0.0059237033
0,0.0038546273
3,0.0038546273
5,0.0037653348
9,0.0022135263
