Token,Probability
▁SELECT,0.7676731
1,0.09026402
<0x0A>,0.0748315
2,0.023546778
SELECT,0.020779958
3,0.0041562533
5,0.003754862
0,0.003365836
4,0.003287867
7,0.002947225
