Token,Probability
▁SELECT,0.6931242
<0x0A>,0.18081225
1,0.073054746
SELECT,0.029981611
2,0.009809945
0,0.0022583776
3,0.0019166601
5,0.001745139
4,0.0016914466
9,0.0012867848
