Token,Probability
▁SELECT,0.45813808
<0x0A>,0.20649901
2,0.1738896
1,0.07025775
SELECT,0.047538772
3,0.008590081
5,0.0077604908
4,0.006902324
0,0.0066899615
7,0.00402609
