Token,Probability
▁SELECT,0.4181241
<0x0A>,0.2135569
1,0.17430004
2,0.08764357
3,0.022508731
5,0.015470011
SELECT,0.014085603
4,0.013759311
0,0.011406871
7,0.00874595
