Token,Probability
▁SELECT,0.78897727
<0x0A>,0.13926275
1,0.027422464
SELECT,0.023092028
2,0.007856667
0,0.0028678137
▁CREATE,0.0020818096
4,0.0017258808
3,0.001464736
5,0.0012334314
