Token,Probability
▁SELECT,0.84383804
<0x0A>,0.05653362
1,0.04542604
SELECT,0.01724178
2,0.014072331
5,0.004393596
3,0.0039692833
4,0.0037287967
7,0.0027494421
0,0.0023334213
