Token,Probability
▁SELECT,0.69238174
1,0.14973806
<0x0A>,0.0729765
SELECT,0.040936105
2,0.023143174
3,0.0040216814
5,0.0031077145
0,0.0030595337
4,0.0028741658
7,0.0019753834
