Token,Probability
▁SELECT,0.595059
<0x0A>,0.37237844
SELECT,0.011511518
1,0.010898886
2,0.004507975
0,0.0012915565
▁CREATE,0.0010459343
4,0.0005468794
3,0.00046777073
5,0.00042259565
