Token,Probability
▁SELECT,0.8581289
<0x0A>,0.07858095
SELECT,0.03327327
1,0.018375244
2,0.005264595
0,0.0018918719
3,0.0010529853
4,0.00085273344
5,0.00062387314
7,0.00044239234
