Token,Probability
▁SELECT,0.8554429
<0x0A>,0.082094364
SELECT,0.030676423
1,0.023890821
2,0.0025980063
0,0.0013797907
3,0.0006777304
4,0.0006219204
5,0.00054457167
7,0.00048058285
