Token,Probability
▁SELECT,0.7037821
<0x0A>,0.20803759
SELECT,0.035591032
1,0.028375648
2,0.009960789
0,0.0030857082
4,0.0021042703
3,0.0018282216
5,0.0016646148
7,0.0013065712
