Token,Probability
<0x0A>,0.5700243
▁SELECT,0.3917716
3,0.01579576
1,0.008067685
SELECT,0.0071755475
2,0.0013377533
▁CREATE,0.001017709
<0x09>,0.00061246805
​,0.00050775387
﻿,0.00045514762
