Token,Probability
▁SELECT,0.67710036
<0x0A>,0.15108152
1,0.10064198
SELECT,0.035885006
2,0.012305016
0,0.0046341117
5,0.0039948537
3,0.0031601894
4,0.0028107308
7,0.0021719644
