Token,Probability
▁SELECT,0.6535874
<0x0A>,0.21892436
1,0.058009177
SELECT,0.039250974
2,0.015370903
5,0.003003156
3,0.0026502758
4,0.0025687355
0,0.0018940669
7,0.0012324929
