Token,Probability
▁SELECT,0.5860188
<0x0A>,0.19629171
1,0.1349092
2,0.025747871
SELECT,0.02456879
0,0.0060680625
5,0.0057004173
3,0.0043029008
7,0.0039178357
4,0.0036518245
