Token,Probability
▁SELECT,0.8041066
<0x0A>,0.15346643
SELECT,0.030219333
1,0.0068490286
2,0.0019470091
0,0.00080531795
5,0.00041779343
3,0.00039866124
4,0.00038639578
7,0.00025143253
