Token,Probability
▁SELECT,0.84939826
<0x0A>,0.090935744
1,0.022992158
SELECT,0.01876565
2,0.007945877
▁CREATE,0.004187183
0,0.0019021137
5,0.0007991379
3,0.0006573529
7,0.00047347348
