Token,Probability
▁SELECT,0.6565558
1,0.117713965
<0x0A>,0.07482354
2,0.042633172
SELECT,0.029531134
5,0.017772151
0,0.014618972
3,0.012025238
4,0.011931656
7,0.0066409674
