Token,Probability
▁SELECT,0.72865695
<0x0A>,0.20234072
1,0.033551387
SELECT,0.012834549
2,0.0082866065
0,0.0028414885
4,0.002144868
5,0.0019076853
3,0.0017234499
7,0.0011214704
