Token,Probability
▁SELECT,0.6937401
<0x0A>,0.15239449
1,0.07662876
2,0.0350832
SELECT,0.013316082
3,0.005296771
5,0.0052555515
0,0.004975856
4,0.0042560752
7,0.0030655363
