Token,Probability
▁SELECT,0.8202536
<0x0A>,0.15173167
SELECT,0.014561245
1,0.007096584
2,0.0029814984
0,0.0006200926
4,0.00045013893
5,0.0003910875
3,0.0003451335
▁CREATE,0.000292911
