Token,Probability
▁SELECT,0.6403258
<0x0A>,0.2627892
2,0.03447044
1,0.03289192
SELECT,0.019949961
3,0.0015748572
▁CREATE,0.0014451703
0,0.0012654333
5,0.0011612269
4,0.0010656016
