Token,Probability
▁SELECT,0.76388
<0x0A>,0.1171448
SELECT,0.047330774
1,0.04377381
2,0.014662391
3,0.0023749424
4,0.0022661858
0,0.0018641137
5,0.0018641137
7,0.0012225157
