Token,Probability
▁SELECT,0.6327297
<0x0A>,0.18128009
1,0.070437856
2,0.05073448
SELECT,0.014422555
5,0.011144888
3,0.0067071114
4,0.00639997
0,0.006106894
7,0.0056040008
