Token,Probability
▁SELECT,0.67998976
1,0.18301676
<0x0A>,0.0549516
SELECT,0.026366064
2,0.024384623
3,0.0060225767
0,0.005975709
4,0.0044062114
5,0.0041070404
9,0.0029351695
