Token,Probability
▁SELECT,0.63348687
<0x0A>,0.17318568
1,0.14583696
SELECT,0.023807231
2,0.009469862
0,0.0033503065
3,0.0020320634
4,0.0016715298
5,0.0016585221
9,0.0014983496
