Token,Probability
▁SELECT,0.71792674
<0x0A>,0.17593552
1,0.048098095
SELECT,0.02167951
2,0.014329282
0,0.004799708
5,0.0033770164
3,0.0030989242
7,0.002692392
4,0.0025292682
