Token,Probability
▁SELECT,0.76816404
<0x0A>,0.15606199
1,0.025476422
SELECT,0.020153506
2,0.019230612
4,0.0021076337
3,0.0017472897
5,0.0014039867
▁CREATE,0.0012683963
0,0.0012198047
