Token,Probability
▁SELECT,0.8852389
<0x0A>,0.054850295
SELECT,0.054850295
1,0.003046467
2,0.00060933176
0,0.00032361364
4,0.00012973421
▁CREATE,0.00012282988
3,0.00012282988
5,0.000119984536
