Token,Probability
▁SELECT,0.8552629
<0x0A>,0.10375516
SELECT,0.03214185
1,0.005329641
2,0.0013266525
0,0.0004730325
3,0.00026742835
4,0.00023972122
5,0.00021657006
7,0.00017401895
