Token,Probability
▁SELECT,0.80605847
<0x0A>,0.13576241
SELECT,0.021819005
1,0.017260252
2,0.012049599
0,0.0013414066
4,0.0013309678
3,0.0010125469
5,0.00068512355
▁CREATE,0.0006046194
