Token,Probability
▁SELECT,0.78362334
<0x0A>,0.16684303
SELECT,0.021885045
1,0.015518819
2,0.005157701
0,0.0013246072
▁CREATE,0.0009392872
4,0.0007606579
3,0.0007488651
5,0.0006306076
