Token,Probability
▁SELECT,0.82780254
<0x0A>,0.12497949
SELECT,0.04456281
▁Select,0.0006981297
▁CREATE,0.00047237816
<0x09>,0.0002798748
Select,0.0002179667
▁select,0.00018937277
▁SQL,0.00011396654
1,9.748075e-05
