Token,Probability
▁SELECT,0.80802345
<0x0A>,0.14487064
SELECT,0.044183046
▁Select,0.0007484253
▁CREATE,0.0006502432
<0x09>,0.00024874017
▁select,0.00023004707
Select,0.00022123409
▁SQL,0.00011299532
▁WHERE,9.6650016e-05
