Token,Probability
▁SELECT,0.7714017
<0x0A>,0.19201708
SELECT,0.033367567
▁CREATE,0.0010234807
▁Select,0.00056082115
<0x09>,0.00023932909
▁select,0.00023746661
Select,0.00020311595
▁UPDATE,0.00016320826
▁SQL,0.00013959943
