Token,Probability
▁SELECT,0.8011545
<0x0A>,0.152903
SELECT,0.043128274
▁Select,0.00085410924
▁CREATE,0.00038799658
<0x09>,0.0002604886
▁select,0.00023533184
Select,0.00022809143
▁WHERE,9.288007e-05
▁UPDATE,8.132851e-05
