Token,Probability
▁SELECT,0.74324363
<0x0A>,0.21629621
SELECT,0.038178552
▁CREATE,0.0005531638
▁Select,0.0005361447
▁select,0.00024165938
<0x09>,0.00022003337
Select,0.0001809945
▁UPDATE,8.3515246e-05
▁SQL,6.816316e-05
