Token,Probability
▁SELECT,0.7720103
<0x0A>,0.19216858
SELECT,0.031864673
▁CREATE,0.0009927743
▁Select,0.00090393116
<0x09>,0.00036237907
▁WHERE,0.0002589806
▁select,0.0002451979
Select,0.0002451979
▁UPDATE,0.00015831168
