Token,Probability
▁SELECT,0.6333616
<0x0A>,0.33375812
SELECT,0.027827965
▁CREATE,0.002047596
▁Select,0.00057305646
<0x09>,0.00042919946
▁WHERE,0.0003091408
▁SQL,0.000266496
Select,0.00019650183
▁UPDATE,0.00019650183
