Token,Probability
▁SELECT,0.6587016
<0x0A>,0.2877654
SELECT,0.048467603
▁CREATE,0.0016074444
▁Select,0.00093031744
<0x09>,0.00049796305
Select,0.0003091923
▁WHERE,0.0002583398
▁select,0.00023339057
▁SQL,0.00020758189
