Token,Probability
▁SELECT,0.7627634
<0x0A>,0.2021122
SELECT,0.03299391
▁Select,0.0005088754
▁CREATE,0.00042851607
<0x09>,0.00027238135
▁select,0.00019466219
Select,0.00016650339
▁WHERE,7.926749e-05
▁UPDATE,5.799334e-05
