Token,Probability
▁SELECT,0.825209
<0x0A>,0.14117663
SELECT,0.030531589
▁CREATE,0.0007524932
▁Select,0.0005999399
<0x09>,0.0003016687
▁WHERE,0.00022771151
▁UPDATE,0.00019175232
▁select,0.00018731036
Select,0.00016530084
