Token,Probability
▁SELECT,0.8007022
<0x0A>,0.16267252
SELECT,0.033048928
▁CREATE,0.0010137071
▁Select,0.0006967101
<0x09>,0.00032910254
▁select,0.0002523317
Select,0.00024841964
▁UPDATE,0.0001996108
▁WHERE,0.00014603836
