Token,Probability
▁SELECT,0.91730225
<0x0A>,0.060502645
SELECT,0.020265846
▁CREATE,0.0004841125
▁Select,0.0003951211
<0x09>,0.00020821417
▁select,0.0001673048
▁WHERE,0.00011679757
▁SQL,0.00010147549
Select,0.0001006858
