Token,Probability
▁SELECT,0.8156665
<0x0A>,0.14624095
SELECT,0.03473527
▁CREATE,0.0007437916
▁Select,0.0007097309
<0x09>,0.0002779346
▁select,0.0002779346
Select,0.00023588004
▁SQL,0.00018370357
▁UPDATE,0.00015712998
