Token,Probability
▁SELECT,0.6657473
<0x0A>,0.27752474
SELECT,0.05214536
▁CREATE,0.0012456534
▁Select,0.000925691
<0x09>,0.00042381216
Select,0.00027363372
▁select,0.0002611031
▁UPDATE,0.00018660199
▁WHERE,0.0001766712
