Token,Probability
▁SELECT,0.71088725
<0x0A>,0.24186721
SELECT,0.04404729
▁CREATE,0.0008723093
▁Select,0.0007231698
Select,0.0002788068
<0x09>,0.0002384761
▁select,0.00019925425
▁WHERE,0.00011177149
▁SQL,9.338859e-05
