Token,Probability
▁SELECT,0.87821126
<0x0A>,0.08560658
SELECT,0.033524018
▁CREATE,0.0007406421
▁Select,0.000493374
<0x09>,0.00026202892
▁UPDATE,0.00020566887
▁select,0.00017050547
Select,0.00015769179
▁WHERE,0.0001277027
