Token,Probability
▁SELECT,0.86288226
<0x0A>,0.104679495
SELECT,0.029991178
▁CREATE,0.0006625914
▁Select,0.0005241529
<0x09>,0.00018689247
▁WHERE,0.00018689247
▁select,0.0001549393
Select,0.0001444193
▁UPDATE,0.00012256707
