Token,Probability
▁SELECT,0.78291386
<0x0A>,0.16669197
SELECT,0.04628869
▁Select,0.0011408488
▁CREATE,0.0007083692
Select,0.0003094636
<0x09>,0.00026677427
▁select,0.00021269101
▁SQL,0.00018192426
▁WHERE,0.00014168276
