Token,Probability
▁SELECT,0.73880684
<0x0A>,0.22183003
SELECT,0.036212757
▁CREATE,0.00073991984
▁Select,0.00070603646
<0x09>,0.00029662813
▁UPDATE,0.00020546831
▁WHERE,0.00020070864
Select,0.00016001887
▁select,0.00014569885
