Token,Probability
▁SELECT,0.7974856
<0x0A>,0.16716206
SELECT,0.03190344
▁CREATE,0.00086358655
▁Select,0.0008112644
<0x09>,0.00027818367
▁select,0.00025727783
Select,0.00024169016
▁SQL,0.00023062235
▁WHERE,0.00013663921
