Token,Probability
▁SELECT,0.6074659
<0x0A>,0.3515743
SELECT,0.0376392
▁CREATE,0.0009721901
▁Select,0.0005850743
<0x09>,0.00036045382
▁select,0.00021862627
Select,0.00020538039
▁UPDATE,0.00017567116
▁WHERE,0.00014792994
