Token,Probability
▁SELECT,0.81377345
<0x0A>,0.14590155
SELECT,0.036317766
▁CREATE,0.0012821739
▁Select,0.00070257334
<0x09>,0.00036165377
▁WHERE,0.0002625325
Select,0.00025051023
▁select,0.00024280284
▁UPDATE,0.00018043576
