Token,Probability
▁SELECT,0.70615757
<0x0A>,0.2557533
SELECT,0.033547536
▁CREATE,0.0015447134
▁Select,0.00067483535
<0x09>,0.00039671522
▁select,0.00023688946
▁UPDATE,0.00023140192
▁WHERE,0.00021069385
Select,0.00019792857
