Token,Probability
▁SELECT,0.69065285
<0x0A>,0.2662704
SELECT,0.03717968
▁CREATE,0.001122729
▁Select,0.0009380751
<0x09>,0.0006200298
▁WHERE,0.00043966697
2,0.00027513655
1,0.00025645547
▁select,0.00022107846
