Token,Probability
▁SELECT,0.82446873
<0x0A>,0.13250418
SELECT,0.03916816
▁CREATE,0.001182776
▁Select,0.0010276136
Select,0.0002659829
<0x09>,0.000263913
▁select,0.00022223702
▁WHERE,0.00013691626
▁SQL,0.00013167107
