Token,Probability
▁SELECT,0.7354687
<0x0A>,0.20106594
SELECT,0.059434984
▁CREATE,0.0010717126
▁Select,0.00084779446
<0x09>,0.00037915717
Select,0.00031679764
▁select,0.00026469433
▁SQL,0.00013732162
1,0.00011120643
