Token,Probability
▁SELECT,0.7224961
<0x0A>,0.24581692
SELECT,0.028014213
▁CREATE,0.0013947455
▁Select,0.0004857916
<0x09>,0.00028782198
▁select,0.00023675592
Select,0.00018875828
▁UPDATE,0.00017321433
▁WHERE,0.00016399604
