Token,Probability
▁SELECT,0.8386378
<0x0A>,0.12661538
SELECT,0.028696608
▁CREATE,0.0013008644
▁Select,0.0012220489
▁WHERE,0.0008464885
<0x09>,0.0004495667
▁SQL,0.00035842584
▁UPDATE,0.00022255164
1,0.00022255164
