Token,Probability
▁SELECT,0.6115673
<0x0A>,0.34305814
SELECT,0.04227306
▁CREATE,0.0011442793
▁Select,0.0003572614
▁WHERE,0.00028483363
<0x09>,0.00025934397
▁select,0.00018247127
Select,0.00015977718
▁SQL,9.766983e-05
