Token,Probability
▁SELECT,0.7492645
<0x0A>,0.21133976
SELECT,0.035043567
▁CREATE,0.0016390095
▁Select,0.00073875947
<0x09>,0.0003600426
▁select,0.00026965942
▁UPDATE,0.00023984008
Select,0.00022008964
▁WHERE,0.00015126524
