Token,Probability
▁SELECT,0.8109171
<0x0A>,0.14767897
SELECT,0.034533016
▁CREATE,0.0020258278
▁Select,0.0011542818
▁WHERE,0.00051220943
<0x09>,0.0004700298
▁SQL,0.00033854975
Select,0.00027416594
▁select,0.00024195059
