Token,Probability
▁SELECT,0.79402286
<0x0A>,0.17717046
SELECT,0.026334038
▁CREATE,0.0007470392
▁Select,0.00058179465
▁select,0.00022082434
<0x09>,0.00019336025
Select,0.00015177019
▁WHERE,0.00011367063
▁UPDATE,6.326723e-05
