Token,Probability
▁SELECT,0.89204115
<0x0A>,0.07208798
SELECT,0.033524025
▁Select,0.00055906596
▁CREATE,0.00043540107
<0x09>,0.00024615345
▁select,0.00017729767
▁WHERE,0.00016917862
Select,0.0001652596
1,6.889045e-05
