Token,Probability
▁SELECT,0.8656096
<0x0A>,0.09561302
SELECT,0.035727978
▁Select,0.00071869657
▁CREATE,0.0004750294
▁select,0.0002643937
<0x09>,0.00022970921
Select,0.00022792161
1,0.00020752498
2,0.00012295449
