Token,Probability
▁SELECT,0.8264417
<0x0A>,0.13703746
SELECT,0.034111325
▁Select,0.0006346094
▁CREATE,0.0003909715
<0x09>,0.00024087055
▁select,0.00022276884
Select,0.00021591494
▁WHERE,0.000110278575
▁SQL,8.259484e-05
