Token,Probability
▁SELECT,0.78115386
<0x0A>,0.14908582
SELECT,0.061184697
▁CREATE,0.0024862415
▁Select,0.001165278
▁WHERE,0.0006140583
▁select,0.0005859386
Select,0.0004934097
▁SQL,0.00037831033
▁UPDATE,0.00036098625
