Token,Probability
▁SELECT,0.79052603
<0x0A>,0.1556638
SELECT,0.04898179
▁CREATE,0.0010245577
▁Select,0.00097003183
<0x09>,0.00053570245
▁WHERE,0.00045464476
▁select,0.00030050185
Select,0.00029125638
▁UPDATE,0.00016988833
