Token,Probability
▁SELECT,0.7741958
<0x0A>,0.18388763
SELECT,0.038544938
▁Select,0.0009801494
▁CREATE,0.00066840387
Select,0.0002989287
▁select,0.00028081753
<0x09>,0.00016637887
▁SQL,0.00011083222
▁WHERE,9.406209e-05
