Token,Probability
▁SELECT,0.72361463
<0x0A>,0.23862278
SELECT,0.03437687
▁CREATE,0.0010879105
▁Select,0.0005385548
<0x09>,0.00029510367
▁select,0.00020441234
▁WHERE,0.00018757931
Select,0.00018611956
▁SQL,0.00015429853
