Token,Probability
▁SELECT,0.8891769
<0x0A>,0.06441176
SELECT,0.04290748
▁Select,0.0008698877
▁CREATE,0.0008698877
Select,0.00025513722
<0x09>,0.00019715476
1,0.00015596226
2,0.0001511638
▁select,0.000143119
