Token,Probability
▁SELECT,0.86140215
<0x0A>,0.104499936
SELECT,0.03137657
▁Select,0.000704115
▁CREATE,0.000507155
<0x09>,0.00040119266
▁select,0.00023956307
Select,0.00020651627
▁WHERE,0.00011584513
▁SQL,8.6764e-05
