Token,Probability
▁SELECT,0.8100405
<0x0A>,0.15459892
SELECT,0.03092173
▁CREATE,0.0016908125
▁Select,0.00053203775
<0x09>,0.0004376423
▁WHERE,0.00030078687
▁UPDATE,0.00029153263
▁select,0.00022006039
▁SQL,0.0001768235
