Token,Probability
▁SELECT,0.8544538
<0x0A>,0.11563775
SELECT,0.027040543
▁CREATE,0.000842474
▁Select,0.00054394203
<0x09>,0.00029573616
▁select,0.00019546968
▁WHERE,0.00017521788
Select,0.0001441303
▁SQL,0.000112248796
