Token,Probability
▁SELECT,0.7273337
<0x0A>,0.23613068
SELECT,0.029097011
▁CREATE,0.0027064437
▁Select,0.0008189952
<0x09>,0.00073414244
▁WHERE,0.0004890443
▁UPDATE,0.00026588878
▁select,0.00025770825
1,0.00021033535
