Token,Probability
▁SELECT,0.7961838
<0x0A>,0.15677789
SELECT,0.044221237
▁CREATE,0.00072602567
▁Select,0.000671464
Select,0.00023755468
<0x09>,0.00022142532
▁select,0.0001684515
▁WHERE,0.00014074649
▁UPDATE,0.00012420835
