Token,Probability
▁SELECT,0.8601384
<0x0A>,0.09956825
SELECT,0.037791844
▁Select,0.0006708856
▁CREATE,0.0004720269
▁select,0.00020783066
<0x09>,0.00019986878
Select,0.00016569704
▁WHERE,9.971824e-05
1,9.22243e-05
