Token,Probability
▁SELECT,0.77552086
<0x0A>,0.19917023
SELECT,0.022698183
▁CREATE,0.0007296319
▁Select,0.0004975657
<0x09>,0.00020904304
▁select,0.00016536665
Select,0.0001553476
▁UPDATE,0.00015056804
▁WHERE,0.00014708015
