Token,Probability
▁SELECT,0.77076674
<0x0A>,0.1719813
SELECT,0.052451335
▁CREATE,0.0009095533
▁Select,0.0008153183
<0x09>,0.00037327988
▁WHERE,0.00035618618
▁select,0.00031188704
Select,0.0002730974
1,0.00022289561
