Token,Probability
▁SELECT,0.7396065
<0x0A>,0.18124837
SELECT,0.07323096
▁Select,0.0014056407
▁CREATE,0.000614079
1,0.00058595825
2,0.00048199613
Select,0.0004058814
<0x09>,0.00033386896
▁WHERE,0.00024047679
