Token,Probability
▁SELECT,0.556427
<0x0A>,0.41350144
SELECT,0.027273376
▁CREATE,0.0007382565
▁Select,0.00046561254
<0x09>,0.00028910537
▁select,0.00017535129
Select,0.00016091138
▁WHERE,0.00014998589
▁UPDATE,0.00012051705
