Token,Probability
▁SELECT,0.7956619
<0x0A>,0.16164853
SELECT,0.03779963
▁CREATE,0.0013555055
▁Select,0.00054767367
▁select,0.00047582714
<0x09>,0.00040699655
▁UPDATE,0.00034272543
2,0.00026900828
▁WHERE,0.0001806036
