Token,Probability
▁SELECT,0.7064339
<0x0A>,0.2558534
SELECT,0.033560663
▁CREATE,0.0012034948
▁Select,0.00062926183
<0x09>,0.00038767693
▁select,0.00028809707
▁UPDATE,0.0002522662
Select,0.00023513797
▁SQL,0.00018028653
