Token,Probability
▁SELECT,0.858182
<0x0A>,0.10741408
SELECT,0.031751543
▁Select,0.0006906074
▁CREATE,0.0005815497
<0x09>,0.00029242155
▁select,0.00018880154
Select,0.00018299275
▁WHERE,0.00014475918
▁SQL,8.643965e-05
