Token,Probability
▁SELECT,0.84871
<0x0A>,0.10622852
SELECT,0.0429202
▁Select,0.0006723963
▁CREATE,0.00032769976
<0x09>,0.00020031886
▁select,0.00018526465
Select,0.000180973
▁UPDATE,7.783552e-05
1,6.0618364e-05
