Token,Probability
▁SELECT,0.76870406
<0x0A>,0.18837903
SELECT,0.03887421
▁CREATE,0.0008655791
▁Select,0.0005209147
<0x09>,0.0004669449
▁WHERE,0.00042849273
▁select,0.00020559307
▁UPDATE,0.00017044264
▁SQL,0.0001626375
