Token,Probability
▁SELECT,0.72847056
<0x0A>,0.23649976
SELECT,0.031510547
▁CREATE,0.0011658462
▁Select,0.00060483307
▁WHERE,0.00026839305
<0x09>,0.00026013545
▁select,0.0002010171
Select,0.00019790062
▁UPDATE,0.000105928564
