Token,Probability
▁SELECT,0.75435644
<0x0A>,0.19678564
SELECT,0.045302626
▁CREATE,0.00092564913
▁Select,0.00062632555
<0x09>,0.00041722273
▁WHERE,0.0003100536
▁select,0.00028675274
Select,0.0001910185
▁UPDATE,0.00012824374
