Token,Probability
▁SELECT,0.7655516
<0x0A>,0.18760651
SELECT,0.04318947
▁CREATE,0.0009999718
▁Select,0.0006306743
<0x09>,0.00044721496
▁WHERE,0.0003049741
▁select,0.0002864967
Select,0.00018936273
▁UPDATE,0.00012614278
