Token,Probability
▁SELECT,0.7830076
<0x0A>,0.17471261
SELECT,0.037784252
▁CREATE,0.0012336995
▁Select,0.0007029408
<0x09>,0.0003507102
▁WHERE,0.00031932528
▁select,0.00020778891
Select,0.00019827356
▁UPDATE,0.00019673059
