Token,Probability
▁SELECT,0.85641795
<0x0A>,0.10888132
SELECT,0.03218526
▁CREATE,0.00063739455
▁Select,0.0005713568
<0x09>,0.00025552654
▁select,0.0001974556
Select,0.00017425398
▁WHERE,0.00011338922
▁UPDATE,9.6986936e-05
