Token,Probability
▁SELECT,0.77079517
<0x0A>,0.185963
SELECT,0.03959381
▁CREATE,0.001419845
▁Select,0.00052642846
<0x09>,0.00027740828
▁UPDATE,0.00022997956
Select,0.00019366221
▁select,0.00018624314
▁WHERE,0.00014168631
