Token,Probability
▁SELECT,0.8387896
<0x0A>,0.11896566
SELECT,0.039848503
▁CREATE,0.00054237904
▁Select,0.000474923
▁select,0.00024067925
Select,0.00021406457
<0x09>,0.00018891132
1,7.813711e-05
select,6.427384e-05
