Token,Probability
▁SELECT,0.7686352
<0x0A>,0.20687537
SELECT,0.021804504
▁CREATE,0.000958023
▁Select,0.00043520157
<0x09>,0.00024604067
▁select,0.00018572123
Select,0.00015277011
▁WHERE,0.00011805159
▁UPDATE,0.00011805159
