Token,Probability
▁SELECT,0.86995274
<0x0A>,0.08348683
SELECT,0.043994468
▁Select,0.0005988099
▁CREATE,0.0005042485
Select,0.00021687459
▁select,0.00020533273
<0x09>,0.00018990172
1,0.00010324777
▁SUM,7.916281e-05
