Token,Probability
▁SELECT,0.55323684
<0x0A>,0.39230365
SELECT,0.045412447
▁CREATE,0.0021743367
<0x09>,0.00095734757
▁Select,0.0009351706
▁WHERE,0.00058066065
1,0.00046294305
▁SQL,0.00038983714
2,0.00034135274
