Token,Probability
▁SELECT,0.7928176
<0x0A>,0.15131189
SELECT,0.050683133
▁CREATE,0.0016548629
▁Select,0.0012297897
<0x09>,0.0005763908
▁select,0.0002787244
Select,0.00026596067
▁WHERE,0.0002459734
▁SQL,0.0001703808
