Token,Probability
▁SELECT,0.70744395
<0x0A>,0.25621924
SELECT,0.033087596
▁Select,0.0007660817
▁CREATE,0.0006107735
▁WHERE,0.00027315482
<0x09>,0.0002626904
Select,0.00025066093
▁select,0.00017774523
▁SQL,0.0001193325
