Token,Probability
▁SELECT,0.87625325
<0x0A>,0.08541571
SELECT,0.036167294
▁Select,0.00069421757
▁CREATE,0.00054065714
Select,0.00020521032
▁select,0.00017415974
<0x09>,0.000113327915
▁SQL,5.7431786e-05
▁UPDATE,4.7242094e-05
