Token,Probability
▁SELECT,0.80519044
<0x0A>,0.1512908
SELECT,0.040719368
▁Select,0.0008320014
▁CREATE,0.00047037093
<0x09>,0.00027436492
Select,0.0002328505
▁select,0.00020548985
▁WHERE,0.00011526935
▁UPDATE,8.173822e-05
