Token,Probability
▁SELECT,0.8098419
<0x0A>,0.15216479
SELECT,0.035030324
▁CREATE,0.0007739207
▁Select,0.0007501096
<0x09>,0.00022347104
▁select,0.00020667692
Select,0.00018671704
▁WHERE,0.00015723151
▁SQL,8.819889e-05
