Token,Probability
▁SELECT,0.7671131
<0x0A>,0.1354035
SELECT,0.0916186
▁Select,0.0012470232
1,0.0009561259
2,0.00063196063
Select,0.00049603154
3,0.00034359103
▁select,0.00033826413
▁CREATE,0.00031776977
