Token,Probability
▁SELECT,0.72412914
<0x0A>,0.22084689
SELECT,0.048513625
▁Select,0.0013548892
▁CREATE,0.0013443454
<0x09>,0.000650083
▁WHERE,0.00037623916
Select,0.00033990378
▁SQL,0.00031435958
▁select,0.0002953135
