Token,Probability
▁SELECT,0.8128575
<0x0A>,0.15513657
SELECT,0.02825247
▁CREATE,0.0014066076
▁Select,0.0006049744
<0x09>,0.00034740756
▁WHERE,0.00029948403
▁select,0.00018023266
Select,0.00014941812
▁UPDATE,0.00014825533
