Token,Probability
▁SELECT,0.77528566
<0x0A>,0.16250871
SELECT,0.05704592
▁CREATE,0.0018919472
▁Select,0.001300315
▁select,0.00039042538
Select,0.00035271994
<0x09>,0.00029013952
▁WHERE,0.00013921045
▁SQL,9.273415e-05
