Token,Probability
▁SELECT,0.80529433
<0x0A>,0.15131032
SELECT,0.040093243
▁Select,0.0007940038
▁CREATE,0.0006135585
<0x09>,0.0003900015
▁WHERE,0.0002365479
Select,0.00021706853
▁UPDATE,0.000203917
▁select,0.0002007556
