Token,Probability
▁SELECT,0.69300216
<0x0A>,0.25494125
SELECT,0.04715939
▁CREATE,0.0014924337
▁Select,0.00065710966
▁WHERE,0.0004176843
▁UPDATE,0.00031775745
<0x09>,0.0003008467
Select,0.00024941066
▁select,0.00023247632
