Token,Probability
▁SELECT,0.7961304
<0x0A>,0.16429079
SELECT,0.036089897
▁CREATE,0.0009321728
▁Select,0.00066619396
<0x09>,0.00028429666
▁WHERE,0.00027771096
▁select,0.00024507902
Select,0.00020799586
▁UPDATE,0.00015947598
