Token,Probability
▁SELECT,0.89561015
<0x0A>,0.056366794
SELECT,0.044589803
▁Select,0.001188278
▁CREATE,0.00049534795
Select,0.00030044373
▁select,0.00021471744
1,0.00015709066
<0x09>,0.00014303265
2,0.00011226762
