Token,Probability
▁SELECT,0.6987304
<0x0A>,0.26938456
SELECT,0.027092718
▁CREATE,0.0018436826
▁Select,0.0006371597
▁WHERE,0.00030571254
<0x09>,0.0002827379
▁select,0.00018982124
Select,0.00017555595
▁UPDATE,0.00015860157
