Token,Probability
▁SELECT,0.8271831
<0x0A>,0.10850281
SELECT,0.059920948
▁SUM,0.0012053574
▁Select,0.0009685318
▁CREATE,0.00049855746
▁select,0.0003619139
Select,0.00029538551
<0x09>,0.00028629747
▁SQL,0.00013953024
