Token,Probability
▁SELECT,0.741194
<0x0A>,0.19639689
SELECT,0.058969036
▁Select,0.0009834018
▁CREATE,0.00060585624
Select,0.00033985454
▁select,0.000290693
<0x09>,0.0002839591
▁WHERE,0.00011207213
1,0.00010446272
