Token,Probability
▁SELECT,0.8050168
<0x0A>,0.15851721
SELECT,0.033227015
▁CREATE,0.0010680805
▁Select,0.0005944764
<0x09>,0.00030362883
Select,0.00019912464
▁select,0.00017989412
▁WHERE,0.0001468253
▁UPDATE,0.00012460901
