Token,Probability
▁SELECT,0.81500435
<0x0A>,0.1555463
SELECT,0.026198272
▁CREATE,0.0007203223
▁Select,0.00052289787
<0x09>,0.00031468552
▁select,0.00023022883
Select,0.00016453712
1,0.00015947483
▁WHERE,0.00012132206
