Token,Probability
▁SELECT,0.8109232
<0x0A>,0.14768009
SELECT,0.03733938
▁CREATE,0.0011816636
▁Select,0.000745266
<0x09>,0.00034120763
▁WHERE,0.00034120763
▁UPDATE,0.00026573276
▁select,0.00024006955
Select,0.00023634761
