Token,Probability
▁SELECT,0.7332714
<0x0A>,0.23436762
SELECT,0.028432017
▁CREATE,0.0014604812
▁Select,0.0005008009
<0x09>,0.00034689467
▁WHERE,0.00023108168
▁select,0.00021708115
Select,0.00018137807
▁UPDATE,0.00016514662
