Token,Probability
▁SELECT,0.86637014
<0x0A>,0.09873477
SELECT,0.03155753
▁CREATE,0.000998688
▁Select,0.00069719664
▁WHERE,0.00027950076
<0x09>,0.00024473906
Select,0.00018764792
▁select,0.00018330108
▁SQL,0.00013515774
