Token,Probability
▁SELECT,0.8644966
<0x0A>,0.08694471
SELECT,0.04581664
▁Select,0.0007522191
▁CREATE,0.00060442503
Select,0.0002442098
▁select,0.00023485426
<0x09>,0.00021890823
▁WHERE,0.0001135681
▁SQL,8.844692e-05
