Token,Probability
▁SELECT,0.8632186
<0x0A>,0.0999248
SELECT,0.033997703
▁CREATE,0.0008249298
▁Select,0.0005758938
▁select,0.00020534125
<0x09>,0.00019290025
Select,0.00017701522
▁WHERE,0.00017701522
▁SQL,0.00015140916
