Token,Probability
▁SELECT,0.684991
<0x0A>,0.26408756
SELECT,0.046614222
▁CREATE,0.0016201693
▁Select,0.0006444589
<0x09>,0.00046057394
▁select,0.00024460896
▁UPDATE,0.00018464055
Select,0.00016680882
▁WHERE,0.00015548292
