Token,Probability
▁SELECT,0.7677093
<0x0A>,0.18521851
SELECT,0.0433112
▁CREATE,0.0012095957
▁Select,0.00056692614
<0x09>,0.0003281117
▁select,0.00028284994
Select,0.00023632994
▁UPDATE,0.00018120048
▁WHERE,0.00017839122
