Token,Probability
▁SELECT,0.85918975
<0x0A>,0.10261559
SELECT,0.034913193
▁Select,0.0011048834
▁CREATE,0.0006394575
Select,0.0003020583
▁select,0.00019350582
<0x09>,0.00019050579
▁SQL,0.00012396448
▁WHERE,8.928826e-05
