Token,Probability
▁SELECT,0.56221646
<0x0A>,0.39249033
SELECT,0.040726826
▁CREATE,0.0011735249
▁Select,0.0009139421
<0x09>,0.000648082
▁WHERE,0.00037802287
Select,0.00023841603
▁SQL,0.00019920405
▁select,0.0001744289
