Token,Probability
▁SELECT,0.7877554
<0x0A>,0.17036405
SELECT,0.036272604
▁CREATE,0.0017779085
▁Select,0.00079512974
<0x09>,0.00051337446
▁WHERE,0.00046743272
▁UPDATE,0.00036689214
▁select,0.00029944864
Select,0.00022780852
