Token,Probability
▁SELECT,0.85558903
<0x0A>,0.10218554
SELECT,0.039396036
▁CREATE,0.0007681004
▁Select,0.000523799
<0x09>,0.00027602268
▁select,0.00021665265
▁WHERE,0.00018970741
Select,0.00015974966
▁SQL,0.0001089398
