Token,Probability
▁SELECT,0.8514582
<0x0A>,0.11344583
SELECT,0.032502774
▁Select,0.0007293879
▁CREATE,0.0006641153
▁select,0.00024052661
<0x09>,0.00021061212
Select,0.00019176453
▁SQL,6.627205e-05
▁UPDATE,6.274511e-05
