Token,Probability
▁SELECT,0.5948817
<0x0A>,0.3497129
SELECT,0.050380923
▁CREATE,0.0012417077
▁Select,0.0011305877
<0x09>,0.00047129908
Select,0.000339464
▁WHERE,0.00026231745
▁SQL,0.00021077799
▁select,0.00020112576
