Token,Probability
▁SELECT,0.85757154
<0x0A>,0.11605969
SELECT,0.02215038
▁CREATE,0.0016298363
▁Select,0.00087238854
<0x09>,0.00036366563
▁select,0.00022580512
Select,0.00021047355
▁SQL,0.0001469342
▁WHERE,0.00012966897
