Token,Probability
▁SELECT,0.7878821
<0x0A>,0.16258864
SELECT,0.043760143
▁CREATE,0.0022129987
▁Select,0.0008399596
<0x09>,0.0005297558
▁WHERE,0.0003612621
▁select,0.00021741136
▁SQL,0.00021741136
Select,0.00020107263
