Token,Probability
▁SELECT,0.8082159
<0x0A>,0.14950491
SELECT,0.038396038
▁CREATE,0.0012536751
▁Select,0.0006816113
<0x09>,0.00028413784
Select,0.00025075077
▁WHERE,0.00023926808
▁select,0.00020306418
▁UPDATE,0.00018780366
