Token,Probability
▁SELECT,0.6924452
<0x0A>,0.25874788
SELECT,0.04496364
▁CREATE,0.0010574433
▁Select,0.00079820014
Select,0.00026321848
<0x09>,0.00023411136
▁WHERE,0.0001823261
▁SQL,0.00017810253
▁select,0.00017262291
