Token,Probability
▁SELECT,0.8071249
<0x0A>,0.09791536
SELECT,0.0905569
▁Select,0.00112227
▁CREATE,0.0009981677
Select,0.00041286007
▁select,0.00035038978
<0x09>,0.00020598352
▁WHERE,0.00014720978
1,0.00013508729
