Token,Probability
▁SELECT,0.83223313
<0x0A>,0.12963693
SELECT,0.034350365
▁CREATE,0.0011571819
▁Select,0.0006856076
▁select,0.0003042365
Select,0.00026432527
<0x09>,0.00025820217
▁SQL,0.00018890474
▁UPDATE,0.00013500413
