Token,Probability
▁SELECT,0.8234437
<0x0A>,0.113195926
SELECT,0.060589414
▁Select,0.0007747191
▁CREATE,0.0004924414
<0x09>,0.0002698356
▁select,0.0002698356
Select,0.00024761507
select,7.611063e-05
▁SQL,6.876022e-05
