Token,Probability
▁SELECT,0.64868945
<0x0A>,0.31124458
SELECT,0.036596555
▁CREATE,0.0011402004
▁Select,0.00055568933
<0x09>,0.00033441975
Select,0.00020283583
▁select,0.00019813713
▁UPDATE,0.00016947565
▁SQL,0.0001555196
