Token,Probability
▁SELECT,0.86460054
<0x0A>,0.09853311
SELECT,0.03405213
▁Select,0.0006434845
▁CREATE,0.00056787307
<0x09>,0.00030159514
Select,0.00020406947
▁select,0.0001977909
▁WHERE,0.0001843614
▁SQL,0.000115370414
