Token,Probability
▁SELECT,0.71733624
<0x0A>,0.22927444
SELECT,0.050364904
▁CREATE,0.0008140729
▁Select,0.0007528944
▁select,0.00027055826
Select,0.0002663636
<0x09>,0.000210711
▁SQL,9.798971e-05
▁WHERE,8.251561e-05
