Token,Probability
▁SELECT,0.81189996
<0x0A>,0.15255149
SELECT,0.03197653
▁CREATE,0.0012593896
▁Select,0.00057659054
<0x09>,0.00031348687
▁select,0.00022935188
Select,0.0002008272
▁WHERE,0.0001744817
▁UPDATE,0.00014924211
