Token,Probability
▁SELECT,0.77775556
<0x0A>,0.1790495
SELECT,0.038121838
▁CREATE,0.0020203833
▁Select,0.0007728655
<0x09>,0.00043016445
▁select,0.00032981852
Select,0.00026090792
▁WHERE,0.00024702266
▁SQL,0.0001684548
