Token,Probability
▁SELECT,0.8113744
<0x0A>,0.1572921
SELECT,0.027763706
▁CREATE,0.0008189699
▁Select,0.00077538524
▁WHERE,0.00026796592
Select,0.0002310011
<0x09>,0.00021700545
▁UPDATE,0.00021531669
▁SQL,0.00017850379
