Token,Probability
▁SELECT,0.86879605
<0x0A>,0.07591455
SELECT,0.052996896
▁Select,0.0007213422
▁CREATE,0.00034881828
Select,0.00027379065
▁select,0.0002378734
<0x09>,0.00020505971
select,7.905756e-05
▁SQL,4.231646e-05
