Token,Probability
▁SELECT,0.7888203
<0x0A>,0.16278227
SELECT,0.045203004
▁Select,0.0008813183
▁CREATE,0.0004943747
Select,0.00028389553
<0x09>,0.00024473327
1,0.00017627474
2,0.0001617588
▁select,0.0001461369
