Token,Probability
▁SELECT,0.8466506
<0x0A>,0.107639536
SELECT,0.04085536
▁CREATE,0.0015353955
▁Select,0.0005648405
<0x09>,0.0004005319
▁WHERE,0.00032946852
▁select,0.00029075495
▁UPDATE,0.00028180936
▁SQL,0.00019673465
