Token,Probability
▁SELECT,0.6344127
<0x0A>,0.34492418
SELECT,0.01588221
▁CREATE,0.0017003339
▁Select,0.00092445547
<0x09>,0.0006658603
▁UPDATE,0.00020466869
▁select,0.00016190625
▁WHERE,0.00015570373
Select,0.00013214402
