Token,Probability
▁SELECT,0.7325231
<0x0A>,0.20661761
SELECT,0.05827918
▁Select,0.0007110552
▁CREATE,0.00053673267
Select,0.0002941052
▁select,0.00028283824
<0x09>,0.00020213537
select,5.928611e-05
▁UPDATE,5.6571203e-05
