Token,Probability
▁SELECT,0.7661041
<0x0A>,0.19985022
SELECT,0.031130657
▁CREATE,0.00091114163
▁Select,0.00044405498
<0x09>,0.00026515732
▁select,0.00019551476
Select,0.00017663286
▁WHERE,0.00017389441
▁UPDATE,0.00016854424
