Token,Probability
▁SELECT,0.77504885
<0x0A>,0.20218359
SELECT,0.020654352
▁CREATE,0.0005418864
▁Select,0.0004286674
<0x09>,0.00020248813
▁WHERE,0.00013701033
Select,0.00012971877
▁select,0.00012377852
▁UPDATE,0.00010587338
