Token,Probability
▁SELECT,0.7626027
<0x0A>,0.16236746
SELECT,0.06983338
▁Select,0.0011829215
1,0.0006331722
<0x09>,0.00053318444
▁CREATE,0.00039622904
2,0.00032087608
Select,0.00026394543
▁select,0.00022753519
