Token,Probability
▁SELECT,0.8321932
<0x0A>,0.10746762
SELECT,0.057523273
▁Select,0.0009897426
▁CREATE,0.00036127245
▁select,0.0002902906
Select,0.00026431258
<0x09>,0.0001590661
select,8.061078e-05
▁SQL,7.282577e-05
