Token,Probability
▁SELECT,0.7697208
<0x0A>,0.151567
SELECT,0.07272264
▁CREATE,0.001878367
▁Select,0.0015330786
Select,0.0004461513
<0x09>,0.00036987243
▁select,0.00029488798
▁WHERE,0.000205865
▁SQL,0.00017608567
