Token,Probability
▁SELECT,0.729413
<0x0A>,0.24432275
SELECT,0.023083428
▁CREATE,0.00085405476
▁Select,0.00063965743
<0x09>,0.00037020538
▁select,0.00019356635
Select,0.00016686463
▁WHERE,0.00015553493
▁UPDATE,0.000113791786
