Token,Probability
▁SELECT,0.81186223
<0x0A>,0.1455589
SELECT,0.038569264
▁CREATE,0.0011288571
▁Select,0.00087915483
<0x09>,0.00028099472
Select,0.00024604722
▁select,0.00022934123
▁WHERE,0.00020239294
▁SQL,0.00018572618
