Token,Probability
▁SELECT,0.81711483
<0x0A>,0.15115105
SELECT,0.025858892
▁CREATE,0.0019631095
▁Select,0.0015288711
<0x09>,0.0004848538
Select,0.00032298226
▁select,0.00026986178
▁SQL,0.00025351168
▁WHERE,0.00015618402
