Token,Probability
▁SELECT,0.77126545
<0x0A>,0.18900675
SELECT,0.037803724
▁Select,0.00055635854
▁select,0.00024881895
Select,0.00019993163
<0x09>,0.00017506597
▁CREATE,0.00017235182
1,6.8023306e-05
▁WHERE,5.595445e-05
