Token,Probability
▁SELECT,0.7917514
<0x0A>,0.16338712
SELECT,0.040039737
▁CREATE,0.0015525093
▁Select,0.0006625296
▁WHERE,0.00051196315
<0x09>,0.00040817264
▁select,0.00020685181
Select,0.00016882754
▁SQL,0.00016621011
