Token,Probability
▁SELECT,0.67815363
<0x0A>,0.28714833
SELECT,0.030741818
▁CREATE,0.0008858115
▁Select,0.00083214283
<0x09>,0.00043850846
▁UPDATE,0.0002744116
▁select,0.00025577974
Select,0.00019920147
▁WHERE,0.00018713245
