Token,Probability
▁SELECT,0.78389317
<0x0A>,0.18046246
SELECT,0.032355137
▁CREATE,0.00087581336
▁Select,0.0007317695
<0x09>,0.00035110686
Select,0.0002302615
▁select,0.00021129982
▁UPDATE,0.00012916498
▁WHERE,0.00011852845
