Token,Probability
▁SELECT,0.72744846
<0x0A>,0.22890179
SELECT,0.04040357
▁CREATE,0.001278635
▁Select,0.0004929577
▁select,0.00022746262
<0x09>,0.00022046432
Select,0.00018277136
▁WHERE,0.00017036163
▁UPDATE,0.00013267776
