Token,Probability
▁SELECT,0.86166096
<0x0A>,0.10291073
SELECT,0.031386
▁CREATE,0.0012555978
▁Select,0.0009330812
▁UPDATE,0.00034326132
<0x09>,0.00031011077
Select,0.00021990149
▁select,0.00019866443
▁WHERE,0.0001487928
