Token,Probability
▁SELECT,0.73715395
<0x0A>,0.22481924
SELECT,0.035020087
▁CREATE,0.0008365632
▁Select,0.00057947036
<0x09>,0.00029366126
▁select,0.00020823705
Select,0.00019715488
▁WHERE,0.00015354437
▁SQL,0.00012146359
