Token,Probability
▁SELECT,0.7791674
<0x0A>,0.18506849
SELECT,0.03216008
▁CREATE,0.0012276489
▁Select,0.0006270217
▁UPDATE,0.00025732917
<0x09>,0.00022183164
Select,0.00022010533
▁select,0.00020676981
▁WHERE,0.0001839049
