Token,Probability
▁SELECT,0.80036587
<0x0A>,0.17309126
SELECT,0.022704633
▁CREATE,0.001569401
▁Select,0.00066452613
<0x09>,0.0005773503
▁select,0.00017885478
▁WHERE,0.00013929226
▁UPDATE,0.00013820827
Select,0.00011368701
