Token,Probability
▁SELECT,0.7044928
<0x0A>,0.27160618
SELECT,0.020619312
▁CREATE,0.0009949907
▁Select,0.0006324546
<0x09>,0.00044847743
▁select,0.0002496153
Select,0.00017022285
▁WHERE,9.929011e-05
▁UPDATE,9.327442e-05
