Token,Probability
▁SELECT,0.7838992
<0x0A>,0.18046385
SELECT,0.031853758
▁CREATE,0.0013778585
▁Select,0.0004687927
▁select,0.00039785926
▁UPDATE,0.0003098531
<0x09>,0.0002588919
Select,0.00014866913
▁SQL,0.000109621746
