Token,Probability
▁SELECT,0.6588583
<0x0A>,0.28783387
SELECT,0.04483587
▁CREATE,0.0032990465
▁Select,0.00090190914
▁UPDATE,0.00080846605
<0x09>,0.00054277846
▁WHERE,0.00043613472
▁SQL,0.00031169146
▁select,0.00030685912
