Token,Probability
▁SELECT,0.7625189
<0x0A>,0.19279496
SELECT,0.041694835
▁Select,0.0007636676
▁CREATE,0.00060411077
<0x09>,0.00031586664
▁select,0.0002898555
Select,0.00023290544
▁SUM,0.00010497871
▁UPDATE,9.337e-05
