Token,Probability
▁SELECT,0.786345
<0x0A>,0.17005904
SELECT,0.04039256
▁Select,0.00090644095
▁CREATE,0.00071705383
<0x09>,0.000306001
Select,0.00024975074
▁select,0.00020705063
▁WHERE,0.00014797242
▁UPDATE,0.00011257148
