Token,Probability
▁SELECT,0.700189
<0x0A>,0.25359166
SELECT,0.0427118
▁CREATE,0.001069269
▁Select,0.00053347816
<0x09>,0.00031607534
▁select,0.00026616213
Select,0.00017319499
▁UPDATE,0.00017319499
▁WHERE,0.00015284405
