Token,Probability
▁SELECT,0.7101938
<0x0A>,0.25721514
SELECT,0.0293132
▁CREATE,0.0012483066
▁Select,0.00047011653
<0x09>,0.00029882428
▁select,0.00018846609
Select,0.00015382154
▁WHERE,0.00015143678
▁SQL,0.00013896618
