Token,Probability
▁SELECT,0.7615017
<0x0A>,0.18955278
SELECT,0.045731734
▁Select,0.0007277247
▁CREATE,0.000562342
<0x09>,0.00038049967
Select,0.0002418603
▁WHERE,0.00021680217
▁select,0.00021013187
▁UPDATE,0.0001854407
