Token,Probability
▁SELECT,0.8717162
<0x0A>,0.09628754
SELECT,0.028910764
▁CREATE,0.0008201353
▁Select,0.00055928365
<0x09>,0.00034188322
▁WHERE,0.00021901862
▁select,0.00020574896
Select,0.00017875778
▁SQL,0.00013388338
