Token,Probability
▁SELECT,0.83323884
<0x0A>,0.12979358
SELECT,0.033858676
▁CREATE,0.0010715117
▁Select,0.0006105289
<0x09>,0.00026054177
▁select,0.00020450159
Select,0.00017767404
▁SQL,0.00012697792
▁WHERE,0.00012211346
