Token,Probability
▁SELECT,0.79738307
<0x0A>,0.15701403
SELECT,0.042259756
▁CREATE,0.0010095051
▁Select,0.000598112
▁select,0.0003102964
<0x09>,0.00026749223
Select,0.00021832078
▁SQL,0.000103936276
1,0.000103127444
