Token,Probability
▁SELECT,0.6450886
<0x0A>,0.3095169
SELECT,0.041239135
▁CREATE,0.0012069998
▁Select,0.0006613813
<0x09>,0.00035401186
▁select,0.0002549852
▁WHERE,0.00023582275
Select,0.00023398758
▁SQL,0.00022678853
