Token,Probability
▁SELECT,0.7251356
<0x0A>,0.23912436
SELECT,0.03040125
▁CREATE,0.0014442769
▁Select,0.00065098656
<0x09>,0.0005354869
▁WHERE,0.00045802625
▁UPDATE,0.00026508523
▁SQL,0.00025894455
▁select,0.0002357717
