Token,Probability
▁SELECT,0.752229
<0x0A>,0.21891111
SELECT,0.026145207
▁CREATE,0.0011133971
▁Select,0.00040959587
<0x09>,0.00025631854
▁select,0.00020118675
Select,0.00011374067
▁SQL,9.959466e-05
▁UPDATE,9.503389e-05
