Token,Probability
▁SELECT,0.6754672
<0x0A>,0.29508975
SELECT,0.025784655
▁CREATE,0.0010642598
▁Select,0.0004103087
▁UPDATE,0.0003145946
<0x09>,0.00026699298
▁select,0.00024120804
2,0.0001999685
▁WHERE,0.00014516155
