Token,Probability
▁SELECT,0.7602948
<0x0A>,0.19525987
SELECT,0.041573226
▁Select,0.0007856108
▁CREATE,0.0005032812
<0x09>,0.00028676097
▁select,0.00021986727
Select,0.00021986727
▁SQL,0.00014532339
1,8.151904e-05
