Token,Probability
▁SELECT,0.85436
<0x0A>,0.10527781
SELECT,0.03753796
▁Select,0.0008967104
▁CREATE,0.00043362085
▁select,0.0003430223
Select,0.00024514698
<0x09>,0.00020805352
▁SQL,8.2113955e-05
▁WHERE,7.1901384e-05
