Token,Probability
<0x0A>,0.51855713
▁SELECT,0.45053026
SELECT,0.027915308
▁CREATE,0.0012074977
▁Select,0.00038593946
<0x09>,0.00025709107
▁WHERE,0.00021819038
▁select,0.00014534613
▁UPDATE,0.00013233916
Select,0.00012726933
