Token,Probability
▁SELECT,0.72434884
<0x0A>,0.23886491
SELECT,0.03182567
▁CREATE,0.0015845067
▁Select,0.0007602546
▁WHERE,0.00046837926
<0x09>,0.0004575293
▁UPDATE,0.00023186457
▁select,0.00020144742
Select,0.00018924232
