Token,Probability
▁SELECT,0.7975517
<0x0A>,0.16717592
SELECT,0.032408528
▁CREATE,0.000727273
▁Select,0.0006621896
<0x09>,0.000340866
▁select,0.00020038479
Select,0.00017409732
▁SQL,0.00013244626
▁WHERE,0.00012442174
