Token,Probability
▁SELECT,0.7929277
<0x0A>,0.17148264
SELECT,0.03222063
▁CREATE,0.0011736364
▁Select,0.0005415442
<0x09>,0.00024219358
▁select,0.00019309354
▁WHERE,0.0001828173
Select,0.00017444548
▁UPDATE,0.00014689783
