Token,Probability
▁SELECT,0.7452823
<0x0A>,0.2102165
SELECT,0.040752333
▁CREATE,0.0010691758
▁Select,0.0006690731
<0x09>,0.00027674064
▁UPDATE,0.00026613887
▁select,0.00025001433
Select,0.00023856536
▁WHERE,0.00017453815
