Token,Probability
▁SELECT,0.7232798
<0x0A>,0.2311741
SELECT,0.042762905
▁CREATE,0.0008737562
▁Select,0.0005467826
<0x09>,0.00024074514
▁select,0.00020431775
Select,0.00019344415
▁WHERE,0.00012686379
▁UPDATE,0.00010851234
