Token,Probability
▁SELECT,0.7330994
<0x0A>,0.21670377
SELECT,0.047603503
▁Select,0.00057179853
▁CREATE,0.00054561393
<0x09>,0.000265911
▁select,0.00022391949
Select,0.00020388102
▁SQL,0.00010577207
▁WHERE,9.936368e-05
