Token,Probability
▁SELECT,0.7325745
<0x0A>,0.23051478
SELECT,0.03373177
▁Select,0.00075696746
▁CREATE,0.00055815285
<0x09>,0.00029183694
▁WHERE,0.0002515792
Select,0.00021687483
▁select,0.00019440532
▁SQL,0.00013257292
