Token,Probability
▁SELECT,0.58470863
<0x0A>,0.36590132
SELECT,0.043700676
▁CREATE,0.0014953548
▁Select,0.0008193869
▁WHERE,0.00072877784
<0x09>,0.0006687641
▁UPDATE,0.00027878236
Select,0.00025582506
▁SQL,0.00022400792
