Token,Probability
▁SELECT,0.8109374
<0x0A>,0.13658415
SELECT,0.049467497
▁Select,0.0008919821
▁CREATE,0.00081215904
Select,0.0002476945
▁select,0.00020058911
<0x09>,0.00016371606
▁SQL,0.00013154955
▁WHERE,8.427381e-05
