Token,Probability
▁SELECT,0.7317352
<0x0A>,0.19694386
SELECT,0.067006774
▁Select,0.0017038982
▁CREATE,0.000511603
Select,0.00036278085
▁select,0.00033290643
<0x09>,0.00026959585
▁WHERE,0.0002200377
▁SQL,9.995664e-05
