Token,Probability
▁SELECT,0.64817387
<0x0A>,0.31099722
SELECT,0.037728243
▁CREATE,0.0009593819
▁Select,0.0007018989
<0x09>,0.00024832212
▁select,0.00022609987
Select,0.00020586626
▁WHERE,8.785294e-05
1,7.226586e-05
