Token,Probability
▁SELECT,0.78640336
<0x0A>,0.17547031
SELECT,0.03001943
▁Select,0.0013189617
▁CREATE,0.0012390498
<0x09>,0.0010192145
1,0.00055848353
▁WHERE,0.0005006214
2,0.00041179996
▁SQL,0.00038383977
