Token,Probability
▁SELECT,0.80788356
<0x0A>,0.15661536
SELECT,0.03181834
▁CREATE,0.0013763265
▁Select,0.0006252245
<0x09>,0.00031684834
Select,0.00023000724
▁select,0.0002160718
▁SQL,0.00013416204
▁UPDATE,0.00013208203
