Token,Probability
▁SELECT,0.7150281
<0x0A>,0.23579125
SELECT,0.045710213
▁Select,0.0007446316
▁CREATE,0.00069951674
<0x09>,0.00030085837
▁select,0.00027824848
Select,0.00027824848
▁WHERE,0.00018105975
▁SQL,0.00017276843
