Token,Probability
▁SELECT,0.8641083
<0x0A>,0.09695026
SELECT,0.03511306
▁CREATE,0.0012396426
▁Select,0.00060415355
<0x09>,0.0003336453
▁WHERE,0.00026809153
▁select,0.00023474878
▁UPDATE,0.0001813998
Select,0.00015760286
