Token,Probability
▁SELECT,0.6523496
<0x0A>,0.31300077
SELECT,0.031479314
▁CREATE,0.0009962128
▁Select,0.000554476
<0x09>,0.00024034754
Select,0.00021376951
▁WHERE,0.00020719253
▁select,0.00018718284
▁SQL,0.00011003912
