Token,Probability
▁SELECT,0.8628968
<0x0A>,0.09833894
SELECT,0.03506383
▁Select,0.0007277266
<0x09>,0.00062733947
▁CREATE,0.0005493168
▁select,0.00032041364
Select,0.00024953843
▁WHERE,0.00020208236
▁SQL,0.00014442175
