Token,Probability
▁SELECT,0.8347917
<0x0A>,0.13208324
SELECT,0.029935865
▁CREATE,0.0010243489
▁Select,0.00053559325
▁UPDATE,0.00025698042
<0x09>,0.0002395321
▁select,0.00018365563
Select,0.00018222643
▁WHERE,0.00016462785
