Token,Probability
▁SELECT,0.7445818
<0x0A>,0.21332628
SELECT,0.03765432
▁CREATE,0.0016544155
▁Select,0.00064787845
▁WHERE,0.00032072308
<0x09>,0.00026588875
▁select,0.0002459069
Select,0.0002459069
▁UPDATE,0.00017850926
