Token,Probability
▁SELECT,0.8014323
<0x0A>,0.16538489
SELECT,0.027423505
▁CREATE,0.0014762802
▁Select,0.000874667
▁WHERE,0.00063494017
<0x09>,0.00058265385
▁UPDATE,0.00032940262
▁SQL,0.00025059632
▁select,0.00021602752
