Token,Probability
▁SELECT,0.7572945
<0x0A>,0.20703278
SELECT,0.029825902
▁CREATE,0.002448259
▁Select,0.00092925434
<0x09>,0.00084609573
▁UPDATE,0.0003783974
▁select,0.0002349523
Select,0.00016791283
▁WHERE,0.00012381116
