Token,Probability
▁SELECT,0.838318
<0x0A>,0.13264118
SELECT,0.026118595
▁Select,0.0007525954
▁CREATE,0.0006538663
<0x09>,0.00028343004
▁select,0.00025806596
▁WHERE,0.00017461617
Select,0.00015289903
▁SQL,8.184095e-05
