Token,Probability
▁SELECT,0.65790117
<0x0A>,0.29194185
SELECT,0.046919327
▁CREATE,0.00088663644
▁Select,0.00059062714
<0x09>,0.0003445098
▁select,0.00024239291
Select,0.00020895574
▁SQL,0.00014028625
▁WHERE,9.641723e-05
