Token,Probability
▁SELECT,0.7636259
<0x0A>,0.19008154
SELECT,0.04241292
▁CREATE,0.0009819922
▁Select,0.00069633673
<0x09>,0.0003967607
Select,0.0002387748
▁UPDATE,0.0002387748
▁select,0.00023691663
▁SQL,0.0001888864
