Token,Probability
▁SELECT,0.79203963
<0x0A>,0.16863495
SELECT,0.035904456
▁CREATE,0.0011541467
▁Select,0.00058489316
<0x09>,0.00038059725
▁select,0.0002720006
Select,0.00019439006
▁SQL,0.00013570611
▁UPDATE,0.00011250432
