Token,Probability
▁SELECT,0.6643966
<0x0A>,0.29025337
SELECT,0.04052845
▁CREATE,0.0018955407
▁Select,0.00088150834
<0x09>,0.0002906906
Select,0.00028618387
▁WHERE,0.00023175878
▁select,0.00022639005
▁SQL,0.0001461684
