Token,Probability
▁SELECT,0.73420256
<0x0A>,0.22744535
SELECT,0.03542915
▁CREATE,0.000820296
▁Select,0.00060959224
<0x09>,0.0002462975
▁select,0.00022957454
Select,0.0002057893
▁SQL,0.00018019513
▁WHERE,0.00010029369
