Token,Probability
▁SELECT,0.78601897
<0x0A>,0.16998853
SELECT,0.039749842
▁CREATE,0.0011276163
▁Select,0.0009348267
<0x09>,0.00045917142
Select,0.00032815503
▁select,0.00025757184
▁SQL,0.0001275073
▁WHERE,0.00011884987
