Token,Probability
▁SELECT,0.86083156
<0x0A>,0.08932433
SELECT,0.0456224
▁CREATE,0.0012942079
▁Select,0.0010729361
<0x09>,0.0002691696
Select,0.00023023295
▁select,0.00021798017
▁WHERE,0.00017791023
▁SQL,0.00016713119
