Token,Probability
▁SELECT,0.77665216
<0x0A>,0.15293187
SELECT,0.06577518
▁Select,0.000990971
▁CREATE,0.0007480242
Select,0.00031426852
<0x09>,0.00031182286
1,0.000288389
2,0.00023354453
▁select,0.00022635913
