Token,Probability
▁SELECT,0.8131407
<0x0A>,0.14352785
SELECT,0.04048389
▁CREATE,0.00081436563
▁Select,0.00043250632
▁UPDATE,0.00027065552
▁select,0.00023885269
<0x09>,0.0001980158
Select,0.00017474833
▁WHERE,0.00013609414
