Token,Probability
▁SELECT,0.76232713
<0x0A>,0.20840864
SELECT,0.027337264
▁Select,0.00050069945
▁CREATE,0.00037500655
<0x09>,0.00022568293
▁select,0.0001827636
Select,0.00015755207
▁SQL,6.77623e-05
▁WHERE,6.723497e-05
