Token,Probability
▁SELECT,0.7758279
<0x0A>,0.1871772
SELECT,0.034087498
▁CREATE,0.00090840104
▁Select,0.0004938891
<0x09>,0.00027489068
▁select,0.00021241905
Select,0.00015785644
▁UPDATE,0.00015785644
▁SQL,0.00013292844
