Token,Probability
▁SELECT,0.6404596
<0x0A>,0.18064992
SELECT,0.16193354
▁SUM,0.004666041
1,0.003108254
2,0.0017710296
▁Select,0.0014913564
3,0.0011983386
4,0.0005317595
Select,0.0005194413
