Token,Probability
▁SELECT,0.7569857
<0x0A>,0.19747154
SELECT,0.042044114
▁CREATE,0.0008326386
▁Select,0.0005460577
<0x09>,0.00033641641
▁select,0.0002767286
▁WHERE,0.0002661273
Select,0.00021052401
▁UPDATE,0.00017866942
