Token,Probability
▁SELECT,0.7395813
<0x0A>,0.22206256
SELECT,0.034590676
▁CREATE,0.0012599654
▁Select,0.00040905084
<0x09>,0.0003783102
▁UPDATE,0.0002703661
▁WHERE,0.00020249485
▁select,0.00016398533
Select,0.00013384092
