Token,Probability
▁SELECT,0.73475444
<0x0A>,0.23853984
SELECT,0.022187663
▁CREATE,0.0017652396
▁Select,0.0010216424
<0x09>,0.00053836766
▁select,0.00025430685
Select,0.0001775348
▁WHERE,8.518213e-05
▁UPDATE,6.7384615e-05
