Token,Probability
▁SELECT,0.83508605
<0x0A>,0.11844039
SELECT,0.042896267
▁Select,0.00074969395
▁CREATE,0.0006215182
▁select,0.00033267465
3,0.0003005465
Select,0.0002550705
<0x09>,0.00021988452
▁WHERE,0.00012825751
