Token,Probability
▁SELECT,0.6537308
<0x0A>,0.3040131
SELECT,0.039259586
▁CREATE,0.0010462326
▁Select,0.00057778455
▁select,0.00021590228
<0x09>,0.00018467102
Select,0.00017759639
▁UPDATE,0.000116470546
▁WHERE,0.000115564166
