Token,Probability
▁SELECT,0.7636813
<0x0A>,0.19308886
SELECT,0.03984614
▁CREATE,0.001130348
▁Select,0.0006050317
Select,0.00024255253
▁select,0.00024066499
<0x09>,0.00022432444
▁UPDATE,0.00016284207
▁WHERE,0.00014483473
