Token,Probability
▁SELECT,0.72622097
<0x0A>,0.23576942
SELECT,0.032410398
▁CREATE,0.0014240136
▁Select,0.000780295
▁WHERE,0.0005404946
<0x09>,0.00042423903
▁UPDATE,0.00024361999
▁select,0.00023797654
▁SQL,0.00022009232
