Token,Probability
▁SELECT,0.7159768
<0x0A>,0.24359883
SELECT,0.037357092
▁CREATE,0.0009800985
▁Select,0.00042153508
<0x09>,0.0002808029
▁select,0.00021362357
Select,0.00018129997
▁UPDATE,0.00017299765
▁WHERE,0.00014009776
