Token,Probability
▁SELECT,0.8679903
<0x0A>,0.0914855
SELECT,0.038136832
▁Select,0.00072067324
▁CREATE,0.00041062722
Select,0.00021303061
▁select,0.00017660858
<0x09>,0.00013754288
1,9.527318e-05
2,7.5367294e-05
