Token,Probability
▁SELECT,0.7673017
<0x0A>,0.18512017
SELECT,0.0432882
▁CREATE,0.0014582762
▁Select,0.00053646986
▁UPDATE,0.0003383473
<0x09>,0.0002916736
▁WHERE,0.000276151
▁select,0.00021675341
Select,0.0002100846
