Token,Probability
▁SELECT,0.69612104
<0x0A>,0.26012143
SELECT,0.0405191
▁CREATE,0.0010630568
▁Select,0.0005262513
<0x09>,0.0002952002
▁select,0.00022282882
Select,0.00020769928
▁WHERE,0.00013305715
▁SQL,0.00011204537
