Token,Probability
▁SELECT,0.76733387
<0x0A>,0.18804325
SELECT,0.038804915
▁CREATE,0.0017049691
▁Select,0.0009489583
▁WHERE,0.0004553151
<0x09>,0.00040814187
▁UPDATE,0.00035738092
▁SQL,0.0003436899
Select,0.00023074246
