Token,Probability
▁SELECT,0.8269335
<0x0A>,0.13927834
SELECT,0.030595392
▁CREATE,0.0012432443
▁Select,0.000587267
<0x09>,0.00028621106
▁select,0.00019517902
Select,0.00015319775
▁WHERE,0.00014391598
▁UPDATE,0.00010778808
