Token,Probability
▁SELECT,0.82434815
<0x0A>,0.13248481
SELECT,0.03855528
▁CREATE,0.00074585836
▁Select,0.0006791118
1,0.00047040696
<0x09>,0.00045238595
2,0.00036635334
▁SQL,0.0001960948
▁WHERE,0.0001960948
