Token,Probability
▁SELECT,0.7773794
<0x0A>,0.18178117
SELECT,0.03751266
▁CREATE,0.0011152221
▁Select,0.00060633576
▁select,0.00024307532
Select,0.00023194407
<0x09>,0.00023013909
▁SQL,0.00015330568
▁UPDATE,0.0001451469
