Token,Probability
▁SELECT,0.8066429
<0x0A>,0.13800034
SELECT,0.049980406
▁CREATE,0.001999468
▁Select,0.0009154231
<0x09>,0.00044614158
Select,0.00028358484
▁select,0.0002770156
▁UPDATE,0.0002388024
▁SQL,0.00020109178
