Token,Probability
▁SELECT,0.8024382
<0x0A>,0.15077367
SELECT,0.043197382
▁CREATE,0.0009693834
▁Select,0.00075495656
<0x09>,0.00056103605
▁select,0.00029334446
Select,0.00023942077
▁WHERE,8.876879e-05
▁SQL,8.470377e-05
