Token,Probability
▁SELECT,0.79957837
<0x0A>,0.15500534
SELECT,0.041719124
▁CREATE,0.0010945405
▁Select,0.0010122844
Select,0.00025997614
▁select,0.00024614044
<0x09>,0.00022587119
▁SQL,0.00014024662
▁WHERE,0.000106693995
