Token,Probability
▁SELECT,0.7987826
<0x0A>,0.16483809
SELECT,0.032458548
▁CREATE,0.0010272022
▁Select,0.0005991618
<0x09>,0.0003868479
▁WHERE,0.0002920081
▁select,0.00024019931
▁UPDATE,0.00017166272
▁SQL,0.00017032684
