Token,Probability
▁SELECT,0.8112223
<0x0A>,0.14318924
SELECT,0.042993207
▁Select,0.0007998486
▁CREATE,0.0004927724
Select,0.00026170947
<0x09>,0.00022560764
▁select,0.00022038145
▁WHERE,9.115373e-05
▁SQL,8.235053e-05
