Token,Probability
▁SELECT,0.82147497
<0x0A>,0.12402417
SELECT,0.051700965
▁CREATE,0.0007608846
▁Select,0.0005566751
▁select,0.00024702304
<0x09>,0.00022845899
Select,0.00021129003
▁UPDATE,0.00016714417
▁SQL,8.6713255e-05
