Token,Probability
▁SELECT,0.6810752
<0x0A>,0.25850698
SELECT,0.05678645
▁CREATE,0.0009470038
▁Select,0.0005834321
▁WHERE,0.00029336807
Select,0.00026297345
<0x09>,0.00025488262
▁select,0.000250931
▁UPDATE,0.00020162873
