Token,Probability
▁SELECT,0.794686
<0x0A>,0.16657524
SELECT,0.035465915
▁CREATE,0.0008741066
▁Select,0.0007246599
<0x09>,0.00035594098
▁select,0.00025239994
Select,0.00022981277
▁SQL,0.00015549909
▁UPDATE,0.0001111302
