Token,Probability
▁SELECT,0.8715338
<0x0A>,0.09043485
SELECT,0.03486574
▁CREATE,0.0009890649
▁Select,0.0006093452
<0x09>,0.0002993003
▁select,0.00019475842
▁UPDATE,0.0001932428
Select,0.0001614604
▁WHERE,0.00016020391
