Token,Probability
▁SELECT,0.855111
<0x0A>,0.100545086
SELECT,0.04062389
▁Select,0.00088358414
▁CREATE,0.0006669644
<0x09>,0.00061684113
▁WHERE,0.00023412649
▁select,0.0002199415
Select,0.00021822989
▁SQL,0.00014766173
