Token,Probability
▁SELECT,0.6800593
<0x0A>,0.27909577
SELECT,0.035483047
▁CREATE,0.002779247
▁Select,0.00048296072
▁UPDATE,0.0003267876
<0x09>,0.00031673338
▁WHERE,0.00023354455
▁select,0.0002193948
Select,0.00019666423
