Token,Probability
▁SELECT,0.7752631
<0x0A>,0.16766241
SELECT,0.053588126
▁Select,0.0008395221
▁CREATE,0.0006386747
<0x09>,0.0003186466
▁select,0.0002790163
Select,0.00026416732
▁SQL,0.00017735356
▁WHERE,0.00015408744
