Token,Probability
▁SELECT,0.8359931
<0x0A>,0.12621608
SELECT,0.033970594
▁CREATE,0.001091983
▁Select,0.0008372525
▁WHERE,0.00032787275
<0x09>,0.00028486078
Select,0.00023801012
▁select,0.0001912465
▁FROM,0.0001064447
