Token,Probability
▁SELECT,0.81408787
SELECT,0.115462214
<0x0A>,0.0668244
▁CREATE,0.000736575
▁Select,0.00067065924
<0x09>,0.00047556855
Select,0.0003398735
▁select,0.00026469378
▁WHERE,0.00021435553
▁UPDATE,0.00011295744
