Token,Probability
▁SELECT,0.6241997
<0x0A>,0.30900124
SELECT,0.062777415
▁CREATE,0.0013869336
▁Select,0.000697394
<0x09>,0.000416433
Select,0.00025856914
▁select,0.00022116589
▁WHERE,0.000113846436
▁UPDATE,0.00010529075
