Token,Probability
▁SELECT,0.85135823
<0x0A>,0.094038844
SELECT,0.05193318
▁Select,0.0009364426
▁CREATE,0.00035266756
Select,0.0003040184
▁select,0.00022948513
<0x09>,0.00016658833
▁SQL,7.053794e-05
select,6.5748594e-05
