Token,Probability
▁SELECT,0.7266141
<0x0A>,0.22863926
SELECT,0.039115567
▁CREATE,0.0027895926
▁Select,0.0006523139
<0x09>,0.0004211655
▁select,0.00033841596
▁WHERE,0.00028275713
Select,0.00024953228
▁UPDATE,0.00018256172
