Token,Probability
▁SELECT,0.7978722
<0x0A>,0.14759152
SELECT,0.049436964
▁Select,0.0013381974
▁CREATE,0.0010586012
<0x09>,0.0008053413
▁select,0.00036299578
▁WHERE,0.00031784968
Select,0.0002456152
▁SQL,8.75768e-05
