Token,Probability
▁SELECT,0.93106574
<0x0A>,0.038429674
SELECT,0.02559968
▁CREATE,0.0019133007
▁Select,0.0011787503
▁UPDATE,0.00024324887
Select,0.0002285112
▁WHERE,0.00017657976
▁select,0.0001633096
▁SQL,0.0001607777
