Token,Probability
▁SELECT,0.85913044
<0x0A>,0.10922617
SELECT,0.028051602
▁CREATE,0.00087397435
▁Select,0.0007957627
<0x09>,0.00036149152
▁WHERE,0.0002904666
▁select,0.00021754942
▁UPDATE,0.00017344551
Select,0.00016680092
