Token,Probability
▁SELECT,0.8213397
<0x0A>,0.14272743
SELECT,0.031846795
▁CREATE,0.0011420351
▁Select,0.0007259217
<0x09>,0.0004989182
▁WHERE,0.00026497347
▁select,0.0002608654
Select,0.00019845595
▁UPDATE,0.00017651037
