Token,Probability
▁SELECT,0.65543586
<0x0A>,0.30480602
SELECT,0.035839498
▁CREATE,0.0012652889
▁Select,0.00057478336
<0x09>,0.0003568911
▁UPDATE,0.00025505858
▁WHERE,0.00023774075
Select,0.00023223348
▁select,0.00022863306
