Token,Probability
▁SELECT,0.89231646
<0x0A>,0.07676093
SELECT,0.028683467
▁Select,0.0006337003
▁CREATE,0.0003783997
▁select,0.00023495372
<0x09>,0.00019631117
Select,0.0001858637
▁WHERE,0.00011012059
▁UPDATE,9.718109e-05
