Token,Probability
▁SELECT,0.7249537
<0x0A>,0.22458017
SELECT,0.04562623
▁CREATE,0.0015132093
▁Select,0.00074326346
<0x09>,0.00047244702
▁UPDATE,0.0003026609
▁WHERE,0.00028432359
▁select,0.00026501872
Select,0.00023387824
