Token,Probability
▁SELECT,0.7754184
<0x0A>,0.19605647
SELECT,0.026121996
▁Select,0.00055935426
▁CREATE,0.0005254647
<0x09>,0.00027474557
Select,0.00016534481
▁select,0.00016025768
▁WHERE,0.0001339003
▁UPDATE,0.00013285827
