Token,Probability
▁SELECT,0.8060464
<0x0A>,0.13789828
SELECT,0.052340288
▁CREATE,0.0010365433
▁Select,0.0007350192
<0x09>,0.00030401716
▁select,0.00022069277
Select,0.00021727126
▁UPDATE,0.00017458235
▁SQL,0.00016146229
