Token,Probability
▁SELECT,0.7783048
<0x0A>,0.17366327
SELECT,0.043908954
▁CREATE,0.0013680252
▁Select,0.0008042205
Select,0.0003124864
<0x09>,0.00027576828
▁select,0.00024336467
▁UPDATE,0.00022158606
▁WHERE,0.00016211582
