Token,Probability
▁SELECT,0.8440649
<0x0A>,0.09770761
SELECT,0.054809
▁Select,0.0010520382
▁CREATE,0.0004489548
Select,0.00040877797
▁select,0.0002809487
<0x09>,0.00022930367
1,0.00011711685
▁SQL,0.00011088401
