Token,Probability
▁SELECT,0.73825186
<0x0A>,0.21822682
SELECT,0.038519323
▁CREATE,0.002207333
▁Select,0.0005121425
<0x09>,0.000395753
▁WHERE,0.00031306638
▁UPDATE,0.00027413009
▁select,0.00026157676
Select,0.0001989971
