Token,Probability
▁SELECT,0.7252998
<0x0A>,0.2391785
SELECT,0.03137339
▁CREATE,0.0015377726
▁Select,0.0005232008
<0x09>,0.00034312345
▁WHERE,0.00025300338
▁select,0.00023036219
▁UPDATE,0.00021981314
Select,0.00019858462
