Token,Probability
▁SELECT,0.67663527
<0x0A>,0.27769056
SELECT,0.041275013
▁CREATE,0.0014571863
▁Select,0.00045495573
▁select,0.00038914426
<0x09>,0.00035989966
▁UPDATE,0.0002737972
▁SQL,0.00020031432
Select,0.0001809689
