Token,Probability
▁SELECT,0.8344218
<0x0A>,0.10775542
SELECT,0.051701616
▁Select,0.0011070946
1,0.0008488388
▁CREATE,0.00061619096
<0x09>,0.00051484676
2,0.00046512528
▁select,0.0004438257
Select,0.0003429619
