Token,Probability
▁SELECT,0.75628835
<0x0A>,0.19423091
SELECT,0.04471449
▁CREATE,0.0013502607
▁Select,0.0010352809
<0x09>,0.00038085852
Select,0.0003060284
▁select,0.00026796744
▁SQL,0.00024398715
▁WHERE,0.00023281413
