Token,Probability
▁SELECT,0.84118414
<0x0A>,0.11930528
SELECT,0.036959052
▁CREATE,0.0006875887
▁Select,0.0006664338
▁select,0.00023031337
Select,0.0001939433
<0x09>,0.00017936825
▁SQL,8.2120765e-05
▁WHERE,6.6503424e-05
