Token,Probability
▁SELECT,0.7919477
<0x0A>,0.1583995
SELECT,0.046822805
▁Select,0.0008056309
▁CREATE,0.000598694
Select,0.00022723862
<0x09>,0.00021347092
▁select,0.00017559639
▁WHERE,0.00011697242
▁UPDATE,8.230037e-05
