Token,Probability
▁SELECT,0.7492291
<0x0A>,0.21803808
SELECT,0.029972937
▁CREATE,0.0006318646
▁Select,0.0006029294
<0x09>,0.00025931667
▁select,0.00017274216
▁WHERE,0.00017006403
Select,0.00016227624
▁SQL,0.0001141756
