Token,Probability
▁SELECT,0.8741691
<0x0A>,0.08259085
SELECT,0.040251568
▁Select,0.0009466261
▁CREATE,0.0005564927
Select,0.0003002053
▁select,0.00026286853
<0x09>,0.00015696598
▁UPDATE,0.00010213972
▁WHERE,8.668485e-05
