Token,Probability
▁SELECT,0.8667371
<0x0A>,0.105147146
SELECT,0.024587441
▁CREATE,0.0011680793
▁Select,0.0006012757
<0x09>,0.00040053597
▁WHERE,0.0002110676
▁select,0.00020140213
Select,0.00018481698
▁UPDATE,0.00013627548
