Token,Probability
▁SELECT,0.7585142
<0x0A>,0.19480257
SELECT,0.04147586
▁CREATE,0.0015832607
▁Select,0.0010881582
<0x09>,0.00033709567
▁WHERE,0.00032418178
▁select,0.0002998191
Select,0.00028608937
▁SQL,0.00021764531
