Token,Probability
▁SELECT,0.8468924
<0x0A>,0.095018685
SELECT,0.052474305
▁CREATE,0.0009993864
▁Select,0.0009686384
▁WHERE,0.00079057965
<0x09>,0.0003883197
1,0.00024111319
Select,0.00022650487
▁UPDATE,0.00020303763
