Token,Probability
▁SELECT,0.68342686
<0x0A>,0.28047782
SELECT,0.032978952
▁CREATE,0.0011826346
▁Select,0.00042498863
<0x09>,0.0002875617
▁select,0.00019610002
Select,0.00019006667
▁SQL,0.00012464875
▁WHERE,0.000112610775
