Token,Probability
▁SELECT,0.8130043
<0x0A>,0.1551646
SELECT,0.028702565
▁CREATE,0.0010786782
▁Select,0.00050953147
<0x09>,0.00026434148
▁select,0.0002107514
▁WHERE,0.00018310398
Select,0.0001693435
▁UPDATE,0.00012683243
