Token,Probability
▁SELECT,0.8019611
<0x0A>,0.1579155
SELECT,0.037508223
▁CREATE,0.0007087944
▁Select,0.00056510017
▁select,0.00021281865
Select,0.00021281865
<0x09>,0.00016445351
▁SQL,9.896986e-05
▁UPDATE,9.592488e-05
