Token,Probability
▁SELECT,0.7284988
<0x0A>,0.23650894
SELECT,0.032008007
▁Select,0.00075275614
▁CREATE,0.000718285
▁select,0.0002581211
<0x09>,0.00021398992
Select,0.00020260156
1,8.1221406e-05
▁SQL,7.630045e-05
