Token,Probability
▁SELECT,0.8368043
<0x0A>,0.09686713
SELECT,0.06352701
▁Select,0.0007872891
<0x09>,0.00037774543
▁CREATE,0.00035209744
Select,0.00026370882
▁select,0.0002419928
1,8.972241e-05
select,8.4286396e-05
