Token,Probability
▁SELECT,0.6978437
<0x0A>,0.26076517
SELECT,0.038158372
▁CREATE,0.0010491655
▁Select,0.000491734
<0x09>,0.00031256516
▁select,0.00020659296
▁WHERE,0.00018231763
Select,0.00017809425
▁UPDATE,0.00013762058
