Token,Probability
▁SELECT,0.5022942
<0x0A>,0.46454617
SELECT,0.029697444
▁CREATE,0.0012450629
▁Select,0.00044048604
<0x09>,0.00028887778
▁UPDATE,0.00022852115
Select,0.00018651351
▁select,0.0001793683
▁WHERE,0.00016982251
