Token,Probability
▁SELECT,0.7246713
<0x0A>,0.23526633
SELECT,0.034969218
▁CREATE,0.0015364402
▁Select,0.00073719205
<0x09>,0.00041030918
▁WHERE,0.00031459494
▁UPDATE,0.00030491588
▁select,0.0002450068
Select,0.00021962267
