Token,Probability
▁SELECT,0.8353115
<0x0A>,0.12033804
SELECT,0.041587707
▁CREATE,0.00054436637
▁Select,0.00054013
<0x09>,0.00034065577
▁select,0.0002148489
Select,0.00018233989
▁WHERE,0.000178116
▁SQL,0.00013763737
