Token,Probability
▁SELECT,0.876351
<0x0A>,0.08952489
SELECT,0.031426195
▁CREATE,0.0005755908
▁Select,0.00051194103
▁WHERE,0.00028052056
<0x09>,0.00025742015
▁select,0.00019431091
Select,0.00014898334
▁SQL,9.250586e-05
