Token,Probability
▁SELECT,0.6846026
<0x0A>,0.24031813
SELECT,0.072156586
▁Select,0.0005956891
▁CREATE,0.00058645377
<0x09>,0.00029259268
Select,0.0002903157
▁select,0.00025223065
▁UPDATE,0.00011914532
1,8.3176834e-05
