Token,Probability
▁SELECT,0.7304971
<0x0A>,0.2408924
SELECT,0.023481792
▁CREATE,0.002634584
<0x09>,0.00084206363
▁Select,0.00064563256
▁select,0.00018353733
Select,0.00013427877
▁WHERE,0.00013427877
▁UPDATE,0.000113960916
