Token,Probability
▁SELECT,0.81240565
<0x0A>,0.12075331
SELECT,0.063632526
▁Select,0.0009968797
▁CREATE,0.0004708926
Select,0.0003088189
<0x09>,0.00027466923
▁select,0.00026621853
1,9.492315e-05
select,8.575591e-05
