Token,Probability
▁SELECT,0.746457
<0x0A>,0.2072836
SELECT,0.043449003
▁CREATE,0.0007593541
▁Select,0.0005384627
<0x09>,0.0002175586
Select,0.0002175586
▁select,0.00021086504
▁WHERE,0.0001372125
▁UPDATE,0.0001269008
