Token,Probability
▁SELECT,0.81341225
<0x0A>,0.15283562
SELECT,0.03056905
▁CREATE,0.0008671772
▁Select,0.000564283
<0x09>,0.00038480753
▁select,0.00023893245
▁UPDATE,0.00021251089
Select,0.00017617772
▁WHERE,0.00015792469
