Token,Probability
▁SELECT,0.88070947
<0x0A>,0.059933033
SELECT,0.05630187
▁Select,0.0008959262
▁CREATE,0.00031696633
▁select,0.00029314595
<0x09>,0.00023009288
Select,0.00022127817
1,0.00018926924
2,0.00016702953
