Token,Probability
▁SELECT,0.7388583
<0x0A>,0.22184546
SELECT,0.03565381
▁CREATE,0.0011108285
▁Select,0.00072849914
<0x09>,0.0003182577
Select,0.00023650903
▁select,0.00023284231
▁SQL,0.00019607287
▁UPDATE,0.00014916438
