Token,Probability
▁SELECT,0.8036363
<0x0A>,0.17110403
SELECT,0.018899715
▁CREATE,0.0032333597
<0x09>,0.00095577934
▁Select,0.0008839514
▁UPDATE,0.00028922778
▁WHERE,0.00017818807
▁select,0.00017406033
Select,0.00014317814
