Token,Probability
▁SELECT,0.70834714
<0x0A>,0.26469
SELECT,0.023492573
▁CREATE,0.0012450607
▁Select,0.00061634975
<0x09>,0.00035118547
▁select,0.00025098096
Select,0.00016718937
▁WHERE,0.00011580868
▁SQL,9.9833334e-05
