Token,Probability
▁SELECT,0.8038371
<0x0A>,0.1711468
SELECT,0.021758875
▁CREATE,0.0011897838
▁Select,0.00045159104
<0x09>,0.00032781993
▁select,0.00018825114
▁WHERE,0.00018103936
Select,0.00013559221
▁SQL,0.00013559221
