Token,Probability
▁SELECT,0.6018835
<0x0A>,0.30264604
SELECT,0.09087082
▁Select,0.0011619085
▁CREATE,0.001091512
Select,0.00058424426
<0x09>,0.00034345948
▁select,0.0002473846
▁SQL,0.00014206104
▁WHERE,0.00014095548
