Token,Probability
▁SELECT,0.805058
<0x0A>,0.15852532
SELECT,0.033228714
▁Select,0.0008189677
▁CREATE,0.00066842197
<0x09>,0.00039913296
▁WHERE,0.0002679652
▁select,0.00019758516
Select,0.00016380385
▁SQL,9.781174e-05
