Token,Probability
▁SELECT,0.71114534
<0x0A>,0.2496355
SELECT,0.034316517
▁CREATE,0.0017905126
▁Select,0.00070667407
▁WHERE,0.00044569376
<0x09>,0.00043878393
▁select,0.00025394864
Select,0.00023122289
▁UPDATE,0.00018724999
