Token,Probability
▁SELECT,0.84233934
<0x0A>,0.115793444
SELECT,0.037592627
▁Select,0.00097098714
▁CREATE,0.00053623
<0x09>,0.00052791653
▁select,0.00033819603
▁WHERE,0.00032270892
Select,0.00029382983
▁SQL,0.00020194607
