Token,Probability
▁SELECT,0.8626851
<0x0A>,0.090926334
SELECT,0.044313956
▁Select,0.00052403315
▁CREATE,0.0003436693
<0x09>,0.00026144984
▁select,0.00018395294
Select,0.00015013802
▁SQL,6.873819e-05
1,6.820327e-05
