Token,Probability
▁SELECT,0.73258346
<0x0A>,0.21996143
SELECT,0.043995056
▁CREATE,0.000857767
▁Select,0.0006178264
<0x09>,0.00034119617
Select,0.00023267556
▁select,0.00022728564
▁WHERE,0.00021020485
▁UPDATE,0.00017701024
