Token,Probability
▁SELECT,0.8669049
<0x0A>,0.11732282
SELECT,0.012560466
▁CREATE,0.0011323604
▁Select,0.0008414987
<0x09>,0.0004434387
▁select,0.00023550852
Select,9.8174554e-05
▁FROM,5.7264708e-05
▁SQL,5.3795215e-05
