Token,Probability
▁SELECT,0.81791776
<0x0A>,0.14437106
SELECT,0.03483114
▁CREATE,0.0008064502
▁Select,0.00061832677
<0x09>,0.00032329964
▁select,0.00022569954
Select,0.00015512087
▁SQL,0.00013477134
▁UPDATE,0.00010999716
