Token,Probability
▁SELECT,0.7078766
<0x0A>,0.24463564
SELECT,0.04318075
▁CREATE,0.0014321042
▁Select,0.0006354924
<0x09>,0.00035647894
▁UPDATE,0.00030018535
▁WHERE,0.00024309751
▁select,0.00023378458
Select,0.00023378458
