Token,Probability
▁SELECT,0.70036054
<0x0A>,0.2617056
SELECT,0.034328304
▁CREATE,0.0012119374
▁Select,0.000546263
<0x09>,0.00033918238
Select,0.00022071021
▁UPDATE,0.00019939506
▁select,0.00019477606
▁WHERE,0.00018155125
