Token,Probability
▁SELECT,0.715876
<0x0A>,0.23607086
SELECT,0.04366871
▁Select,0.0011104407
▁CREATE,0.0010269898
<0x09>,0.00037195103
Select,0.00036618445
▁select,0.0003059586
▁SQL,0.00013683313
▁WHERE,0.00012556514
