Token,Probability
▁SELECT,0.7233315
<0x0A>,0.23119065
SELECT,0.040807575
▁CREATE,0.0009672291
▁Select,0.000659593
<0x09>,0.00047138985
▁WHERE,0.0003395294
▁select,0.00027495925
▁UPDATE,0.00026858982
▁SQL,0.00022441521
