Token,Probability
▁SELECT,0.82662344
<0x0A>,0.13494258
SELECT,0.035756223
▁CREATE,0.0007305916
▁Select,0.00055580476
<0x09>,0.00022989084
▁select,0.00019208099
Select,0.00019058619
▁WHERE,0.0001320152
▁UPDATE,0.0001240168
