Token,Probability
▁SELECT,0.896917
<0x0A>,0.06599562
SELECT,0.034238074
▁Select,0.0007217787
▁CREATE,0.00061737007
<0x09>,0.00025336817
Select,0.00021671726
▁select,0.00020358703
▁WHERE,0.0001942641
▁UPDATE,0.00010982698
