Token,Probability
▁SELECT,0.8064543
<0x0A>,0.15633829
SELECT,0.03126963
▁CREATE,0.0016315365
▁Select,0.00096665346
▁WHERE,0.00058630493
▁UPDATE,0.0005464963
<0x09>,0.0004391221
▁select,0.0003138264
Select,0.00023504513
