Token,Probability
▁SELECT,0.8102295
<0x0A>,0.14079677
SELECT,0.045710023
▁Select,0.0007742911
▁CREATE,0.0006369144
<0x09>,0.0003462844
Select,0.00028484574
▁select,0.00024941924
▁UPDATE,0.0001988544
▁WHERE,0.00018391023
