Token,Probability
▁SELECT,0.7222878
<0x0A>,0.22028531
SELECT,0.053983238
▁CREATE,0.0007821558
▁Select,0.0007640372
<0x09>,0.00031849806
Select,0.00028107353
▁select,0.00024611622
▁UPDATE,0.00017589133
▁WHERE,0.00017316439
