Token,Probability
▁SELECT,0.7796819
<0x0A>,0.18519069
SELECT,0.030707626
▁CREATE,0.0013920271
▁Select,0.0007931531
<0x09>,0.00039263928
▁WHERE,0.00026360556
▁SQL,0.0002595187
▁select,0.00022902449
Select,0.00021016465
