Token,Probability
▁SELECT,0.79068255
<0x0A>,0.16573606
SELECT,0.04061537
▁Select,0.0006024257
▁CREATE,0.00048029562
▁select,0.00029822235
Select,0.000247235
<0x09>,0.0002148015
1,0.00019104841
2,0.0001535117
