Token,Probability
▁SELECT,0.8328142
<0x0A>,0.12186764
SELECT,0.04277957
▁Select,0.0006395028
▁CREATE,0.00032662603
▁select,0.0002707825
Select,0.00022802172
<0x09>,0.00019201354
1,9.070078e-05
select,8.999493e-05
