Token,Probability
▁SELECT,0.8055385
<0x0A>,0.1254787
SELECT,0.065097496
▁Select,0.0013094877
▁CREATE,0.0004596734
Select,0.00038708383
▁select,0.00025188026
<0x09>,0.00022228355
1,0.00014240017
▁WHERE,0.00012864784
