Token,Probability
▁SELECT,0.71527123
<0x0A>,0.23958585
SELECT,0.041633774
▁CREATE,0.0011095026
▁Select,0.0005040143
<0x09>,0.00039560534
▁select,0.00023075457
▁WHERE,0.00019892286
Select,0.00018397358
▁SQL,0.00012644306
