Token,Probability
▁SELECT,0.8149939
<0x0A>,0.14842142
SELECT,0.032098383
▁CREATE,0.0014779865
▁Select,0.0011332117
Select,0.00023568554
▁WHERE,0.00021459413
▁select,0.00020962307
<0x09>,0.00020476716
▁SQL,0.00012132052
