Token,Probability
▁SELECT,0.6974744
<0x0A>,0.24483657
SELECT,0.05052488
▁Select,0.0022199084
▁CREATE,0.0011882314
Select,0.00065109704
ica,0.00044400955
▁select,0.00040427534
▁WHERE,0.00037389356
<0x09>,0.00032484435
