Token,Probability
▁SELECT,0.8279271
<0x0A>,0.13306
SELECT,0.034710776
▁CREATE,0.0016234446
▁Select,0.0005654477
<0x09>,0.0002956512
▁WHERE,0.00025486725
▁select,0.0002375624
Select,0.00019389279
▁SQL,0.00018940127
