Token,Probability
▁SELECT,0.85232955
<0x0A>,0.10339931
SELECT,0.041129403
▁Select,0.00082735054
▁CREATE,0.00080189575
<0x09>,0.00027930128
▁select,0.00025430668
Select,0.00019960762
▁WHERE,0.00012988716
▁SQL,9.577279e-05
