Token,Probability
▁SELECT,0.6764617
<0x0A>,0.2776193
SELECT,0.04324475
▁CREATE,0.00083006674
▁Select,0.00045840637
<0x09>,0.000312606
▁select,0.00022167084
Select,0.00021485075
▁UPDATE,9.386134e-05
▁WHERE,8.5461725e-05
