Token,Probability
▁SELECT,0.76805687
<0x0A>,0.19725332
SELECT,0.031210005
▁CREATE,0.0012101432
▁Select,0.00064774306
<0x09>,0.0002497272
▁UPDATE,0.00021696674
▁select,0.00019601312
Select,0.000187037
▁WHERE,0.00014340626
