Token,Probability
▁SELECT,0.6943536
<0x0A>,0.2635469
SELECT,0.037967533
▁CREATE,0.0014047457
▁Select,0.00063813454
<0x09>,0.00035241139
▁WHERE,0.00024795235
Select,0.00022931842
▁UPDATE,0.00022931842
▁select,0.00022576319
