Token,Probability
▁SELECT,0.7462876
<0x0A>,0.22407615
SELECT,0.025938699
▁CREATE,0.0011046029
▁Select,0.0006912429
<0x09>,0.000460467
Select,0.00021081718
▁WHERE,0.0002091766
▁select,0.00020754876
▁UPDATE,0.00012886996
