Token,Probability
▁SELECT,0.83586025
<0x0A>,0.12818332
SELECT,0.032409817
▁CREATE,0.0014239881
▁Select,0.00054048485
<0x09>,0.00041765437
▁select,0.00019422731
Select,0.00015485151
▁WHERE,0.00013880801
▁SQL,0.0001355925
