Token,Probability
▁SELECT,0.66409135
<0x0A>,0.28562215
SELECT,0.043801572
▁CREATE,0.0014988075
▁Select,0.001096551
<0x09>,0.0004828048
▁WHERE,0.00044652144
2,0.00036729855
▁SQL,0.00029744743
Select,0.00027509392
