Token,Probability
▁SELECT,0.790392
<0x0A>,0.1763603
SELECT,0.029703923
▁CREATE,0.0010819653
▁Select,0.0007207442
<0x09>,0.000253005
▁select,0.00021472258
Select,0.0002113936
▁WHERE,0.0002113936
▁UPDATE,0.00017253443
