Token,Probability
▁SELECT,0.766664
<0x0A>,0.16323219
SELECT,0.06699035
▁Select,0.0007921921
▁CREATE,0.0006169599
▁select,0.0003006822
<0x09>,0.0002960206
Select,0.00023600817
▁SUM,0.00017676195
select,8.682256e-05
