Token,Probability
▁SELECT,0.8472135
<0x0A>,0.11829751
SELECT,0.03085975
▁CREATE,0.00093188364
▁Select,0.0006979487
<0x09>,0.00050271355
▁WHERE,0.0002932302
▁select,0.00021120581
Select,0.00016970863
▁SQL,0.00010957213
