Token,Probability
▁SELECT,0.6846777
<0x0A>,0.26812366
SELECT,0.04445926
▁CREATE,0.0009520129
▁Select,0.0004603633
▁UPDATE,0.00018028087
Select,0.00016287019
▁select,0.00015663075
<0x09>,0.00013502414
▁WHERE,0.000111938934
