Token,Probability
▁SELECT,0.8195208
<0x0A>,0.13802981
SELECT,0.040168967
▁Select,0.00059116783
▁CREATE,0.0005640963
<0x09>,0.00024261481
Select,0.00019647545
▁select,0.00017611946
▁SQL,7.399334e-05
select,5.0066392e-05
