Token,Probability
▁SELECT,0.72978985
<0x0A>,0.22257331
SELECT,0.043827288
▁CREATE,0.00090960634
▁Select,0.0006866069
Select,0.00027741425
<0x09>,0.00023360623
▁select,0.00019671615
1,0.00018193273
▁WHERE,0.0001568358
