Token,Probability
▁SELECT,0.8435759
<0x0A>,0.11065307
SELECT,0.040075887
▁CREATE,0.0015298196
▁Select,0.0009800392
▁WHERE,0.0005005551
<0x09>,0.00047391604
▁SQL,0.00031323935
▁select,0.0002988951
▁UPDATE,0.00029656908
