Token,Probability
▁SELECT,0.7374609
<0x0A>,0.21799302
SELECT,0.040959675
▁CREATE,0.0011439224
▁Select,0.00044102137
▁WHERE,0.000395329
<0x09>,0.00029608773
▁UPDATE,0.00017542618
Select,0.00017270645
▁select,0.00017136244
