Token,Probability
▁SELECT,0.7612812
<0x0A>,0.20489606
SELECT,0.030455083
▁CREATE,0.0010751958
▁Select,0.0006126281
<0x09>,0.0003383254
▁select,0.00023990864
Select,0.00017828494
▁SQL,0.00016879679
▁UPDATE,0.0001466532
