Token,Probability
▁SELECT,0.82163423
<0x0A>,0.13204864
SELECT,0.042869918
▁Select,0.00073761767
<0x09>,0.00036801113
▁CREATE,0.00036514722
1,0.00030989642
▁select,0.0002394694
Select,0.00022321002
2,0.00022321002
