Token,Probability
▁SELECT,0.6898161
<0x0A>,0.2787109
SELECT,0.028920483
▁CREATE,0.00060022547
▁Select,0.0005465115
<0x09>,0.00020905928
▁select,0.00017742631
Select,0.00016930138
▁UPDATE,0.00012581408
▁WHERE,0.000120994235
