Token,Probability
▁SELECT,0.88232076
<0x0A>,0.0724253
SELECT,0.041916545
▁Select,0.0008836499
▁CREATE,0.00077374966
Select,0.00035424842
▁select,0.0002453807
<0x09>,0.00017400099
▁SQL,0.00015236036
1,7.781805e-05
