Token,Probability
▁SELECT,0.78299934
<0x0A>,0.17471078
SELECT,0.03719807
▁CREATE,0.001272848
▁Select,0.000815417
▁WHERE,0.00046825458
<0x09>,0.0004646106
2,0.0002731305
▁UPDATE,0.00023180284
▁SQL,0.00020941641
