Token,Probability
▁SELECT,0.8021765
<0x0A>,0.16044538
SELECT,0.034160797
▁CREATE,0.0011507957
▁Select,0.00060642674
<0x09>,0.00027548175
Select,0.00017239207
▁select,0.00016971938
▁SQL,0.0001281109
▁UPDATE,0.0001281109
