Token,Probability
▁SELECT,0.69039345
<0x0A>,0.27036196
SELECT,0.036022246
▁CREATE,0.0007896418
▁Select,0.00061497366
<0x09>,0.00036721758
Select,0.00021587608
▁select,0.00020923426
▁WHERE,0.00017619292
▁SQL,0.00013938006
