Token,Probability
▁SELECT,0.6870941
<0x0A>,0.24884899
SELECT,0.06003761
▁Select,0.0011889805
▁CREATE,0.00061683496
2,0.00037121781
1,0.00027586566
Select,0.00023781105
▁select,0.00020182764
<0x09>,0.00018959952
