Token,Probability
▁SELECT,0.80059826
<0x0A>,0.1704572
SELECT,0.024556689
▁CREATE,0.0017241503
▁Select,0.00078937353
<0x09>,0.0006442679
▁WHERE,0.0002261593
▁select,0.00020916313
Select,0.0001404255
▁SQL,0.00011283506
