Token,Probability
▁SELECT,0.8015248
<0x0A>,0.16031505
SELECT,0.034133043
▁CREATE,0.001262875
▁Select,0.0006500724
<0x09>,0.00037040008
▁WHERE,0.00028399559
▁select,0.00022642103
▁UPDATE,0.0002061587
Select,0.00019518711
