Token,Probability
▁SELECT,0.72384894
<0x0A>,0.2501555
SELECT,0.022907346
▁CREATE,0.001195223
▁Select,0.00043288106
<0x09>,0.00026461488
▁WHERE,0.0001997418
▁select,0.00017218819
Select,0.0001279594
▁SQL,9.07368e-05
