Token,Probability
▁SELECT,0.7667761
<0x0A>,0.19387136
SELECT,0.0358626
▁CREATE,0.0014346844
<0x09>,0.0003952971
▁Select,0.00036845743
▁WHERE,0.00017001516
▁select,0.00015971446
Select,0.00014887024
▁SQL,0.00014887024
