Token,Probability
▁SELECT,0.8733401
<0x0A>,0.08123328
SELECT,0.04280693
▁Select,0.000649989
▁CREATE,0.00042295584
▁select,0.00028618626
<0x09>,0.00023911757
Select,0.00018768552
▁WHERE,0.00012699438
▁COUNT,7.349871e-05
