Token,Probability
▁SELECT,0.7808543
<0x0A>,0.17153092
SELECT,0.044052787
▁CREATE,0.0007699063
▁Select,0.0007176316
<0x09>,0.00031107024
▁WHERE,0.0002519124
Select,0.0002311678
▁select,0.00021886527
▁SQL,0.00021379525
