Token,Probability
▁SELECT,0.8429302
<0x0A>,0.08216744
SELECT,0.068119206
▁Select,0.0015049492
2,0.0011720557
▁CREATE,0.00075084704
1,0.0006678172
3,0.00033318636
<0x09>,0.0002986663
Select,0.00028722457
