Token,Probability
▁SELECT,0.7450401
<0x0A>,0.23080267
SELECT,0.021806063
▁CREATE,0.00060900004
▁Select,0.0004742897
<0x09>,0.00023479045
▁select,0.00019313335
Select,0.0001457847
▁SQL,0.00011265368
▁WHERE,9.787522e-05
