Token,Probability
▁SELECT,0.8279111
<0x0A>,0.12896368
SELECT,0.039331697
▁CREATE,0.0011693006
▁Select,0.0007432527
<0x09>,0.0003947385
▁WHERE,0.00031226387
Select,0.00021294547
▁select,0.00020964403
▁UPDATE,0.00015458182
