Token,Probability
▁SELECT,0.7890277
<0x0A>,0.1603007
SELECT,0.045214888
▁CREATE,0.0014995671
▁WHERE,0.000796414
▁Select,0.0007902163
<0x09>,0.0004868381
▁select,0.0002975982
▁UPDATE,0.00027523335
Select,0.00025654567
