Token,Probability
▁SELECT,0.7531975
<0x0A>,0.20591272
SELECT,0.03691812
▁CREATE,0.0012436834
▁Select,0.0006204967
▁WHERE,0.00041658175
<0x09>,0.000379302
▁UPDATE,0.00021611976
Select,0.00019524794
▁select,0.00017777528
