Token,Probability
▁SELECT,0.8553921
<0x0A>,0.10377084
SELECT,0.03877633
▁Select,0.00044098144
▁CREATE,0.0004110399
<0x09>,0.00024163788
▁select,0.00017269081
Select,0.00015003639
▁WHERE,0.00012933943
▁SQL,9.916799e-05
