Token,Probability
▁SELECT,0.6494373
<0x0A>,0.30677247
SELECT,0.039615925
▁CREATE,0.0017680128
<0x09>,0.00042323352
▁Select,0.0004007094
▁UPDATE,0.00035639832
▁WHERE,0.00021786193
▁select,0.00016445082
Select,0.00013422084
