Token,Probability
▁SELECT,0.8358792
<0x0A>,0.12818624
SELECT,0.032920945
▁Select,0.00089112925
▁CREATE,0.00060296815
▁select,0.0002675655
<0x09>,0.0002270799
Select,0.0002270799
▁UPDATE,0.00012837932
▁WHERE,9.1034584e-05
