Token,Probability
▁SELECT,0.7538301
<0x0A>,0.19359957
SELECT,0.04972048
▁Select,0.00081631256
▁CREATE,0.00062588847
Select,0.00026919128
<0x09>,0.0002470238
▁select,0.00020801491
▁SQL,8.0825885e-05
▁WHERE,7.022274e-05
