Token,Probability
▁SELECT,0.8259113
<0x0A>,0.124693945
SELECT,0.045161158
▁CREATE,0.0013217906
▁Select,0.00095205003
<0x09>,0.00035298662
▁select,0.00030429347
Select,0.00021746873
▁WHERE,0.0001483008
▁SQL,0.00014261948
