Token,Probability
▁SELECT,0.68368024
<0x0A>,0.15018462
SELECT,0.13253745
1,0.010061742
2,0.008606264
3,0.0033702613
4,0.0017213612
5,0.0014839061
▁Select,0.0012495741
6,0.0011027453
