Token,Probability
▁SELECT,0.6343505
<0x0A>,0.32909667
SELECT,0.0320798
▁CREATE,0.0015971594
▁Select,0.00053081807
<0x09>,0.0003823339
▁WHERE,0.0003244826
▁select,0.00023739654
▁UPDATE,0.0002230134
Select,0.00019075346
