Token,Probability
▁SELECT,0.8001204
<0x0A>,0.1551104
SELECT,0.041747402
▁Select,0.0007296154
▁CREATE,0.0007183037
<0x09>,0.00028572147
Select,0.00025412595
▁select,0.00022779703
▁WHERE,0.00012678813
▁SQL,0.000105935454
