Token,Probability
▁SELECT,0.84026605
<0x0A>,0.1268612
SELECT,0.029205108
▁CREATE,0.0010975645
▁Select,0.00073113554
<0x09>,0.00032698404
▁select,0.00021952669
Select,0.00020622626
▁WHERE,0.00018342142
▁UPDATE,0.00015688867
