Token,Probability
▁SELECT,0.7748852
<0x0A>,0.17021969
SELECT,0.05191407
▁Select,0.0008657491
▁CREATE,0.00076402095
Select,0.00026819654
▁select,0.00025994502
<0x09>,0.00016266944
▁SQL,7.162238e-05
▁WHERE,6.675941e-05
