Token,Probability
▁SELECT,0.85129553
<0x0A>,0.117024615
SELECT,0.028233504
▁CREATE,0.0012023275
▁Select,0.0008009229
<0x09>,0.00027037965
▁select,0.00019474716
Select,0.00018582903
▁WHERE,0.00015405769
▁SQL,0.00014472379
