Token,Probability
▁SELECT,0.6509525
<0x0A>,0.31233042
SELECT,0.03396436
▁CREATE,0.000863671
▁Select,0.00038625757
<0x09>,0.00033821844
▁select,0.00015728618
Select,0.00015364266
▁WHERE,0.0001366526
▁SQL,0.000115975556
