Token,Probability
▁SELECT,0.69842863
<0x0A>,0.2529541
SELECT,0.04464905
▁Select,0.001153249
▁CREATE,0.001083377
Select,0.00033561455
<0x09>,0.00033300277
▁select,0.00020515708
▁SQL,0.00015009611
▁WHERE,0.00012939093
