Token,Probability
▁SELECT,0.7993078
<0x0A>,0.16238925
SELECT,0.034038637
▁CREATE,0.0016170786
▁Select,0.0006137738
<0x09>,0.00043523076
▁select,0.00023663089
▁WHERE,0.00020720092
▁UPDATE,0.00017448067
Select,0.00016263386
