Token,Probability
▁SELECT,0.7967087
<0x0A>,0.15688123
SELECT,0.042888947
▁CREATE,0.0010406694
▁Select,0.0006361484
▁select,0.00023402594
<0x09>,0.00022682571
Select,0.0002164386
▁WHERE,0.0002164386
▁UPDATE,0.00020491995
