Token,Probability
▁SELECT,0.6317276
<0x0A>,0.31765258
SELECT,0.047958367
▁CREATE,0.00069486216
▁Select,0.00044514544
<0x09>,0.00022383317
▁select,0.00021027181
Select,0.00020863545
▁UPDATE,0.00017706663
▁WHERE,0.0001143228
