Token,Probability
▁SELECT,0.7539399
<0x0A>,0.20611571
SELECT,0.03695451
▁CREATE,0.00086908677
▁Select,0.0005880536
<0x09>,0.0003350628
▁select,0.00021297888
Select,0.00020642621
▁UPDATE,0.00013432409
▁SQL,0.000107932436
