Token,Probability
▁SELECT,0.78885275
<0x0A>,0.17328794
SELECT,0.03465977
▁CREATE,0.0010304078
▁Select,0.00058253977
<0x09>,0.00023721335
▁select,0.00023536733
▁WHERE,0.00019819918
Select,0.00017085836
▁UPDATE,0.00016303419
