Token,Probability
▁SELECT,0.8544962
<0x0A>,0.10695275
SELECT,0.035824683
▁CREATE,0.0005974331
▁Select,0.000579052
<0x09>,0.00028665154
▁select,0.00021469209
▁SUM,0.00020326638
Select,0.00017116746
▁WHERE,0.000108800654
