Token,Probability
▁SELECT,0.5703692
<0x0A>,0.37405723
SELECT,0.052230094
▁CREATE,0.001118411
▁Select,0.0005324434
<0x09>,0.00028723167
Select,0.00025150846
▁select,0.00022545071
▁UPDATE,0.00019587498
▁WHERE,0.0001016186
