Token,Probability
▁SELECT,0.64681846
<0x0A>,0.32019836
SELECT,0.030252103
▁CREATE,0.0010514716
▁Select,0.00044522109
<0x09>,0.00026378475
▁select,0.0001770967
▁WHERE,0.00015147883
▁UPDATE,0.00013367961
Select,0.0001316071
