Token,Probability
▁SELECT,0.66644764
<0x0A>,0.2692692
SELECT,0.061028235
▁CREATE,0.00072168733
▁SUM,0.0006368868
▁Select,0.000492148
▁select,0.00024940845
<0x09>,0.00022182846
Select,0.00017411514
▁UPDATE,0.0001477696
