Token,Probability
▁SELECT,0.53853136
<0x0A>,0.41290632
SELECT,0.044205345
▁CREATE,0.0012938157
▁Select,0.00059235195
<0x09>,0.00056965934
▁select,0.00038847388
Select,0.00022483143
▁UPDATE,0.0001281051
select,0.000110433495
