Token,Probability
▁SELECT,0.79537684
<0x0A>,0.16672005
SELECT,0.033346105
▁CREATE,0.0016344658
▁Select,0.0007140452
<0x09>,0.00044336074
▁WHERE,0.00029765835
▁select,0.0002373139
Select,0.0002014057
▁SQL,0.00015932503
