Token,Probability
▁SELECT,0.8038295
<0x0A>,0.15582944
SELECT,0.037012745
▁CREATE,0.0008841639
▁Select,0.00064183417
<0x09>,0.00034895918
Select,0.00021667368
▁UPDATE,0.00021000732
▁select,0.00020675149
▁WHERE,0.00018972583
