Token,Probability
▁SELECT,0.8145757
<0x0A>,0.1554645
SELECT,0.027015679
▁CREATE,0.0009995424
▁Select,0.0004648304
<0x09>,0.00029546418
▁select,0.00025272393
Select,0.0001696708
▁UPDATE,0.00013956739
▁WHERE,0.000113025126
