Token,Probability
▁SELECT,0.84067804
<0x0A>,0.12495563
SELECT,0.031593733
▁CREATE,0.0007786713
▁Select,0.0004949536
<0x09>,0.00028645716
▁select,0.00024694152
Select,0.00017374505
▁WHERE,0.0001497776
▁UPDATE,0.00013217826
