Token,Probability
▁SELECT,0.8413041
<0x0A>,0.1193223
SELECT,0.036964323
▁Select,0.0006360063
▁CREATE,0.00045809813
▁select,0.00022325921
<0x09>,0.00021639025
Select,0.00016462101
▁UPDATE,7.362307e-05
▁SQL,7.305014e-05
