Token,Probability
▁SELECT,0.68478656
<0x0A>,0.27238926
SELECT,0.03629236
▁CREATE,0.0018642468
<0x09>,0.0007832289
▁WHERE,0.00065954484
▁Select,0.00065954484
▁UPDATE,0.0002814592
▁select,0.00027279957
▁SQL,0.00025033497
