Token,Probability
▁SELECT,0.78687936
<0x0A>,0.17017461
SELECT,0.039793357
▁Select,0.0008388906
▁CREATE,0.0006846825
<0x09>,0.00041204924
Select,0.00022578433
▁select,0.00019312359
▁WHERE,0.00012864803
▁UPDATE,0.00011264798
