Token,Probability
▁SELECT,0.80737656
<0x0A>,0.15170157
SELECT,0.037761506
▁Select,0.0007960568
▁CREATE,0.000783715
<0x09>,0.00037020078
▁select,0.00026251166
Select,0.00024089422
▁SQL,0.00010120726
▁WHERE,8.4561834e-05
