Token,Probability
▁SELECT,0.8179676
<0x0A>,0.14214145
SELECT,0.036504947
▁CREATE,0.0008720337
▁Select,0.0007939956
<0x09>,0.0002701434
Select,0.00024405423
▁WHERE,0.0002153771
▁select,0.00018566668
▁SQL,0.00014687443
