Token,Probability
▁SELECT,0.85073423
<0x0A>,0.10648189
SELECT,0.03978937
▁Select,0.0009212488
▁CREATE,0.0005948029
▁select,0.00025782798
Select,0.00025782798
<0x09>,0.0002240048
▁SQL,9.484961e-05
▁WHERE,8.305309e-05
