Token,Probability
▁SELECT,0.7327438
<0x0A>,0.22347422
SELECT,0.040066723
▁CREATE,0.0013082249
▁select,0.0003632809
▁Select,0.00035210396
▁UPDATE,0.0003180994
<0x09>,0.00028072172
Select,0.00015624518
▁SQL,0.00012953179
