Token,Probability
▁SELECT,0.7407258
<0x0A>,0.21556349
SELECT,0.03925703
▁CREATE,0.0015704788
▁Select,0.00048651165
▁UPDATE,0.00037889564
▁select,0.00037011853
<0x09>,0.00029050937
Select,0.0001721211
▁SQL,0.00014607729
