Token,Probability
▁SELECT,0.8291098
<0x0A>,0.13964488
SELECT,0.027497709
▁CREATE,0.0010829921
▁Select,0.00067244505
<0x09>,0.00035435366
▁select,0.000261284
▁WHERE,0.00024164819
Select,0.00020033338
▁UPDATE,0.00017135422
