Token,Probability
▁SELECT,0.76725775
<0x0A>,0.1822397
SELECT,0.046803024
▁CREATE,0.0011007016
▁Select,0.0006728454
<0x09>,0.00027398628
▁select,0.0002718541
Select,0.00021338074
▁WHERE,0.0001513096
▁SQL,0.0001399385
