Token,Probability
▁SELECT,0.7427156
<0x0A>,0.22300366
SELECT,0.031628646
▁CREATE,0.0006362353
▁Select,0.00044416383
<0x09>,0.00029819747
▁select,0.00020655536
Select,0.00018228448
▁WHERE,0.00013336216
▁SQL,0.00011861476
