Token,Probability
▁SELECT,0.69291353
<0x0A>,0.27562195
SELECT,0.02772003
▁CREATE,0.0011264039
▁Select,0.0006885569
<0x09>,0.00036002032
Select,0.0002218021
▁select,0.00021666405
▁WHERE,0.000209998
▁SQL,0.00016354662
