Token,Probability
▁SELECT,0.7460821
<0x0A>,0.17721005
SELECT,0.07272685
▁Select,0.0010054758
▁CREATE,0.0009594316
Select,0.0003698938
▁select,0.00033417123
<0x09>,0.00029490507
▁WHERE,0.00014372525
▁SQL,0.00012293473
