Token,Probability
▁SELECT,0.8291454
<0x0A>,0.13535427
SELECT,0.032655735
▁Select,0.00079236797
▁CREATE,0.00057072117
<0x09>,0.00031765416
Select,0.00022525054
▁select,0.00018820386
▁WHERE,0.0001488815
▁UPDATE,0.00011415142
