Token,Probability
▁SELECT,0.8400975
<0x0A>,0.12293342
SELECT,0.03413738
▁CREATE,0.0009533892
▁Select,0.00048694358
<0x09>,0.00025460435
▁select,0.00023547054
Select,0.00016567421
▁UPDATE,0.0001520312
▁WHERE,0.00012216049
