Token,Probability
▁SELECT,0.8754165
<0x0A>,0.08016402
SELECT,0.04224347
▁Select,0.0006617945
<0x09>,0.00028911658
▁CREATE,0.00024729455
▁select,0.00024156597
Select,0.0001712959
▁WHERE,7.7814686e-05
▁SQL,6.975263e-05
