Token,Probability
▁SELECT,0.7058824
<0x0A>,0.2401644
SELECT,0.05034119
▁CREATE,0.0010779635
▁Select,0.00062387745
<0x09>,0.00030405357
▁select,0.00029012994
Select,0.00023865438
▁UPDATE,0.00018014578
▁WHERE,0.00012381226
