Token,Probability
▁SELECT,0.87830937
<0x0A>,0.0883339
SELECT,0.031008113
▁CREATE,0.0006237528
▁Select,0.00049342914
<0x09>,0.00032869464
▁select,0.00019781193
Select,0.0001528572
▁SQL,9.869203e-05
▁WHERE,9.5655596e-05
