Token,Probability
▁SELECT,0.71427566
<0x0A>,0.23554312
SELECT,0.04638119
▁CREATE,0.0011611303
▁Select,0.0005192896
▁UPDATE,0.00031992505
<0x09>,0.00030289893
▁WHERE,0.00030289893
▁select,0.00022509538
Select,0.00020495166
