Token,Probability
▁SELECT,0.8164258
<0x0A>,0.14637709
SELECT,0.03317548
▁CREATE,0.0014576289
▁Select,0.00053623173
<0x09>,0.00040161898
▁WHERE,0.00023981767
▁select,0.00022006905
▁UPDATE,0.00019726862
Select,0.00015483792
