Token,Probability
▁SELECT,0.77990913
<0x0A>,0.19413474
SELECT,0.023186088
▁CREATE,0.0007689744
▁Select,0.0007001592
<0x09>,0.00027418626
▁select,0.0001944272
Select,0.0001637241
▁WHERE,0.000100867495
▁UPDATE,9.549943e-05
