Token,Probability
▁SELECT,0.78581727
<0x0A>,0.16471624
SELECT,0.045740046
▁CREATE,0.001075703
▁Select,0.0006784373
Select,0.00029408082
<0x09>,0.0002381539
▁select,0.00022547957
▁SQL,0.0002021186
▁WHERE,0.00018403106
