Token,Probability
▁SELECT,0.7913152
<0x0A>,0.1632971
SELECT,0.041287977
▁Select,0.00089103985
▁CREATE,0.00089103985
<0x09>,0.0003714407
▁WHERE,0.0002552872
▁select,0.00025132933
Select,0.00024550728
▁SQL,0.00018971332
