Token,Probability
▁SELECT,0.7217381
<0x0A>,0.22710495
SELECT,0.04686576
▁CREATE,0.0017612738
▁Select,0.0006134539
▁WHERE,0.0003232675
Select,0.00023466702
▁select,0.00022392084
<0x09>,0.00021703151
▁UPDATE,0.00013061188
