Token,Probability
<0x0A>,0.50443405
▁SELECT,0.45929244
SELECT,0.03224739
▁CREATE,0.0011746112
▁Select,0.00074662827
<0x09>,0.00042210537
Select,0.000234937
▁select,0.0001887772
▁WHERE,0.00016529883
▁SQL,0.00016021312
