Token,Probability
▁SELECT,0.6224879
<0x0A>,0.33319378
SELECT,0.04105753
▁CREATE,0.001183054
▁Select,0.000516838
<0x09>,0.00030861807
Select,0.00016519135
▁select,0.00015886297
▁SQL,0.00012966017
▁WHERE,0.000111774054
