Token,Probability
▁SELECT,0.6745834
<0x0A>,0.2901347
SELECT,0.032047532
▁CREATE,0.0009984714
<0x09>,0.0005099693
▁Select,0.00044306903
▁select,0.00018760722
▁SQL,0.0001472546
Select,0.00014272405
▁WHERE,0.00014161336
