Token,Probability
▁SELECT,0.8635342
SELECT,0.07088321
<0x0A>,0.0324527
▁Would,0.010618482
<0x09>,0.0035290672
▁Show,0.0027699964
▁CREATE,0.0022084336
select,0.001494301
▁RET,0.0012485352
▁Select,0.0011728903
