Token,Probability
▁SELECT,0.89071274
SELECT,0.08156473
<0x0A>,0.007071583
▁Would,0.0065914406
▁Select,0.002924934
select,0.001903291
▁Show,0.001692822
▁select,0.0011544042
<0x09>,0.000964541
Select,0.00071120786
