Token,Probability
▁SELECT,0.8837564
SELECT,0.06502726
<0x0A>,0.013845101
▁Would,0.009817648
▁CREATE,0.0036400375
1,0.0029942133
▁Show,0.0024059177
2,0.001816082
▁Select,0.0018019492
▁What,0.0011725507
