Token,Probability
▁SELECT,0.8442369
SELECT,0.108174495
<0x0A>,0.015104545
▁Would,0.0075950418
<0x09>,0.0056441557
▁Show,0.0034772635
select,0.0026870212
▁Select,0.00202827
▁CREATE,0.00202827
▁select,0.0017899419
