Token,Probability
▁SELECT,0.84863913
SELECT,0.11395705
<0x0A>,0.015665276
▁Would,0.00333533
<0x09>,0.0030368522
▁Show,0.0028306576
select,0.0020548373
▁CREATE,0.0018563906
▁select,0.0014800437
▁Select,0.0012659485
