Token,Probability
▁SELECT,0.9442765
SELECT,0.037190154
<0x0A>,0.0035136982
1,0.0026730807
▁Select,0.0021647266
2,0.001753049
3,0.0012825581
▁Would,0.001063278
▁CREATE,0.0007422876
▁Show,0.0007365112
