Token,Probability
▁SELECT,0.7557871
SELECT,0.090973854
<0x0A>,0.07903946
▁Would,0.027529543
<0x09>,0.015442673
▁Show,0.004321909
▁CREATE,0.0034727515
▁RET,0.0027904343
select,0.0024433858
▁select,0.0016532775
