Token,Probability
▁SELECT,0.8855336
SELECT,0.039520334
1,0.020825753
2,0.01476767
3,0.0076613664
<0x0A>,0.0070856055
4,0.0044688354
9,0.0037047947
5,0.0032440266
6,0.0026270926
