Token,Probability
▁SELECT,0.9384387
SELECT,0.05548388
▁Select,0.0018401418
▁CREATE,0.0013568354
<0x0A>,0.0009546529
▁select,0.0004580475
select,0.00045094613
Select,0.0002957377
<0x09>,0.00018078081
▁Show,0.00013021154
