Token,Probability
▁SELECT,0.8161076
SELECT,0.079552814
<0x0A>,0.04750315
▁Would,0.02174853
<0x09>,0.008126832
▁Show,0.005673443
▁CREATE,0.0025772776
▁What,0.0021200106
▁Select,0.0018563434
select,0.0017575508
