Token,Probability
▁SELECT,0.88666236
SELECT,0.074507646
<0x0A>,0.013890627
▁Would,0.0076711327
▁Show,0.0032481619
▁Select,0.002432761
select,0.0018363444
<0x09>,0.0016332783
▁CREATE,0.0013434981
▁select,0.0011137992
