Token,Probability
▁SELECT,0.8080718
SELECT,0.09575936
<0x0A>,0.04488151
▁Would,0.020388346
<0x09>,0.0067760954
▁Show,0.0041746306
select,0.0021827563
▁Select,0.0017267023
▁RET,0.0016094636
▁select,0.0015845113
