Token,Probability
▁SELECT,0.8252493
<0x0A>,0.039512735
SELECT,0.03486987
▁Would,0.01809025
1,0.013870275
2,0.010388356
3,0.009683012
<0x09>,0.005431677
5,0.0038516358
▁Show,0.0038216626
