Token,Probability
▁SELECT,0.8679286
SELECT,0.06692747
<0x0A>,0.035268296
▁Would,0.010263659
<0x09>,0.0030577274
▁Show,0.0028059282
▁CREATE,0.0017018818
▁Select,0.0014786205
select,0.0012548888
▁What,0.0010403394
