Token,Probability
▁SELECT,0.8343587
SELECT,0.10607679
<0x0A>,0.023301981
▁Would,0.010179881
▁Show,0.0048463503
<0x09>,0.0036015015
▁CREATE,0.002343542
select,0.0022714385
▁Select,0.0015857196
▁select,0.001466551
