Token,Probability
▁SELECT,0.9464579
SELECT,0.04938277
▁Select,0.0012171068
▁CREATE,0.00094050716
<0x0A>,0.0005704464
▁select,0.00040767968
select,0.00031999146
Select,0.00024920958
<0x09>,9.025774e-05
▁Show,8.154107e-05
