Token,Probability
▁SELECT,0.85925436
SELECT,0.052825946
<0x0A>,0.01662242
1,0.013780472
2,0.012161223
3,0.009545454
▁Would,0.007851876
5,0.0043024733
4,0.0037969192
9,0.0025892737
