Token,Probability
▁SELECT,0.69917905
1,0.06061815
2,0.04947509
SELECT,0.035635572
▁Would,0.03194352
3,0.03194352
<0x0A>,0.016833052
4,0.014971626
5,0.013007574
9,0.009010084
