Token,Probability
▁SELECT,0.5421563
<0x0A>,0.17059703
SELECT,0.115431726
▁Would,0.054953746
<0x09>,0.05410176
▁Show,0.010245149
▁CREATE,0.0045819143
▁RET,0.0045462577
select,0.0028228355
▁What,0.0027574443
