Token,Probability
▁SELECT,0.8302598
SELECT,0.073689744
<0x0A>,0.038529575
▁Would,0.021953491
▁Show,0.007766842
<0x09>,0.0061922665
▁CREATE,0.0026841487
▁What,0.0024249263
▁RET,0.0017195304
▁Select,0.0016536562
