Token,Probability
▁SELECT,0.8457787
SELECT,0.09054823
<0x0A>,0.03009383
▁Would,0.008622027
<0x09>,0.004836519
▁CREATE,0.002000471
▁Show,0.0017110936
1,0.0016455426
select,0.0014866239
▁RET,0.0012518629
