Token,Probability
▁SELECT,0.7819108
SELECT,0.10499662
<0x0A>,0.06124399
▁Would,0.012540058
<0x09>,0.012345642
▁CREATE,0.0034551495
▁RET,0.0029323471
▁Show,0.0028200108
select,0.0025278411
▁select,0.0013743634
