Token,Probability
▁SELECT,0.8967582
SELECT,0.07714303
<0x0A>,0.007880657
▁Would,0.0052908226
select,0.0018001118
▁Select,0.0017722036
▁Show,0.0016648312
<0x09>,0.0015158461
▁select,0.0011622395
▁CREATE,0.0010665309
