Token,Probability
▁SELECT,0.83854306
SELECT,0.07984629
<0x0A>,0.036556296
▁Would,0.015845982
<0x09>,0.005694373
▁Show,0.0036195633
▁CREATE,0.0023923854
select,0.0019679226
▁Select,0.0015088585
▁select,0.0014064108
