Token,Probability
▁SELECT,0.8767606
SELECT,0.061558254
<0x0A>,0.026475877
▁Would,0.013735504
▁Show,0.003904663
<0x09>,0.0030888426
▁Select,0.002106408
▁CREATE,0.0018017059
▁What,0.0013284947
select,0.001200195
