Token,Probability
▁SELECT,0.8384914
SELECT,0.07618517
<0x0A>,0.034880113
▁Would,0.022520293
<0x09>,0.005349038
▁Show,0.0035632276
▁RET,0.002030266
select,0.0019222171
▁Select,0.0018341924
▁CREATE,0.0016570546
