Token,Probability
▁SELECT,0.8577157
SELECT,0.08231248
<0x0A>,0.022154104
▁Would,0.013755796
▁Show,0.00331874
<0x09>,0.0032672877
▁CREATE,0.0022631842
select,0.001790326
▁Select,0.0017763937
▁select,0.0012304719
