Token,Probability
▁SELECT,0.83673126
SELECT,0.060140915
<0x0A>,0.030716972
▁Would,0.0112122055
1,0.008800561
2,0.0066951136
▁Show,0.0062405323
<0x09>,0.0055939765
3,0.004860131
▁CREATE,0.00364007
