Token,Probability
▁SELECT,0.81168216
SELECT,0.09770193
<0x0A>,0.04104766
▁Would,0.015338391
<0x09>,0.008739552
▁Show,0.0054265107
▁CREATE,0.0024268858
select,0.0022097046
▁RET,0.0016679725
▁select,0.0014378822
