Token,Probability
▁SELECT,0.85105705
SELECT,0.0890027
<0x0A>,0.021305798
▁Would,0.012139676
<0x09>,0.0055146967
▁Show,0.0040346384
▁CREATE,0.0027513842
select,0.0016687991
▁Select,0.0016429266
▁What,0.001383483
