Token,Probability
▁SELECT,0.82240087
SELECT,0.107036024
<0x0A>,0.027489122
▁Would,0.01110661
<0x09>,0.008253732
▁Show,0.00428198
▁CREATE,0.002309955
select,0.0022388848
▁RET,0.0014682965
▁select,0.0014455328
