Token,Probability
▁SELECT,0.37035504
<0x0A>,0.3425224
<0x09>,0.097370625
SELECT,0.07407566
▁Would,0.055048358
▁Show,0.006574589
▁RET,0.0049241395
▁CREATE,0.0032041988
▁What,0.002325999
1,0.0019133145
