Token,Probability
▁SELECT,0.84003705
SELECT,0.071143284
▁Would,0.030123964
<0x0A>,0.02221202
▁Show,0.005616077
1,0.0042062476
2,0.003406323
<0x09>,0.0029364342
3,0.0022691004
▁Select,0.0021821724
