Token,Probability
▁SELECT,0.90166664
SELECT,0.08789297
<0x0A>,0.0024739287
▁Select,0.001754278
select,0.0013769486
▁select,0.0009995574
▁Would,0.00070879236
Select,0.00062550715
▁CREATE,0.00054344995
▁Show,0.00047586072
