Token,Probability
▁SELECT,0.86179215
SELECT,0.065423995
<0x0A>,0.03315527
▁Would,0.01268302
▁Show,0.0062785503
<0x09>,0.0034673447
▁Select,0.0020704463
▁CREATE,0.0019450042
▁What,0.0016378576
select,0.0013900318
