Token,Probability
▁SELECT,0.9285355
SELECT,0.04769653
▁Would,0.00596992
<0x0A>,0.005608221
▁Select,0.002669914
▁Show,0.0025476494
▁CREATE,0.0011847669
▁select,0.0007709426
<0x09>,0.0007074567
select,0.0007074567
