Token,Probability
▁SELECT,0.78786796
SELECT,0.07214698
<0x0A>,0.05888465
▁Would,0.020509599
<0x09>,0.009688049
1,0.0074280845
▁Show,0.006504248
2,0.0043667452
3,0.003945026
▁CREATE,0.0027113738
