Token,Probability
▁SELECT,0.8768155
SELECT,0.08614088
▁Would,0.010951585
<0x0A>,0.009222159
▁Show,0.0029939967
<0x09>,0.0015900995
▁CREATE,0.0015777253
▁Select,0.0014142637
select,0.001338998
▁RET,0.0012776807
