Token,Probability
▁SELECT,0.8530639
SELECT,0.11016282
<0x0A>,0.01587046
▁Would,0.0033266286
▁Show,0.0028013021
<0x09>,0.0022685637
▁CREATE,0.0022509098
select,0.0020335272
▁select,0.0011142811
▁RET,0.0010145644
