Token,Probability
▁SELECT,0.8592937
SELECT,0.09641007
<0x0A>,0.021680718
▁Would,0.0047255587
<0x09>,0.0035117369
select,0.0022497033
▁RET,0.0015341642
▁Show,0.0014639099
▁CREATE,0.001364514
▁select,0.0013538952
