Token,Probability
▁SELECT,0.91220075
SELECT,0.07257424
<0x0A>,0.005016513
▁Would,0.0011639246
▁Select,0.0011548668
select,0.0010764543
▁select,0.0008854671
▁CREATE,0.0008582243
▁Show,0.0006377781
1,0.0006377781
