Token,Probability
▁SELECT,0.56111187
<0x0A>,0.19090872
SELECT,0.085379645
▁Would,0.07773906
<0x09>,0.03240646
▁Show,0.010438964
▁RET,0.003962184
▁What,0.003722127
select,0.0023659281
▁CREATE,0.0015156703
