Token,Probability
▁SELECT,0.8548672
SELECT,0.10209934
<0x0A>,0.01615446
▁Would,0.0073960507
<0x09>,0.0032310954
▁Show,0.002763702
select,0.0019597583
▁Select,0.0016894173
▁CREATE,0.001456369
▁select,0.0013896768
