Token,Probability
▁SELECT,0.8987422
SELECT,0.0797679
<0x0A>,0.004981264
▁Would,0.0029283343
▁Select,0.0020126128
select,0.0019055034
▁select,0.0012302855
▁Show,0.0011028207
1,0.0010523188
2,0.00092144124
