Token,Probability
▁SELECT,0.72390336
SELECT,0.10593046
<0x0A>,0.08990201
▁Would,0.031069305
<0x09>,0.0134675475
▁Show,0.008832233
▁RET,0.0025703264
▁CREATE,0.0025304772
select,0.0020978393
▁select,0.0015468496
