Token,Probability
▁SELECT,0.7195841
<0x0A>,0.10047646
SELECT,0.08729546
▁Would,0.029700786
<0x09>,0.017597131
▁Show,0.010184439
▁CREATE,0.0043802727
▁RET,0.0028061077
▁What,0.002021164
select,0.0019437341
