Token,Probability
▁SELECT,0.8345993
SELECT,0.06237732
1,0.026412217
2,0.01993699
3,0.010924568
▁Would,0.006730431
4,0.0064725927
▁Select,0.005080397
5,0.0045897556
9,0.00411423
