Token,Probability
▁SELECT,0.8623843
SELECT,0.09675683
<0x0A>,0.016296512
▁Would,0.006185457
<0x09>,0.0026603322
▁Show,0.002499151
select,0.0019616059
▁CREATE,0.001613573
▁Select,0.0015158117
▁select,0.001266508
