Token,Probability
▁SELECT,0.80544627
SELECT,0.10986025
<0x0A>,0.026094096
▁Would,0.024705391
<0x09>,0.0077134003
▁Show,0.004429433
▁CREATE,0.002904893
select,0.0023524538
▁Select,0.002192728
▁select,0.0016168165
