Token,Probability
▁SELECT,0.77787375
SELECT,0.1269844
<0x0A>,0.047081344
▁Would,0.016919034
<0x09>,0.008641398
select,0.0029400873
▁Show,0.002805451
▁CREATE,0.0019281565
▁select,0.0015372601
▁Select,0.0014106693
