Token,Probability
▁SELECT,0.9149674
SELECT,0.07748919
<0x0A>,0.0014082193
▁Select,0.0012045137
select,0.0009603221
▁select,0.00066519564
▁Would,0.0005060542
Select,0.0004500939
▁Show,0.0003616606
▁CREATE,0.0003216676
