Token,Probability
▁SELECT,0.90785784
SELECT,0.05581403
<0x0A>,0.009400616
▁Would,0.0091113895
▁Select,0.0026104571
▁Show,0.0018510912
▁CREATE,0.0013024053
<0x09>,0.0012623345
1,0.0012139751
select,0.0011951543
