Token,Probability
▁SELECT,0.89042
SELECT,0.06251729
<0x0A>,0.018051988
▁Would,0.008797836
▁Show,0.0039965976
<0x09>,0.0028786408
▁Select,0.0018014074
▁CREATE,0.0017459842
select,0.0013386924
▁select,0.0012674484
