Token,Probability
▁SELECT,0.91361207
SELECT,0.06515578
<0x0A>,0.0059664734
▁Would,0.003852245
▁Select,0.001496821
select,0.0010368177
1,0.0009893384
▁select,0.00084622594
<0x09>,0.00080119056
▁Show,0.0007887693
