Token,Probability
▁SELECT,0.62237173
▁Would,0.21010345
<0x0A>,0.048368555
SELECT,0.029567108
▁Show,0.017517932
▁What,0.012816394
<0x09>,0.010625163
1,0.0045698257
▁RET,0.004498977
▁CREATE,0.0031654255
