Token,Probability
▁SELECT,0.74075484
<0x0A>,0.088470556
SELECT,0.06998597
▁Would,0.036880013
<0x09>,0.021013599
▁Show,0.007791102
▁CREATE,0.0035392675
▁What,0.00345728
▁RET,0.002980362
select,0.0016718316
