Token,Probability
▁SELECT,0.8241829
SELECT,0.05146773
<0x0A>,0.03621207
▁Would,0.015095437
1,0.011217977
2,0.0071865055
▁Show,0.0063918103
<0x09>,0.0058654547
▁CREATE,0.005553301
3,0.005510085
