Token,Probability
▁SELECT,0.8093515
SELECT,0.12124289
<0x0A>,0.019792356
▁Would,0.014823791
<0x09>,0.007002263
▁Show,0.0069477707
select,0.0030830544
▁CREATE,0.0030352562
▁Select,0.0026370764
▁select,0.0018266494
