Token,Probability
▁SELECT,0.80292946
SELECT,0.07410288
<0x0A>,0.044595897
▁Would,0.029707275
<0x09>,0.0063250437
1,0.0060353987
3,0.004313305
2,0.003989155
▁Show,0.0038664213
5,0.0022377132
