Token,Probability
▁SELECT,0.86301494
SELECT,0.06300692
<0x0A>,0.032433182
▁Would,0.01544051
▁Show,0.0056360415
<0x09>,0.00321132
▁What,0.002313027
▁Select,0.0022594458
▁CREATE,0.0017323771
select,0.001172185
