Token,Probability
▁SELECT,0.8977278
SELECT,0.08481665
<0x0A>,0.004495118
▁Select,0.002561241
▁Would,0.0022602873
select,0.0017603135
▁select,0.0014255453
<0x09>,0.0010844977
Select,0.0007453636
▁CREATE,0.00062277465
