Token,Probability
▁SELECT,0.63819087
<0x0A>,0.12566723
▁Would,0.085030705
SELECT,0.06994435
<0x09>,0.025530849
▁Show,0.014776121
▁RET,0.0045774286
▁CREATE,0.003915282
▁What,0.00284219
select,0.0015573916
