Token,Probability
▁SELECT,0.64282054
SELECT,0.1207824
<0x0A>,0.07798298
▁Would,0.07441188
<0x09>,0.032004148
▁Show,0.011411431
▁What,0.0032694296
select,0.00314418
▁RET,0.002487251
▁CREATE,0.002391966
