Token,Probability
▁SELECT,0.85354024
▁Would,0.056738626
SELECT,0.04316447
<0x0A>,0.014685971
▁What,0.005035839
▁Show,0.004767837
▁Select,0.0033284863
▁RET,0.0023602503
1,0.0021828746
<0x09>,0.0016477203
