Token,Probability
▁SELECT,0.8342417
SELECT,0.092870936
<0x0A>,0.03580493
▁Would,0.0127666425
<0x09>,0.0058449944
select,0.0026345453
▁Show,0.0019731834
▁Select,0.0018681725
▁CREATE,0.0018248963
▁select,0.0014549342
