Token,Probability
▁SELECT,0.90269893
SELECT,0.07409804
▁Would,0.0059414404
<0x0A>,0.005325873
▁Select,0.0023085948
▁Show,0.0015620736
select,0.0014560126
▁select,0.0012260855
<0x09>,0.00091829564
▁CREATE,0.00082315487
