Token,Probability
▁SELECT,0.846018
SELECT,0.12188046
<0x0A>,0.013048402
<0x09>,0.0032991525
▁Would,0.0027781648
select,0.0020807495
▁Show,0.0017385313
▁select,0.0016589182
▁Select,0.0012620385
Select,0.0007419141
