Token,Probability
▁SELECT,0.90510714
SELECT,0.07089347
<0x0A>,0.008079284
▁Would,0.003816384
▁Select,0.0015180527
select,0.00117306
▁select,0.0011281209
▁Show,0.001101988
<0x09>,0.0010934123
▁CREATE,0.0008318242
