Token,Probability
▁SELECT,0.6341342
▁Would,0.121975854
<0x0A>,0.087855905
SELECT,0.06788978
<0x09>,0.027645089
▁Show,0.009553887
▁What,0.0062168334
▁CREATE,0.0042065196
▁RET,0.0038601195
▁Select,0.0017951222
