Token,Probability
▁SELECT,0.8985092
SELECT,0.07092865
<0x0A>,0.009826786
▁Would,0.0056873076
▁CREATE,0.00224465
▁Show,0.0018608802
<0x09>,0.0018463985
▁Select,0.0014492548
select,0.0012299666
▁select,0.0009806148
