Token,Probability
▁SELECT,0.83877784
SELECT,0.07444576
<0x0A>,0.023609128
▁Would,0.009689167
1,0.009613765
2,0.007970091
3,0.006255796
<0x09>,0.0045412206
5,0.0024118244
4,0.0023744323
