Token,Probability
▁SELECT,0.70491844
SELECT,0.110666335
<0x0A>,0.10155314
<0x09>,0.024886666
▁Would,0.022659568
▁Show,0.0039376426
▁RET,0.003876595
select,0.0032644204
▁CREATE,0.002091266
▁select,0.0016543276
