Token,Probability
▁SELECT,0.65000194
SELECT,0.16434623
<0x0A>,0.09076061
<0x09>,0.028116327
▁Would,0.025600204
▁Show,0.0042118956
select,0.0041143275
▁RET,0.003081489
▁CREATE,0.0028947908
▁select,0.0026564095
