Token,Probability
▁SELECT,0.8633829
SELECT,0.08548648
<0x0A>,0.02030482
▁Would,0.010209903
▁Show,0.003018042
<0x09>,0.0027912322
▁Select,0.0016929682
select,0.0015657394
▁CREATE,0.0015414649
▁RET,0.0011455194
