Token,Probability
▁SELECT,0.9287452
SELECT,0.046967667
<0x0A>,0.00797269
▁Would,0.003678792
▁Select,0.0014633223
▁Show,0.0014294246
▁CREATE,0.0012516461
<0x09>,0.000967197
1,0.00086698984
▁select,0.0008208495
