Token,Probability
▁SELECT,0.6047471
<0x0A>,0.149362
▁Would,0.05669142
SELECT,0.04245991
<0x09>,0.030582726
1,0.018261781
▁Show,0.0120703
2,0.010486858
▁CREATE,0.007612643
3,0.0073210075
