Token,Probability
▁SELECT,0.8736371
SELECT,0.0757435
<0x0A>,0.022920689
▁Would,0.0073258933
<0x09>,0.0032508452
▁CREATE,0.0031263072
▁Show,0.0022872554
▁Select,0.0012533125
select,0.0012052988
▁RET,0.00095346983
