Token,Probability
▁SELECT,0.8594124
SELECT,0.10590038
<0x0A>,0.014787006
▁Would,0.004652938
<0x09>,0.0021978922
▁Show,0.0020486608
select,0.0016720683
▁CREATE,0.0015224355
▁Select,0.0013647024
▁select,0.0010880355
