Token,Probability
▁SELECT,0.88399726
SELECT,0.09918174
<0x0A>,0.0037860717
select,0.002074596
▁Would,0.0018024403
▁Select,0.0016283691
▁select,0.0012006841
1,0.000751369
Select,0.00066828134
▁CREATE,0.0006376785
