Token,Probability
▁SELECT,0.84951895
SELECT,0.077187136
<0x0A>,0.04067476
▁Would,0.009146948
<0x09>,0.0040907683
▁Show,0.0026002503
▁CREATE,0.0021725902
select,0.0014027299
▁RET,0.0011998184
▁Select,0.001181217
