Token,Probability
▁SELECT,0.88887125
SELECT,0.07071816
<0x0A>,0.0103483545
▁Would,0.010267822
▁Select,0.0023090297
▁Show,0.002291061
<0x09>,0.001676176
select,0.0015994182
1,0.0012751673
▁select,0.0012263164
