Token,Probability
▁SELECT,0.9144715
SELECT,0.06942321
<0x0A>,0.0035660954
▁Would,0.0027342204
▁Select,0.0022142392
▁Show,0.0014408327
select,0.0011759736
▁select,0.0009980357
▁CREATE,0.0009302716
<0x09>,0.00058671494
