Token,Probability
▁SELECT,0.8821799
SELECT,0.09298107
<0x0A>,0.007397529
▁Would,0.004053511
▁Show,0.0018998425
▁Select,0.0017570672
<0x09>,0.0017030078
select,0.0013057414
▁select,0.0011888911
▁CREATE,0.0010657151
