Token,Probability
▁SELECT,0.81079996
SELECT,0.08347806
<0x0A>,0.046100967
▁Would,0.02045718
<0x09>,0.008330275
▁Show,0.0046728607
▁CREATE,0.0024624246
▁RET,0.001917738
1,0.001902814
▁What,0.0018587355
