Token,Probability
▁SELECT,0.86392534
SELECT,0.10000662
<0x0A>,0.011220432
▁Would,0.008081773
▁Show,0.00258309
▁Select,0.0024456205
<0x09>,0.0020433923
select,0.0018316852
▁select,0.0012887515
▁CREATE,0.0008518127
