Token,Probability
▁SELECT,0.7596721
<0x0A>,0.08196763
SELECT,0.07066051
▁Would,0.028773347
<0x09>,0.009943801
▁Show,0.009488443
1,0.004733959
▁What,0.0042104702
2,0.0030564738
▁CREATE,0.002761294
