Token,Probability
▁SELECT,0.79274505
SELECT,0.0917669
<0x0A>,0.062092595
▁Would,0.01697517
▁Show,0.006647573
<0x09>,0.0063929074
▁CREATE,0.0032651778
▁What,0.0015789369
▁RET,0.001530358
select,0.0014489138
