Token,Probability
▁SELECT,0.707811
<0x0A>,0.090693854
▁Would,0.076371886
SELECT,0.066353045
<0x09>,0.017858678
▁Show,0.011088706
▁What,0.003489216
▁RET,0.002398101
▁Select,0.002342549
select,0.0022178807
