Token,Probability
▁SELECT,0.73726636
SELECT,0.10214432
<0x0A>,0.07955008
▁Would,0.028364455
<0x09>,0.018457104
▁Show,0.0041506365
▁RET,0.0028304884
select,0.002658998
▁select,0.0020547144
▁CREATE,0.0017438133
