Token,Probability
▁SELECT,0.87047315
SELECT,0.0903248
<0x0A>,0.0158192
▁Would,0.005424425
<0x09>,0.002407074
▁CREATE,0.0020750274
▁Show,0.0020428572
▁Select,0.0019341384
select,0.0015181226
▁select,0.0011731143
