Token,Probability
▁SELECT,0.83347225
SELECT,0.07572913
<0x0A>,0.03132293
▁Would,0.02382923
▁Show,0.008044394
<0x09>,0.0054857996
▁CREATE,0.002936337
▁What,0.0022690252
▁Select,0.0022338473
select,0.0015473409
