Token,Probability
▁SELECT,0.8725845
SELECT,0.095633395
<0x0A>,0.012446749
▁Would,0.004009422
▁Show,0.0026917986
<0x09>,0.0019237415
▁CREATE,0.0016073462
select,0.0015337405
▁select,0.0011397792
▁Select,0.0010791214
