Token,Probability
▁SELECT,0.90279627
SELECT,0.07295713
<0x0A>,0.0075704083
▁Would,0.0050825314
▁Show,0.0020059585
▁Select,0.0016500565
select,0.0013572993
▁CREATE,0.0010165703
▁select,0.0010008097
<0x09>,0.0009041563
