Token,Probability
▁SELECT,0.86310035
SELECT,0.084133595
<0x0A>,0.024484273
▁Would,0.007125329
▁Show,0.003843827
<0x09>,0.0033395747
select,0.0020255544
▁CREATE,0.0019479569
▁Select,0.0017325486
▁select,0.0015652272
