Token,Probability
▁SELECT,0.93652916
SELECT,0.045192476
<0x0A>,0.0077315215
▁Select,0.0018653165
▁CREATE,0.0016720588
1,0.0012043389
2,0.0008212877
<0x09>,0.0007715284
▁Show,0.0007715284
▁select,0.00053442206
