Token,Probability
▁SELECT,0.9229784
SELECT,0.052890874
<0x0A>,0.0066200686
▁Would,0.0035712593
▁Show,0.0022878346
▁Select,0.002252365
1,0.0010556623
▁select,0.0008889567
▁CREATE,0.00079685566
<0x09>,0.0007663286
