Token,Probability
▁SELECT,0.8916868
SELECT,0.08293979
<0x0A>,0.0075358944
▁Would,0.0053021633
▁Select,0.0022450776
▁Show,0.0016044844
select,0.0013940003
▁select,0.0009655958
<0x09>,0.00091420766
▁CREATE,0.0008521353
