Token,Probability
▁SELECT,0.757485
<0x0A>,0.07921702
SELECT,0.05795641
▁Would,0.047302645
▁Show,0.011061175
<0x09>,0.010889687
▁What,0.0059670564
▁CREATE,0.0026068136
▁RET,0.002300505
1,0.001967726
