Token,Probability
▁SELECT,0.86775404
SELECT,0.06691401
<0x0A>,0.024424722
▁Would,0.014135945
▁Show,0.0045892694
<0x09>,0.004081781
▁Select,0.0021678174
▁CREATE,0.0016363545
select,0.0015736666
▁What,0.0013672252
