Token,Probability
▁SELECT,0.896758
SELECT,0.044646952
<0x0A>,0.016814196
▁Would,0.016814196
<0x09>,0.0028991308
▁Show,0.0027022872
▁Select,0.002518809
1,0.0024604606
2,0.001758412
▁What,0.0017447277
