Token,Probability
▁SELECT,0.80192906
SELECT,0.075176045
<0x0A>,0.048159584
▁Would,0.03900082
<0x09>,0.0072710095
▁Show,0.004307931
▁CREATE,0.0031272222
▁What,0.0028252099
▁Select,0.0017679711
▁RET,0.0016223815
