Token,Probability
▁SELECT,0.7231487
SELECT,0.11003542
<0x0A>,0.05935966
▁Would,0.03031795
<0x09>,0.013453508
1,0.011507396
2,0.008823025
3,0.005652243
▁RET,0.0039768494
▁Show,0.0031214645
