Token,Probability
▁SELECT,0.7938112
SELECT,0.098583914
<0x0A>,0.041418213
▁Would,0.02434851
<0x09>,0.009535014
▁Show,0.006401505
▁CREATE,0.0020620911
▁select,0.0019523487
select,0.0017500741
1,0.0016830299
