Token,Probability
▁SELECT,0.92918056
SELECT,0.04924477
▁Would,0.004580477
▁Show,0.0040107993
<0x0A>,0.0037973488
▁Select,0.002163664
▁CREATE,0.0015829706
▁What,0.00089493033
1,0.00046428377
select,0.00044999924
