Token,Probability
▁SELECT,0.8938179
SELECT,0.087127894
<0x0A>,0.00698622
▁Would,0.0017942096
▁Select,0.0016464592
select,0.0015346687
▁select,0.0012923207
▁Show,0.0011859001
▁CREATE,0.0010547615
<0x09>,0.00094548205
