Token,Probability
▁SELECT,0.5288051
<0x0A>,0.22391015
▁Would,0.077988185
SELECT,0.07156598
<0x09>,0.044090524
▁Show,0.008547338
▁RET,0.005307162
select,0.00237351
▁CREATE,0.002336712
▁What,0.0020301708
