Token,Probability
▁SELECT,0.8724221
SELECT,0.058907058
<0x0A>,0.026759736
▁Would,0.015247238
▁Show,0.004234005
<0x09>,0.0037074187
▁CREATE,0.0021124235
▁Select,0.0016973799
1,0.001533455
▁RET,0.0012418297
