Token,Probability
▁SELECT,0.89432144
SELECT,0.08717697
<0x0A>,0.0041093
▁Would,0.0025917033
▁Select,0.001823491
▁Show,0.0015117271
select,0.0014425
▁select,0.0010309083
▁CREATE,0.00096844876
<0x09>,0.00073675695
