Token,Probability
▁SELECT,0.911148
SELECT,0.046077754
<0x0A>,0.014842844
▁Would,0.009002639
▁Show,0.0042858995
<0x09>,0.0024230278
▁Select,0.00225851
▁CREATE,0.0017048129
▁What,0.0012969532
▁select,0.0010179903
