Token,Probability
▁SELECT,0.77049536
SELECT,0.11542214
<0x0A>,0.053258568
▁Would,0.022727966
<0x09>,0.009182929
▁Show,0.005314671
select,0.002757215
▁RET,0.0025301627
▁CREATE,0.0021982435
▁Select,0.001487406
