Token,Probability
▁SELECT,0.9451414
SELECT,0.047796838
<0x0A>,0.0017006695
▁Select,0.0011417755
▁CREATE,0.0007314489
▁Would,0.0005227429
▁select,0.0004436462
▁Show,0.0004299966
select,0.00042665037
Select,0.00029095024
