Token,Probability
▁SELECT,0.8375529
SELECT,0.102403596
<0x0A>,0.029801147
▁Would,0.007023309
▁Show,0.00409666
<0x09>,0.0040647793
▁CREATE,0.0019051236
select,0.0016168575
▁Select,0.0012396876
▁RET,0.0011555159
