Token,Probability
▁SELECT,0.87522525
SELECT,0.07588119
<0x0A>,0.016668884
▁Would,0.011278733
▁Show,0.0041169245
<0x09>,0.0025363634
▁Select,0.0021694666
select,0.0016633876
▁CREATE,0.0016504432
▁select,0.0014451763
