Token,Probability
▁SELECT,0.90629584
SELECT,0.06773586
<0x0A>,0.012049862
▁Would,0.002795793
▁CREATE,0.0017632844
▁Select,0.0016564525
▁Show,0.0013519572
select,0.0012118865
<0x09>,0.0010285147
▁select,0.0008526688
