Token,Probability
▁SELECT,0.841486
SELECT,0.088691965
<0x0A>,0.030891523
▁Would,0.016664727
<0x09>,0.003465933
▁Show,0.0033072163
▁Select,0.0021689255
select,0.0017427807
▁CREATE,0.0017427807
▁select,0.001265123
