Token,Probability
▁SELECT,0.88736683
SELECT,0.07693385
<0x0A>,0.01625269
▁Would,0.0036264656
<0x09>,0.0025119793
▁Show,0.0020988372
select,0.0017264563
▁Select,0.001634576
▁CREATE,0.001253273
▁select,0.0010309141
