Token,Probability
▁SELECT,0.8974746
SELECT,0.09026139
<0x0A>,0.0033135572
▁Select,0.0020414235
select,0.0014140527
▁Would,0.0014140527
▁select,0.00092014164
Select,0.0005121359
▁Show,0.00038357213
▁CREATE,0.0003465285
