Token,Probability
▁SELECT,0.89507806
SELECT,0.07010793
<0x0A>,0.00971308
▁Would,0.0053640725
▁Show,0.0025737102
▁Select,0.0025140902
1,0.0020201283
select,0.001366887
2,0.0013042927
▁CREATE,0.0012740789
