Token,Probability
▁SELECT,0.85066617
SELECT,0.100806944
<0x0A>,0.013749738
▁Would,0.01046025
<0x09>,0.0058220057
▁Show,0.0035037445
▁CREATE,0.0024651922
select,0.0017617936
▁Select,0.0013936933
▁select,0.001299065
