Token,Probability
▁SELECT,0.90514046
SELECT,0.060640626
<0x0A>,0.017785838
▁Would,0.0021916456
<0x09>,0.0014945724
▁Select,0.0014599506
▁CREATE,0.0013822535
▁Show,0.001239044
1,0.0010112782
select,0.0009649685
