Token,Probability
▁SELECT,0.8815219
SELECT,0.08459709
<0x0A>,0.01277225
▁Would,0.005667651
▁CREATE,0.0021680698
<0x09>,0.001840017
▁Show,0.0018114902
select,0.0015254278
▁Select,0.0013253145
▁select,0.0011604842
