Token,Probability
▁SELECT,0.6879968
1,0.078406684
2,0.06706479
SELECT,0.04067685
3,0.034253344
4,0.022463892
5,0.014390908
9,0.012213405
6,0.010862827
7,0.007885568
