Token,Probability
▁SELECT,0.84824157
SELECT,0.11126508
<0x0A>,0.014481226
▁Would,0.0067872135
▁Show,0.004084617
<0x09>,0.002309233
select,0.0022034855
▁Select,0.001870074
▁select,0.0014116059
▁CREATE,0.0012360434
