Token,Probability
▁SELECT,0.78724325
SELECT,0.08494252
<0x0A>,0.049546532
▁Would,0.04107552
▁Show,0.0070823072
<0x09>,0.0068644076
▁CREATE,0.0021599818
select,0.0019061773
▁Select,0.0017492066
▁What,0.001735594
