Token,Probability
▁SELECT,0.94058025
SELECT,0.04132621
▁Select,0.004424344
▁Would,0.0031129145
<0x0A>,0.002089912
▁Show,0.0013493486
1,0.0012577311
2,0.0010106154
select,0.00059876975
3,0.00058489933
