Token,Probability
▁SELECT,0.53892505
▁Would,0.11838613
<0x0A>,0.10695296
SELECT,0.040594764
1,0.033918194
2,0.023130197
▁Show,0.021060284
<0x09>,0.018731406
3,0.017188905
5,0.009057916
