Token,Probability
▁SELECT,0.9269126
SELECT,0.064070515
<0x0A>,0.002749851
▁Select,0.0020435157
▁CREATE,0.0012491762
select,0.000594697
▁select,0.00054572464
Select,0.0003362112
<0x09>,0.0002875767
▁Show,0.00019919853
