Token,Probability
▁SELECT,0.8490153
SELECT,0.10963999
<0x0A>,0.017078616
▁Would,0.007697935
<0x09>,0.0028765083
select,0.0019769934
▁Show,0.0016647954
▁Select,0.0015396839
▁CREATE,0.0015040172
▁select,0.0013067129
