Token,Probability
▁SELECT,0.84846663
SELECT,0.07019262
<0x0A>,0.039374493
▁Would,0.016542466
<0x09>,0.004776668
▁Show,0.0038682637
▁CREATE,0.0019450851
▁Select,0.0019299483
▁What,0.0016637197
select,0.0015148339
