Token,Probability
▁SELECT,0.85741735
SELECT,0.07790478
<0x0A>,0.027995668
▁Would,0.011135908
▁Show,0.004064791
<0x09>,0.0036722326
▁CREATE,0.0029507217
▁Select,0.0015794076
select,0.0015308143
▁select,0.0012690895
