Token,Probability
▁SELECT,0.85763496
SELECT,0.070398964
<0x0A>,0.023215115
▁Would,0.021137603
▁Show,0.0068089706
<0x09>,0.0031913007
▁CREATE,0.0026250922
▁Select,0.002012728
select,0.0015192868
▁What,0.0014957326
