Token,Probability
▁SELECT,0.79232764
<0x0A>,0.06453208
SELECT,0.046845265
▁Would,0.023009622
<0x09>,0.011301946
▁Show,0.007183954
▁CREATE,0.0055948696
1,0.005338662
▁RET,0.0052149915
2,0.0033934598
