Token,Probability
▁SELECT,0.7586587
SELECT,0.08445676
<0x0A>,0.07511739
▁Would,0.031313587
<0x09>,0.013362999
▁Show,0.008901676
▁What,0.002958484
▁Select,0.0027148575
select,0.0023403538
▁RET,0.0019402212
