Token,Probability
▁SELECT,0.89465743
SELECT,0.07173677
<0x0A>,0.013906807
▁Would,0.006075434
<0x09>,0.002592677
▁Show,0.0019418254
▁Select,0.0016224558
select,0.0012537367
▁select,0.0011415401
▁CREATE,0.00082866935
