Token,Probability
▁SELECT,0.8574221
SELECT,0.08897055
<0x0A>,0.01864924
▁Would,0.013432543
<0x09>,0.0035040881
▁Show,0.0023895807
select,0.0019503187
▁CREATE,0.0018610072
▁Select,0.0014047618
▁select,0.0013300019
