Token,Probability
▁SELECT,0.65971947
<0x0A>,0.12789245
SELECT,0.08858851
▁Would,0.061844748
<0x09>,0.019612944
▁Show,0.0072717876
▁What,0.0032268364
▁RET,0.003127557
select,0.0021495365
▁CREATE,0.0020193025
