Token,Probability
▁SELECT,0.6248298
<0x0A>,0.08589318
1,0.06090738
2,0.040573064
3,0.03260137
▁Would,0.027239464
SELECT,0.026401395
<0x09>,0.01469459
5,0.014021676
4,0.0109200915
