Token,Probability
▁SELECT,0.7779062
SELECT,0.10527815
<0x0A>,0.059055693
▁Would,0.02089309
<0x09>,0.008986006
▁Show,0.005493035
▁CREATE,0.0019739633
select,0.001958602
▁RET,0.0016364731
▁select,0.0013356504
