Token,Probability
▁SELECT,0.87478596
SELECT,0.08527269
<0x0A>,0.018014317
▁Would,0.004848487
▁Show,0.0033847897
▁CREATE,0.0017019791
<0x09>,0.0016496148
▁Select,0.0015019913
select,0.0012355044
▁select,0.0009326077
