Token,Probability
▁SELECT,0.84372
SELECT,0.04577592
<0x0A>,0.023563426
▁Would,0.022484377
1,0.01301296
2,0.009822697
3,0.0058654007
▁Show,0.004392982
<0x09>,0.0041918126
▁CREATE,0.0034212575
