Token,Probability
▁SELECT,0.81944007
SELECT,0.11897742
<0x0A>,0.02270724
▁Would,0.013989525
<0x09>,0.004367742
▁Show,0.0030730907
select,0.002798081
▁Select,0.0026491696
▁select,0.0019381739
▁CREATE,0.0012128783
