Token,Probability
▁SELECT,0.8120779
SELECT,0.08694026
<0x0A>,0.049925596
▁Would,0.01659284
<0x09>,0.0056014964
▁Show,0.0050605303
▁CREATE,0.0027946902
▁Select,0.0021595692
select,0.0020606753
▁What,0.0019358252
