Token,Probability
▁SELECT,0.8993532
SELECT,0.08107915
<0x0A>,0.007482847
▁Would,0.0022292738
select,0.0014281264
▁CREATE,0.001260317
▁Select,0.0011932442
▁Show,0.0011656026
<0x09>,0.0009365881
▁select,0.00089369854
