Token,Probability
▁SELECT,0.87460834
SELECT,0.08328044
<0x0A>,0.020092342
▁Would,0.005200611
▁Show,0.0042446153
<0x09>,0.0017694188
▁Select,0.0014900002
▁CREATE,0.0013888328
select,0.0013149204
▁select,0.0010081845
