Token,Probability
▁SELECT,0.87397546
SELECT,0.095040426
<0x0A>,0.013374699
▁Would,0.0028924816
▁Show,0.0018675264
<0x09>,0.001454431
▁Select,0.001187072
select,0.0011064728
1,0.0010893187
▁select,0.0010074549
