Token,Probability
▁SELECT,0.9057812
SELECT,0.08165865
<0x0A>,0.00355991
▁Show,0.0016947712
▁Select,0.0014383337
select,0.0009581368
▁select,0.0009432822
▁Would,0.0007403907
▁CREATE,0.00057661685
Select,0.0004633247
