Token,Probability
▁SELECT,0.9228842
SELECT,0.0679063
▁Select,0.0026330128
▁CREATE,0.0017815857
<0x0A>,0.0016736449
select,0.0007602875
▁select,0.00054761453
Select,0.00047207324
<0x09>,0.0002046286
▁Would,0.00015812472
