Token,Probability
▁SELECT,0.65041167
<0x0A>,0.117526986
SELECT,0.11661239
▁Would,0.05256132
<0x09>,0.022082666
▁Show,0.0049273088
select,0.0032822953
▁RET,0.0020701177
▁Select,0.0020380234
▁select,0.0018556414
