Token,Probability
▁SELECT,0.8413362
SELECT,0.10530558
<0x0A>,0.0279032
▁Would,0.0061775935
<0x09>,0.0047365255
select,0.002237376
▁Show,0.0015989806
▁Select,0.0014673071
▁select,0.0013359983
▁CREATE,0.0012550544
