Token,Probability
▁SELECT,0.85055536
SELECT,0.08757118
<0x0A>,0.035659462
▁Would,0.007021764
<0x09>,0.0046049855
select,0.0017073663
▁Show,0.0015914404
▁CREATE,0.0015545747
▁Select,0.0014377466
▁select,0.0011462716
