Token,Probability
▁SELECT,0.8208247
SELECT,0.13399595
<0x0A>,0.023103798
<0x09>,0.003570871
▁Would,0.0028692754
select,0.0026329951
▁CREATE,0.001987489
▁select,0.0016348639
▁Show,0.0014093406
▁Select,0.0012633249
