Token,Probability
▁SELECT,0.8280207
SELECT,0.09889297
<0x0A>,0.02833331
▁Would,0.01962591
<0x09>,0.005241135
▁Show,0.0032798185
▁CREATE,0.001825494
select,0.001688306
▁Select,0.0013251666
▁select,0.0012944691
