Token,Probability
▁SELECT,0.88039917
SELECT,0.06842155
<0x0A>,0.023279263
▁Would,0.009780352
<0x09>,0.002591535
▁Select,0.0017672735
▁Show,0.0015965984
select,0.0012929649
▁CREATE,0.0012337557
▁RET,0.0010308414
