Token,Probability
▁SELECT,0.85072887
SELECT,0.07975074
<0x0A>,0.026299004
▁Would,0.017656315
<0x09>,0.0041611064
▁Show,0.0037887304
▁CREATE,0.0022979812
▁Select,0.0022800982
select,0.0017482119
▁What,0.0013829495
