Token,Probability
▁SELECT,0.72149193
<0x0A>,0.082223915
SELECT,0.07370504
▁Would,0.06353772
<0x09>,0.015209896
▁Show,0.006696827
▁What,0.0048613744
▁CREATE,0.0028802692
1,0.0021911934
select,0.0021741411
