Token,Probability
▁SELECT,0.77677375
SELECT,0.081234224
<0x0A>,0.062772945
▁Would,0.036047466
<0x09>,0.010167655
▁Show,0.008562024
▁What,0.0028904122
select,0.002433971
▁Select,0.0020818857
▁select,0.00200213
