Token,Probability
▁SELECT,0.8526494
SELECT,0.09641492
<0x0A>,0.02615325
▁Would,0.0048002163
<0x09>,0.0036233934
▁CREATE,0.0024903193
▁Show,0.0023212328
select,0.002048481
▁select,0.0014412863
▁RET,0.0011948684
