Token,Probability
▁SELECT,0.89866394
SELECT,0.072623186
<0x0A>,0.008148095
▁Would,0.0069694347
▁Select,0.0024085722
▁Show,0.0015429893
select,0.0013831267
▁CREATE,0.0013510865
<0x09>,0.0009432104
▁select,0.0008323803
