Token,Probability
▁SELECT,0.794202
SELECT,0.10336593
<0x0A>,0.049984496
▁Would,0.01674271
<0x09>,0.010725782
▁Show,0.0045772023
select,0.0027546086
▁select,0.0020955957
▁Select,0.0019381092
▁CREATE,0.0014744357
