Token,Probability
▁SELECT,0.5944419
1,0.111692324
2,0.07498668
3,0.05275972
5,0.027158374
4,0.025713036
<0x0A>,0.020500218
SELECT,0.015718063
▁Would,0.014650845
9,0.0145368315
