Token,Probability
▁SELECT,0.8628571
SELECT,0.0815221
▁Would,0.016052652
<0x0A>,0.015558764
▁Show,0.004027161
▁Select,0.002155584
▁CREATE,0.002009225
<0x09>,0.0017185814
▁What,0.001705207
select,0.0016787703
