Token,Probability
▁SELECT,0.7531906
SELECT,0.08650963
<0x0A>,0.059923474
▁Would,0.048908114
<0x09>,0.016770657
▁Show,0.006618993
▁RET,0.0034879646
▁CREATE,0.0020504682
select,0.0020029694
▁select,0.0017814778
