Token,Probability
▁SELECT,0.79726356
SELECT,0.10457822
<0x0A>,0.034756716
▁Would,0.017751994
▁Show,0.016037589
<0x09>,0.0061830417
▁CREATE,0.0026385982
select,0.0016383429
▁Select,0.0015152195
▁select,0.001434581
