Token,Probability
▁SELECT,0.86619186
SELECT,0.07335835
<0x0A>,0.027198695
▁Would,0.009774054
▁Show,0.0038878508
<0x09>,0.0035399282
▁Select,0.0016591309
select,0.0016334085
▁CREATE,0.0014756616
1,0.0012329614
