Token,Probability
▁SELECT,0.89054537
SELECT,0.095340915
<0x0A>,0.003668
▁Would,0.0018443865
▁Select,0.0016793329
select,0.0016404311
▁select,0.0015653103
▁Show,0.00075104414
Select,0.00052431325
<0x09>,0.00045910405
