Token,Probability
▁SELECT,0.9112418
SELECT,0.04572389
<0x0A>,0.017085768
▁Would,0.011205121
▁Show,0.0019933335
▁Select,0.0017868127
<0x09>,0.001516448
▁CREATE,0.001391571
▁What,0.0013593354
select,0.0009342566
