Token,Probability
▁SELECT,0.67385685
<0x0A>,0.12860782
▁Would,0.05842274
SELECT,0.043416094
<0x09>,0.026957667
▁Show,0.0102319755
1,0.0067629227
3,0.00526697
▁What,0.0045760227
▁CREATE,0.004265322
