Token,Probability
▁SELECT,0.797115
SELECT,0.13217463
<0x0A>,0.033158913
▁Would,0.007814641
<0x09>,0.0076336153
▁Show,0.003257627
select,0.0025370424
▁CREATE,0.0020869141
▁select,0.0016900346
▁Select,0.0013686316
