Token,Probability
▁SELECT,0.67707914
<0x0A>,0.087436534
▁Would,0.08023627
SELECT,0.07961187
<0x09>,0.020129034
▁Show,0.007233519
▁What,0.0064336252
▁RET,0.0039327964
1,0.0034436714
▁CREATE,0.002681934
