Token,Probability
▁SELECT,0.7184042
<0x0A>,0.12483992
SELECT,0.045926042
▁Would,0.041490722
▁Show,0.015144802
<0x09>,0.014793973
▁What,0.0055281036
▁CREATE,0.0045472938
▁RET,0.003275293
1,0.0023407463
