Token,Probability
▁SELECT,0.8198002
<0x0A>,0.05846543
SELECT,0.045532923
▁Would,0.03630201
▁Show,0.011422935
<0x09>,0.0059261406
▁What,0.004104918
▁CREATE,0.0023207099
▁Select,0.0018647428
▁RET,0.0015219587
