Token,Probability
▁SELECT,0.9010172
SELECT,0.053271387
<0x0A>,0.023824438
▁Would,0.0054420144
▁CREATE,0.002958772
▁Show,0.0022863618
<0x09>,0.0018660743
▁Select,0.0009988375
▁RET,0.00090945186
select,0.00086105184
