Token,Probability
▁SELECT,0.8824067
SELECT,0.0820766
<0x0A>,0.011550347
▁Would,0.0074574654
<0x09>,0.001945396
▁Show,0.001945396
▁Select,0.0018133083
▁CREATE,0.0016510362
select,0.0015150759
▁select,0.0011259088
