Token,Probability
▁SELECT,0.79341763
<0x0A>,0.052331567
▁Would,0.046909712
SELECT,0.041397676
▁Show,0.01766636
▁What,0.007422194
1,0.0043975045
<0x09>,0.004363283
▁CREATE,0.0033716839
▁Select,0.0033454453
