Token,Probability
▁SELECT,0.8837222
SELECT,0.084808245
<0x0A>,0.011211672
▁Would,0.005337555
<0x09>,0.002812694
▁Show,0.0016664661
▁Select,0.0016406298
select,0.0016151943
▁CREATE,0.0014592065
▁select,0.0010266799
