Token,Probability
▁SELECT,0.6823853
<0x0A>,0.13436963
SELECT,0.077162
▁Would,0.04716818
<0x09>,0.01655759
▁Show,0.008196601
▁What,0.0044913664
▁RET,0.0036657467
select,0.0022408257
▁CREATE,0.0021549813
