Token,Probability
▁SELECT,0.73546857
SELECT,0.092776686
<0x0A>,0.0781258
▁Would,0.04486387
<0x09>,0.016376058
▁Show,0.006988443
select,0.0022866097
▁RET,0.002148071
▁What,0.001739561
▁Select,0.0016729195
