Token,Probability
▁SELECT,0.838168
SELECT,0.048030857
1,0.03327
2,0.027154185
3,0.012627869
4,0.007481764
<0x0A>,0.0052640787
5,0.0050230194
9,0.0042629805
6,0.002884477
