Token,Probability
▁SELECT,0.87376845
SELECT,0.09066673
<0x0A>,0.015270769
▁Show,0.0031024448
▁Would,0.002983592
<0x09>,0.002269797
▁CREATE,0.0019263517
select,0.0017403138
▁Select,0.0014427708
▁select,0.0012340673
