Token,Probability
▁SELECT,0.8863545
SELECT,0.09197272
<0x0A>,0.007036982
▁Would,0.0024509898
select,0.0021970533
▁Select,0.002080128
▁select,0.0015701631
<0x09>,0.0011134124
▁Show,0.0010297381
▁RET,0.0009016688
