Token,Probability
▁SELECT,0.8461405
SELECT,0.06784651
<0x0A>,0.03155156
▁Would,0.025155094
▁Show,0.005110567
<0x09>,0.0043713
▁What,0.0028223232
▁CREATE,0.0022678005
▁Select,0.0017524206
select,0.0013647863
