Token,Probability
▁SELECT,0.89812714
SELECT,0.04949512
<0x0A>,0.019687802
▁Would,0.010294005
▁Show,0.005424559
<0x09>,0.0028142242
▁Select,0.002503023
▁CREATE,0.0018456132
▁What,0.0015786367
▁select,0.0011731433
