Token,Probability
▁SELECT,0.8476918
SELECT,0.05813859
<0x0A>,0.026617786
▁Would,0.020568632
1,0.008441349
2,0.006625691
3,0.005407731
▁Show,0.0032544301
<0x09>,0.0032039748
▁Select,0.0022719582
