Token,Probability
▁SELECT,0.7613092
SELECT,0.114940494
<0x0A>,0.06549112
▁Would,0.013943865
<0x09>,0.00950889
1,0.0047072414
▁Show,0.0033641139
2,0.003286184
3,0.0028550862
select,0.0025995858
