Token,Probability
▁SELECT,0.9031658
SELECT,0.051755525
<0x0A>,0.016158864
▁Would,0.011730077
▁Show,0.0030361605
<0x09>,0.0019911625
▁Select,0.0015628815
▁CREATE,0.0015386514
▁What,0.0014230197
select,0.0011257014
