Token,Probability
▁SELECT,0.84999555
SELECT,0.050648957
<0x0A>,0.034810487
▁Would,0.030243874
▁Show,0.0052968175
<0x09>,0.0041901274
▁What,0.002948123
▁CREATE,0.0028574187
▁RET,0.0018593578
▁Select,0.0017604047
