Token,Probability
▁SELECT,0.5285293
<0x0A>,0.17565744
▁Would,0.10008659
SELECT,0.06932796
<0x09>,0.0503267
▁Show,0.010969276
▁What,0.0058714305
▁RET,0.005304395
▁CREATE,0.003911216
3,0.0023538112
