Token,Probability
▁SELECT,0.88639843
SELECT,0.08914743
<0x0A>,0.0072042174
▁Would,0.004072895
▁Select,0.0021630982
▁Show,0.00204798
select,0.0018073362
▁CREATE,0.001261724
▁select,0.0010792097
<0x09>,0.0009017135
