Token,Probability
▁SELECT,0.94649273
SELECT,0.039066423
<0x0A>,0.00516459
▁CREATE,0.003467342
▁Select,0.0017164587
1,0.0004076947
▁Would,0.00040137395
▁select,0.00038299372
<0x09>,0.0003569894
select,0.00033799076
