Token,Probability
▁SELECT,0.78758717
SELECT,0.09935125
<0x0A>,0.05443999
▁Would,0.01660326
<0x09>,0.010471544
▁Show,0.009313584
▁CREATE,0.0028404829
▁What,0.0019985293
select,0.0018196814
▁RET,0.0016184582
