Token,Probability
▁SELECT,0.8465941
SELECT,0.096481025
<0x0A>,0.029196063
▁Would,0.007616248
<0x09>,0.0035696637
▁Show,0.0034329118
▁CREATE,0.002033933
select,0.0018958341
▁Select,0.0017261765
▁select,0.0012145169
