Token,Probability
▁SELECT,0.923564
SELECT,0.053339522
<0x0A>,0.00971385
▁Would,0.0030805713
▁Show,0.001636079
▁CREATE,0.0013353289
<0x09>,0.001064617
▁Select,0.001056332
select,0.0008825986
▁select,0.00072035595
