Token,Probability
▁SELECT,0.8883036
SELECT,0.057681624
▁Would,0.012971454
<0x0A>,0.010023562
1,0.0056227087
2,0.0046979496
3,0.0029861983
▁Select,0.0020048388
▁Show,0.001769264
<0x09>,0.001254596
