Token,Probability
▁SELECT,0.8591799
SELECT,0.085070334
▁Would,0.01989271
<0x0A>,0.012351664
▁Show,0.0045795618
▁Select,0.002821386
<0x09>,0.0022494053
select,0.0016075774
▁What,0.0013120665
▁select,0.0011853531
