Token,Probability
▁SELECT,0.8825223
SELECT,0.09448197
<0x0A>,0.00800174
▁Would,0.002808875
▁CREATE,0.0016642034
select,0.0015271589
▁Show,0.0014572252
▁Select,0.0013582832
<0x09>,0.0010414319
▁select,0.0009937412
