Token,Probability
▁SELECT,0.8621687
SELECT,0.09016475
<0x0A>,0.0166788
▁Would,0.011827041
<0x09>,0.0027873071
select,0.0021707574
▁Show,0.0021538644
▁Select,0.0019007784
▁CREATE,0.0013478538
▁select,0.0012176845
