Token,Probability
▁SELECT,0.8629403
SELECT,0.07251424
<0x0A>,0.02281762
▁Would,0.016693726
▁Show,0.0052529145
<0x09>,0.003783532
▁CREATE,0.0017187471
▁Select,0.0015649368
select,0.0014816524
▁What,0.001381052
