Token,Probability
▁SELECT,0.87427616
SELECT,0.10120481
<0x0A>,0.009052888
▁Would,0.0032787386
<0x09>,0.002019972
select,0.0015979296
▁select,0.0013561453
▁Select,0.0013455916
▁Show,0.0012839725
▁CREATE,0.0010157059
