Token,Probability
▁SELECT,0.7462049
SELECT,0.110913455
<0x0A>,0.07273882
▁Would,0.02938914
<0x09>,0.014323124
▁Show,0.0034827169
select,0.0022840216
▁RET,0.0017927492
▁select,0.001594504
▁Select,0.001594504
