Token,Probability
▁SELECT,0.841364
SELECT,0.09078208
<0x0A>,0.033922788
▁Would,0.008184253
▁Show,0.005494647
<0x09>,0.0045552226
▁CREATE,0.0023084746
select,0.0020531998
▁RET,0.0018261537
▁Select,0.0013677259
