Token,Probability
▁SELECT,0.85193634
SELECT,0.06725217
<0x0A>,0.038319133
▁Would,0.013346601
▁Show,0.00494845
<0x09>,0.0049099405
▁CREATE,0.001968357
▁What,0.0017506931
▁Select,0.00169683
select,0.0014288741
