Token,Probability
▁SELECT,0.870139
SELECT,0.07603189
<0x0A>,0.017232168
▁Would,0.008664879
1,0.003366809
▁CREATE,0.0025613334
▁Show,0.0024632101
2,0.0024632101
<0x09>,0.0024061499
▁Select,0.0018021233
