Token,Probability
▁SELECT,0.7909306
SELECT,0.07709861
<0x0A>,0.062436357
▁Would,0.020913562
<0x09>,0.010765379
▁Show,0.0045228745
1,0.0033874766
▁CREATE,0.0028525414
2,0.0025173589
3,0.0024020807
