Token,Probability
▁SELECT,0.91941404
SELECT,0.052686624
<0x0A>,0.011305611
▁Would,0.0039071143
▁Show,0.0029262935
▁CREATE,0.0013608527
▁Select,0.0013502627
<0x09>,0.0010192316
select,0.00083187263
▁select,0.0008189757
