Token,Probability
▁SELECT,0.9536358
SELECT,0.03419765
<0x0A>,0.0020377461
▁Select,0.0018124089
▁Show,0.0014449784
▁Would,0.0010822389
▁CREATE,0.0009931182
1,0.00093294826
2,0.0005484519
▁select,0.00045114427
