Token,Probability
▁SELECT,0.8495624
SELECT,0.08678826
<0x0A>,0.028397009
▁Would,0.008459976
<0x09>,0.0059060156
▁Show,0.003934255
▁CREATE,0.0022242258
select,0.0019628722
▁Select,0.0017458148
▁select,0.0015049864
