Token,Probability
▁SELECT,0.8483286
SELECT,0.08077808
<0x0A>,0.026224801
▁Would,0.016932003
▁Show,0.00524529
<0x09>,0.0034669251
▁CREATE,0.0022736648
▁Select,0.0019447687
select,0.0014452295
▁What,0.0013683157
