Token,Probability
▁SELECT,0.8699371
SELECT,0.09460127
<0x0A>,0.010287411
▁Would,0.009007958
▁Select,0.0024244592
select,0.0021229272
▁Show,0.0020576117
▁select,0.0011908544
▁CREATE,0.0010265806
<0x09>,0.0009420434
