Token,Probability
▁SELECT,0.9522616
SELECT,0.03692319
<0x0A>,0.0037134627
▁CREATE,0.0032771192
▁Select,0.0011149837
1,0.00032958854
▁select,0.0002527043
<0x09>,0.00021614945
CREATE,0.0001983499
select,0.00019527477
