Token,Probability
▁SELECT,0.772393
▁Would,0.063899145
SELECT,0.06193317
<0x0A>,0.03967588
<0x09>,0.013289755
▁Show,0.007631664
▁What,0.0067877425
▁CREATE,0.0030834712
1,0.0029653453
2,0.0025763365
