Token,Probability
▁SELECT,0.90519017
SELECT,0.06355432
<0x0A>,0.012514588
▁Would,0.0058654696
▁Select,0.0023331228
▁Show,0.0014600308
select,0.001371572
▁select,0.0012488305
<0x09>,0.0012294692
▁CREATE,0.0012009885
