Token,Probability
1,0.2834516
2,0.2580856
3,0.12383083
▁SELECT,0.08248911
4,0.08121024
5,0.0462722
9,0.033328615
6,0.031309336
7,0.0240057
8,0.020533165
