Token,Probability
▁SELECT,0.87971383
SELECT,0.08182613
<0x0A>,0.015495261
▁Would,0.007262482
<0x09>,0.0017658977
▁Select,0.0016589074
▁Show,0.0015953556
select,0.0013752825
▁select,0.0010220231
1,0.0008673799
