Token,Probability
▁SELECT,0.85347444
SELECT,0.1155052
<0x0A>,0.0089766625
▁Would,0.0059797456
▁Show,0.002674308
select,0.0025319837
▁Select,0.0018380231
<0x09>,0.0014884765
▁CREATE,0.0014426808
▁select,0.0013552733
