Token,Probability
▁SELECT,0.80564755
SELECT,0.091100104
<0x0A>,0.05313822
▁Would,0.019095618
<0x09>,0.0062480625
▁Show,0.004607032
▁CREATE,0.0020443583
select,0.0019507403
▁RET,0.0017900999
▁Select,0.0016816432
