Token,Probability
▁SELECT,0.80766994
SELECT,0.11455196
<0x0A>,0.035764866
▁Would,0.011702219
<0x09>,0.008561527
▁Show,0.003249589
▁CREATE,0.0023589486
select,0.0020817649
▁RET,0.0016468115
▁select,0.0013759626
