Token,Probability
▁SELECT,0.85975444
SELECT,0.09276639
<0x0A>,0.012752271
▁Would,0.010246738
▁Show,0.0051523834
<0x09>,0.0033790153
▁Select,0.0026522195
▁CREATE,0.0025706193
select,0.0019103221
▁select,0.0018086565
