Token,Probability
▁SELECT,0.79124004
SELECT,0.07712877
<0x0A>,0.05342554
▁Would,0.03558908
<0x09>,0.009960242
▁Show,0.007879199
▁What,0.0027017884
▁RET,0.0024600062
▁Select,0.0018569101
▁CREATE,0.0018281213
