Token,Probability
▁SELECT,0.43287626
<0x0A>,0.27731094
▁Would,0.11204376
<0x09>,0.058127534
SELECT,0.053759176
▁RET,0.0077447444
▁Show,0.006031613
▁What,0.0045529003
1,0.0032033653
▁CREATE,0.002655683
