Token,Probability
▁SELECT,0.65189
<0x0A>,0.053093966
▁Would,0.051864047
SELECT,0.04910389
1,0.047966402
2,0.029551242
3,0.02095497
▁Show,0.01922936
5,0.010292735
4,0.008400685
