Token,Probability
▁SELECT,0.8963069
SELECT,0.053408526
<0x0A>,0.014831012
▁Would,0.013932447
▁Show,0.00512546
▁Select,0.00249795
▁CREATE,0.0020071592
<0x09>,0.0017992059
▁What,0.0014684689
select,0.0010576986
