Token,Probability
▁SELECT,0.93731916
SELECT,0.048147723
<0x0A>,0.0053182743
▁Select,0.0016998225
▁CREATE,0.0016998225
▁Would,0.0008614281
select,0.0007484217
▁select,0.000714149
<0x09>,0.00067614263
▁Show,0.00060609035
