Token,Probability
▁SELECT,0.75352716
<0x0A>,0.07063866
▁Would,0.03840557
SELECT,0.03751591
1,0.0144636715
<0x09>,0.012566255
2,0.009559904
3,0.007387321
▁Show,0.0058438512
▁What,0.0051170476
