Token,Probability
▁SELECT,0.83591276
SELECT,0.08472933
<0x0A>,0.032159626
▁Would,0.020282822
<0x09>,0.0052499147
▁Show,0.0038409194
▁Select,0.0024035862
▁CREATE,0.0020720207
select,0.0018865963
▁select,0.0012966373
