Token,Probability
1,0.28646678
2,0.2412292
3,0.11756572
4,0.09156028
5,0.06292839
9,0.0460394
6,0.044622917
7,0.039379586
8,0.033160936
▁SELECT,0.027491381
