Token,Probability
▁SELECT,0.9091067
SELECT,0.078205295
<0x0A>,0.0031042588
▁Select,0.0018106981
▁Would,0.0017277801
select,0.0013041969
▁select,0.0011690746
▁Show,0.00076073135
<0x09>,0.00064562424
▁CREATE,0.0004723488
