Token,Probability
▁SELECT,0.7096316
<0x0A>,0.09308341
SELECT,0.05303733
▁Would,0.031670038
<0x09>,0.019059364
1,0.012997357
▁CREATE,0.009435069
2,0.009435069
3,0.008261623
▁Show,0.0060443324
