Token,Probability
▁SELECT,0.88540655
SELECT,0.06669363
▁Would,0.012728701
<0x0A>,0.012629646
▁Show,0.002999804
▁Select,0.0023916522
<0x09>,0.0020779034
1,0.0016437569
▁CREATE,0.00153215
select,0.0014966576
