Token,Probability
▁SELECT,0.727767
<0x0A>,0.102416046
SELECT,0.07434608
▁Would,0.042361118
<0x09>,0.015222787
▁Show,0.010061649
▁What,0.002708056
▁RET,0.002371253
select,0.0023163229
▁CREATE,0.002012456
