Token,Probability
▁SELECT,0.8819281
SELECT,0.07827556
<0x0A>,0.01517441
▁Would,0.0068396428
▁Show,0.0030828686
▁CREATE,0.0024197714
<0x09>,0.0020217947
select,0.0014225101
▁Select,0.0013787441
▁select,0.0010992307
