Token,Probability
▁SELECT,0.7751353
SELECT,0.118870854
<0x0A>,0.045472153
▁Would,0.01971072
<0x09>,0.011318914
▁Show,0.0064999056
select,0.0023176125
▁CREATE,0.0021771956
▁select,0.0016053634
▁Select,0.0016053634
