Token,Probability
▁SELECT,0.9024516
SELECT,0.06744855
<0x0A>,0.009344636
▁Would,0.0040823696
▁Select,0.0022195457
▁Show,0.0020209195
▁CREATE,0.001715132
select,0.0011514851
1,0.0011425242
▁select,0.0010082742
