Token,Probability
▁SELECT,0.9347821
SELECT,0.04581852
<0x0A>,0.006917562
▁CREATE,0.0026878752
1,0.0018764392
2,0.0017905107
▁Select,0.0012997715
3,0.0009811189
▁select,0.00034172495
4,0.00031604394
