Token,Probability
▁SELECT,0.7722473
<0x0A>,0.070166245
SELECT,0.049755316
▁Would,0.017740807
<0x09>,0.013081249
1,0.0112767415
2,0.0075708465
▁CREATE,0.006681248
3,0.006325679
▁Show,0.0049264436
