Token,Probability
▁SELECT,0.80462885
SELECT,0.071974985
<0x0A>,0.06253294
▁Would,0.022825563
▁Show,0.008596186
<0x09>,0.005133017
▁What,0.0027261248
▁CREATE,0.0025609573
▁RET,0.0017193453
▁Select,0.0017059653
