Token,Probability
▁SELECT,0.91784483
SELECT,0.071891166
<0x0A>,0.0027443063
▁Select,0.0015037558
select,0.00095584535
▁select,0.00087713305
▁Show,0.0006417242
▁Would,0.00057523785
▁CREATE,0.0005488958
Select,0.0004410502
