Token,Probability
▁SELECT,0.9050753
SELECT,0.086857446
<0x0A>,0.002026795
▁Select,0.0012293132
select,0.0008923857
▁select,0.00079370424
▁CREATE,0.00048898696
Select,0.000455786
▁Would,0.00042817133
▁Show,0.0003633843
