Token,Probability
▁SELECT,0.93863636
SELECT,0.055495564
▁Select,0.0018989538
▁CREATE,0.0011790873
<0x0A>,0.00061170245
▁select,0.0005526271
select,0.00053145626
Select,0.00033257683
<0x09>,0.00023217604
▁Show,0.000116745454
