Token,Probability
▁SELECT,0.77504134
SELECT,0.112531014
<0x0A>,0.06118205
▁Would,0.01608547
<0x09>,0.012429888
select,0.0027734826
▁Show,0.0023355065
▁Select,0.0019362032
▁select,0.0017629329
▁CREATE,0.0012022158
