Token,Probability
▁SELECT,0.78624123
SELECT,0.08549976
<0x0A>,0.04948347
▁Would,0.037061404
<0x09>,0.010955331
▁Show,0.0066968594
▁What,0.0031143287
select,0.0020908613
▁Select,0.0020908613
▁CREATE,0.0020424265
