Token,Probability
▁SELECT,0.6510245
<0x0A>,0.11051042
SELECT,0.10462917
▁Would,0.057332054
<0x09>,0.02092715
▁Show,0.0083895335
▁What,0.004597085
1,0.004218522
2,0.0034430574
3,0.0031595272
