Token,Probability
▁SELECT,0.8855774
SELECT,0.087684035
▁Would,0.005783389
<0x0A>,0.0053907116
▁Select,0.0035630425
▁Show,0.0020783043
select,0.0018484822
▁select,0.0013844493
<0x09>,0.0009894212
▁CREATE,0.0009817214
