Token,Probability
▁SELECT,0.9024413
SELECT,0.063361324
<0x0A>,0.015649144
▁Would,0.0048478786
▁Show,0.001662344
▁CREATE,0.001662344
▁Select,0.0013998341
<0x09>,0.0011973415
select,0.0011425111
▁select,0.0008490423
