Token,Probability
▁SELECT,0.8411601
SELECT,0.079472184
<0x0A>,0.031365845
▁Would,0.016400013
▁Show,0.0070535573
<0x09>,0.0056235855
▁CREATE,0.0025546292
▁Select,0.0023079151
select,0.0017017497
▁What,0.0016885067
