Token,Probability
▁SELECT,0.8231343
SELECT,0.07192467
▁Would,0.03267326
<0x0A>,0.032418992
▁Show,0.010042935
<0x09>,0.0066900374
▁What,0.0032099145
▁Select,0.0026198563
select,0.002155035
▁CREATE,0.0017865867
