Token,Probability
▁SELECT,0.85782564
SELECT,0.08627379
<0x0A>,0.028673211
▁Would,0.0052217804
<0x09>,0.0042618928
▁Show,0.0016820712
▁CREATE,0.001643106
select,0.0016050435
▁RET,0.0014728706
1,0.0012598131
