Token,Probability
▁SELECT,0.8239114
SELECT,0.07427786
<0x0A>,0.031697903
▁Would,0.026073981
▁Show,0.007072758
1,0.0052151247
2,0.00352873
<0x09>,0.0032381446
3,0.0027914552
▁What,0.0023141978
