Token,Probability
▁SELECT,0.8677833
SELECT,0.10693189
<0x0A>,0.008574173
▁Would,0.0038346075
select,0.0018542949
▁Select,0.0018398648
▁Show,0.001478373
<0x09>,0.0013996953
▁select,0.0013355986
▁CREATE,0.0011603881
