Token,Probability
▁SELECT,0.85131884
SELECT,0.07674872
<0x0A>,0.0273656
▁Would,0.013653205
<0x09>,0.0066540404
▁Show,0.0047184206
▁Select,0.0027308126
select,0.0021602507
▁CREATE,0.0017358101
▁select,0.0016693124
