Token,Probability
▁SELECT,0.7047967
SELECT,0.10475867
<0x0A>,0.08417597
▁Would,0.038238652
<0x09>,0.019993544
▁Show,0.008334548
▁RET,0.0042902585
select,0.0034204922
▁CREATE,0.0030185736
▁select,0.0021404892
