Token,Probability
▁SELECT,0.58782876
<0x0A>,0.18210085
SELECT,0.08944493
▁Would,0.054251097
<0x09>,0.041272055
▁Show,0.0049292445
▁RET,0.0034143878
▁CREATE,0.0025773149
select,0.0025373574
▁What,0.0024211635
