Token,Probability
▁SELECT,0.9142009
SELECT,0.04659475
<0x0A>,0.018246766
▁Would,0.005227786
▁Show,0.002145479
▁CREATE,0.001764823
<0x09>,0.0014180751
▁Select,0.0012035046
select,0.0008668519
▁select,0.00084018166
