Token,Probability
▁SELECT,0.7399095
SELECT,0.10171278
<0x0A>,0.066185765
▁Would,0.03598458
<0x09>,0.01767503
▁Show,0.006351655
▁CREATE,0.0029308072
▁RET,0.0029308072
▁What,0.0023366432
select,0.0015565399
