Token,Probability
▁Would,0.25883332
<0x0A>,0.24125917
▁SELECT,0.16581485
<0x09>,0.10057179
1,0.040634677
2,0.03239679
SELECT,0.028367575
3,0.021412969
▁What,0.015788933
▁Show,0.013399894
