Token,Probability
▁SELECT,0.8621284
SELECT,0.08019043
▁Would,0.016291674
<0x0A>,0.010601195
1,0.0040553184
2,0.003037293
▁Show,0.002920936
▁Select,0.002557657
3,0.002087499
▁CREATE,0.0017578503
