Token,Probability
▁SELECT,0.90057516
SELECT,0.06523745
<0x0A>,0.011880621
▁Would,0.0053970157
<0x09>,0.0020325347
▁Select,0.0018945306
▁CREATE,0.0014754619
1,0.0012327946
select,0.0011581033
▁Show,0.0010794711
