Token,Probability
▁SELECT,0.67730165
<0x0A>,0.14878343
SELECT,0.04944838
▁Would,0.041639708
<0x09>,0.021434283
3,0.008393787
1,0.0071795867
2,0.0048960526
▁Show,0.0046354895
▁RET,0.004253764
