Token,Probability
▁SELECT,0.48388326
<0x0A>,0.23582587
<0x09>,0.080235705
SELECT,0.07837705
▁Would,0.05514514
▁Show,0.008325671
▁RET,0.0070659057
▁CREATE,0.005417618
▁What,0.0033638754
select,0.0019317112
