Token,Probability
▁SELECT,0.83162
SELECT,0.10247569
<0x0A>,0.033010084
▁Would,0.0073082256
<0x09>,0.0064494866
▁CREATE,0.0031432288
▁Show,0.0029298114
select,0.001847809
▁RET,0.0014503619
▁select,0.0014057389
