Token,Probability
▁SELECT,0.73108596
<0x0A>,0.112115666
SELECT,0.08596206
▁Would,0.025016384
<0x09>,0.015777638
▁Show,0.0045558224
▁RET,0.0032305617
▁CREATE,0.0023451364
select,0.0017980783
▁select,0.0011792085
