Token,Probability
▁SELECT,0.87569994
SELECT,0.08807146
<0x0A>,0.011197029
▁Would,0.008002155
▁Select,0.0019610126
select,0.0017995263
<0x09>,0.0015634556
1,0.0012271703
▁CREATE,0.0011894143
▁select,0.0011086559
