Token,Probability
▁SELECT,0.67763036
<0x0A>,0.06762072
SELECT,0.053911943
▁Would,0.043659218
1,0.04198666
2,0.031446554
3,0.016442213
<0x09>,0.010050924
4,0.008530107
5,0.008267663
