Token,Probability
▁SELECT,0.918613
SELECT,0.06973763
<0x0A>,0.002768145
▁Would,0.0017187804
▁Select,0.0014028277
▁Show,0.00097171037
select,0.00089868525
▁select,0.0007508795
▁CREATE,0.0006998967
<0x09>,0.00038651968
