Token,Probability
▁SELECT,0.85166645
SELECT,0.11347358
<0x0A>,0.012148369
▁Would,0.006921933
▁Show,0.0030956795
select,0.0018630129
▁Select,0.0018198561
<0x09>,0.0017916418
▁CREATE,0.0012804287
▁select,0.0012028515
