Token,Probability
▁SELECT,0.87357944
SELECT,0.10271664
<0x0A>,0.011614875
▁Would,0.001925935
<0x09>,0.0014882474
select,0.0013550646
▁CREATE,0.0011773006
▁select,0.0010803518
▁Show,0.0009313214
▁Select,0.00091688253
