Token,Probability
▁SELECT,0.6498203
SELECT,0.1259734
<0x0A>,0.10525473
<0x09>,0.035532437
▁Would,0.03417121
▁Show,0.007218852
▁CREATE,0.003357078
▁RET,0.003153683
select,0.0031291407
▁select,0.001958166
