Token,Probability
▁SELECT,0.8814527
SELECT,0.06188769
<0x0A>,0.013489125
▁Would,0.012573247
<0x09>,0.0078069065
▁Show,0.005623104
▁CREATE,0.0027836382
▁RET,0.0018543028
▁Select,0.0017693882
▁select,0.0014217433
