Token,Probability
▁SELECT,0.9000036
SELECT,0.07273145
<0x0A>,0.008485309
▁Would,0.004949437
▁Select,0.002213525
select,0.0017647762
▁Show,0.0016068468
<0x09>,0.0014516652
▁select,0.0013114702
▁CREATE,0.0006492248
