Token,Probability
▁SELECT,0.89399517
SELECT,0.060837135
▁Would,0.013468962
<0x0A>,0.011886316
▁Show,0.0031991585
▁Select,0.002377413
<0x09>,0.0018515312
select,0.0016339704
1,0.0012430592
▁select,0.0012237873
