Token,Probability
▁SELECT,0.8369493
SELECT,0.070881784
<0x0A>,0.03884001
▁Would,0.018781804
▁Show,0.007952715
<0x09>,0.0060030245
▁CREATE,0.0023508184
▁RET,0.0020424263
select,0.001802435
▁Select,0.001553796
