Token,Probability
▁SELECT,0.8684855
SELECT,0.0915377
<0x0A>,0.01506032
▁Would,0.0063769403
▁Show,0.0026376173
<0x09>,0.0023459452
▁CREATE,0.0017297916
select,0.0016635243
▁Select,0.0013791102
▁select,0.0012754684
