Token,Probability
▁SELECT,0.88520706
SELECT,0.084950745
<0x0A>,0.008884063
▁Would,0.006058405
▁Select,0.001804907
▁Show,0.0017222542
select,0.0016692661
<0x09>,0.0016305976
▁select,0.0010446
▁CREATE,0.001028405
