Token,Probability
▁SELECT,0.89949477
SELECT,0.057502773
<0x0A>,0.019261017
▁Would,0.003347063
▁Select,0.002566282
▁CREATE,0.0024297072
1,0.0022122734
▁Show,0.0015444157
2,0.0013844054
3,0.0011477123
