Token,Probability
▁SELECT,0.79435605
SELECT,0.083724506
<0x0A>,0.06727453
▁Would,0.016615637
<0x09>,0.007373145
▁Show,0.005609193
▁CREATE,0.0030259325
▁RET,0.002302008
select,0.0018068667
▁What,0.0016841851
