Token,Probability
▁SELECT,0.9149892
SELECT,0.06424232
<0x0A>,0.0052322936
▁Would,0.0038580515
▁Show,0.002693354
▁Select,0.002147329
▁CREATE,0.0011766392
select,0.001122757
▁select,0.000881262
<0x09>,0.0005824786
