Token,Probability
<0x0A>,0.34040865
▁Would,0.26100037
▁SELECT,0.11764209
<0x09>,0.103010856
1,0.022984829
SELECT,0.017349858
▁Show,0.017349858
3,0.015431283
2,0.0153111955
▁What,0.013199075
