Token,Probability
▁SELECT,0.8733701
SELECT,0.061801143
<0x0A>,0.02763918
▁Would,0.014679059
▁Show,0.00447686
<0x09>,0.0030291951
▁Select,0.0021818473
▁CREATE,0.0017395205
▁What,0.0015471614
select,0.0013441972
