Token,Probability
▁SELECT,0.82461786
SELECT,0.14329708
▁Would,0.009018653
<0x0A>,0.00894847
<0x09>,0.0017620581
▁Select,0.001591887
▁Show,0.0015794988
select,0.0014954393
▁select,0.000973101
▁CREATE,0.00085207564
