Token,Probability
▁SELECT,0.49419564
▁Would,0.2092556
<0x0A>,0.13723317
SELECT,0.035520818
<0x09>,0.026191408
▁Show,0.023477826
▁What,0.022933964
1,0.0041118334
▁CREATE,0.0034088292
▁RET,0.0029848707
