Token,Probability
▁SELECT,0.88320976
SELECT,0.075977534
<0x0A>,0.013202917
▁Would,0.007883821
▁Show,0.0024807546
▁Select,0.0020089762
1,0.0016917275
▁CREATE,0.0015768635
select,0.0014357505
<0x09>,0.0013593413
