Token,Probability
▁SELECT,0.88909984
SELECT,0.07241381
<0x0A>,0.013712866
▁Would,0.0070038475
▁Show,0.003308383
▁Select,0.0018850598
<0x09>,0.001550608
select,0.0014229178
▁CREATE,0.001389956
▁select,0.0008974229
