Token,Probability
▁SELECT,0.6422131
<0x0A>,0.11787299
▁Would,0.08759577
SELECT,0.061151702
<0x09>,0.026301019
▁Show,0.014638722
▁What,0.009018655
▁CREATE,0.003449943
▁RET,0.0026041535
1,0.0021589191
