Token,Probability
▁SELECT,0.8379054
SELECT,0.11518393
<0x0A>,0.0106304
▁Would,0.009163977
▁Show,0.0057796477
<0x09>,0.0051005217
select,0.0026668694
▁Select,0.0026255234
▁select,0.0023170162
▁CREATE,0.0012402093
