Token,Probability
▁SELECT,0.85177475
SELECT,0.046940673
<0x0A>,0.034342535
▁Would,0.034342535
▁Show,0.004832902
<0x09>,0.0037933881
▁What,0.0029774646
▁CREATE,0.0022475081
▁Select,0.0020304543
▁RET,0.0017640895
