Token,Probability
▁SELECT,0.8046305
SELECT,0.10637235
<0x0A>,0.03792823
▁Would,0.014508841
<0x09>,0.010614895
▁Show,0.004747275
▁CREATE,0.0029707686
select,0.0022076878
▁select,0.0018159945
▁Select,0.00178784
