Token,Probability
▁SELECT,0.7634239
<0x0A>,0.08565378
SELECT,0.06670724
▁Would,0.026327815
<0x09>,0.014426452
1,0.004133248
▁RET,0.0035078416
▁CREATE,0.0033734585
2,0.0029538989
3,0.0029309115
