Token,Probability
▁SELECT,0.84826183
SELECT,0.08140522
▁Would,0.021739412
<0x0A>,0.020582462
▁Show,0.0069483337
<0x09>,0.003928232
▁Select,0.0024390947
select,0.0017844796
▁What,0.0014564497
▁select,0.0013365134
