Token,Probability
▁SELECT,0.8774723
SELECT,0.047236666
<0x0A>,0.022488024
▁Would,0.009015276
1,0.0073580537
▁CREATE,0.0049015204
2,0.0039693723
▁Show,0.00309135
3,0.0030197387
<0x09>,0.0025230865
