Token,Probability
▁SELECT,0.84393275
SELECT,0.08825765
<0x0A>,0.032979473
▁Would,0.0067527364
<0x09>,0.0052590366
▁Show,0.003969729
▁CREATE,0.003787942
select,0.0021083073
▁select,0.0015914338
▁Select,0.0015185566
