Token,Probability
▁SELECT,0.75480443
SELECT,0.12130811
<0x0A>,0.06858139
▁Would,0.017205149
<0x09>,0.012587556
▁Show,0.0038994427
select,0.0024593477
▁CREATE,0.0021035918
▁Select,0.001785295
▁RET,0.0017303673
