Token,Probability
▁SELECT,0.8712694
SELECT,0.07613067
▁Would,0.01583367
<0x0A>,0.013126574
▁Show,0.005514887
▁Select,0.0025052507
<0x09>,0.0021261785
▁CREATE,0.0019510911
▁What,0.0013201743
▁select,0.0012695991
