Token,Probability
▁SELECT,0.94202274
SELECT,0.044752818
<0x0A>,0.005180515
▁Select,0.002012931
▁CREATE,0.0013834661
▁select,0.00072336197
▁Would,0.0006848653
select,0.0005812376
<0x09>,0.0005677733
▁Show,0.0003337767
