Token,Probability
▁SELECT,0.8911361
SELECT,0.09690656
<0x0A>,0.0026437137
▁select,0.0014150781
▁Would,0.0013715407
select,0.0012585964
▁Select,0.0012585964
▁CREATE,0.00071712665
<0x09>,0.00058074686
▁Show,0.00054984004
