Token,Probability
▁SELECT,0.8424282
SELECT,0.087414704
<0x0A>,0.03241029
▁Would,0.011830294
<0x09>,0.0066361935
▁Show,0.0037811892
select,0.0023113945
▁CREATE,0.0016262691
▁Select,0.0015639677
▁select,0.0015158495
