Token,Probability
▁SELECT,0.6066414
<0x0A>,0.14296864
<0x09>,0.097496144
SELECT,0.07417115
▁Would,0.031900615
▁Show,0.0062327203
▁CREATE,0.0036355136
3,0.0024792047
▁RET,0.002384228
1,0.0023289972
