Token,Probability
▁SELECT,0.8815964
SELECT,0.05253196
▁Would,0.022070333
<0x0A>,0.02189858
<0x09>,0.0043120864
▁Show,0.003574845
▁Select,0.002326196
select,0.0014786201
▁select,0.0012258192
▁RET,0.0012258192
