Token,Probability
▁SELECT,0.8455916
SELECT,0.08638262
<0x0A>,0.029853037
▁Would,0.010316933
<0x09>,0.0049115964
▁Show,0.0038551562
▁CREATE,0.0032718286
▁RET,0.0016974023
select,0.0016323759
▁select,0.0011575279
