Token,Probability
▁SELECT,0.599948
<0x0A>,0.16274026
SELECT,0.09870697
▁Would,0.049632978
<0x09>,0.03957086
▁Show,0.00932576
▁RET,0.0031729303
▁CREATE,0.002671875
▁What,0.0023950534
select,0.0021978244
