Token,Probability
▁SELECT,0.87935853
SELECT,0.08179308
▁Would,0.01115631
<0x0A>,0.00917693
▁Show,0.0026087733
▁Select,0.0023753154
<0x09>,0.0021968076
select,0.0017790289
▁select,0.0010790356
▁CREATE,0.00097482745
