Token,Probability
▁SELECT,0.8232904
SELECT,0.05963896
<0x0A>,0.046811156
▁Would,0.029988352
▁Show,0.010526901
<0x09>,0.004671284
▁What,0.003185539
▁CREATE,0.0030396625
▁Select,0.00233059
▁RET,0.001493032
