Token,Probability
▁SELECT,0.65514284
<0x0A>,0.120246135
SELECT,0.050915413
▁Would,0.036673
1,0.02259358
<0x09>,0.019025702
2,0.015528324
3,0.010756156
▁Show,0.010104474
▁CREATE,0.0059867026
