Token,Probability
▁SELECT,0.9986467
SELECT,0.0012064124
▁Select,7.3591626e-05
▁select,4.1931246e-05
Select,9.959544e-06
select,6.9528824e-06
▁CREATE,6.0407688e-06
▁UPDATE,2.2572704e-06
▁COUNT,7.9237634e-07
▁WH,7.679976e-07
