Token,Probability
▁SELECT,0.8443405
SELECT,0.12550001
<0x0A>,0.006755999
▁Would,0.0056891213
▁Show,0.0037602796
<0x09>,0.002280725
select,0.0020766235
▁select,0.0016299606
▁Select,0.0016046903
▁CREATE,0.0009809275
