Token,Probability
▁SELECT,0.8021874
SELECT,0.10198667
<0x0A>,0.036937132
▁Would,0.02766463
<0x09>,0.0049988967
▁Show,0.003832787
select,0.0020515427
▁CREATE,0.0018389913
▁Select,0.0015245773
1,0.0015245773
