Token,Probability
▁SELECT,0.8094801
SELECT,0.09225137
<0x0A>,0.033937383
▁Would,0.031142695
<0x09>,0.0073394733
▁Show,0.00492749
▁Select,0.0024392842
select,0.0024014665
▁What,0.0017569506
▁select,0.001676494
