Token,Probability
▁SELECT,0.8466473
SELECT,0.05412435
<0x0A>,0.026172828
▁Would,0.016898448
1,0.009628445
2,0.0065149316
▁Show,0.0063640135
3,0.0049177287
<0x09>,0.0034331277
▁CREATE,0.0028240138
