Token,Probability
▁SELECT,0.83599436
SELECT,0.049427
<0x0A>,0.036731027
▁Would,0.03292548
▁Show,0.006689217
1,0.004455979
▁What,0.003811401
<0x09>,0.003752311
3,0.0028546075
2,0.002810351
