Token,Probability
▁SELECT,0.33386564
<0x0A>,0.23126197
▁Would,0.1359519
<0x09>,0.102621876
SELECT,0.051199958
▁Show,0.023441046
1,0.018399088
2,0.013046907
▁What,0.012945375
3,0.010003411
