Token,Probability
▁SELECT,0.91533196
SELECT,0.03181417
<0x0A>,0.015384328
▁Would,0.0063632345
1,0.0046919547
▁Show,0.0035141117
2,0.0033531887
3,0.0030057789
▁CREATE,0.001837396
▁Select,0.001780865
