Token,Probability
▁SELECT,0.8806962
SELECT,0.10036742
<0x0A>,0.006316799
select,0.0022174055
▁Would,0.002132458
▁Select,0.0018527113
▁select,0.001177655
Select,0.00069230766
<0x09>,0.0006657858
▁CREATE,0.00057844474
