Token,Probability
▁SELECT,0.6223505
2,0.09107
1,0.08555235
3,0.06559526
SELECT,0.029566102
4,0.029107723
5,0.017654726
9,0.012716222
6,0.012039477
7,0.007773271
