Token,Probability
▁SELECT,0.9426163
SELECT,0.049956832
<0x0A>,0.0017499668
▁Select,0.0015323221
▁CREATE,0.0013004648
▁select,0.0006191141
select,0.0006191141
<0x09>,0.00034458886
Select,0.0002856742
▁Would,0.00021396008
