Token,Probability
▁SELECT,0.8205804
SELECT,0.105143316
<0x0A>,0.031569753
▁Would,0.013263447
<0x09>,0.00593178
▁Show,0.0039824094
▁CREATE,0.0028019748
select,0.0021651983
▁RET,0.0020340155
▁Select,0.0016090388
