Token,Probability
▁SELECT,0.921302
SELECT,0.05798376
<0x0A>,0.007847249
▁Would,0.0027119364
<0x09>,0.0013743426
▁Show,0.0011940494
▁CREATE,0.0011940494
▁select,0.001070339
▁Select,0.0010054904
select,0.0009445709
