Token,Probability
▁SELECT,0.6535757
<0x0A>,0.12670143
▁Would,0.08374453
SELECT,0.06888638
<0x09>,0.02437105
▁Show,0.007374908
▁RET,0.0047245435
▁What,0.004072811
▁CREATE,0.0021295187
select,0.0019849297
