Token,Probability
▁SELECT,0.864457
SELECT,0.08103767
<0x0A>,0.017801614
▁Would,0.013229036
▁Show,0.0052211965
▁Select,0.0027299658
<0x09>,0.0026667262
▁CREATE,0.0018043972
select,0.0014842566
▁What,0.0012596722
