Token,Probability
▁SELECT,0.8676765
SELECT,0.10362919
<0x0A>,0.010101602
▁Would,0.0054069976
▁Select,0.0019891232
▁Show,0.0019582848
select,0.0015491308
<0x09>,0.0012943472
▁CREATE,0.0011512162
▁select,0.0011071138
