Token,Probability
▁SELECT,0.7325323
<0x0A>,0.096840955
SELECT,0.07781389
▁Would,0.025861556
<0x09>,0.025660297
▁Show,0.0064374497
▁CREATE,0.004859242
▁RET,0.002856601
▁What,0.0026419242
select,0.0016276423
