Token,Probability
▁SELECT,0.90109986
SELECT,0.04247555
<0x0A>,0.024970088
▁Would,0.0101679545
▁Show,0.0048406725
▁CREATE,0.0023591553
<0x09>,0.0022687775
▁Select,0.0017531752
▁What,0.0016469558
▁RET,0.0009681953
