Token,Probability
▁SELECT,0.78175646
<0x0A>,0.07986145
SELECT,0.07740437
▁Would,0.01838515
<0x09>,0.010723963
▁Show,0.0070881066
▁CREATE,0.0024687964
▁RET,0.002265495
select,0.0018062099
▁What,0.0017234976
