Token,Probability
▁SELECT,0.807511
SELECT,0.090600215
<0x0A>,0.05409986
▁Would,0.0145607805
<0x09>,0.008493229
▁Show,0.0043379166
▁CREATE,0.0024144142
select,0.00230385
▁RET,0.0021642668
▁select,0.0014417125
