Token,Probability
▁SELECT,0.88947326
SELECT,0.060058374
<0x0A>,0.020594096
▁Would,0.011462341
▁Show,0.0026182455
<0x09>,0.0024789053
▁Select,0.0019457149
▁CREATE,0.0012760309
select,0.001227147
▁What,0.0011618395
