Token,Probability
▁SELECT,0.8732969
SELECT,0.09349431
▁Would,0.009185151
<0x0A>,0.007918094
▁Select,0.0028232834
▁Show,0.0025907906
select,0.0018086635
<0x09>,0.0011861504
▁select,0.0011769198
▁CREATE,0.0010632584
