Token,Probability
▁SELECT,0.91543114
SELECT,0.05084441
▁Would,0.008974572
<0x0A>,0.00890473
▁Show,0.0031015289
<0x09>,0.0016731493
▁Select,0.0016731493
▁CREATE,0.0013655847
▁select,0.0010718596
select,0.0009385517
