Token,Probability
▁SELECT,0.9472397
SELECT,0.031910244
<0x0A>,0.003110558
▁Would,0.002876796
1,0.0020083273
▁Select,0.0019313894
▁Show,0.0018429446
2,0.0016011781
3,0.0013170933
▁CREATE,0.0009787806
