Token,Probability
▁SELECT,0.21929331
1,0.206007
2,0.16296495
3,0.11376788
4,0.056319185
5,0.04669024
<0x0A>,0.034697246
▁Would,0.03362972
9,0.024222577
6,0.020238722
