Token,Probability
▁SELECT,0.83817255
SELECT,0.10089057
<0x0A>,0.027798278
▁Would,0.011955889
▁Show,0.0047930237
<0x09>,0.0026886428
▁Select,0.0023913283
select,0.0021773293
▁select,0.0015439576
▁CREATE,0.001290025
