Token,Probability
▁SELECT,0.73494184
SELECT,0.09715949
▁Would,0.057565097
<0x0A>,0.046254855
<0x09>,0.01839891
▁Show,0.014217575
▁What,0.0041700015
▁CREATE,0.002357505
▁select,0.002113254
▁Select,0.002048236
