Token,Probability
▁SELECT,0.7649943
SELECT,0.101925634
<0x0A>,0.050064187
▁Would,0.035779264
<0x09>,0.011615825
▁Show,0.005276726
▁What,0.0032004963
▁CREATE,0.002914085
▁RET,0.002378407
select,0.0018814746
