Token,Probability
▁SELECT,0.82160044
SELECT,0.061887406
<0x0A>,0.044228937
▁Would,0.032868154
▁Show,0.007746117
<0x09>,0.00688954
▁CREATE,0.0036305322
▁What,0.002514796
▁RET,0.0021342796
▁Select,0.0018398642
