Token,Probability
▁SELECT,0.8826691
SELECT,0.07895578
<0x0A>,0.015669253
▁Would,0.0062327986
▁Show,0.003158628
<0x09>,0.0018424116
▁CREATE,0.0015758981
select,0.0015155264
▁Select,0.0014461253
▁select,0.0010095582
