Token,Probability
▁SELECT,0.81509703
SELECT,0.11117658
<0x0A>,0.024613798
▁Would,0.023486651
<0x09>,0.0050793444
▁Show,0.0039868234
select,0.0018253006
▁Select,0.001489767
▁CREATE,0.0013886156
▁RET,0.0013778092
