Token,Probability
▁SELECT,0.9416499
SELECT,0.051489793
▁Select,0.0018320691
▁CREATE,0.0014836548
<0x0A>,0.0013508832
▁select,0.00045248918
select,0.00039007005
Select,0.00038402257
<0x09>,0.00011175693
CREATE,0.00011002431
