Token,Probability
▁SELECT,0.88783026
SELECT,0.08130077
<0x0A>,0.011002864
▁Would,0.005532587
▁Show,0.0018971316
<0x09>,0.001796168
select,0.0015605378
▁Select,0.0014659897
▁select,0.0012836634
▁CREATE,0.0010234257
