Token,Probability
▁SELECT,0.8879038
SELECT,0.09070508
<0x0A>,0.0072730514
▁Would,0.0030082648
select,0.001727501
▁Select,0.0015364713
<0x09>,0.0015126506
▁select,0.0012345894
▁CREATE,0.0010810426
▁Show,0.00077258627
