Token,Probability
▁SELECT,0.8697972
SELECT,0.043304652
<0x0A>,0.022819947
▁Would,0.01036643
1,0.010205712
2,0.0074666585
3,0.0065893033
▁Show,0.0039040332
▁CREATE,0.0024622427
<0x09>,0.0022772024
