Token,Probability
▁SELECT,0.8952558
SELECT,0.056344494
<0x0A>,0.018292379
▁Would,0.011810447
▁Show,0.0028272287
<0x09>,0.0027402441
▁CREATE,0.0020684446
▁Select,0.0020363764
▁RET,0.0010985427
▁What,0.001073095
