Token,Probability
▁SELECT,0.78202426
▁Would,0.06886846
SELECT,0.05490672
<0x0A>,0.04659873
<0x09>,0.009320333
▁Show,0.00842022
▁What,0.004949991
▁Select,0.0031959545
▁CREATE,0.002112397
1,0.0016710435
