Token,Probability
▁SELECT,0.83918613
SELECT,0.086400636
<0x0A>,0.031292237
▁Would,0.012842309
<0x09>,0.007374717
▁Show,0.0041368413
select,0.0020639466
▁CREATE,0.0020161355
▁Select,0.0016200104
▁RET,0.0015948944
