Token,Probability
▁SELECT,0.7298042
<0x0A>,0.073974006
SELECT,0.051642176
▁Would,0.039595433
1,0.022038177
2,0.016123474
<0x09>,0.010656967
3,0.010491745
▁Show,0.0084964745
4,0.0043395744
