Token,Probability
▁SELECT,0.9181532
SELECT,0.051798664
▁Would,0.010120386
<0x0A>,0.006283891
▁Show,0.0024801074
▁Select,0.0023481182
▁What,0.001117872
▁CREATE,0.0009788414
▁select,0.0007926899
<0x09>,0.0006675118
