Token,Probability
▁SELECT,0.83167547
SELECT,0.08234702
<0x0A>,0.029824115
▁Would,0.021990925
▁Show,0.009458178
<0x09>,0.005603785
▁Select,0.002110405
select,0.0020137625
▁What,0.0018624258
▁CREATE,0.0018192827
