Token,Probability
▁SELECT,0.8643781
SELECT,0.11162391
<0x0A>,0.00577881
▁Would,0.00542869
▁Show,0.0019815618
▁Select,0.0015798388
select,0.0015074927
▁CREATE,0.0014051377
▁select,0.0011558346
<0x09>,0.0010773565
