Token,Probability
▁SELECT,0.5271021
<0x0A>,0.20966673
▁Would,0.09088381
<0x09>,0.058678996
SELECT,0.05342783
▁Show,0.008257685
▁CREATE,0.0058555757
▁What,0.0055439477
▁RET,0.005008539
select,0.0014805214
