Token,Probability
▁SELECT,0.8401387
SELECT,0.09352741
<0x0A>,0.03084206
▁Would,0.010330797
<0x09>,0.0053178384
▁Show,0.0036548935
▁CREATE,0.002653168
select,0.0023051125
▁Select,0.0014201385
▁RET,0.0013551057
