Token,Probability
▁SELECT,0.8285504
SELECT,0.13212392
<0x0A>,0.011189661
▁Would,0.007872909
▁Show,0.0032563768
<0x09>,0.0028071722
select,0.0020537712
▁CREATE,0.0020537712
▁Select,0.0017159901
▁select,0.0015143559
