Token,Probability
▁SELECT,0.65893656
▁Would,0.10841211
<0x0A>,0.07165603
SELECT,0.0710984
<0x09>,0.016240405
▁Show,0.015988622
▁What,0.007094908
▁RET,0.0038574343
1,0.0037096583
▁CREATE,0.0031238457
