Token,Probability
▁SELECT,0.88914853
SELECT,0.0680302
<0x0A>,0.020267414
▁Would,0.00689564
<0x09>,0.001991129
▁Select,0.0017164606
▁CREATE,0.001703103
select,0.0016124654
▁Show,0.0015386253
▁select,0.00095535413
