Token,Probability
▁SELECT,0.7426423
<0x0A>,0.09222921
SELECT,0.06800556
▁Would,0.047106072
<0x09>,0.012979088
▁Show,0.0057146153
▁CREATE,0.004148366
▁RET,0.0038067545
▁What,0.0024965305
select,0.0014907465
