Token,Probability
▁SELECT,0.871022
SELECT,0.08557171
▁Would,0.013645601
<0x0A>,0.010061636
<0x09>,0.0035875866
▁Show,0.0029975406
▁Select,0.0018905253
select,0.001604468
▁CREATE,0.0015072583
▁select,0.0012993378
