Token,Probability
▁SELECT,0.8449635
SELECT,0.049957287
▁Would,0.03301975
<0x0A>,0.017130421
▁Show,0.01293072
▁What,0.00655297
1,0.0054752114
▁Select,0.0049852366
2,0.0036758832
3,0.0034262997
