Token,Probability
▁SELECT,0.7729555
SELECT,0.12040324
<0x0A>,0.068603694
▁Would,0.008721981
<0x09>,0.008519936
▁Show,0.0034965752
select,0.0026600538
▁RET,0.0016134043
▁CREATE,0.0015515957
▁select,0.0015038581
