Token,Probability
▁SELECT,0.527714
<0x0A>,0.1699904
▁Would,0.072542995
SELECT,0.04720463
<0x09>,0.028631054
▁Show,0.027534217
1,0.024681512
3,0.0143965995
2,0.014284563
▁What,0.0063884524
