Token,Probability
▁SELECT,0.90278393
SELECT,0.053375844
<0x0A>,0.018160215
▁Would,0.0064248336
▁Show,0.0058043534
▁Select,0.0018122076
▁CREATE,0.0013786549
<0x09>,0.0010906057
▁What,0.001065342
▁select,0.00081682595
