Token,Probability
▁SELECT,0.79463553
SELECT,0.08709035
<0x0A>,0.07276671
▁Would,0.011694674
<0x09>,0.010240199
▁Show,0.0033505803
select,0.0023759173
▁RET,0.0019091031
▁CREATE,0.0018942462
▁select,0.001486811
