Token,Probability
▁SELECT,0.7688607
SELECT,0.123567164
<0x0A>,0.055696085
▁Would,0.015833016
<0x09>,0.014082176
▁Show,0.0033448099
select,0.0027513653
▁select,0.0019817343
▁RET,0.0016687876
▁Select,0.0016429153
