Token,Probability
▁SELECT,0.848117
SELECT,0.11124873
<0x0A>,0.01118858
▁Would,0.0091318535
▁Show,0.0044158758
<0x09>,0.0020217348
select,0.0016760771
▁CREATE,0.0015380549
▁select,0.0013053303
▁Select,0.0012553238
