Token,Probability
▁SELECT,0.74881035
1,0.06243405
2,0.047127694
SELECT,0.03502233
3,0.025225634
4,0.016286895
▁Would,0.011193808
5,0.011193808
9,0.008449529
6,0.0070049055
