Token,Probability
▁SELECT,0.868916
SELECT,0.063437745
<0x0A>,0.02686123
▁Would,0.01182684
<0x09>,0.006634255
▁Show,0.0030852153
▁CREATE,0.0022221971
▁What,0.001539271
1,0.001358402
▁Select,0.0012661697
