Token,Probability
▁SELECT,0.88824874
SELECT,0.07464095
<0x0A>,0.014134617
▁Would,0.0064712986
<0x09>,0.0021846143
▁Show,0.002100923
select,0.0017970147
▁CREATE,0.0017553869
▁Select,0.0015735187
▁select,0.0012545185
