Token,Probability
▁SELECT,0.8523052
SELECT,0.10339635
<0x0A>,0.018250538
▁Would,0.008894603
<0x09>,0.0023384942
select,0.0023202954
▁Show,0.0020159078
▁Select,0.001835505
▁select,0.0012813889
▁CREATE,0.0010377005
