Token,Probability
▁SELECT,0.67293787
<0x0A>,0.17554635
SELECT,0.07204407
▁Would,0.028212864
<0x09>,0.019390399
▁RET,0.00453422
▁CREATE,0.0028821253
▁Show,0.0027287414
select,0.0016680463
▁What,0.0011828219
