Token,Probability
▁SELECT,0.90814245
SELECT,0.052860226
<0x0A>,0.017027654
▁Would,0.0066681253
▁Show,0.0029821699
▁Select,0.0018087777
<0x09>,0.0016991893
▁CREATE,0.0013653369
select,0.0009531588
▁select,0.0008954099
