Token,Probability
▁SELECT,0.8774194
SELECT,0.092479326
<0x0A>,0.0073003527
▁Would,0.0069118356
select,0.0022091554
▁Select,0.0021919634
▁Show,0.0020591589
▁select,0.0014831566
<0x09>,0.0013716957
▁CREATE,0.0012785608
