Token,Probability
▁SELECT,0.90990627
SELECT,0.065913394
<0x0A>,0.008185826
▁Would,0.0037185792
▁Select,0.0015024418
▁CREATE,0.0013787181
select,0.00117928
▁Show,0.0010992099
<0x09>,0.000911277
▁select,0.000911277
