Token,Probability
▁SELECT,0.8966177
SELECT,0.065973595
<0x0A>,0.012203888
▁Would,0.007008103
▁Show,0.002384387
<0x09>,0.0017444547
▁Select,0.0017308793
▁CREATE,0.0013908006
select,0.0013799773
1,0.001001756
