Token,Probability
▁SELECT,0.88697034
SELECT,0.08250109
<0x0A>,0.009700588
▁Would,0.0064116972
▁Select,0.0025503973
<0x09>,0.0024913172
select,0.0015468941
▁Show,0.001375836
▁select,0.0011495539
▁CREATE,0.0009455974
