Token,Probability
▁SELECT,0.9012064
SELECT,0.06377088
<0x0A>,0.012170888
▁Would,0.005443157
▁Show,0.0030059968
<0x09>,0.0022690457
▁CREATE,0.0022513878
▁Select,0.0016471504
select,0.0011145178
▁RET,0.0010718212
