Token,Probability
▁SELECT,0.89306474
SELECT,0.079264
▁Would,0.005970595
<0x0A>,0.0053103566
▁Select,0.0029098357
▁Show,0.0016840837
1,0.0015944584
select,0.0013426685
2,0.0011044492
▁CREATE,0.0010958541
