Token,Probability
▁SELECT,0.901792
SELECT,0.06687474
<0x0A>,0.011351886
▁Would,0.004806691
<0x09>,0.0025528143
▁Select,0.0016482208
▁Show,0.0015363109
▁select,0.0013988268
select,0.0012637348
▁CREATE,0.000917373
