Token,Probability
▁SELECT,0.74803
SELECT,0.12116226
<0x0A>,0.062368985
▁Would,0.02640869
<0x09>,0.0097914105
▁Show,0.0049234303
▁RET,0.0031788058
select,0.0030570277
▁CREATE,0.0019892459
▁select,0.0018981516
