Token,Probability
▁SELECT,0.9214332
SELECT,0.068867214
<0x0A>,0.0026084152
▁Would,0.0009900427
▁Select,0.0009085143
select,0.000894429
▁select,0.00081438693
▁CREATE,0.0007357372
▁Show,0.00058658083
<0x09>,0.00047133098
