Token,Probability
▁SELECT,0.93174267
SELECT,0.033938725
<0x0A>,0.03138819
▁Select,0.00093314634
▁CREATE,0.00048790686
<0x09>,0.0004841099
▁select,0.00019106707
Select,0.0001726147
▁SQL,0.00014535616
▁UPDATE,9.384898e-05
