Token,Probability
▁SELECT,0.77164984
<0x0A>,0.166881
SELECT,0.057672523
▁Select,0.0010399327
▁CREATE,0.0006981777
<0x09>,0.00060658733
Select,0.00031469337
▁WHERE,0.00020963098
▁select,0.00016326076
▁SQL,0.00013429465
