Token,Probability
▁SELECT,0.88220567
<0x0A>,0.0783002
SELECT,0.03529267
▁Select,0.0010329566
▁CREATE,0.0009405178
<0x09>,0.00073247595
▁WHERE,0.00028239464
▁select,0.00018811539
Select,0.00016994809
▁SQL,0.00010552316
