Token,Probability
▁SELECT,0.8635883
<0x0A>,0.0999676
SELECT,0.03348495
▁Select,0.00086488924
▁CREATE,0.0006229563
<0x09>,0.0002536712
Select,0.00021528796
▁WHERE,0.00017298873
▁UPDATE,0.00011168992
▁select,0.000104106446
