Token,Probability
▁SELECT,0.8259042
<0x0A>,0.09711091
SELECT,0.068861954
▁CREATE,0.0019997882
▁Select,0.0015332907
<0x09>,0.0011130498
▁select,0.0004191784
Select,0.0004191784
▁UPDATE,0.00039687013
▁WHERE,0.00034212344
