Token,Probability
▁SELECT,0.85189486
<0x0A>,0.084349014
SELECT,0.058885105
▁Select,0.00096677756
▁CREATE,0.0009153266
<0x09>,0.00074706774
▁UPDATE,0.00038455756
▁select,0.00031142417
Select,0.00028355495
▁SQL,0.00025817973
