Token,Probability
▁SELECT,0.8122708
<0x0A>,0.1305438
SELECT,0.05357507
▁Select,0.0013623468
▁CREATE,0.0005905336
<0x09>,0.0003903189
Select,0.00033647593
▁select,0.00020249479
▁UPDATE,0.00011997418
▁WHERE,7.806869e-05
