Token,Probability
▁SELECT,0.7603709
<0x0A>,0.18344803
SELECT,0.048608884
▁CREATE,0.0033078762
▁Select,0.0011794596
▁UPDATE,0.000904323
<0x09>,0.00067730667
Select,0.00024339525
▁select,0.00021146545
▁WHERE,0.00018516532
