Token,Probability
▁SELECT,0.8172329
<0x0A>,0.12730034
SELECT,0.043311756
▁Select,0.0023315868
1,0.0018300837
▁CREATE,0.0012190986
2,0.0011815907
<0x09>,0.0010674783
Select,0.00065253634
3,0.00047369063
