Token,Probability
▁SELECT,0.85916483
SELECT,0.07625521
<0x0A>,0.054073047
1,0.0018794155
2,0.0017112273
▁Select,0.0014409978
▁CREATE,0.0009017534
3,0.00068067916
<0x09>,0.0006649113
5,0.00044640028
