Token,Probability
▁SELECT,0.83208907
<0x0A>,0.10094386
SELECT,0.05662437
<0x09>,0.002566876
▁CREATE,0.0013632574
▁Select,0.0012412601
1,0.0007240206
2,0.0006908653
▁WHERE,0.00063894596
▁SQL,0.0003393416
