Token,Probability
▁SELECT,0.8261545
<0x0A>,0.14133836
SELECT,0.025739629
▁CREATE,0.0027990548
▁Select,0.0014296173
<0x09>,0.000765219
Select,0.00029733204
▁select,0.00028594144
▁WHERE,0.00015068054
▁SQL,0.00014266148
