Token,Probability
▁SELECT,0.8643945
SELECT,0.076719366
<0x0A>,0.054402184
▁Select,0.0006956068
1,0.00060435367
▁SUM,0.0004894205
2,0.00047808306
▁select,0.0002660933
3,0.00025790647
<0x09>,0.00022407304
