Token,Probability
▁SELECT,0.8850573
SELECT,0.054839037
<0x0A>,0.053988837
▁Select,0.0011927689
1,0.0010044121
2,0.00066387584
<0x09>,0.0004933506
3,0.00041870124
▁CREATE,0.00029002587
▁select,0.00028552944
