Token,Probability
▁SELECT,0.856613
<0x0A>,0.08750852
SELECT,0.051443607
▁Select,0.0013081464
▁CREATE,0.0007280932
<0x09>,0.0005495936
Select,0.00036610826
▁select,0.0002477212
▁UPDATE,0.00024009966
▁WHERE,0.00015142893
