Token,Probability
▁SELECT,0.8420478
<0x0A>,0.0990091
SELECT,0.05553907
▁Select,0.0009262017
▁CREATE,0.00048807403
<0x09>,0.0003175958
Select,0.00027809618
▁select,0.00027593202
1,0.00021156443
2,0.00013239363
