Token,Probability
▁SELECT,0.87384784
<0x0A>,0.064298175
SELECT,0.058544155
▁Select,0.0009171642
<0x09>,0.0007032142
▁CREATE,0.00036768406
Select,0.00032195493
▁select,0.0002468514
▁UPDATE,0.00013421077
▁WHERE,9.369423e-05
