Token,Probability
▁SELECT,0.6193062
SELECT,0.21402651
<0x0A>,0.14481758
▁SUM,0.0045829816
1,0.0042385655
2,0.002491724
3,0.0018229842
▁Select,0.001511307
4,0.00085441547
<0x09>,0.00077795424
