Token,Probability
▁SELECT,0.81093556
SELECT,0.12243296
<0x0A>,0.059669062
2,0.0010759335
1,0.0010592527
▁Select,0.00091313286
▁select,0.00054525654
Select,0.00050427986
3,0.00041158128
▁CREATE,0.00030348098
