Token,Probability
▁SELECT,0.87518054
<0x0A>,0.06748667
SELECT,0.04937431
▁CREATE,0.0030118518
▁Select,0.0012168983
<0x09>,0.00087649893
▁UPDATE,0.00047654417
▁select,0.000382914
Select,0.00034593398
▁SQL,0.0003300925
