Token,Probability
▁SELECT,0.77636194
<0x0A>,0.17322977
SELECT,0.046624158
▁Select,0.0011137624
▁CREATE,0.0005823442
<0x09>,0.00048278028
Select,0.00023345728
▁select,0.00017080098
▁WHERE,0.00014723967
1,0.00014270957
