Token,Probability
▁SELECT,0.78725106
<0x0A>,0.15501891
SELECT,0.053573105
▁Select,0.0011118744
▁CREATE,0.0009966777
<0x09>,0.00052521226
Select,0.00032357388
▁select,0.00023306154
▁UPDATE,0.00012091072
▁WHERE,0.000118109834
