Token,Probability
▁SELECT,0.896337
<0x0A>,0.061957054
SELECT,0.035857994
1,0.0011892423
2,0.00075592846
▁Select,0.0006026787
<0x09>,0.0004549258
▁CREATE,0.0004077928
3,0.00035707527
4,0.0002891684
