Token,Probability
▁SELECT,0.8488907
<0x0A>,0.11488486
SELECT,0.032915063
▁CREATE,0.0008369889
▁Select,0.00071591453
<0x09>,0.00049204036
▁select,0.00022703933
Select,0.0002149565
▁SQL,0.00014207757
▁WHERE,0.0001293631
