Token,Probability
▁SELECT,0.77747595
<0x0A>,0.17078881
SELECT,0.048173193
▁CREATE,0.001224984
▁Select,0.00056967046
<0x09>,0.00054358336
Select,0.00019382063
▁UPDATE,0.00019231228
▁select,0.00018350568
▁WHERE,0.00016068292
