Token,Probability
▁SELECT,0.8244805
<0x0A>,0.1169362
SELECT,0.054380383
▁Select,0.0011644553
▁CREATE,0.0008387257
<0x09>,0.00076366845
Select,0.00033623868
▁WHERE,0.0001799756
▁select,0.0001600736
▁SQL,0.00012273269
