Token,Probability
▁SELECT,0.95530653
SELECT,0.022466658
<0x0A>,0.019826755
▁Select,0.0010184505
<0x09>,0.00023082564
▁CREATE,0.0001624061
▁select,0.0001574094
1,0.00014332289
Select,0.00013359163
2,0.0001032316
