Token,Probability
▁SELECT,0.8080443
<0x0A>,0.12199645
SELECT,0.06230969
1,0.0014884599
3,0.0011061295
▁Select,0.0009461226
2,0.00080926163
▁CREATE,0.00051039486
<0x09>,0.00036762364
Select,0.00034535048
