Token,Probability
▁SELECT,0.60905266
SELECT,0.1717912
<0x0A>,0.05239335
2,0.0469651
1,0.04017138
3,0.030322947
4,0.015731338
5,0.01047933
6,0.0074309576
9,0.00385513
