Token,Probability
▁SELECT,0.8427542
<0x0A>,0.123322174
SELECT,0.030697318
▁Select,0.0010180869
▁CREATE,0.000571095
<0x09>,0.0004113443
Select,0.00020204551
▁select,0.00019129286
▁SQL,0.00014439542
▁UPDATE,0.00011245527
