Token,Probability
▁SELECT,0.8625236
<0x0A>,0.08540141
SELECT,0.047905847
▁CREATE,0.0015641812
▁Select,0.0006173464
<0x09>,0.0004623711
▁UPDATE,0.00024175634
▁WHERE,0.00022534166
▁select,0.00020517592
Select,0.00019731576
