Token,Probability
▁SELECT,0.94154835
SELECT,0.032218013
<0x0A>,0.024319433
▁Select,0.0005719382
▁CREATE,0.00032588054
▁select,0.00017579939
<0x09>,0.00017307386
Select,0.00014348327
▁UPDATE,9.336635e-05
▁SQL,7.385886e-05
