Token,Probability
▁SELECT,0.921467
<0x0A>,0.048835963
SELECT,0.026551653
▁Select,0.0015698295
▁CREATE,0.00031893016
Select,0.0002814549
<0x09>,0.00026856616
▁select,0.00019958141
▁UPDATE,8.856372e-05
select,5.3298587e-05
