Token,Probability
▁SELECT,0.86412245
<0x0A>,0.091077834
SELECT,0.041052
▁Select,0.0010277167
▁CREATE,0.0008129909
<0x09>,0.00074023654
▁UPDATE,0.0002766062
Select,0.00025581892
▁select,0.00019010845
▁WHERE,7.802036e-05
