Token,Probability
▁SELECT,0.8996994
SELECT,0.059341606
<0x0A>,0.036559302
▁Select,0.0013526432
▁UPDATE,0.00049373717
<0x09>,0.00040613717
▁CREATE,0.00029946677
Select,0.00027480617
1,0.00027054566
▁WHERE,0.00015536131
