Token,Probability
▁SELECT,0.64556235
<0x0A>,0.12912059
3,0.06492591
1,0.03421355
SELECT,0.032646798
2,0.030668829
4,0.013398218
5,0.009650375
6,0.0071157403
9,0.0041182744
