Token,Probability
▁SELECT,0.69856894
SELECT,0.24522078
<0x0A>,0.04981962
▁Select,0.0008706928
1,0.0008505232
Select,0.00069417676
▁CREATE,0.0006370124
2,0.00051185384
▁select,0.00043781177
select,0.00043781177
