Token,Probability
▁SELECT,0.9076878
<0x0A>,0.058026537
SELECT,0.029637055
▁CREATE,0.0012425311
▁Select,0.0009676842
<0x09>,0.00062478386
▁UPDATE,0.00039404622
▁select,0.0002750886
Select,0.00023164783
▁SQL,0.00017485696
