Token,Probability
▁SELECT,0.91829044
<0x0A>,0.056016073
SELECT,0.02093168
▁CREATE,0.001564418
<0x09>,0.001296948
▁Select,0.0009054156
▁select,0.0002343537
▁UPDATE,0.00015131012
Select,0.00011601349
▁WHERE,5.879278e-05
