Token,Probability
▁SELECT,0.89854044
<0x0A>,0.054811314
SELECT,0.04404213
▁Select,0.0008193628
▁CREATE,0.00053735124
<0x09>,0.0002639381
Select,0.0002441028
▁select,0.00019310121
▁UPDATE,9.1214555e-05
select,4.9981452e-05
