Token,Probability
▁SELECT,0.79696506
<0x0A>,0.1260982
SELECT,0.0741293
▁Select,0.0005748971
<0x09>,0.0005234498
▁CREATE,0.00046921737
▁select,0.00025115398
Select,0.00021149282
▁UPDATE,0.00011863672
select,8.153775e-05
