Token,Probability
▁SELECT,0.7944763
<0x0A>,0.15401624
SELECT,0.04771201
▁Select,0.0011576974
▁CREATE,0.00061967084
<0x09>,0.0004394124
Select,0.00030437208
▁WHERE,0.00028370597
▁select,0.00013719125
1,0.00010852721
