Token,Probability
▁SELECT,0.8567766
<0x0A>,0.08890357
SELECT,0.050655723
▁Select,0.001067882
▁CREATE,0.0009572432
<0x09>,0.00038375144
Select,0.00029886593
▁select,0.00022209829
▁UPDATE,0.00014794935
▁WHERE,0.000112553935
