Token,Probability
▁SELECT,0.85883516
SELECT,0.06940453
<0x0A>,0.06832851
▁CREATE,0.0009900023
▁Select,0.00074729294
<0x09>,0.00039073118
Select,0.0002814331
▁select,0.00017338591
▁UPDATE,0.00010272775
▁SQL,9.956715e-05
