Token,Probability
▁SELECT,0.943359
SELECT,0.02939125
<0x0A>,0.023988439
▁Select,0.0011045599
▁CREATE,0.00054679683
<0x09>,0.00049014547
Select,0.00021580813
▁select,0.0001995899
▁UPDATE,0.00017613747
▁SQL,9.651536e-05
