Token,Probability
▁SELECT,0.918638
SELECT,0.047188118
<0x0A>,0.03046694
▁Select,0.0014933429
<0x09>,0.0006944689
▁CREATE,0.00031547673
▁select,0.00030103
Select,0.0002344424
▁UPDATE,0.00010733555
1,7.319648e-05
