Token,Probability
▁SELECT,0.73993796
<0x0A>,0.18132961
SELECT,0.07441752
▁Select,0.0012217893
▁CREATE,0.0008800217
<0x09>,0.0003905073
Select,0.00034193962
▁select,0.00025016838
1,0.00017878728
select,0.00012192233
