Token,Probability
▁SELECT,0.8232283
<0x0A>,0.090931684
SELECT,0.08024693
▁Select,0.0021721849
▁CREATE,0.0008053697
<0x09>,0.00058922096
Select,0.0005079402
▁select,0.00028271132
1,0.00015612802
▁SQL,0.00013995224
