Token,Probability
▁SELECT,0.819755
<0x0A>,0.1276932
SELECT,0.049230114
▁Select,0.0006294748
<0x09>,0.00049795554
1,0.00046053363
2,0.00028819457
▁CREATE,0.00022620651
Select,0.00020757875
▁select,0.00018607239
