Token,Probability
▁SELECT,0.914339
<0x0A>,0.040173255
SELECT,0.039550427
▁CREATE,0.0015335364
▁Select,0.0014633107
<0x09>,0.0008272808
▁UPDATE,0.00035304014
▁select,0.0002749479
Select,0.00026235712
▁WHERE,0.00025428526
