Token,Probability
▁SELECT,0.94954455
SELECT,0.025304506
<0x0A>,0.021644091
▁CREATE,0.0015678927
▁Select,0.0008933584
<0x09>,0.0003338236
Select,0.00016396865
▁select,0.00013278586
▁SQL,6.4211046e-05
▁WHERE,4.809185e-05
