Token,Probability
▁SELECT,0.8901962
<0x0A>,0.06348584
SELECT,0.040354054
▁CREATE,0.0025797484
▁Select,0.0011627837
<0x09>,0.0007507496
▁ORDER,0.00033314314
▁select,0.00032542585
Select,0.00017555409
select,0.00010647893
