Token,Probability
▁SELECT,0.9405064
<0x0A>,0.034257945
SELECT,0.022820711
▁CREATE,0.00081835705
▁Select,0.00064737373
<0x09>,0.00016625931
▁select,0.00013049843
Select,0.00012747545
▁UPDATE,0.000105680854
▁WHERE,7.915131e-05
