Token,Probability
▁SELECT,0.643005
<0x0A>,0.26388872
SELECT,0.08303627
▁Select,0.0022128415
▁CREATE,0.0021785349
<0x09>,0.001037138
1,0.0007587864
2,0.0007184045
Select,0.0004899093
▁WHERE,0.00037857256
