Token,Probability
▁SELECT,0.8064372
<0x0A>,0.1275969
SELECT,0.056620773
1,0.002030437
2,0.0014397954
▁Select,0.0012706149
3,0.0008076521
<0x09>,0.00042894078
4,0.00042560272
Select,0.00041574365
