Token,Probability
▁SELECT,0.8739242
<0x0A>,0.07062391
SELECT,0.053309716
▁Select,0.0006015436
<0x09>,0.0003145243
▁select,0.00025872068
Select,0.00018928407
▁CREATE,0.00017369683
▁SUM,0.00013527523
select,7.82913e-05
