Token,Probability
▁SELECT,0.804531
<0x0A>,0.11059606
SELECT,0.07140618
3,0.0045648445
1,0.0017876189
2,0.0012095633
▁Select,0.00110132
<0x09>,0.0005581219
▁select,0.00051216135
▁CREATE,0.0004245967
