Token,Probability
▁SELECT,0.8214668
<0x0A>,0.095091686
SELECT,0.08007523
▁Select,0.0010899061
▁CREATE,0.0008099495
Select,0.00031226335
▁select,0.00024895804
<0x09>,0.00018792338
select,0.00011398129
▁UPDATE,8.1458755e-05
