Token,Probability
▁SELECT,0.6980388
<0x0A>,0.14862104
SELECT,0.14862104
▁Select,0.0009936077
▁CREATE,0.00059331034
Select,0.0005705809
<0x09>,0.0005573634
1,0.0003175761
▁select,0.00027163723
2,0.00025319375
