Token,Probability
▁SELECT,0.75571936
<0x0A>,0.16090193
SELECT,0.079652235
<0x09>,0.00089879084
▁Select,0.0008119898
▁CREATE,0.00036886305
▁select,0.0002828171
Select,0.00022724991
1,0.00016368197
2,0.00012648362
