Token,Probability
▁SELECT,0.88406026
<0x0A>,0.06404111
SELECT,0.049102023
▁Select,0.0009724128
▁CREATE,0.00033084684
<0x09>,0.00027643287
Select,0.0002658429
▁select,0.00026172138
▁WHERE,0.0001336742
▁UPDATE,0.0001099574
