Token,Probability
▁SELECT,0.9472884
SELECT,0.029978441
<0x0A>,0.020603862
▁Select,0.0006520419
▁CREATE,0.0005754249
<0x09>,0.00018248562
Select,0.00016615505
▁select,0.00014663131
▁UPDATE,0.00010397717
▁WHERE,4.7604215e-05
