Token,Probability
▁SELECT,0.7682194
<0x0A>,0.15607324
SELECT,0.06925708
▁Select,0.0012884635
▁CREATE,0.0012198928
1,0.0006230603
<0x09>,0.00052058627
2,0.00046301904
▁select,0.00034408655
Select,0.0002897499
