Token,Probability
▁SELECT,0.8669646
<0x0A>,0.06685313
SELECT,0.05899768
▁Select,0.0016221431
▁CREATE,0.0012832207
<0x09>,0.00055190636
▁select,0.0005064577
▁WHERE,0.00038529275
Select,0.0003676489
2,0.000361949
