Token,Probability
▁SELECT,0.8783809
SELECT,0.05977457
<0x0A>,0.05615301
▁Select,0.001260118
1,0.0005335675
2,0.00048581875
<0x09>,0.0004389007
▁CREATE,0.00040591677
Select,0.0004027579
▁select,0.00032616325
