Token,Probability
▁SELECT,0.88119054
<0x0A>,0.07010709
SELECT,0.043191724
▁CREATE,0.0018682906
<0x09>,0.0011875578
▁Select,0.0011691464
Select,0.00027553557
▁select,0.0002568274
▁UPDATE,0.00018070063
select,7.2441486e-05
