Token,Probability
▁SELECT,0.89692616
<0x0A>,0.061997782
SELECT,0.03532527
▁Select,0.0016013525
▁CREATE,0.0006520794
<0x09>,0.00064196985
1,0.00042101415
Select,0.00037154366
▁select,0.00035452942
2,0.0003253345
