Token,Probability
▁SELECT,0.87591827
<0x0A>,0.0664964
SELECT,0.051787447
▁CREATE,0.0012468062
▁Select,0.0012371036
<0x09>,0.00066217384
Select,0.00050375523
▁select,0.00034085786
▁SQL,0.000273887
1,0.00021330338
