Token,Probability
▁SELECT,0.7847642
<0x0A>,0.15696271
SELECT,0.053403873
▁Select,0.0010997367
<0x09>,0.0009046187
▁CREATE,0.0008498107
Select,0.00032508155
▁SQL,0.0002251774
▁UPDATE,0.0002251774
▁select,0.00022342507
