Token,Probability
▁SELECT,0.8963636
<0x0A>,0.061958894
SELECT,0.036997344
▁CREATE,0.0013688502
▁Select,0.0007559509
▁select,0.0004693806
▁UPDATE,0.0004585074
2,0.0004014825
<0x09>,0.00027165664
Select,0.00017815677
