Token,Probability
▁SELECT,0.84845626
SELECT,0.09669324
<0x0A>,0.05016379
▁Select,0.0009780383
1,0.00058859383
2,0.0004109047
Select,0.00040770703
<0x09>,0.000392088
▁select,0.00033537063
3,0.00021484648
