Token,Probability
▁SELECT,0.7970594
<0x0A>,0.13850814
SELECT,0.060509734
▁CREATE,0.0012756161
▁Select,0.00084974355
<0x09>,0.0003077567
Select,0.00025714035
▁select,0.0002304991
▁UPDATE,0.0001940997
▁WHERE,0.00011772743
