Token,Probability
▁SELECT,0.80055815
<0x0A>,0.1527892
SELECT,0.04377484
▁Select,0.0008669138
▁CREATE,0.0004713328
<0x09>,0.00036707436
▁select,0.00022438807
Select,0.00020752504
▁UPDATE,0.00012010628
▁SQL,9.353887e-05
