Token,Probability
▁SELECT,0.93996906
SELECT,0.037020504
<0x0A>,0.016949221
▁Select,0.0012471325
1,0.001153409
2,0.0007446969
3,0.00038937377
▁CREATE,0.00037445704
<0x09>,0.00037154305
Select,0.00031779762
