Token,Probability
▁SELECT,0.7110764
SELECT,0.16116115
<0x0A>,0.12165083
▁Select,0.001249858
1,0.00080068904
Select,0.000679536
2,0.0005633551
▁CREATE,0.00040895192
<0x09>,0.00035809027
▁select,0.00033903305
