Token,Probability
▁SELECT,0.7931185
<0x0A>,0.13358295
SELECT,0.0376788
▁CREATE,0.0063461456
1,0.0056004543
2,0.004790322
▁IN,0.004294017
<0x09>,0.0027724258
▁Select,0.0023529269
3,0.001044105
