Token,Probability
▁SELECT,0.8271245
<0x0A>,0.12487712
SELECT,0.043156378
▁CREATE,0.0016218708
▁Select,0.00090978696
▁UPDATE,0.00058283145
<0x09>,0.00047569312
Select,0.00024678634
▁SQL,0.00017637026
▁select,0.00015443495
