Token,Probability
▁SELECT,0.70488447
<0x0A>,0.1810293
SELECT,0.09997388
▁CREATE,0.0028807018
2,0.0019340117
▁Select,0.0019040275
<0x09>,0.0012683558
▁WHERE,0.000734068
1,0.00070045254
Select,0.00054126786
