Token,Probability
▁SELECT,0.8626109
<0x0A>,0.10142694
SELECT,0.032417998
▁CREATE,0.0010420749
▁Select,0.00081156875
<0x09>,0.0004624179
Select,0.00019888344
▁select,0.00019427633
▁SQL,0.00017967622
▁WHERE,0.00011156352
