Token,Probability
▁SELECT,0.7849876
<0x0A>,0.16199134
SELECT,0.048638623
▁Select,0.0010914892
▁CREATE,0.00091912603
▁WHERE,0.00067772105
<0x09>,0.00037720858
Select,0.00028251615
▁select,0.00022174948
▁SQL,0.00013555273
