Token,Probability
▁SELECT,0.91786766
<0x0A>,0.058677312
SELECT,0.02092204
▁CREATE,0.0008112356
▁Select,0.0006028591
<0x09>,0.00025130904
▁WHERE,0.00015974176
Select,0.00014658726
▁select,0.00010641095
▁SQL,9.613428e-05
