Token,Probability
▁SELECT,0.8463575
<0x0A>,0.10429171
SELECT,0.042801227
▁Select,0.0017392288
▁WHERE,0.0014418715
▁CREATE,0.0010715078
<0x09>,0.0006653143
Select,0.00031182656
▁SQL,0.0002817118
▁UPDATE,0.00018047137
