Token,Probability
▁SELECT,0.8357343
<0x0A>,0.09088189
SELECT,0.06860125
▁CREATE,0.0009558763
▁Select,0.00092646707
<0x09>,0.0007862825
▁WHERE,0.00032522052
Select,0.00024357894
▁UPDATE,0.0002360848
▁select,0.00023424758
