Token,Probability
▁SELECT,0.87539726
SELECT,0.085332274
<0x0A>,0.029032847
1,0.0022387723
▁Select,0.001743558
2,0.0012171996
3,0.00072682305
Select,0.00067220145
▁CREATE,0.0004956503
5,0.0003626255
