Token,Probability
▁SELECT,0.88984925
SELECT,0.07191085
<0x0A>,0.031415522
▁Select,0.0018866487
1,0.00075634295
2,0.00061250513
Select,0.00054904603
3,0.00049602176
▁CREATE,0.00048453143
5,0.000346279
