Token,Probability
▁SELECT,0.909176
<0x0A>,0.057220586
SELECT,0.029225416
▁Select,0.0012062769
▁CREATE,0.0009394494
<0x09>,0.00091054564
▁UPDATE,0.00022843039
Select,0.00019235766
▁select,0.00017929707
▁SQL,0.00016975505
