Token,Probability
▁SELECT,0.9373467
<0x0A>,0.036917225
SELECT,0.020387627
▁CREATE,0.0022519652
<0x09>,0.0010310247
▁Select,0.0007311061
▁UPDATE,0.00039133284
▁WHERE,0.0001736529
▁select,0.00015324814
Select,0.00010532582
