Token,Probability
▁SELECT,0.7128744
<0x0A>,0.16669743
SELECT,0.112793125
▁CREATE,0.00086118607
<0x09>,0.00077801675
▁select,0.0007423888
▁Select,0.0006974098
1,0.0006919824
2,0.00065005734
▁AV,0.0005516965
