Token,Probability
▁SELECT,0.807309
<0x0A>,0.15407762
SELECT,0.035470683
▁Select,0.0007024588
▁CREATE,0.00052611734
<0x09>,0.00029054956
▁SQL,0.00019354773
Select,0.00019054709
▁select,0.00016947607
2,0.00016045671
