Token,Probability
▁SELECT,0.88108337
<0x0A>,0.061861757
SELECT,0.04597176
1,0.0017142312
2,0.0016485602
▁Select,0.0013560686
<0x09>,0.0010316425
▁CREATE,0.00093201146
3,0.0005310441
▁WHERE,0.000522811
