Token,Probability
▁SELECT,0.76056534
<0x0A>,0.18349494
SELECT,0.040308487
2,0.0029428382
▁CREATE,0.0024018746
1,0.002086785
▁Select,0.001975728
▁UPDATE,0.00067747984
<0x09>,0.0006722077
▁SQL,0.0005978738
