Token,Probability
▁SELECT,0.83050567
<0x0A>,0.10394998
SELECT,0.061109036
▁Select,0.00097242213
▁CREATE,0.00089234475
<0x09>,0.00068955054
Select,0.00023460777
▁SQL,0.00022917309
▁WHERE,0.00017298892
▁select,0.00015385952
