Token,Probability
▁SELECT,0.9297902
<0x0A>,0.038377028
SELECT,0.029424682
▁Select,0.0006603132
▁CREATE,0.00057369
<0x09>,0.00035344018
▁select,0.0001951882
Select,0.00013415074
▁WHERE,7.525175e-05
▁UPDATE,5.815005e-05
