Token,Probability
▁SELECT,0.8657573
<0x0A>,0.08308421
SELECT,0.047339953
▁Select,0.0009086726
<0x09>,0.0006752682
▁CREATE,0.00041602066
▁select,0.00031402885
Select,0.0002771295
1,0.00020918832
2,0.00015304543
