Token,Probability
▁SELECT,0.75833696
<0x0A>,0.12379511
SELECT,0.08376396
2,0.021178845
1,0.0026508435
▁Select,0.0024136205
▁CREATE,0.0020969897
<0x09>,0.0007303841
Select,0.00057328504
▁select,0.00043613225
