Token,Probability
▁SELECT,0.8954688
<0x0A>,0.060937412
SELECT,0.04059307
▁Select,0.00079143886
▁CREATE,0.0007094412
<0x09>,0.00021636735
Select,0.0002113552
▁select,0.00020807843
▁SQL,0.00020645915
▁UPDATE,0.00014079291
