Token,Probability
▁SELECT,0.85861576
SELECT,0.071589366
<0x0A>,0.06620934
▁Select,0.000795286
▁CREATE,0.00044264333
Select,0.00033152453
<0x09>,0.00031634292
1,0.00027058244
▁UPDATE,0.00021572712
2,0.00019337655
