Token,Probability
▁SELECT,0.86967486
<0x0A>,0.10067217
SELECT,0.027095549
▁CREATE,0.00079304085
▁Select,0.00059861864
<0x09>,0.00027193478
▁select,0.0001883637
Select,0.00015861813
▁UPDATE,0.00010484019
▁SQL,9.32468e-05
