Token,Probability
▁SELECT,0.9301721
<0x0A>,0.034957033
SELECT,0.032839093
▁CREATE,0.0005391533
▁Select,0.0004986353
<0x09>,0.00022300347
▁select,0.00014174964
▁UPDATE,0.00012315421
Select,0.00011126056
▁WHERE,8.732942e-05
