Token,Probability
▁SELECT,0.70503
<0x0A>,0.19886285
SELECT,0.09104605
▁Select,0.0015422469
▁CREATE,0.00072850584
<0x09>,0.00055856485
Select,0.00048528952
▁select,0.0002897796
▁SQL,0.00018419512
▁UPDATE,0.00018419512
