Token,Probability
▁SELECT,0.79740834
<0x0A>,0.11487757
SELECT,0.06053622
1,0.007940624
2,0.006088287
3,0.003158562
4,0.0017172805
5,0.0016644452
6,0.0013584808
▁Select,0.0009120407
