Token,Probability
▁SELECT,0.80977684
<0x0A>,0.10789233
SELECT,0.062443286
1,0.0055421568
2,0.004967957
3,0.0021035653
4,0.0010577391
6,0.0010251958
5,0.0010093017
▁Select,0.0009334515
