Token,Probability
▁SELECT,0.7476277
SELECT,0.12592104
<0x0A>,0.11829188
▁Select,0.0027388278
<0x09>,0.0013558181
▁CREATE,0.0013558181
Select,0.00060164067
▁select,0.00033748982
▁WHERE,0.00022306714
1,0.0002095522
