Token,Probability
▁SELECT,0.9201998
SELECT,0.0385793
<0x0A>,0.036241896
▁Select,0.0012596588
▁CREATE,0.0005903902
<0x09>,0.00053755636
▁WHERE,0.0003416916
1,0.0003160131
2,0.00029919518
▁UPDATE,0.00024229563
