Token,Probability
▁SELECT,0.85893637
<0x0A>,0.07505302
SELECT,0.06125649
▁Select,0.0015097512
Select,0.0004604481
<0x09>,0.00035029044
▁CREATE,0.00031399832
1,0.00030196924
▁select,0.0002858987
2,0.0002261645
