Token,Probability
▁SELECT,0.9251862
<0x0A>,0.040649846
SELECT,0.030684115
▁Select,0.0011003409
<0x09>,0.00048827333
▁CREATE,0.0004586903
▁select,0.00024744487
Select,0.0002417128
▁OUT,0.00022180814
▁SQL,0.00010980299
