Token,Probability
▁SELECT,0.79341024
SELECT,0.12358948
<0x0A>,0.066152684
1,0.0041634347
2,0.0032424862
3,0.0014276473
4,0.00085248717
5,0.0008262589
▁Select,0.0006849927
▁SUM,0.00067966204
