Token,Probability
▁SELECT,0.9415834
<0x0A>,0.029797897
SELECT,0.025888864
<0x09>,0.0007344106
▁CREATE,0.00071181514
▁Select,0.0005047525
▁select,0.00018424302
▁UPDATE,0.00012963117
Select,0.00011803052
▁WHERE,4.550482e-05
