Token,Probability
▁SELECT,0.7869765
<0x0A>,0.14786851
SELECT,0.060685117
▁Select,0.0012793134
▁CREATE,0.00071204506
<0x09>,0.00045973083
Select,0.00038411954
▁select,0.00031350917
2,0.00019314743
▁SQL,0.00016912552
