Token,Probability
▁SELECT,0.88978004
SELECT,0.06445546
<0x0A>,0.042270917
<0x09>,0.00064688403
▁Select,0.0006029622
▁CREATE,0.0004275643
▁WHERE,0.00023612341
▁select,0.0001927183
1,0.00018389309
Select,0.00015485352
