Token,Probability
▁SELECT,0.55167204
<0x0A>,0.24100769
SELECT,0.19670475
2,0.002117961
<0x09>,0.0017421871
▁Select,0.0016366333
1,0.0008898221
Select,0.0006459416
▁CREATE,0.0005973984
3,0.0003377384
