Token,Probability
▁SELECT,0.8797302
<0x0A>,0.083116256
SELECT,0.033061367
▁CREATE,0.0012819282
<0x09>,0.0010140886
▁Select,0.0005428025
▁select,0.00023899272
▁UPDATE,0.00015673524
▁WHERE,0.0001289269
Select,0.0001137776
