Token,Probability
▁SELECT,0.9501264
SELECT,0.030068254
<0x0A>,0.017402172
▁Select,0.0008939058
▁CREATE,0.00042890068
<0x09>,0.0002521377
▁select,0.00018591466
Select,0.00017060488
1,6.325428e-05
▁UPDATE,5.895947e-05
