Token,Probability
▁SELECT,0.83424145
<0x0A>,0.10942866
SELECT,0.05333127
▁Select,0.0008893832
▁CREATE,0.00051473547
▁select,0.00033233818
Select,0.00027124654
<0x09>,0.00026704127
select,0.00010539505
1,8.535151e-05
