Token,Probability
▁SELECT,0.7963697
<0x0A>,0.126004
SELECT,0.06958601
▁CREATE,0.0034107715
<0x09>,0.001216148
▁Select,0.0010986981
1,0.00024324491
Select,0.00022321408
▁SQL,0.00021133483
▁UPDATE,0.00020805838
