Token,Probability
▁SELECT,0.92057127
SELECT,0.0552846
<0x0A>,0.020022755
▁Select,0.00093647675
1,0.0007180217
2,0.00058147166
Select,0.0002600502
3,0.00022070172
▁CREATE,0.00017458946
▁select,0.00016146885
