Token,Probability
▁SELECT,0.8854321
SELECT,0.067218654
<0x0A>,0.042726774
▁Select,0.0018772836
Select,0.0004709579
▁CREATE,0.00043898096
▁select,0.000363928
<0x09>,0.00029014872
1,0.0001873341
2,0.00014589593
