Token,Probability
▁SELECT,0.8896373
SELECT,0.055990882
<0x0A>,0.045698427
▁CREATE,0.0043855445
▁Select,0.0011088394
<0x09>,0.00054891524
Select,0.0003984698
▁select,0.00033034303
▁UPDATE,0.00025727143
▁WHERE,0.0002200559
