Token,Probability
▁SELECT,0.842587
<0x0A>,0.09907249
SELECT,0.054713033
▁Select,0.0009053256
▁CREATE,0.00046239505
<0x09>,0.00040488667
Select,0.00034903415
▁select,0.00028265643
▁WHERE,0.00022013304
▁UPDATE,0.00013042452
