Token,Probability
▁SELECT,0.82066643
SELECT,0.09801463
<0x0A>,0.076333866
▁Select,0.001881354
Select,0.00061078626
▁CREATE,0.0004907805
<0x09>,0.00043993283
▁select,0.0003000081
▁UPDATE,0.00015203671
1,0.00013951672
