Token,Probability
▁SELECT,0.90574354
<0x0A>,0.07094332
SELECT,0.019700246
▁CREATE,0.0010119521
▁Select,0.00089304463
<0x09>,0.000493186
Select,0.00024224485
▁UPDATE,0.00016779809
▁select,0.00015763173
▁WHERE,0.00010257292
