Token,Probability
▁SELECT,0.8203842
SELECT,0.07168437
<0x0A>,0.061314892
1,0.015025861
2,0.010489741
3,0.0037402324
▁CREATE,0.001970964
4,0.001970964
▁HE,0.0019556256
5,0.0016858547
