Token,Probability
▁SELECT,0.84020245
SELECT,0.08583208
<0x0A>,0.07115729
▁Select,0.00072539086
▁CREATE,0.00045749824
Select,0.00033471285
<0x09>,0.00029080358
▁select,0.00018922951
▁WHERE,0.00010368921
▁SQL,7.468455e-05
