Token,Probability
▁SELECT,0.89096856
SELECT,0.06659032
<0x0A>,0.03976289
▁Select,0.0007282828
<0x09>,0.00047761953
▁select,0.00031323053
Select,0.00023643879
1,0.00016766023
2,0.0001041026
▁CREATE,8.171107e-05
