Token,Probability
▁SELECT,0.7495611
<0x0A>,0.18368785
SELECT,0.06348082
▁Select,0.0009790846
▁CREATE,0.000562241
<0x09>,0.00048848346
Select,0.00031786226
▁WHERE,0.00016750162
▁select,0.00012159314
▁SQL,7.491137e-05
