Token,Probability
▁SELECT,0.86640483
<0x0A>,0.0857857
SELECT,0.039275553
▁CREATE,0.0022861115
▁Select,0.0010631405
<0x09>,0.00086771004
1,0.00062498805
▁SQL,0.00056023564
2,0.00041309188
▁select,0.0003424652
