Token,Probability
▁SELECT,0.9157688
<0x0A>,0.054996192
SELECT,0.024026055
▁CREATE,0.0023420202
▁Select,0.00086833857
<0x09>,0.0003705614
▁UPDATE,0.00035636543
▁select,0.00025668042
Select,0.00022300778
▁INSERT,0.00012607718
