Token,Probability
▁SELECT,0.83670735
SELECT,0.09685591
<0x0A>,0.061565362
▁Select,0.0017464749
▁CREATE,0.00047374406
<0x09>,0.000441578
Select,0.00041159595
▁select,0.00030587212
2,0.0001826446
▁SQL,0.00015992894
