Token,Probability
▁SELECT,0.20720522
2,0.16649407
1,0.15398183
3,0.09635938
SELECT,0.08114273
4,0.066226766
<0x0A>,0.05576853
5,0.05490392
6,0.042096294
9,0.025136845
