Token,Probability
▁SELECT,0.7777364
<0x0A>,0.1630224
SELECT,0.04818933
▁CREATE,0.0020521493
▁Select,0.001942936
2,0.0018979277
1,0.00073745527
▁WHERE,0.00050290074
▁UPDATE,0.00045433297
<0x09>,0.00045079738
