Token,Probability
▁SELECT,0.78908914
SELECT,0.10350597
<0x0A>,0.0913437
▁SUM,0.0031256094
1,0.0021148932
▁Select,0.0019867586
2,0.0017809187
3,0.0015233004
<0x09>,0.00084784435
▁CREATE,0.0006654807
