Token,Probability
▁SELECT,0.89441174
<0x0A>,0.052061003
SELECT,0.04814856
▁Select,0.0015237377
▁CREATE,0.0015237377
<0x09>,0.00066049135
Select,0.00029770678
▁UPDATE,0.00017365081
▁select,0.00016962821
1,0.00012605698
