Token,Probability
▁SELECT,0.8988962
<0x0A>,0.053145982
SELECT,0.044753406
▁Select,0.00073476287
▁CREATE,0.00072337146
<0x09>,0.0006690093
▁select,0.00020563656
Select,0.0001772698
▁UPDATE,0.0001208875
▁SQL,9.86655e-05
