Token,Probability
▁SELECT,0.74063444
<0x0A>,0.19021066
SELECT,0.052000698
▁CREATE,0.0053122058
▁Select,0.0025889624
<0x09>,0.0016075234
2,0.0014409745
▁UPDATE,0.00093766
1,0.0008537492
3,0.0004463931
