Token,Probability
▁SELECT,0.8808374
<0x0A>,0.06792288
SELECT,0.045958925
▁CREATE,0.0018675418
▁Select,0.0009841253
▁UPDATE,0.0003270754
<0x09>,0.00032453012
▁WHERE,0.00026076726
Select,0.00023193119
▁select,0.00019078139
