Token,Probability
▁SELECT,0.86916107
<0x0A>,0.059147153
SELECT,0.059147153
2,0.001814216
1,0.0018000979
▁Select,0.0017721897
▁CREATE,0.0010582228
3,0.0008241448
<0x09>,0.00081136764
Select,0.0005238583
