Token,Probability
▁SELECT,0.94022566
<0x0A>,0.029754931
SELECT,0.027952174
▁CREATE,0.0009564707
▁Select,0.0003357528
<0x09>,0.00018834027
▁select,0.00014106033
Select,8.622846e-05
▁UPDATE,7.609634e-05
▁SQL,6.0197162e-05
