Token,Probability
▁SELECT,0.81396276
<0x0A>,0.122889996
SELECT,0.058963265
▁Select,0.0010304953
▁CREATE,0.0007778588
<0x09>,0.0007194017
Select,0.00038506798
▁select,0.0002176977
▁UPDATE,0.00021099985
▁SQL,0.00012797787
