Token,Probability
▁SELECT,0.7854361
<0x0A>,0.14757906
SELECT,0.06248891
▁Select,0.0010421012
▁CREATE,0.0008373519
<0x09>,0.00043103175
▁select,0.00033307556
Select,0.00033307556
1,0.00023618592
2,0.00015130639
