Token,Probability
▁SELECT,0.8638629
<0x0A>,0.0778796
SELECT,0.054368727
▁Select,0.0009957979
▁CREATE,0.0007342554
<0x09>,0.0006329677
▁select,0.00023652274
Select,0.00021704547
▁SQL,0.00014571744
▁WHERE,0.00012960377
