Token,Probability
▁SELECT,0.7189529
<0x0A>,0.17896153
SELECT,0.08998752
▁Select,0.0020511914
2,0.0017004975
<0x09>,0.001366388
▁CREATE,0.0010233774
1,0.00092454447
▁WHERE,0.0005922854
Select,0.0004102641
