Token,Probability
▁SELECT,0.92849296
SELECT,0.033820353
<0x0A>,0.032779813
▁CREATE,0.0019080137
▁Select,0.0008873089
<0x09>,0.00036131695
▁COUNT,0.00024832928
▁UPDATE,0.00019644463
Select,0.00019491588
▁select,0.00016159094
