Token,Probability
▁SELECT,0.896615
<0x0A>,0.069139525
SELECT,0.032152865
▁Select,0.0006569657
▁CREATE,0.00033554528
<0x09>,0.0003226907
Select,0.00020036323
▁select,0.00018822383
▁WHERE,8.1588994e-05
select,4.8339876e-05
