Token,Probability
▁SELECT,0.9397709
<0x0A>,0.029279457
SELECT,0.027938653
▁Select,0.0008436742
▁CREATE,0.00081771705
<0x09>,0.0003923449
Select,0.00017274712
▁select,0.00016612929
▁WHERE,0.00012938163
▁UPDATE,0.00011417888
