Token,Probability
▁SELECT,0.76182526
<0x0A>,0.1699862
SELECT,0.06451948
▁CREATE,0.0007629729
▁Select,0.00073949865
▁UPDATE,0.00038968842
<0x09>,0.00038364687
Select,0.00028959184
▁select,0.00021859538
▁WHERE,0.0001008652
