Token,Probability
▁SELECT,0.87117124
SELECT,0.064101234
<0x0A>,0.062129043
▁Select,0.00079440535
▁CREATE,0.0005010251
Select,0.00028771453
▁select,0.00020723301
<0x09>,0.00020085712
▁UPDATE,0.00012087794
▁WHERE,8.1153616e-05
