Token,Probability
▁SELECT,0.8602895
SELECT,0.0787788
<0x0A>,0.056742243
▁Select,0.0011062976
▁CREATE,0.0008482279
<0x09>,0.00065545965
▁select,0.0002690001
Select,0.00021446559
1,0.00012706665
▁WHERE,0.000119368065
