Token,Probability
▁SELECT,0.60175043
<0x0A>,0.32716602
SELECT,0.05774824
▁CREATE,0.0032074228
<0x09>,0.003108741
▁Select,0.001730275
1,0.0009858808
2,0.00048804647
3,0.00039215636
▁SQL,0.00027591645
