Token,Probability
▁SELECT,0.73238677
<0x0A>,0.13130972
SELECT,0.12726973
1,0.0023677347
2,0.0012873152
▁Select,0.0011360516
<0x09>,0.0006080846
Select,0.00054084166
3,0.0005080738
▁CREATE,0.00028723883
