Token,Probability
▁SELECT,0.92451185
SELECT,0.04190964
<0x0A>,0.027917838
▁Select,0.001347183
<0x09>,0.0011523069
▁CREATE,0.0011523069
▁select,0.00028238492
Select,0.00027156694
▁WHERE,0.00023779196
▁UPDATE,0.00023047588
