Token,Probability
▁SELECT,0.88412297
SELECT,0.059232544
<0x0A>,0.0426636
1,0.0025621485
▁Select,0.0019340111
2,0.0019040271
3,0.001471318
5,0.00095740496
4,0.0007875398
<0x09>,0.0007398252
