Token,Probability
▁SELECT,0.82573736
SELECT,0.09120883
<0x0A>,0.07561478
1,0.0012414459
▁Select,0.0009518496
2,0.00088722137
▁CREATE,0.000649105
<0x09>,0.0006193804
Select,0.000399902
3,0.00036128136
