Token,Probability
▁SELECT,0.912546
<0x0A>,0.046148453
SELECT,0.031717338
▁CREATE,0.0015186183
▁Select,0.0013827179
▁WHERE,0.0013719574
1,0.0009503271
<0x09>,0.0008321342
2,0.00072297076
▁SQL,0.00041516716
