Token,Probability
▁SELECT,0.86593175
<0x0A>,0.084409595
SELECT,0.0458927
<0x09>,0.0009088557
▁Select,0.00067540427
▁CREATE,0.0005822348
▁select,0.00022623206
Select,0.00018036793
▁WHERE,0.00016042255
1,0.00012204306
