Token,Probability
▁SELECT,0.80038357
<0x0A>,0.11530619
SELECT,0.079248704
▁Select,0.0011663054
Select,0.00060036266
<0x09>,0.0005956906
▁CREATE,0.00044267962
1,0.0004062257
2,0.0003367729
▁select,0.0003018813
