Token,Probability
▁SELECT,0.783864
<0x0A>,0.12796229
SELECT,0.08133778
▁Select,0.0012742536
<0x09>,0.0012159012
▁CREATE,0.0011784919
1,0.0004136896
Select,0.00034029174
▁select,0.00031967452
2,0.0002843244
