Token,Probability
▁SELECT,0.78189164
<0x0A>,0.13587238
SELECT,0.07741775
▁Select,0.0010054811
▁CREATE,0.00092991797
<0x09>,0.00084670004
Select,0.00025621935
2,0.00024833632
1,0.00022967356
▁select,0.00022087489
