Token,Probability
▁SELECT,0.8844862
SELECT,0.055666693
<0x0A>,0.050685097
▁Select,0.002226948
▁CREATE,0.0011110656
1,0.00095034466
<0x09>,0.00086529873
2,0.00073436945
Select,0.0006791807
▁select,0.00035511784
