Token,Probability
▁SELECT,0.7858374
<0x0A>,0.113210626
SELECT,0.0953329
▁Select,0.0014251113
▁CREATE,0.0009129606
Select,0.0004848697
<0x09>,0.0004590654
2,0.0003575205
▁select,0.00030820194
▁WHERE,0.00017154022
