Token,Probability
▁SELECT,0.7668139
<0x0A>,0.15824097
SELECT,0.071324795
▁CREATE,0.00081749883
▁Select,0.0006938022
<0x09>,0.00057070615
Select,0.0002473828
▁select,0.00023790571
▁UPDATE,0.00020033667
▁WHERE,9.9173856e-05
