Token,Probability
▁SELECT,0.8344919
<0x0A>,0.1129362
SELECT,0.047820196
▁Select,0.0008622785
▁CREATE,0.0008622785
<0x09>,0.00069829443
▁WHERE,0.00041372573
▁UPDATE,0.00028213646
▁select,0.00019850778
Select,0.000196963
