Token,Probability
▁SELECT,0.86807114
<0x0A>,0.06387313
SELECT,0.06387313
▁Select,0.0010989978
▁CREATE,0.0005273049
1,0.00032486313
<0x09>,0.0003198266
Select,0.00029579122
▁select,0.00023582534
2,0.00016463263
