Token,Probability
▁SELECT,0.84150577
<0x0A>,0.09295057
SELECT,0.05637737
▁CREATE,0.0022553785
▁Select,0.0017564906
<0x09>,0.00112525
▁UPDATE,0.00072651607
▁SQL,0.00043382257
▁select,0.0004043671
Select,0.00030762624
