Token,Probability
▁SELECT,0.89172417
<0x0A>,0.057903737
SELECT,0.045805626
▁Select,0.0010359763
▁CREATE,0.00083243044
<0x09>,0.00061860983
Select,0.00027237018
1,0.00024036584
▁WHERE,0.0001946542
▁select,0.00018429488
