Token,Probability
▁SELECT,0.8729966
<0x0A>,0.07748285
SELECT,0.04699573
▁Select,0.00072482985
▁CREATE,0.00034507076
<0x09>,0.00027944683
Select,0.00023716343
▁select,0.00018615171
1,0.00011379225
▁SQL,7.233076e-05
