Token,Probability
▁SELECT,0.8016512
<0x0A>,0.13292679
SELECT,0.05807142
▁Select,0.0024729792
▁CREATE,0.0013133893
<0x09>,0.00070852047
Select,0.0006451152
▁select,0.0002626944
1,0.0002606501
2,0.00019829212
