Token,Probability
▁SELECT,0.87355155
<0x0A>,0.06327987
SELECT,0.05944593
▁Select,0.0010552916
▁select,0.0003479982
<0x09>,0.0003452901
Select,0.00032947812
1,0.00026063863
▁CREATE,0.00019674037
2,0.00015808533
