Token,Probability
▁SELECT,0.9145968
<0x0A>,0.052410573
SELECT,0.028943865
▁CREATE,0.0011048763
▁Select,0.000847138
<0x09>,0.0004826847
▁WHERE,0.00025435694
▁select,0.0002465312
▁UPDATE,0.00018902204
Select,0.0001748168
