Token,Probability
▁SELECT,0.85604066
<0x0A>,0.08344543
SELECT,0.056462005
▁CREATE,0.0012280688
▁Select,0.0010023206
<0x09>,0.00036301644
Select,0.00029860923
▁UPDATE,0.00024755573
▁select,0.0001927966
▁WHERE,0.0001466719
