Token,Probability
▁SELECT,0.8512119
<0x0A>,0.07208969
SELECT,0.06263261
1,0.0026672182
2,0.00217692
▁Select,0.0014961738
3,0.0013622819
4,0.00092176604
5,0.0008934062
6,0.0008392775
