Token,Probability
▁SELECT,0.81413466
<0x0A>,0.111916244
SELECT,0.06579217
▁CREATE,0.003541767
▁Select,0.001233602
<0x09>,0.00061067723
Select,0.0003479534
▁UPDATE,0.0003119034
▁select,0.0003070678
1,0.00022117264
