Token,Probability
▁SELECT,0.77163446
<0x0A>,0.11116449
SELECT,0.08932317
1,0.008439186
2,0.005199232
3,0.0026555078
4,0.0016617745
5,0.0015610926
6,0.0014550984
▁Select,0.0012253156
