Token,Probability
▁SELECT,0.9251872
<0x0A>,0.044645164
SELECT,0.027938232
▁Select,0.0005889706
▁CREATE,0.00029615304
<0x09>,0.0002738968
3,0.00018678137
▁select,0.00013989279
Select,0.00013989279
▁UPDATE,0.00013348662
