Token,Probability
▁SELECT,0.89544564
<0x0A>,0.05377569
SELECT,0.04672113
▁Select,0.0010162013
▁CREATE,0.00080388144
<0x09>,0.00070942286
Select,0.00031727352
▁select,0.00030751206
▁UPDATE,0.0001607864
▁WHERE,0.0001375279
