Token,Probability
▁SELECT,0.8822106
<0x0A>,0.08735068
SELECT,0.021406205
▁CREATE,0.0034944667
▁Select,0.0015266195
<0x09>,0.0009478996
▁UPDATE,0.00078583637
▁SQL,0.00037120283
Select,0.0002453501
▁WHERE,0.0002251459
