Token,Probability
▁SELECT,0.93021023
SELECT,0.037799112
<0x0A>,0.028981587
▁Select,0.0010556541
<0x09>,0.0004298681
▁CREATE,0.00037935728
Select,0.00022476174
▁select,0.00020950098
▁WHERE,0.00015089789
▁UPDATE,9.369463e-05
