Token,Probability
▁SELECT,0.7850714
<0x0A>,0.15219302
SELECT,0.05776596
▁CREATE,0.0013799188
▁Select,0.0010017136
<0x09>,0.000540384
Select,0.00035163458
▁select,0.0002342391
▁UPDATE,0.0002116174
▁WHERE,0.00020671528
