Token,Probability
▁SELECT,0.8113501
<0x0A>,0.12442458
SELECT,0.056965716
▁Select,0.0017473052
<0x09>,0.0012293827
▁CREATE,0.0009135996
▁WHERE,0.0004852091
Select,0.00037788122
1,0.00028302
▁select,0.00024782057
