Token,Probability
▁SELECT,0.90989214
<0x0A>,0.0474749
SELECT,0.03997787
▁Select,0.0005976208
▁CREATE,0.00034318474
▁UPDATE,0.00023403166
<0x09>,0.00022683128
▁select,0.00020017786
Select,0.0001986201
1,0.00016725488
