Token,Probability
▁SELECT,0.7845121
<0x0A>,0.11660731
SELECT,0.09369661
▁CREATE,0.0017705886
▁Select,0.00090432813
<0x09>,0.0007918561
▁select,0.00028014777
Select,0.00025707806
▁UPDATE,0.00015112839
▁WHERE,0.00014197199
