Token,Probability
▁SELECT,0.908613
<0x0A>,0.05542575
SELECT,0.033096228
▁Select,0.00077834865
▁CREATE,0.00058752834
<0x09>,0.0004264999
▁select,0.0002212652
Select,0.00019526586
▁UPDATE,0.000116598574
▁SQL,0.00011039331
