Token,Probability
▁SELECT,0.85765105
SELECT,0.07150894
<0x0A>,0.0682343
▁Select,0.0007233026
▁CREATE,0.0003363669
Select,0.0003209636
<0x09>,0.00027453472
▁select,0.00020401685
▁UPDATE,0.00016781969
▁WHERE,0.00010920235
