Token,Probability
▁SELECT,0.9098972
<0x0A>,0.054643575
SELECT,0.033143003
▁CREATE,0.0006878611
▁Select,0.0005441429
<0x09>,0.0002845117
Select,0.00017665733
▁select,0.00015348256
▁UPDATE,8.952558e-05
▁SQL,7.193583e-05
