Token,Probability
▁SELECT,0.8895125
<0x0A>,0.05686463
SELECT,0.050182864
▁CREATE,0.00091913115
▁Select,0.0006517616
<0x09>,0.00041753417
Select,0.00024932105
▁UPDATE,0.00022175073
▁select,0.00017818171
▁SQL,0.00015847808
