Token,Probability
▁SELECT,0.7583336
<0x0A>,0.17457832
SELECT,0.062247816
▁CREATE,0.001054428
▁Select,0.0010380807
<0x09>,0.0006861294
1,0.00030685603
▁select,0.00028158692
Select,0.00022626144
2,0.00015795596
