Token,Probability
▁SELECT,0.83249646
<0x0A>,0.09195542
SELECT,0.0694116
▁Select,0.0015576511
▁CREATE,0.0008272622
2,0.0006442725
<0x09>,0.00045685755
Select,0.0004462745
▁select,0.00030433276
▁WHERE,0.00029728288
