Token,Probability
▁SELECT,0.8756945
<0x0A>,0.08145227
SELECT,0.04095678
▁Select,0.00056624255
<0x09>,0.000245448
▁select,0.00023420811
▁CREATE,0.0002270023
Select,0.00019876983
▁WHERE,6.762803e-05
select,6.205897e-05
