Token,Probability
▁SELECT,0.83375436
<0x0A>,0.13399653
SELECT,0.026800992
▁CREATE,0.0024928804
<0x09>,0.0010721745
▁Select,0.0007368941
▁select,0.00026070295
Select,0.00018486608
▁WHERE,7.1831215e-05
▁SUM,6.96212e-05
