Token,Probability
▁SELECT,0.8504863
<0x0A>,0.10317569
SELECT,0.042343218
▁CREATE,0.0009880675
▁Select,0.0007285553
<0x09>,0.00070614
▁UPDATE,0.00024403546
Select,0.00021704963
▁select,0.00015756114
▁WHERE,0.00014686312
