Token,Probability
▁SELECT,0.7436099
SELECT,0.10712717
<0x0A>,0.077160805
1,0.018043159
3,0.012596154
2,0.011649538
5,0.009508076
4,0.005950002
6,0.0037234162
▁Select,0.0022583662
