Token,Probability
▁SELECT,0.8580634
<0x0A>,0.105734155
SELECT,0.030293344
▁CREATE,0.0024866292
<0x09>,0.0011208116
▁Select,0.00075837906
▁select,0.00035267897
▁UPDATE,0.00022949261
Select,0.00016921724
▁SQL,9.057546e-05
