Token,Probability
▁SELECT,0.8078064
<0x0A>,0.1360568
SELECT,0.05245457
▁CREATE,0.00080902333
▁Select,0.0007841322
<0x09>,0.0004906974
▁UPDATE,0.00029072858
Select,0.00026265142
▁select,0.00019215986
▁SQL,0.0001682608
