Token,Probability
▁SELECT,0.9092951
<0x0A>,0.05722808
SELECT,0.03015708
▁Select,0.0008422273
▁CREATE,0.00079119933
<0x09>,0.00039784
Select,0.0002016155
▁select,0.00018792631
▁SQL,0.00018072696
▁UPDATE,0.00017932054
