Token,Probability
▁SELECT,0.8724819
SELECT,0.059373137
<0x0A>,0.030324833
1,0.014324436
2,0.006558205
3,0.00410402
▁Select,0.0020961282
4,0.0018643349
5,0.0017377514
9,0.0011575919
