Token,Probability
▁SELECT,0.7912498
<0x0A>,0.15580632
SELECT,0.047518242
▁CREATE,0.0013065157
▁Select,0.0012663184
<0x09>,0.0007444302
Select,0.0002984363
▁select,0.00027600848
▁SQL,0.00023793415
▁UPDATE,0.0002132828
