Token,Probability
▁SELECT,0.8768809
SELECT,0.058747355
<0x0A>,0.05433242
1,0.0021398722
▁Select,0.0017740164
2,0.0013390979
3,0.00069471484
<0x09>,0.0006681007
Select,0.00043135823
4,0.00040840177
