Token,Probability
▁SELECT,0.93632877
<0x0A>,0.03804774
SELECT,0.023440534
▁Select,0.00053430774
▁CREATE,0.00038786585
<0x09>,0.00029738704
▁WHERE,0.00015189043
▁select,0.0001329997
Select,0.000108551205
▁SQL,9.8836994e-05
