Token,Probability
▁SELECT,0.8970064
SELECT,0.05303425
<0x0A>,0.046802565
▁Select,0.00089835766
<0x09>,0.0004961202
▁CREATE,0.00031289912
Select,0.00021843876
▁select,0.00019889076
▁WHERE,0.00015733555
▁COUNT,0.0001377676
