Token,Probability
▁SELECT,0.7585336
<0x0A>,0.17191705
SELECT,0.06226423
▁CREATE,0.002376817
▁Select,0.0021641161
<0x09>,0.0005601502
Select,0.0004130288
▁select,0.00026253707
▁WHERE,0.00016687872
1,0.00016687872
