Token,Probability
▁SELECT,0.8807333
SELECT,0.059005454
<0x0A>,0.055430494
▁Select,0.0011869416
▁CREATE,0.0011325876
<0x09>,0.0007312535
Select,0.00032960178
▁select,0.0002931539
▁WHERE,0.0002230197
▁SQL,0.00019225501
