Token,Probability
▁SELECT,0.6247775
1,0.08324355
SELECT,0.06382504
<0x0A>,0.051284857
2,0.04597145
3,0.031105839
4,0.022404697
5,0.020720957
6,0.02008344
7,0.010583228
