Token,Probability
▁SELECT,0.84243304
SELECT,0.079592444
<0x0A>,0.07246974
▁Select,0.0017043251
▁CREATE,0.0006622294
Select,0.000473274
<0x09>,0.00045514313
▁select,0.00036571777
1,0.00033560148
2,0.0002513539
