Token,Probability
▁SELECT,0.9315521
SELECT,0.049370453
<0x0A>,0.01679745
▁Select,0.000565866
▁CREATE,0.000507239
<0x09>,0.00040440622
▁select,0.00017529713
▁WHERE,0.00016212334
Select,0.00014761498
select,5.7357003e-05
