Token,Probability
▁SELECT,0.9196469
SELECT,0.051078558
<0x0A>,0.026499206
▁Select,0.00076356257
▁CREATE,0.0005166523
<0x09>,0.00026803568
Select,0.00023287343
▁select,0.00016773243
▁UPDATE,0.00012081315
▁SQL,0.000106617226
