Token,Probability
▁SELECT,0.8547497
<0x0A>,0.10208529
SELECT,0.03935739
▁CREATE,0.0010653556
▁Select,0.0007673468
<0x09>,0.00048775531
▁UPDATE,0.00043044257
Select,0.00018804641
▁select,0.00017527855
▁SQL,0.00012236414
