Token,Probability
▁SELECT,0.80411124
<0x0A>,0.14643954
SELECT,0.045364853
▁Select,0.0012279702
▁CREATE,0.00075653056
<0x09>,0.0006370626
Select,0.00027399717
▁select,0.0002456095
▁UPDATE,0.00023436222
▁WHERE,0.000108988555
