Token,Probability
▁SELECT,0.7969983
<0x0A>,0.12032875
SELECT,0.07891352
▁Select,0.0009628117
▁CREATE,0.00094788463
Select,0.0003654421
<0x09>,0.0003053383
▁select,0.00018664956
▁SQL,0.00017262262
▁WHERE,0.00012629341
