Token,Probability
▁SELECT,0.8802441
<0x0A>,0.07572241
SELECT,0.041169565
▁CREATE,0.00070836145
▁Select,0.0006551273
<0x09>,0.00057814777
Select,0.00019824765
▁select,0.00014964517
▁SQL,9.438003e-05
▁WHERE,7.6431286e-05
