Token,Probability
▁SELECT,0.8175997
SELECT,0.10558305
<0x0A>,0.07370885
▁Select,0.0008993103
▁CREATE,0.0003748883
Select,0.00036620404
1,0.00027427415
▁select,0.00018558317
<0x09>,0.00017433926
2,0.0001326303
