Token,Probability
▁SELECT,0.8204967
<0x0A>,0.11104215
SELECT,0.050838802
2,0.0038594895
1,0.003459624
▁Select,0.0017948293
<0x09>,0.0015351988
3,0.0015113978
4,0.00074237364
5,0.00069739553
