Token,Probability
▁SELECT,0.8717263
<0x0A>,0.062168624
SELECT,0.058402017
▁CREATE,0.002373167
▁Select,0.001417083
<0x09>,0.00075850985
▁UPDATE,0.00043218586
Select,0.00035829467
▁SQL,0.00032117328
▁WHERE,0.00029472515
