Token,Probability
▁SELECT,0.9140807
<0x0A>,0.054894812
SELECT,0.028927531
▁Select,0.00062918424
▁CREATE,0.00046032103
<0x09>,0.00031146876
Select,0.00017608849
▁select,0.0001426008
▁UPDATE,6.377502e-05
▁SQL,5.6281264e-05
