Token,Probability
▁SELECT,0.84347546
<0x0A>,0.09612561
SELECT,0.05392158
▁CREATE,0.0016030463
<0x09>,0.0015781935
▁Select,0.0012681141
▁select,0.00029422613
▁UPDATE,0.00029193642
Select,0.0002721147
▁WHERE,0.00017162057
