Token,Probability
▁SELECT,0.9606787
SELECT,0.02641389
<0x0A>,0.009418163
▁Select,0.0009038337
▁CREATE,0.0005745116
<0x09>,0.0003651818
1,0.00025295402
Select,0.00022149394
▁select,0.0002146793
2,0.00015104575
