Token,Probability
▁SELECT,0.76082677
<0x0A>,0.18644862
SELECT,0.03671391
<0x09>,0.003361982
▁Select,0.00263885
▁CREATE,0.0025576612
2,0.0013905762
1,0.0013063254
▁UPDATE,0.00070470973
3,0.00042410175
