Token,Probability
▁SELECT,0.91067135
SELECT,0.057314698
<0x0A>,0.029734472
▁Select,0.00084350206
▁select,0.00025927127
Select,0.00021494343
▁CREATE,0.0001512316
1,0.00014772831
2,0.000108080334
select,8.684499e-05
