Token,Probability
▁SELECT,0.85162044
<0x0A>,0.073260084
SELECT,0.06882149
▁Select,0.0015444084
1,0.0006799938
2,0.000633824
▁select,0.00046010682
Select,0.00043223042
3,0.00037260586
<0x09>,0.0003237256
