Token,Probability
▁SELECT,0.91143835
<0x0A>,0.0630009
SELECT,0.023176737
▁Select,0.00073346455
<0x09>,0.00043118157
▁CREATE,0.00037461703
▁WHERE,0.00017017746
Select,0.00011696114
▁select,0.00011605094
▁UPDATE,0.000112480426
