Token,Probability
▁SELECT,0.90657735
SELECT,0.051951017
<0x0A>,0.036267657
▁Select,0.0011299534
▁CREATE,0.0009971802
<0x09>,0.00061434496
1,0.0003555556
2,0.00033141422
▁select,0.00028569697
Select,0.00024628616
