Token,Probability
▁SELECT,0.88040304
<0x0A>,0.05806888
SELECT,0.057168603
▁Select,0.0011321629
<0x09>,0.0005782522
▁CREATE,0.0004719557
1,0.0003646991
Select,0.00032184582
▁select,0.00028402795
2,0.00023001281
