Token,Probability
▁SELECT,0.7527461
<0x0A>,0.17060535
SELECT,0.064754486
▁CREATE,0.0038888094
▁UPDATE,0.0015835442
▁Select,0.0013974728
<0x09>,0.0012429381
▁select,0.00041959743
2,0.0003911078
▁SQL,0.0003319289
