Token,Probability
▁SELECT,0.89981633
<0x0A>,0.05403817
SELECT,0.04342089
▁Select,0.0009011719
▁CREATE,0.00041258652
<0x09>,0.00033674334
Select,0.0002425471
▁select,0.00019037741
▁UPDATE,6.579267e-05
1,6.528067e-05
