Token,Probability
▁SELECT,0.9036126
<0x0A>,0.056870442
SELECT,0.036718316
▁Select,0.0010416185
▁CREATE,0.00030312824
<0x09>,0.00027816612
Select,0.00024548074
▁select,0.00023979417
▁WHERE,7.48674e-05
1,7.48674e-05
