Token,Probability
▁SELECT,0.84386337
<0x0A>,0.102372244
SELECT,0.050677937
▁Select,0.0007695038
▁CREATE,0.0007116747
<0x09>,0.00037210772
Select,0.00028308464
▁select,0.00020389822
▁UPDATE,0.00017036333
▁SQL,0.00010828952
