Token,Probability
▁SELECT,0.8666357
SELECT,0.08715984
<0x0A>,0.038077317
1,0.0016215277
2,0.0011320087
▁Select,0.0010971804
<0x09>,0.0006202896
3,0.0006059206
▁SUM,0.00039737244
Select,0.00033989066
