Token,Probability
▁SELECT,0.8700049
<0x0A>,0.060136914
SELECT,0.053906377
1,0.0041568135
2,0.0028126407
3,0.0013495198
▁Select,0.001067558
4,0.00097202265
5,0.00091313076
▁CREATE,0.00089897396
