Token,Probability
▁SELECT,0.7899753
<0x0A>,0.10859515
SELECT,0.09583488
▁CREATE,0.0011876798
▁Select,0.0011692665
<0x09>,0.0004950986
1,0.0004335228
Select,0.00028878846
2,0.00028209868
▁select,0.0002608986
