Token,Probability
▁SELECT,0.8362848
SELECT,0.096806996
<0x0A>,0.06250329
▁Select,0.0013808777
Select,0.00061756663
▁CREATE,0.0004518214
▁select,0.00037751094
<0x09>,0.00035463867
1,0.00022366783
select,0.0001421719
