Token,Probability
▁SELECT,0.8946893
SELECT,0.07940819
<0x0A>,0.023109103
▁Select,0.00080320245
▁CREATE,0.00040387557
Select,0.00038238172
▁select,0.00031209088
<0x09>,0.00022479061
select,0.0001342286
▁WHERE,8.3998115e-05
