Token,Probability
▁SELECT,0.8915491
<0x0A>,0.06768303
SELECT,0.03679863
▁CREATE,0.0010438967
▁Select,0.0010117794
<0x09>,0.00042841435
▁WHERE,0.00033626627
Select,0.00023111221
▁select,0.00017041144
▁FROM,8.112801e-05
