Token,Probability
▁SELECT,0.8572311
SELECT,0.09468755
<0x0A>,0.040093232
1,0.0011110104
▁Select,0.0010436979
<0x09>,0.0008002309
2,0.0008002309
▁select,0.00075174734
▁SUM,0.00047043143
3,0.00042833274
