Token,Probability
▁SELECT,0.78779185
<0x0A>,0.17578013
SELECT,0.029606206
▁CREATE,0.0029775742
▁Select,0.0008733197
<0x09>,0.00076470425
▁UPDATE,0.00038753328
▁SQL,0.0003473826
▁select,0.00018886862
Select,0.00017062858
