Token,Probability
▁SELECT,0.90049046
<0x0A>,0.056673944
SELECT,0.034915805
▁CREATE,0.0019092101
▁Select,0.0017657308
2,0.0006445209
<0x09>,0.000551288
1,0.00046787204
▁WHERE,0.00041289564
▁UPDATE,0.00038186603
