Token,Probability
▁SELECT,0.8472347
<0x0A>,0.10278123
SELECT,0.046327133
▁CREATE,0.00088923186
▁Select,0.0007606003
<0x09>,0.0005186844
Select,0.00022308335
▁UPDATE,0.00021286764
▁select,0.00016708173
▁SQL,0.00015573729
