Token,Probability
▁SELECT,0.76694685
<0x0A>,0.15826842
SELECT,0.068070404
▁Select,0.0016776895
<0x09>,0.0013480614
▁CREATE,0.0010096513
▁WHERE,0.00081127766
Select,0.00037142995
▁SQL,0.00021329428
▁select,0.00017961179
