Token,Probability
▁SELECT,0.86420435
<0x0A>,0.09848795
SELECT,0.03350884
▁CREATE,0.00086550624
▁Select,0.00083887734
<0x09>,0.0006846718
▁select,0.00025784975
Select,0.00021544156
▁WHERE,0.0001390995
▁SQL,0.00011991127
