Token,Probability
▁SELECT,0.89660794
<0x0A>,0.05822086
SELECT,0.04193491
▁Select,0.0008435541
<0x09>,0.00065696053
▁CREATE,0.00057077716
▁select,0.00024935408
Select,0.0002067218
▁UPDATE,0.00015242709
▁SQL,9.688855e-05
