Token,Probability
▁SELECT,0.7552759
SELECT,0.1176493
<0x0A>,0.096022554
1,0.009507521
2,0.007289669
3,0.002991674
▁Select,0.0017864101
5,0.0015888661
4,0.0015888661
6,0.0011533931
