Token,Probability
▁SELECT,0.9058034
SELECT,0.04800582
<0x0A>,0.041061554
<0x09>,0.001299458
▁Select,0.0010772885
▁CREATE,0.00055022514
Select,0.00039322817
▁select,0.00034164256
▁WHERE,0.00018144501
1,0.00018003296
