Token,Probability
▁SELECT,0.88678175
SELECT,0.0662774
<0x0A>,0.032809693
1,0.0026103228
2,0.0022327276
<0x09>,0.001822299
▁Select,0.0011583238
3,0.0009163095
4,0.000634709
5,0.0005386706
