Token,Probability
▁SELECT,0.8123677
SELECT,0.10655945
<0x0A>,0.077960566
▁Select,0.00049733854
▁select,0.00043548414
▁CREATE,0.00039342712
Select,0.00035266578
select,0.0002172711
<0x09>,0.00020894757
▁SUM,0.00018584181
