Token,Probability
▁SELECT,0.9300752
<0x0A>,0.033877987
SELECT,0.03335276
▁Select,0.0007141877
▁CREATE,0.000620497
<0x09>,0.0003480673
▁select,0.00018924089
▁WHERE,0.00016963443
Select,0.00016831433
▁UPDATE,7.705992e-05
