Token,Probability
▁SELECT,0.77126426
<0x0A>,0.1667976
SELECT,0.058551464
▁CREATE,0.0010074336
▁Select,0.0007370542
<0x09>,0.0003219951
Select,0.0002732737
▁select,0.0001952999
▁UPDATE,0.00016064932
▁WHERE,0.00010618272
