Token,Probability
▁SELECT,0.796331
<0x0A>,0.14502265
SELECT,0.04934147
▁Select,0.0020365654
2,0.0017556293
▁CREATE,0.0013460878
<0x09>,0.0010160803
1,0.0006067293
▁WHERE,0.00042688736
Select,0.000260951
