Token,Probability
▁SELECT,0.8387795
<0x0A>,0.12083765
SELECT,0.03462057
▁CREATE,0.0022132187
▁Select,0.00067499356
<0x09>,0.00054662646
▁WHERE,0.00039065632
▁UPDATE,0.00024446647
▁SQL,0.00018167205
Select,0.00017746363
