Token,Probability
▁SELECT,0.91638225
<0x0A>,0.047072247
SELECT,0.031850677
▁CREATE,0.0017146065
<0x09>,0.0011421742
▁Select,0.000785004
▁select,0.00022490745
Select,0.00015457645
▁UPDATE,9.597871e-05
▁WHERE,7.894993e-05
