Token,Probability
▁SELECT,0.9055709
SELECT,0.05880287
<0x0A>,0.030986933
▁Select,0.0015670435
▁CREATE,0.0010939726
Select,0.00047420204
▁select,0.0002809554
▁UPDATE,0.0002205244
<0x09>,0.00014805308
▁SQL,0.00014805308
