Token,Probability
▁SELECT,0.82550097
<0x0A>,0.12659468
SELECT,0.045138724
▁Select,0.00068539527
▁CREATE,0.0005954817
<0x09>,0.00025018063
Select,0.00024248341
▁WHERE,0.00016665623
▁select,0.00015056135
▁SQL,0.00010760135
