Token,Probability
▁SELECT,0.87204117
SELECT,0.079854935
<0x0A>,0.04479456
▁Select,0.00075878383
<0x09>,0.0004899077
▁CREATE,0.00030657637
▁UPDATE,0.00030657637
Select,0.00027914098
1,0.00020263462
2,0.00015295664
