Token,Probability
▁SELECT,0.77763236
SELECT,0.12694499
<0x0A>,0.06901879
1,0.0073890844
2,0.0053221583
3,0.0031780058
5,0.001701064
4,0.001701064
6,0.001399257
▁Select,0.0009616944
