Token,Probability
▁SELECT,0.72198176
<0x0A>,0.19737883
SELECT,0.05654998
2,0.006649222
▁CREATE,0.0040329574
▁Select,0.002389448
1,0.0019199755
<0x09>,0.0013937528
▁UPDATE,0.0009140453
▁SQL,0.0008928716
