Token,Probability
▁SELECT,0.8852687
<0x0A>,0.07735392
SELECT,0.03326951
▁CREATE,0.001004652
<0x09>,0.00067449146
▁Select,0.0005724334
▁SQL,0.00022769831
▁WHERE,0.00022769831
▁UPDATE,0.0001843957
Select,0.00017458235
