Token,Probability
▁SELECT,0.9202794
SELECT,0.047272433
<0x0A>,0.028672181
▁Select,0.0013621335
<0x09>,0.00047443286
▁CREATE,0.00035812068
▁select,0.00033380522
Select,0.00024613252
▁WHERE,0.00014024209
▁UPDATE,0.00013699337
