Token,Probability
▁SELECT,0.80714834
<0x0A>,0.09640013
SELECT,0.0824554
1,0.004508694
2,0.0024513344
3,0.0011853878
▁Select,0.00078349345
5,0.0007653439
4,0.00065976765
6,0.0005599376
