Token,Probability
▁SELECT,0.86553353
<0x0A>,0.08437078
SELECT,0.04732772
<0x09>,0.000707492
▁Select,0.00060515
▁CREATE,0.00041267645
Select,0.00023698015
▁select,0.00020913425
▁WHERE,8.7180124e-05
select,7.4569114e-05
