Token,Probability
▁SELECT,0.8439517
<0x0A>,0.10399525
SELECT,0.049123876
▁Select,0.0008065175
▁CREATE,0.00066862645
<0x09>,0.00037506546
Select,0.00023470997
▁select,0.00022048959
▁UPDATE,0.00012563118
▁SQL,9.048876e-05
