Token,Probability
▁SELECT,0.86515653
<0x0A>,0.088381305
SELECT,0.042405814
▁Select,0.0013211934
▁CREATE,0.0006240876
<0x09>,0.000471086
▁select,0.00031381095
Select,0.00030178906
▁WHERE,0.00016027894
1,0.00012098491
