Token,Probability
▁SELECT,0.8875827
<0x0A>,0.05763481
SELECT,0.043505035
▁CREATE,0.002695616
▁WHERE,0.0021324076
<0x09>,0.0016349737
▁Select,0.0010976695
▁SQL,0.00086832803
▁UPDATE,0.00047210176
1,0.0002775343
