Token,Probability
▁SELECT,0.88314056
<0x0A>,0.06810049
SELECT,0.04466139
▁Select,0.0013914681
▁CREATE,0.0006888267
<0x09>,0.00039866232
Select,0.0003253787
▁select,0.00022016226
▁UPDATE,0.00017012819
▁WHERE,0.00015734285
