Token,Probability
▁SELECT,0.95774347
SELECT,0.028031532
<0x0A>,0.009994951
▁Select,0.0010210485
2,0.00065923843
1,0.00059093744
Select,0.0002857587
▁select,0.00028353493
3,0.00024442238
<0x09>,0.00021070524
