Token,Probability
▁SELECT,0.8827383
<0x0A>,0.0582229
SELECT,0.053847376
▁Select,0.0014127367
▁CREATE,0.0011896436
<0x09>,0.00076809165
▁UPDATE,0.0004241805
Select,0.00035719576
▁select,0.00023425471
▁WHERE,0.00015850466
