Token,Probability
▁SELECT,0.8771034
<0x0A>,0.069781914
SELECT,0.050262026
▁CREATE,0.0007282396
▁Select,0.0004247784
▁UPDATE,0.00024392972
<0x09>,0.00022210053
▁select,0.00016249222
Select,0.00015264732
▁WHERE,0.00011522425
