Token,Probability
▁SELECT,0.79862404
<0x0A>,0.12835057
SELECT,0.06978299
▁Select,0.001093234
Select,0.0004451708
<0x09>,0.00039904856
▁CREATE,0.00034400134
▁select,0.00025167677
1,8.903977e-05
select,7.043625e-05
