Token,Probability
▁SELECT,0.86004925
<0x0A>,0.077535786
SELECT,0.059448753
▁Select,0.00091689685
<0x09>,0.00032186107
▁CREATE,0.00031687107
Select,0.00029767278
▁select,0.00028851436
1,0.00011748462
▁UPDATE,0.0001020724
