Token,Probability
▁SELECT,0.94581103
<0x0A>,0.036104508
SELECT,0.013919529
▁Select,0.0013782199
▁CREATE,0.0012354284
<0x09>,0.00053971866
▁select,0.00023395073
Select,0.00016850838
▁UPDATE,0.00011672235
▁WHERE,7.079569e-05
