Token,Probability
▁SELECT,0.92657083
<0x0A>,0.045416046
SELECT,0.025877284
▁Select,0.0006278936
<0x09>,0.0003467558
▁CREATE,0.00034137984
Select,0.00017300289
▁select,0.00016125642
▁UPDATE,0.00013473479
▁SQL,7.211833e-05
