Token,Probability
▁SELECT,0.9055655
SELECT,0.048748996
<0x0A>,0.04169723
▁Select,0.0009654216
▁CREATE,0.00070631754
<0x09>,0.0005631254
▁select,0.00024601127
▁SQL,0.00022752324
Select,0.00019461093
▁WHERE,0.00014921339
