Token,Probability
▁SELECT,0.7680598
<0x0A>,0.13139954
SELECT,0.09317623
▁Select,0.0015660478
▁CREATE,0.00089930557
1,0.0007003799
2,0.0005851893
Select,0.000532821
<0x09>,0.00052867446
▁select,0.00028077688
