Token,Probability
▁SELECT,0.92378205
SELECT,0.037537903
<0x0A>,0.031120013
▁CREATE,0.003956466
▁Select,0.0009251737
<0x09>,0.0006458753
▁WHERE,0.0003886946
▁select,0.00029111883
▁UPDATE,0.00027348084
▁SQL,0.00019092037
