Token,Probability
▁SELECT,0.85769826
<0x0A>,0.088999204
SELECT,0.04992402
▁Select,0.0008725174
▁CREATE,0.0008390919
<0x09>,0.00033376765
Select,0.00024803507
▁select,0.00018576968
▁WHERE,0.00015643374
▁SQL,0.00015044089
