Token,Probability
▁SELECT,0.8309812
<0x0A>,0.083573975
SELECT,0.078510486
▁Select,0.0019964231
▁CREATE,0.0014836157
<0x09>,0.0006739629
Select,0.0003014148
▁select,0.00029443254
2,0.0002680839
1,0.00026392762
