Token,Probability
▁SELECT,0.836252
SELECT,0.08952831
<0x0A>,0.07082272
▁Select,0.0010261408
▁CREATE,0.0005756128
<0x09>,0.0004698015
Select,0.00043790316
▁select,0.00021341695
select,8.690453e-05
1,8.357527e-05
