Token,Probability
▁SELECT,0.86731464
<0x0A>,0.06381746
SELECT,0.054585967
▁CREATE,0.006029426
<0x09>,0.0016355258
▁Select,0.0015976388
▁SQL,0.0006979567
▁WHERE,0.0004649394
1,0.00042333218
Select,0.00038847144
