Token,Probability
▁SELECT,0.8545548
<0x0A>,0.07704045
SELECT,0.06487457
▁Select,0.00096979615
▁select,0.00035676805
1,0.00033515258
<0x09>,0.0003051599
Select,0.00027141484
▁CREATE,0.00021979844
2,0.00016984706
