Token,Probability
▁SELECT,0.79151183
<0x0A>,0.12921076
SELECT,0.07362207
▁Select,0.0013069484
▁CREATE,0.0012766728
<0x09>,0.0007683152
Select,0.00036010213
▁select,0.00032532515
▁SQL,0.00032028146
▁WHERE,0.000200427
