Token,Probability
▁SELECT,0.8774194
<0x0A>,0.08161272
SELECT,0.037953444
▁Select,0.00086511765
<0x09>,0.0006039494
▁CREATE,0.0004740453
Select,0.00024980435
▁select,0.00016382568
▁SQL,0.00011259563
▁UPDATE,0.000105773805
