Token,Probability
▁SELECT,0.6519883
<0x0A>,0.22886944
SELECT,0.07547312
2,0.012911928
1,0.0067511583
▁Select,0.0041918894
▁CREATE,0.002903637
<0x09>,0.0027277146
▁Team,0.0026437915
3,0.0024836124
