Token,Probability
▁SELECT,0.67649657
<0x0A>,0.23016638
SELECT,0.08600688
2,0.0011798235
1,0.0011706421
▁Select,0.00095545023
▁CREATE,0.00061208435
3,0.00054439914
<0x09>,0.0004918236
Select,0.000362648
