Token,Probability
▁SELECT,0.866475
<0x0A>,0.06475969
SELECT,0.06475969
▁Select,0.0009094259
1,0.0006299409
2,0.00048299244
<0x09>,0.0002688258
Select,0.0002447687
▁CREATE,0.00022814948
▁select,0.00016305108
