Token,Probability
▁SELECT,0.9047407
<0x0A>,0.05104198
SELECT,0.04165925
▁Select,0.0010267498
<0x09>,0.00028735434
▁CREATE,0.00024771492
Select,0.00024197662
▁select,0.00022205025
▁WHERE,0.00010008588
▁UPDATE,7.379871e-05
