Token,Probability
▁SELECT,0.8602194
<0x0A>,0.09209425
SELECT,0.042827804
▁CREATE,0.0012932876
▁Select,0.0010805824
▁UPDATE,0.0005025174
<0x09>,0.00041335958
▁WHERE,0.00031446735
▁SQL,0.00022299075
Select,0.00022125544
