Token,Probability
▁SELECT,0.9302808
<0x0A>,0.042171158
SELECT,0.025980895
▁Select,0.00046847924
▁CREATE,0.00031698888
<0x09>,0.00019682289
▁select,0.00014973496
Select,0.00014287808
▁WHERE,6.193307e-05
▁SQL,4.0300612e-05
