Token,Probability
▁SELECT,0.8280502
<0x0A>,0.108616546
SELECT,0.059053794
▁Select,0.0011159419
<0x09>,0.0006162817
▁SUM,0.00035114668
▁select,0.0003222303
▁CREATE,0.00030508154
Select,0.00028659755
▁UPDATE,0.00021974197
