Token,Probability
▁SELECT,0.8022961
SELECT,0.10689561
<0x0A>,0.076994024
1,0.0032788008
2,0.0025139437
3,0.001432402
▁Select,0.0012640902
4,0.00071465183
5,0.00062577013
▁SUM,0.0005394475
