Token,Probability
▁SELECT,0.93337625
<0x0A>,0.040373895
SELECT,0.02373459
▁CREATE,0.0007995617
▁Select,0.00068390137
Select,0.00016629297
▁select,0.00016499887
▁WHERE,0.00016244082
<0x09>,0.00015744304
▁UPDATE,6.771541e-05
