Token,Probability
▁SELECT,0.8614804
<0x0A>,0.102889165
SELECT,0.029478239
▁CREATE,0.0017703058
▁Select,0.0014004272
<0x09>,0.0011429953
Select,0.00029354548
▁WHERE,0.00024912882
▁select,0.00023403487
▁UPDATE,0.0001880523
