Token,Probability
▁SELECT,0.8752241
SELECT,0.061450373
<0x0A>,0.058636356
▁Select,0.001179517
▁CREATE,0.0011080535
Select,0.00034058772
1,0.00033530738
<0x09>,0.00029132012
▁select,0.00026113764
2,0.00016088225
