Token,Probability
▁SELECT,0.8869255
<0x0A>,0.06035604
SELECT,0.049261164
▁CREATE,0.001038483
▁Select,0.0007193362
<0x09>,0.00043972133
Select,0.0002447418
▁select,0.0001906051
▁WHERE,0.00013621931
▁SQL,8.7265376e-05
