Token,Probability
▁SELECT,0.87585443
<0x0A>,0.062463034
SELECT,0.056873243
▁CREATE,0.0014921231
▁Select,0.00088405353
<0x09>,0.0004376383
Select,0.0003355489
▁SQL,0.00029152993
▁select,0.00021496072
▁UPDATE,0.00015242996
