Token,Probability
▁SELECT,0.7282474
<0x0A>,0.11704001
SELECT,0.10824431
1,0.010068289
3,0.009167282
2,0.008747481
4,0.003534302
5,0.002795863
6,0.0027525171
▁Select,0.0020777087
