Token,Probability
▁SELECT,0.86082774
<0x0A>,0.09508482
SELECT,0.040895473
▁Select,0.00077280344
▁CREATE,0.00071472634
<0x09>,0.00039470935
Select,0.00029332307
▁select,0.00020317898
▁WHERE,0.00017652495
▁UPDATE,0.00017515122
