Token,Probability
▁SELECT,0.69000816
SELECT,0.076216534
<0x0A>,0.058437243
2,0.049984027
1,0.046955645
3,0.016742552
5,0.010894585
4,0.010894585
9,0.007908622
6,0.007487732
