Token,Probability
▁SELECT,0.927036
SELECT,0.049904812
<0x0A>,0.020480894
▁Select,0.0010357413
▁CREATE,0.00028987078
<0x09>,0.00027230842
▁select,0.00027230842
Select,0.00022052204
select,8.049421e-05
▁UPDATE,5.3203425e-05
