Token,Probability
▁SELECT,0.8206784
<0x0A>,0.14040153
SELECT,0.035499066
▁CREATE,0.0011773384
▁Select,0.0005828248
<0x09>,0.0005024264
▁UPDATE,0.00022121533
▁select,0.00017363392
Select,0.00016829176
▁WHERE,0.000110368426
