Token,Probability
▁SELECT,0.7724434
<0x0A>,0.16446269
SELECT,0.057731833
▁Select,0.0011613216
▁CREATE,0.0009258864
<0x09>,0.00049173454
2,0.00037998302
Select,0.00034328605
▁WHERE,0.00026944833
▁select,0.00023965228
