Token,Probability
▁SELECT,0.849306
<0x0A>,0.113159075
SELECT,0.035055045
▁CREATE,0.00067286845
▁Select,0.0005755349
<0x09>,0.000287145
▁select,0.00018395198
Select,0.000116927
▁SQL,0.00010729825
▁WHERE,9.1777045e-05
