Token,Probability
▁SELECT,0.891219
<0x0A>,0.06980567
SELECT,0.03565325
▁CREATE,0.0010114048
▁Select,0.0007116121
<0x09>,0.00034681204
Select,0.00025373313
▁select,0.0002136647
▁SQL,0.00016510728
▁UPDATE,0.00012462953
