Token,Probability
▁SELECT,0.8993019
<0x0A>,0.054857764
SELECT,0.04076683
▁CREATE,0.001998194
▁Select,0.0008329712
<0x09>,0.0006436702
▁WHERE,0.0003016822
Select,0.00022244647
▁UPDATE,0.00018878789
▁select,0.00015773819
