Token,Probability
▁SELECT,0.92076576
<0x0A>,0.03982842
SELECT,0.03683527
▁CREATE,0.00087992445
▁Select,0.0005421057
Select,0.00020576011
▁UPDATE,0.00018588877
<0x09>,0.0001470501
▁select,0.0001470501
▁SQL,9.643783e-05
