Token,Probability
▁SELECT,0.8997683
SELECT,0.05575055
<0x0A>,0.040787973
▁Select,0.00090112374
▁CREATE,0.00048233676
1,0.0004785832
Select,0.00033150488
▁select,0.0002684608
<0x09>,0.00023507215
2,0.00021571433
