Token,Probability
▁SELECT,0.7709686
<0x0A>,0.14714193
SELECT,0.07515275
▁CREATE,0.0021654924
<0x09>,0.0011234424
▁Select,0.0009914346
Select,0.00037925752
▁UPDATE,0.00035627946
▁select,0.00030237043
▁SQL,0.0001982994
