Token,Probability
▁SELECT,0.88317126
<0x0A>,0.06704702
SELECT,0.046080697
▁Select,0.00089843053
▁UPDATE,0.0006174817
▁CREATE,0.0005984838
<0x09>,0.0004808952
Select,0.00025740467
▁select,0.00023992754
▁SQL,9.923834e-05
