Token,Probability
▁SELECT,0.77824515
<0x0A>,0.13736843
SELECT,0.078270175
▁Select,0.0013679203
▁CREATE,0.0011340458
<0x09>,0.00071523373
Select,0.00044064273
▁select,0.00036817076
▁UPDATE,0.00029815375
▁SQL,0.0002867317
