Token,Probability
▁SELECT,0.8391183
<0x0A>,0.11535066
SELECT,0.03803861
2,0.0035381422
▁CREATE,0.0009375143
▁Select,0.0007651769
▁UPDATE,0.0004325918
<0x09>,0.00028370062
▁select,0.00027930224
Select,0.000193467
