Token,Probability
▁SELECT,0.7772123
<0x0A>,0.11373129
SELECT,0.09881145
▁Select,0.0018097949
1,0.0015240003
▁CREATE,0.0013137703
2,0.00086159154
Select,0.0007087259
3,0.00036198177
▁SQL,0.0003591648
