Token,Probability
▁SELECT,0.71958965
<0x0A>,0.23361656
SELECT,0.04321472
▁Select,0.0010005564
▁CREATE,0.0006876717
<0x09>,0.0005070573
Select,0.0002980836
▁select,0.0001752343
▁UPDATE,0.00016080403
▁WHERE,0.00010545785
