Token,Probability
▁SELECT,0.81334794
<0x0A>,0.14812167
SELECT,0.034636535
▁Select,0.0012616357
▁CREATE,0.00096732954
▁select,0.00031899143
<0x09>,0.0002973327
Select,0.00027284783
select,8.789138e-05
▁WHERE,8.720741e-05
