Token,Probability
▁SELECT,0.9267297
<0x0A>,0.037073854
SELECT,0.031710945
▁Select,0.0014831407
▁CREATE,0.0008190681
▁UPDATE,0.0006790313
<0x09>,0.00033352894
Select,0.000289775
▁select,0.00017992538
▁SQL,9.706247e-05
