Token,Probability
▁SELECT,0.8757188
SELECT,0.062453356
<0x0A>,0.057759915
▁Select,0.0009483042
<0x09>,0.0007158175
▁CREATE,0.00048434635
1,0.00030073748
2,0.00022524198
▁select,0.00019265966
Select,0.0001881967
