Token,Probability
▁SELECT,0.8229232
SELECT,0.11490582
<0x0A>,0.05179211
▁Select,0.0016910722
1,0.0015397388
2,0.0011805587
▁CREATE,0.0011532111
▁select,0.0005664383
3,0.00055765646
Select,0.0005490108
