Token,Probability
▁SELECT,0.91898406
SELECT,0.04794928
<0x0A>,0.027750915
▁CREATE,0.001666572
▁Select,0.0015174311
<0x09>,0.00042468027
Select,0.0003205655
▁WHERE,0.00021860666
▁UPDATE,0.00021521749
▁select,0.00021023198
