Token,Probability
▁SELECT,0.68232775
<0x0A>,0.21470393
SELECT,0.09234302
▁Select,0.0021887324
▁CREATE,0.0018004022
Select,0.00091955555
▁select,0.000612556
▁SQL,0.00054909167
<0x09>,0.00046238152
▁UPDATE,0.0004048748
