Token,Probability
▁SELECT,0.7486568
SELECT,0.13422677
<0x0A>,0.11303027
▁Select,0.0010740168
Select,0.0005400496
<0x09>,0.00040133076
▁select,0.00036257211
▁CREATE,0.00029824366
▁SUM,0.00029133487
select,0.0002472527
