Token,Probability
▁SELECT,0.82869923
<0x0A>,0.09011686
SELECT,0.0747095
▁Select,0.0017029418
▁CREATE,0.0013262525
<0x09>,0.0005113158
Select,0.00041085383
1,0.0004013364
2,0.00031012876
▁select,0.00023046811
