Token,Probability
▁SELECT,0.766971
<0x0A>,0.123263456
SELECT,0.102189
▁Select,0.002639459
▁CREATE,0.0013908971
<0x09>,0.00066216633
Select,0.00063679914
▁select,0.00049208023
1,0.00020835988
2,0.00018531912
