Token,Probability
▁SELECT,0.89094114
SELECT,0.05695596
<0x0A>,0.044357345
▁Select,0.0016932561
1,0.0011104645
2,0.0008922833
3,0.00057610136
▁CREATE,0.0005005256
Select,0.00044517664
<0x09>,0.0003334219
