Token,Probability
▁SELECT,0.90076834
<0x0A>,0.061298057
SELECT,0.034385093
▁CREATE,0.0011583519
▁Select,0.00058702414
<0x09>,0.00043284445
▁UPDATE,0.00033447624
▁select,0.00022809299
Select,0.00019358
▁SQL,0.00014842294
