Token,Probability
▁SELECT,0.82801545
<0x0A>,0.09146047
SELECT,0.07122948
▁Select,0.0019584568
1,0.0016621208
2,0.0009544756
▁CREATE,0.00078513025
Select,0.0006508958
3,0.000423546
▁select,0.00036798313
