Token,Probability
▁SELECT,0.810281
<0x0A>,0.130224
SELECT,0.05689065
▁Select,0.00076233526
▁CREATE,0.00045521115
<0x09>,0.00030087619
▁select,0.00020042674
Select,0.00019886703
▁UPDATE,9.46749e-05
1,8.486603e-05
