Token,Probability
▁SELECT,0.8717933
<0x0A>,0.094803125
SELECT,0.029831126
▁Select,0.0012121885
▁select,0.0003611326
<0x09>,0.00034729778
Select,0.00026421025
▁CREATE,0.00026421025
▁WHERE,0.00024245295
▁UPDATE,0.00015900451
