Token,Probability
▁SELECT,0.7384486
<0x0A>,0.17000052
SELECT,0.088195115
▁Select,0.00085122953
▁CREATE,0.00061311765
<0x09>,0.00053268584
Select,0.00024579413
▁select,0.00018993499
1,0.00013363596
2,0.00013259599
