Token,Probability
▁SELECT,0.88060427
<0x0A>,0.066852145
SELECT,0.04815179
▁Select,0.0009099263
▁CREATE,0.00071981095
<0x09>,0.0005874926
▁select,0.00033213818
Select,0.0002796884
▁UPDATE,0.00024490335
▁WHERE,0.0001907309
