Token,Probability
▁SELECT,0.762179
<0x0A>,0.16742851
SELECT,0.06556594
▁CREATE,0.0018027377
▁Select,0.0008189305
<0x09>,0.00039911488
Select,0.00030126772
▁SQL,0.000216995
▁UPDATE,0.00021530633
▁select,0.00020068754
