Token,Probability
▁SELECT,0.8203859
SELECT,0.09061772
<0x0A>,0.07396003
▁CREATE,0.0070977286
<0x09>,0.001559164
▁Select,0.0013440833
▁UPDATE,0.00067584764
▁select,0.0006499563
▁WHERE,0.0005473181
Select,0.0005222545
