Token,Probability
▁SELECT,0.8593901
<0x0A>,0.10425585
SELECT,0.03332217
▁Select,0.0007960032
▁CREATE,0.0007361826
<0x09>,0.00033704896
Select,0.00018468758
▁select,0.00016947887
▁UPDATE,0.00013096312
▁SQL,0.00011648101
