Token,Probability
▁SELECT,0.7998209
SELECT,0.10010933
<0x0A>,0.09552499
▁Select,0.0011121142
<0x09>,0.00047459206
1,0.00043892587
▁CREATE,0.00043212096
Select,0.0003287403
▁select,0.0002746728
2,0.00026622202
