Token,Probability
▁SELECT,0.96570224
SELECT,0.019425865
<0x0A>,0.012347832
▁Select,0.0009374006
▁CREATE,0.0007893705
<0x09>,0.000264406
▁select,0.00013610456
Select,0.00012200332
select,4.216322e-05
▁SQL,3.6919348e-05
