Token,Probability
▁SELECT,0.86731094
<0x0A>,0.08323331
SELECT,0.043860868
▁CREATE,0.001674304
▁Select,0.0010725994
<0x09>,0.0005923456
▁WHERE,0.00033750836
Select,0.00028421055
▁UPDATE,0.00025476472
▁select,0.00019841094
