Token,Probability
▁SELECT,0.6694042
<0x0A>,0.19178753
SELECT,0.12382733
1,0.0024522673
▁CREATE,0.0022679765
2,0.002232815
▁Select,0.0014416137
3,0.00094543333
Select,0.0006756706
<0x09>,0.00051002303
