Token,Probability
▁SELECT,0.7918823
SELECT,0.12726706
<0x0A>,0.07481645
▁Select,0.001843955
▁CREATE,0.0009057203
Select,0.0006783532
1,0.00039878325
▁select,0.0003835061
2,0.00033844297
▁SUM,0.00018837187
