Token,Probability
▁SELECT,0.89590454
<0x0A>,0.059091315
SELECT,0.040612824
▁Select,0.0013260556
<0x09>,0.00064123864
▁CREATE,0.00062150985
▁WHERE,0.00044071645
Select,0.00023043394
▁select,0.00022334424
▁SQL,0.000115869465
