Token,Probability
▁SELECT,0.84064126
<0x0A>,0.09285508
SELECT,0.058107227
▁CREATE,0.002634096
▁Select,0.0016483753
<0x09>,0.0015728906
▁select,0.00045417508
Select,0.0003322816
▁SQL,0.0002527865
▁UPDATE,0.00025081928
