Token,Probability
▁SELECT,0.832631
<0x0A>,0.11093734
SELECT,0.050003376
▁CREATE,0.0016073559
<0x09>,0.0011397861
▁Select,0.0008536603
▁UPDATE,0.00077726657
▁WHERE,0.0003395626
▁SQL,0.00026861613
Select,0.0002644516
