Token,Probability
▁SELECT,0.8090645
SELECT,0.0674579
2,0.034996696
1,0.03186485
<0x0A>,0.028563472
3,0.011185616
5,0.0038656455
4,0.0038656455
6,0.0016756334
▁Select,0.0012259195
