Token,Probability
▁SELECT,0.84841317
<0x0A>,0.08141974
SELECT,0.06645285
▁Select,0.0009933896
<0x09>,0.00066174025
Select,0.00031999664
▁CREATE,0.00031503555
▁select,0.00023411456
1,0.00018811632
▁COUNT,0.00010887338
