Token,Probability
▁SELECT,0.8062772
<0x0A>,0.114354424
SELECT,0.071561165
▁CREATE,0.001819711
▁Select,0.0014508
▁SQL,0.0005816145
<0x09>,0.0005506615
Select,0.0003844237
▁UPDATE,0.00033661263
▁select,0.00032881505
