Token,Probability
▁SELECT,0.86214155
SELECT,0.08145449
<0x0A>,0.051775623
▁Select,0.0011987682
Select,0.0005155837
▁CREATE,0.00044100216
1,0.00043078637
▁select,0.00035993545
2,0.00028031803
<0x09>,0.0002633344
