Token,Probability
▁SELECT,0.7655986
<0x0A>,0.17351829
SELECT,0.057220258
▁CREATE,0.00093944406
▁Select,0.0008421122
<0x09>,0.00036502862
Select,0.00025682972
▁select,0.00025284794
▁WHERE,0.00016198047
▁SQL,0.00014864163
