Token,Probability
▁SELECT,0.7683569
<0x0A>,0.14436999
SELECT,0.07036031
2,0.0047880793
▁CREATE,0.0035581987
▁Select,0.0017614359
1,0.0012988014
<0x09>,0.00078163244
▁WHERE,0.0006844202
▁UPDATE,0.0005086179
