Token,Probability
▁SELECT,0.8710708
<0x0A>,0.09181019
SELECT,0.03222841
▁CREATE,0.0023713827
▁Select,0.00083243375
<0x09>,0.00049706886
▁select,0.00034430955
Select,0.00018143837
▁SQL,0.000106662126
▁UPDATE,6.12509e-05
