Token,Probability
▁SELECT,0.8986294
<0x0A>,0.063093685
SELECT,0.03324804
▁CREATE,0.0015071882
▁Select,0.00077583396
▁UPDATE,0.00054586737
▁WHERE,0.00045966642
<0x09>,0.00043181665
▁SQL,0.00025187642
Select,0.00022755137
