Token,Probability
▁SELECT,0.7436025
<0x0A>,0.14872985
SELECT,0.099075444
▁Select,0.0022583436
1,0.0013590951
2,0.00071619276
<0x09>,0.00060782494
Select,0.0005754771
▁CREATE,0.00049609225
▁WHERE,0.00037740712
