Token,Probability
▁SELECT,0.85834944
<0x0A>,0.09334117
SELECT,0.04620723
▁CREATE,0.0006694903
▁Select,0.000412461
<0x09>,0.00021905637
▁select,0.00016535242
Select,0.00015778038
▁WHERE,0.00011364495
▁SQL,5.714427e-05
