Token,Probability
▁SELECT,0.7277082
SELECT,0.13673232
<0x0A>,0.09695774
2,0.005777451
1,0.0053851767
▁Select,0.0053432696
▁CREATE,0.0032662754
▁VARCHAR,0.001965679
<0x09>,0.0018903749
3,0.001694521
