Token,Probability
▁SELECT,0.8801807
<0x0A>,0.06894108
SELECT,0.040528376
▁Select,0.0026316927
▁CREATE,0.0016340552
1,0.000923811
2,0.00068117556
<0x09>,0.0006758746
Select,0.0006758746
▁select,0.00036176958
