Token,Probability
▁SELECT,0.8723559
SELECT,0.056646064
<0x0A>,0.042095777
2,0.0052689044
1,0.00487294
3,0.0036212616
▁Select,0.0032971962
▁CREATE,0.0027549104
4,0.0017375003
6,0.0014861629
