Token,Probability
▁SELECT,0.9227935
<0x0A>,0.052060448
SELECT,0.017167713
▁CREATE,0.0051546823
▁Select,0.00108048
▁WHERE,0.00033734232
▁UPDATE,0.00031938928
<0x09>,0.00015324466
Select,0.00013953085
▁select,0.0001310771
