Token,Probability
▁SELECT,0.9545135
SELECT,0.021757353
<0x0A>,0.02043914
▁CREATE,0.0013909009
▁Select,0.0012467956
Select,0.00010477022
▁select,9.997244e-05
▁WHERE,6.979201e-05
select,4.1674713e-05
▁SQL,4.007818e-05
