Token,Probability
▁SELECT,0.9439008
<0x0A>,0.028952196
SELECT,0.015496994
▁CREATE,0.008166342
▁Select,0.0015707976
▁UPDATE,0.00033444213
<0x09>,0.0002564257
▁WHERE,0.0001735063
▁select,0.00015431968
Select,0.00014384177
