Token,Probability
▁SELECT,0.82772416
<0x0A>,0.10199563
SELECT,0.046697006
▁CREATE,0.016912533
▁Select,0.0022888626
▁WHERE,0.0013991536
<0x09>,0.00056090986
Select,0.00048732696
CREATE,0.00030976388
▁SQL,0.00022311453
