Token,Probability
▁SELECT,0.9230624
▁CREATE,0.03750866
<0x0A>,0.018568132
SELECT,0.017443147
▁Select,0.00094637566
▁WHERE,0.00056510675
▁UPDATE,0.00034815216
<0x09>,0.0002607539
CREATE,0.0002247839
▁SQL,0.00013957151
