Token,Probability
▁SELECT,0.91403097
<0x0A>,0.05404081
SELECT,0.017820768
▁CREATE,0.0065558935
▁WHERE,0.004038969
▁Select,0.0016705903
▁UPDATE,0.00033940095
▁SQL,0.0002684883
<0x09>,0.00013928988
Select,0.0001371304
