Token,Probability
▁SELECT,0.9148632
<0x0A>,0.050812867
SELECT,0.01898738
▁CREATE,0.013049823
▁Select,0.0011226024
Select,0.00016427303
▁UPDATE,0.00015192773
▁WHERE,0.00013096987
▁SQL,0.00012112734
<0x09>,0.000101999445
