Token,Probability
▁SELECT,0.93003917
<0x0A>,0.0448793
SELECT,0.015269413
▁CREATE,0.0069908467
▁Select,0.0013033191
▁WHERE,0.00035353482
Select,0.00018484995
▁SQL,0.00012028417
▁select,0.00011749778
▁UPDATE,0.00010369143
