Token,Probability
▁SELECT,0.90188915
<0x0A>,0.051682364
SELECT,0.036648285
▁CREATE,0.0062697823
▁Select,0.0014210081
▁WHERE,0.00032713468
Select,0.0002587848
▁UPDATE,0.0002283768
▁select,0.00019687311
<0x09>,0.00014180237
