Token,Probability
▁SELECT,0.5619416
<0x0A>,0.29153147
▁CREATE,0.05830997
SELECT,0.025473736
1,0.013423716
2,0.008942123
<0x09>,0.0059103826
▁Select,0.005016076
▁VARCHAR,0.003420667
▁M,0.003090315
