Token,Probability
▁SELECT,0.93483645
<0x0A>,0.035132326
SELECT,0.02414607
▁CREATE,0.003478571
▁Select,0.0011928066
Select,0.00021054289
▁UPDATE,0.00014929725
▁WHERE,0.00014246044
▁select,0.00013487882
▁SQL,0.00010023345
