Token,Probability
▁SELECT,0.7547195
SELECT,0.08601064
<0x0A>,0.07831359
2,0.042578362
1,0.012103972
▁CREATE,0.0081262225
▁Select,0.00441815
▁VARCHAR,0.0022565704
▁WHERE,0.0015268718
▁time,0.0013902327
