Token,Probability
▁SELECT,0.9073105
SELECT,0.047340196
<0x0A>,0.033048782
▁Select,0.0029794378
▁CREATE,0.0027771415
2,0.0021127379
1,0.00074164075
Select,0.0004788393
3,0.00038475817
▁WHERE,0.00031158666
