Token,Probability
▁SELECT,0.8898096
<0x0A>,0.07654528
SELECT,0.024850616
▁CREATE,0.0059025385
▁Select,0.0012372393
▁WHERE,0.0002613735
▁UPDATE,0.00025531874
Select,0.00020515439
▁select,0.00018826025
<0x09>,0.00012154995
