Token,Probability
▁SELECT,0.9304687
SELECT,0.04152574
<0x0A>,0.022227125
▁CREATE,0.0024551514
▁Select,0.001897194
Select,0.00035926804
▁select,0.00017785057
select,0.000120339726
1,0.000101336205
2,8.667745e-05
