Token,Probability
▁SELECT,0.8709071
<0x0A>,0.08100698
SELECT,0.033768732
▁CREATE,0.009674905
▁Select,0.0017896773
▁WHERE,0.00063316314
<0x09>,0.0003607655
Select,0.00031099928
▁SQL,0.00016260975
CREATE,0.00014238585
