Token,Probability
▁SELECT,0.91139144
<0x0A>,0.03425123
SELECT,0.024670236
▁CREATE,0.0130003
▁Select,0.0041551455
2,0.0031858608
1,0.0011628919
▁WHERE,0.0010024755
▁L,0.00079302344
<0x09>,0.00057567324
