Token,Probability
▁SELECT,0.8767469
<0x0A>,0.08413885
SELECT,0.029077608
▁CREATE,0.005013608
▁Select,0.0016276803
▁WHERE,0.00057585083
Select,0.00027629625
▁UPDATE,0.00027201266
▁SQL,0.00022550642
<0x09>,0.00021350518
