Token,Probability
▁SELECT,0.8861297
<0x0A>,0.081145056
SELECT,0.025137566
▁CREATE,0.0030975558
▁Select,0.0019689263
▁WHERE,0.00037577614
Select,0.00024837287
1,0.00023699905
▁select,0.0001964791
<0x09>,0.00018171348
