Token,Probability
▁SELECT,0.8854966
<0x0A>,0.08108708
SELECT,0.022167975
▁CREATE,0.007904234
▁Select,0.0013004511
▁WHERE,0.000297051
<0x09>,0.00024819543
▁UPDATE,0.00020737504
▁SQL,0.00020099476
Select,0.00017326832
