Token,Probability
▁SELECT,0.9417538
<0x0A>,0.029803291
SELECT,0.02321083
▁CREATE,0.0022625532
▁Select,0.0018180126
▁SUM,0.00024797095
▁select,0.00019311998
Select,0.00019012594
▁WHERE,8.63686e-05
▁UPDATE,5.2796066e-05
