Token,Probability
▁SELECT,0.9777439
<0x0A>,0.010364358
SELECT,0.005461633
▁CREATE,0.0032612898
▁Select,0.0025005175
▁select,0.00013252259
<0x09>,9.69556e-05
Select,8.759208e-05
3,7.97535e-05
▁WHERE,3.651381e-05
