Token,Probability
▁SELECT,0.9095411
SELECT,0.04599649
<0x0A>,0.03873293
▁CREATE,0.0035468685
▁Select,0.0009398266
▁select,0.0001821937
Select,0.00015953415
▁WHERE,0.000110506066
▁SQL,9.600933e-05
<0x09>,7.304005e-05
