Token,Probability
▁SELECT,0.93426317
<0x0A>,0.04508313
SELECT,0.015100958
▁CREATE,0.0022097584
▁Select,0.0014605612
▁WHERE,0.0009283891
Select,0.0001401658
<0x09>,0.00010916123
▁select,9.709e-05
▁FROM,5.888807e-05
