Token,Probability
▁SELECT,0.9559559
<0x0A>,0.018931681
SELECT,0.016193125
▁CREATE,0.0064411806
▁Select,0.0013086053
▁WHERE,0.0002874624
Select,0.00016637049
▁UPDATE,0.00011705626
▁select,0.0001125719
<0x09>,7.616995e-05
