Token,Probability
▁SELECT,0.9208065
SELECT,0.03741699
<0x0A>,0.013551536
1,0.0096094785
2,0.005306858
▁CREATE,0.0037926403
3,0.0021441644
4,0.0013736034
▁Select,0.0012027672
5,0.00093671604
