Token,Probability
▁SELECT,0.96424574
▁CREATE,0.013754226
<0x0A>,0.013540988
SELECT,0.004065742
▁Select,0.002838345
<0x09>,0.00068478263
▁UPDATE,0.00015888234
▁select,0.00012373769
▁WHERE,0.000118071344
▁M,5.4480966e-05
