Token,Probability
▁SELECT,0.91074204
<0x0A>,0.055555616
SELECT,0.018320298
▁CREATE,0.00851973
▁Select,0.0044199782
▁WHERE,0.0005116496
Select,0.00032018212
<0x09>,0.0003055199
▁SQL,0.00016353303
▁select,0.00012936526
