Token,Probability
▁SELECT,0.9574207
<0x0A>,0.01781192
SELECT,0.01781192
▁CREATE,0.003507375
▁Select,0.0016438735
▁RO,0.00037844118
▁WHERE,0.00028123363
▁INSERT,0.00019633271
Select,0.00016532872
▁UPDATE,0.00012382549
