Token,Probability
▁SELECT,0.93547916
<0x0A>,0.041102085
SELECT,0.01634928
▁CREATE,0.002753668
▁Select,0.0019679577
▁WHERE,0.0005464821
<0x09>,0.0002971172
▁WH,0.0002581399
▁select,0.00015656975
Select,0.00014708367
