Token,Probability
▁SELECT,0.8795821
▁CREATE,0.052004065
SELECT,0.0398729
<0x0A>,0.021342427
▁Select,0.0022848991
CREATE,0.00090179726
▁WHERE,0.00063946994
▁select,0.00040330866
▁UPDATE,0.00039396607
Select,0.00037299955
