Token,Probability
▁SELECT,0.9284351
<0x0A>,0.044801895
SELECT,0.020193797
▁CREATE,0.00423285
▁Select,0.00097445736
▁WHERE,0.00025222418
Select,0.00017471059
<0x09>,0.00014259461
▁UPDATE,0.00014148494
▁select,0.00010679844
