Token,Probability
▁SELECT,0.77164114
<0x0A>,0.101217285
SELECT,0.09964806
1,0.008373585
2,0.0063207136
▁AV,0.0019277087
▁CREATE,0.0017968221
▁Select,0.0013884765
3,0.0011969416
Select,0.0006766894
