Token,Probability
▁SELECT,0.88124174
<0x0A>,0.07011116
SELECT,0.024611333
▁CREATE,0.017452046
▁Select,0.0025142056
▁UPDATE,0.00088949123
▁SQL,0.0005028728
<0x09>,0.0003538152
▁WHERE,0.0003074
▁select,0.00021459976
