Token,Probability
▁SELECT,0.9048486
<0x0A>,0.04435133
SELECT,0.02732406
2,0.004256268
1,0.0039983937
▁Select,0.0038452174
3,0.002173889
5,0.0012980883
4,0.0012779633
▁M,0.000942311
