Token,Probability
▁SELECT,0.9280009
<0x0A>,0.043403186
SELECT,0.014999738
▁CREATE,0.011146859
▁Select,0.0011748703
▁WHERE,0.00022075158
<0x09>,0.00017737887
Select,0.00014936799
▁select,0.00010427567
CREATE,8.313581e-05
