Token,Probability
▁SELECT,0.8730517
<0x0A>,0.093468055
SELECT,0.025156587
▁CREATE,0.004876827
▁Select,0.0016986048
▁WHERE,0.00033974234
Select,0.00029517326
<0x09>,0.00014162567
▁SQL,0.00013942998
▁select,0.00013304502
