Token,Probability
▁SELECT,0.7441318
<0x0A>,0.18235734
SELECT,0.043995753
▁CREATE,0.014283331
2,0.005463861
▁Select,0.00276895
▁WHERE,0.0018159216
1,0.0005625463
▁DATE,0.00045913688
Select,0.00041804893
