Token,Probability
▁SELECT,0.9462778
<0x0A>,0.030418051
SELECT,0.014824574
▁CREATE,0.006578365
▁Select,0.00070427335
▁WHERE,0.00020818277
▁UPDATE,0.0001851616
▁SQL,9.9109864e-05
▁select,9.531302e-05
<0x09>,8.280939e-05
