Token,Probability
▁SELECT,0.9159319
<0x0A>,0.043513317
SELECT,0.033362817
▁CREATE,0.0038021512
▁Select,0.0014889438
▁WHERE,0.00020628523
▁INSERT,0.00020308707
<0x09>,0.00018062939
Select,0.00015816437
▁select,0.0001406743
