Token,Probability
▁SELECT,0.8625062
<0x0A>,0.10795532
SELECT,0.015797352
▁CREATE,0.008455714
2,0.0022058045
▁Select,0.00074464694
▁UPDATE,0.0005321751
▁WHERE,0.00032531214
▁INSERT,0.00024748442
▁select,0.00014435638
