Token,Probability
▁SELECT,0.8284552
<0x0A>,0.1193503
SELECT,0.041246355
▁CREATE,0.004774613
▁Select,0.0027418293
▁WHERE,0.00045820564
2,0.0004511018
Select,0.00037397657
1,0.00037397657
3,0.00012723911
