Token,Probability
▁SELECT,0.9356463
<0x0A>,0.042414382
SELECT,0.014658018
▁CREATE,0.0044011357
▁Select,0.0014288394
<0x09>,0.00020584383
▁select,0.00017884022
Select,0.00013394513
2,0.00010431658
1,9.9539575e-05
