Token,Probability
▁SELECT,0.97757626
SELECT,0.010525768
<0x0A>,0.0061877794
▁CREATE,0.004252794
▁Select,0.0005491967
▁WHERE,0.00016619204
Select,8.291629e-05
▁UPDATE,8.291629e-05
<0x09>,7.9739824e-05
▁select,7.911927e-05
