Token,Probability
▁SELECT,0.95738494
<0x0A>,0.019561836
SELECT,0.01726326
▁CREATE,0.002999905
▁Select,0.0015563301
▁WHERE,0.00021062637
Select,0.00014363471
▁SQL,0.0001050854
<0x09>,8.31294e-05
▁select,8.31294e-05
