Token,Probability
▁SELECT,0.9091127
<0x0A>,0.05128863
SELECT,0.034165595
▁CREATE,0.0028935065
▁Select,0.0010398033
Select,0.00023020593
▁COUNT,0.00020157505
▁select,0.00013962695
▁UPDATE,0.00012614245
▁WHERE,9.9786885e-05
