Token,Probability
▁SELECT,0.92172945
<0x0A>,0.041135717
SELECT,0.024950074
▁CREATE,0.009770589
▁Select,0.0010378894
Select,0.00019963825
▁UPDATE,0.00015187678
<0x09>,0.00015069486
▁select,0.00013403078
CREATE,0.00013092595
