Token,Probability
▁SELECT,0.7983875
<0x0A>,0.13873893
SELECT,0.047946896
▁CREATE,0.0068003163
▁Select,0.002295686
2,0.0006227215
▁WHERE,0.0005714413
1,0.00045204733
Select,0.00044157566
▁SQL,0.00038968917
