Token,Probability
▁SELECT,0.94582075
<0x0A>,0.027682573
SELECT,0.01993901
▁CREATE,0.0039880527
▁Select,0.0011425962
▁WHERE,0.00028889356
Select,0.00015463358
▁select,0.00013021454
▁SQL,0.00011225194
<0x09>,9.829108e-05
