Token,Probability
▁SELECT,0.84634244
<0x0A>,0.09645235
SELECT,0.05003882
▁CREATE,0.0043723434
▁Select,0.001114172
Select,0.00029292871
▁WHERE,0.00021599211
▁UPDATE,0.00014388176
▁select,0.00013945499
<0x09>,0.00011118322
