Token,Probability
▁SELECT,0.9402225
SELECT,0.02975483
<0x0A>,0.02077222
▁Select,0.003964448
▁CREATE,0.003136136
<0x09>,0.00031051954
Select,0.00025542642
2,0.00024372959
▁WHERE,0.00023256839
▁UPDATE,0.00013460025
