Token,Probability
▁SELECT,0.9461436
SELECT,0.029020991
<0x0A>,0.021232212
▁CREATE,0.001514211
▁Select,0.0013573299
Select,0.00017804293
▁WHERE,9.1648646e-05
▁select,8.215332e-05
<0x09>,6.864167e-05
▁SQL,4.003833e-05
