Token,Probability
▁SELECT,0.9084172
SELECT,0.04452624
<0x0A>,0.039294276
▁CREATE,0.004478122
▁Select,0.0017674118
Select,0.00018339578
▁select,0.00017094366
▁WHERE,0.00013522756
▁UPDATE,0.00013209503
<0x09>,0.00011657345
