Token,Probability
▁SELECT,0.932234
<0x0A>,0.02904464
SELECT,0.028594341
▁CREATE,0.0074592796
▁Select,0.0011619318
▁WHERE,0.00030310798
Select,0.0002234978
▁select,0.00016479695
<0x09>,0.00010723543
▁SQL,0.0001031273
