Token,Probability
▁SELECT,0.9320777
SELECT,0.044280358
<0x0A>,0.018749481
▁CREATE,0.0023103897
▁Select,0.0014013221
Select,0.00032513292
▁select,0.00025519973
select,7.543689e-05
▁SUM,6.156979e-05
<0x09>,5.694275e-05
