Token,Probability
▁SELECT,0.8385413
SELECT,0.098596804
<0x0A>,0.043073755
1,0.005144426
2,0.0040379064
3,0.0018778009
▁Select,0.0015936688
▁CREATE,0.0010699386
4,0.0009516232
6,0.0007527959
