Token,Probability
▁SELECT,0.93264717
<0x0A>,0.03450665
▁CREATE,0.015074837
SELECT,0.01438451
▁Select,0.0012667625
▁WHERE,0.00037739114
▁UPDATE,0.00029854098
<0x09>,0.00021841725
Select,0.00017826696
▁INSERT,0.00013883445
