Token,Probability
▁SELECT,0.96644795
<0x0A>,0.014223243
SELECT,0.013361501
▁CREATE,0.0042043827
▁Select,0.00093812455
▁WHERE,0.00013305436
<0x09>,0.00012795713
Select,9.583546e-05
▁select,8.725918e-05
▁UPDATE,8.13345e-05
