Token,Probability
▁SELECT,0.9273494
<0x0A>,0.039491303
SELECT,0.022855813
▁CREATE,0.0075370474
▁Select,0.0011468488
▁WHERE,0.0002854732
Select,0.00022582788
▁select,0.0001718008
▁SQL,0.00015520908
▁UPDATE,0.00013275737
