Token,Probability
▁SELECT,0.86962986
<0x0A>,0.04830054
SELECT,0.04830054
2,0.00996738
1,0.0071792337
▁Select,0.0036099455
3,0.0026001462
▁CREATE,0.0018010688
4,0.0013489381
5,0.0012475639
