Token,Probability
▁SELECT,0.8826189
<0x0A>,0.08470237
SELECT,0.025432263
▁CREATE,0.0039001638
▁Select,0.001600624
Select,0.00030074833
▁select,0.00022879727
<0x09>,0.00012439492
1,0.00011063913
▁WHERE,0.000107235115
