Token,Probability
▁SELECT,0.8530018
<0x0A>,0.06475667
SELECT,0.055389315
▁CREATE,0.014225151
▁Select,0.0044761426
▁UPDATE,0.0008952848
▁WHERE,0.00075981836
CREATE,0.00074803847
Select,0.0006499071
▁i,0.000564649
