Token,Probability
▁SELECT,0.8242444
<0x0A>,0.13455419
SELECT,0.021289567
▁CREATE,0.01463209
▁Select,0.0012295578
▁WHERE,0.00092089624
▁INSERT,0.00038689756
▁UPDATE,0.00023102708
<0x09>,0.00019760791
▁SQL,0.00018275745
