Token,Probability
▁SELECT,0.96261
<0x0A>,0.017088374
SELECT,0.016823443
▁CREATE,0.0018294646
▁Select,0.0007334183
▁WHERE,0.00015493855
Select,0.000118795506
▁select,8.691265e-05
▁UPDATE,7.2053124e-05
<0x09>,5.6115026e-05
