Token,Probability
▁SELECT,0.952328
<0x0A>,0.024597863
SELECT,0.016643746
▁CREATE,0.0029840593
▁Select,0.0018241188
▁WHERE,0.00035639506
Select,0.00015569746
▁select,0.00012413284
▁UPDATE,0.0001139107
<0x09>,0.00011214468
