Token,Probability
▁SELECT,0.9286055
<0x0A>,0.039544795
SELECT,0.020197503
▁CREATE,0.007786832
▁Select,0.0011848563
▁WHERE,0.00063918205
▁UPDATE,0.00023331205
<0x09>,0.00019646843
▁SQL,0.00015300978
▁select,0.00014830215
