Token,Probability
▁SELECT,0.94295406
<0x0A>,0.032774232
SELECT,0.014096022
▁CREATE,0.008158151
▁Select,0.0009370253
▁WHERE,0.0002243086
Select,0.00013394079
▁UPDATE,0.00010269597
<0x09>,9.350574e-05
▁select,8.647868e-05
