Token,Probability
▁SELECT,0.94657
SELECT,0.023696916
<0x0A>,0.018745802
▁CREATE,0.0073409616
▁Select,0.0015148931
▁UPDATE,0.0005794983
▁WHERE,0.00026324895
Select,0.00020026923
<0x09>,0.00013657175
▁SQL,0.00013657175
