Token,Probability
▁SELECT,0.86390513
<0x0A>,0.08421204
SELECT,0.04507546
▁CREATE,0.0032652554
▁Select,0.0011196603
▁WHERE,0.0003663515
1,0.00022925691
2,0.00020074406
▁UPDATE,0.00019006064
Select,0.000177156
