Token,Probability
▁SELECT,0.9477396
<0x0A>,0.021943145
SELECT,0.016563555
▁CREATE,0.009437629
▁Select,0.0016789058
▁WHERE,0.00077468774
<0x09>,0.00024760506
▁select,0.0002101397
Select,0.00017695538
▁SQL,0.00012450365
