Token,Probability
▁SELECT,0.8129742
1,0.056194812
2,0.034083877
3,0.017682482
SELECT,0.015850475
4,0.014659292
5,0.010558692
6,0.00760514
9,0.0053508845
<0x0A>,0.005026691
