Token,Probability
▁SELECT,0.89010316
<0x0A>,0.07193137
SELECT,0.031424485
▁CREATE,0.0034172542
▁Select,0.0014469565
▁WHERE,0.00028492263
Select,0.000259425
<0x09>,0.00025341543
▁INSERT,0.00015612472
▁UPDATE,7.2039715e-05
