Token,Probability
▁SELECT,0.87328
<0x0A>,0.06947773
SELECT,0.0477513
▁CREATE,0.0028676882
▁Select,0.0027363673
Select,0.0004644942
2,0.00039114335
▁WHERE,0.00033718662
1,0.0003022521
▁SQL,0.0002839396
