Token,Probability
▁SELECT,0.95470023
SELECT,0.01981417
<0x0A>,0.019204551
▁CREATE,0.0042186803
▁Select,0.0010583487
Select,0.00017825501
▁WHERE,0.00016745509
▁select,0.000113305774
▁UPDATE,9.393379e-05
<0x09>,8.3546445e-05
