Token,Probability
▁SELECT,0.7690521
<0x0A>,0.17983392
SELECT,0.040126372
▁AV,0.0040991665
▁CREATE,0.0016562131
2,0.001156223
▁Select,0.00087276293
1,0.0008008923
▁select,0.00047451296
Select,0.0002539885
