Token,Probability
▁SELECT,0.88318306
SELECT,0.057349123
<0x0A>,0.050610423
▁CREATE,0.0032607918
▁Select,0.002767398
Select,0.0003925005
▁select,0.000315383
▁WHERE,0.0002494885
2,0.00022716187
▁UPDATE,0.0001854041
