Token,Probability
▁SELECT,0.96211714
SELECT,0.020282557
<0x0A>,0.01085647
▁Select,0.002422406
▁CREATE,0.0020398702
▁WHERE,0.00047328795
Select,0.00030557768
1,0.00027606642
2,0.0002654905
▁select,0.00013040454
