Token,Probability
▁SELECT,0.9466099
SELECT,0.026436936
<0x0A>,0.017068967
▁CREATE,0.005628748
▁Select,0.0019150851
1,0.00039829974
2,0.00030538702
Select,0.00026532484
▁WHERE,0.0001547626
▁select,0.00014091295
