Token,Probability
▁SELECT,0.9626829
<0x0A>,0.020294484
SELECT,0.009437812
▁CREATE,0.005051696
▁Select,0.0011097104
▁WHERE,0.0003956794
▁UPDATE,0.00031793735
Select,0.00010082808
▁SQL,0.00010082808
<0x09>,9.3982104e-05
