Token,Probability
▁SELECT,0.90188664
SELECT,0.06740632
<0x0A>,0.01992527
▁Select,0.0027390574
1,0.001536472
2,0.001536472
▁CREATE,0.0010235109
Select,0.0007488166
3,0.00055214274
▁select,0.00027120337
