Token,Probability
▁SELECT,0.9070084
<0x0A>,0.06468483
SELECT,0.019727759
▁CREATE,0.0059233475
▁Select,0.0011572994
▁WHERE,0.0002748827
▁SQL,0.00017472608
Select,0.00016935033
▁UPDATE,0.00013396714
▁select,0.00012293516
