Token,Probability
▁SELECT,0.8360826
<0x0A>,0.07305608
SELECT,0.069710605
▁CREATE,0.013514016
▁Select,0.003311752
▁select,0.0004624242
Select,0.00040491216
▁WHERE,0.00038940023
<0x09>,0.00032282414
2,0.00029624006
