Token,Probability
▁SELECT,0.9250909
<0x0A>,0.05138093
SELECT,0.018320432
▁CREATE,0.0033363989
▁Select,0.0008568581
▁WHERE,0.0001536262
<0x09>,0.00013878969
Select,0.00012344212
▁select,0.000115060706
▁SUM,5.9228172e-05
