Token,Probability
▁SELECT,0.9599031
SELECT,0.019922154
<0x0A>,0.014126923
▁CREATE,0.0039846813
▁Select,0.00084178546
▁WHERE,0.00026487955
Select,0.00014858396
▁UPDATE,0.00014514201
▁select,0.00011041822
<0x09>,6.8560235e-05
