Token,Probability
▁SELECT,0.83595866
SELECT,0.073045254
2,0.030449793
<0x0A>,0.028161453
1,0.009732339
3,0.0052093454
4,0.0029450967
▁Select,0.0020083815
▁CREATE,0.00194659
▁touch,0.0019014974
