Token,Probability
▁SELECT,0.94251704
<0x0A>,0.03175115
SELECT,0.0145367365
▁CREATE,0.008413217
▁Select,0.0011839621
▁WHERE,0.00032115832
▁UPDATE,0.0002259631
Select,0.00016661474
<0x09>,0.0001287499
▁select,0.00012478868
