Token,Probability
▁SELECT,0.884518
<0x0A>,0.07491041
SELECT,0.026296029
▁CREATE,0.0076525803
▁Select,0.003043986
▁WHERE,0.0007401558
Select,0.0003551306
<0x09>,0.0002538004
▁SQL,0.0002538004
▁UPDATE,0.00017039354
