Token,Probability
▁SELECT,0.85179585
<0x0A>,0.07679172
SELECT,0.05706676
▁CREATE,0.0069229845
▁Select,0.003853221
Select,0.0005380302
▁height,0.00036978236
▁WHERE,0.0003556162
▁SQL,0.00033147077
<0x09>,0.00025414745
