Token,Probability
▁SELECT,0.9375367
SELECT,0.0445397
<0x0A>,0.01515387
▁Select,0.0011504244
▁CREATE,0.0006762996
Select,0.00021956234
▁select,0.00020306197
select,8.077247e-05
▁SUM,4.899098e-05
▁WHERE,4.495665e-05
