Token,Probability
▁SELECT,0.9285462
SELECT,0.033297926
<0x0A>,0.0317731
▁Select,0.0019230889
▁CREATE,0.0009669897
1,0.000577416
2,0.000577416
▁select,0.0003264414
Select,0.00029262019
3,0.00020912621
