Token,Probability
▁SELECT,0.9715623
SELECT,0.010298831
<0x0A>,0.008809057
▁CREATE,0.0077739656
▁Select,0.0006953902
▁WHERE,0.00019461743
▁UPDATE,9.785978e-05
▁select,8.4360414e-05
Select,8.0497266e-05
▁SQL,6.468137e-05
