Token,Probability
▁SELECT,0.9675784
SELECT,0.01256665
<0x0A>,0.009786918
▁CREATE,0.006939963
▁Select,0.0014433749
▁WHERE,0.0003537142
▁UPDATE,0.00023016622
Select,0.00013636898
<0x09>,0.00010872283
▁select,8.668139e-05
