Token,Probability
▁SELECT,0.9112746
SELECT,0.034246843
<0x0A>,0.031673152
▁CREATE,0.011471255
▁Select,0.003695189
2,0.001391621
▁DATE,0.0010181317
▁WHERE,0.0009639478
▁SQL,0.0004049848
Select,0.0004018332
