Token,Probability
▁SELECT,0.96762276
<0x0A>,0.013588412
▁CREATE,0.0082417885
SELECT,0.0069402806
▁Select,0.0025531868
<0x09>,0.00013637522
Select,0.0001321794
▁WHERE,0.00012811266
▁select,0.00011394576
▁UPDATE,8.079964e-05
