Token,Probability
▁SELECT,0.6025383
<0x0A>,0.31751537
SELECT,0.065523
▁SUM,0.010048278
1,0.0009129846
▁Select,0.0006679538
▁CREATE,0.00047736504
▁select,0.00026777753
Select,0.00023264915
2,0.00021685283
