Token,Probability
▁SELECT,0.8348414
SELECT,0.07526323
<0x0A>,0.052542206
2,0.01732658
1,0.0059879054
▁Select,0.0036035848
▁CREATE,0.0026159224
3,0.0017290192
9,0.0014111842
4,0.00070958806
