Token,Probability
▁SELECT,0.9025083
<0x0A>,0.056800943
SELECT,0.033917394
▁CREATE,0.0027409454
▁Select,0.0018838224
Select,0.00026927836
▁WHERE,0.00026718286
▁select,0.00018507213
▁SQL,0.00014526478
▁UPDATE,0.00013226508
