Token,Probability
▁SELECT,0.91276056
<0x0A>,0.04544367
SELECT,0.030748725
▁CREATE,0.008406234
▁Select,0.0011376601
Select,0.00022401857
▁WHERE,0.0002039712
▁select,0.00018000396
<0x09>,0.00015396555
▁SQL,0.00012275203
