Token,Probability
▁SELECT,0.92753243
<0x0A>,0.049931537
SELECT,0.013230539
▁CREATE,0.0063480823
▁Select,0.0005950947
▁UPDATE,0.00049335085
▁WHERE,0.00048192235
1,0.00021218754
▁INSERT,0.00017728932
▁SQL,0.00012280473
