Token,Probability
▁SELECT,0.9296754
▁CREATE,0.03181174
SELECT,0.018411223
<0x0A>,0.015747955
▁Select,0.0020336567
▁WHERE,0.000530511
Select,0.00031926716
▁UPDATE,0.00020135926
CREATE,0.00016824198
<0x09>,0.00015928829
