Token,Probability
▁SELECT,0.9452939
<0x0A>,0.031350993
SELECT,0.017045237
▁CREATE,0.0042428956
▁Select,0.0009247873
▁WHERE,0.00029327953
Select,0.00015945331
▁select,0.0001029508
▁UPDATE,8.601861e-05
▁SQL,7.9554215e-05
