Token,Probability
▁SELECT,0.93938756
<0x0A>,0.03530336
SELECT,0.022793563
▁CREATE,0.0010828573
▁Select,0.0007559562
Select,0.0001313655
▁select,0.00010555514
▁WHERE,7.844192e-05
▁UPDATE,6.452456e-05
<0x09>,4.9860715e-05
