Token,Probability
▁SELECT,0.73349845
<0x0A>,0.096214056
SELECT,0.07731017
1,0.037093822
2,0.02630346
3,0.005823421
▁CREATE,0.004430225
4,0.0035320837
5,0.0026043954
6,0.0023899274
