Token,Probability
▁SELECT,0.87133414
<0x0A>,0.093284175
SELECT,0.029353168
▁CREATE,0.0028612982
▁Select,0.0011381459
▁WHERE,0.000525168
Select,0.00021053581
▁select,0.00012473833
▁UPDATE,0.00012473833
▁SQL,9.790825e-05
