Token,Probability
▁SELECT,0.9372666
SELECT,0.039294824
<0x0A>,0.016900491
▁CREATE,0.0035983226
▁Select,0.0013341311
Select,0.00030954328
2,0.00020620029
1,0.0001485205
▁select,0.0001395221
<0x09>,8.663124e-05
