Token,Probability
▁SELECT,0.9545249
SELECT,0.022801783
<0x0A>,0.0107708
▁CREATE,0.0041850815
▁Select,0.0039623557
▁VARCHAR,0.00068855414
▁SQL,0.0005197479
Select,0.00033296307
▁select,0.0003127898
<0x09>,0.00026339546
