Token,Probability
▁SELECT,0.9427323
<0x0A>,0.028026693
SELECT,0.016476043
▁CREATE,0.009242223
▁Select,0.0010782558
▁WHERE,0.00049753336
<0x09>,0.00029248476
▁UPDATE,0.0002260147
▁INSERT,0.00013601805
▁select,0.000120035504
