Token,Probability
▁SELECT,0.95256627
<0x0A>,0.024222568
SELECT,0.019161625
▁CREATE,0.0024361273
▁Select,0.0007257659
Select,0.00013114321
▁select,0.0001261192
▁WHERE,0.000109574255
▁SQL,9.372383e-05
<0x09>,7.954238e-05
