Token,Probability
▁SELECT,0.8059391
<0x0A>,0.10246365
SELECT,0.041399058
1,0.014993746
2,0.014532437
3,0.0052632997
4,0.0029989379
5,0.0025451654
▁Select,0.0020291829
6,0.0020133916
