Token,Probability
▁SELECT,0.6904998
<0x0A>,0.18877214
SELECT,0.07869194
▁CREATE,0.019587973
2,0.0046890415
▁Select,0.003222728
1,0.0031480736
▁INSERT,0.0021806068
INSERT,0.0015829508
CREATE,0.0007419141
