Token,Probability
▁SELECT,0.9173522
SELECT,0.053396296
<0x0A>,0.018453266
▁CREATE,0.0042481837
▁Select,0.003990799
Select,0.0005194052
▁WHERE,0.00035978144
▁select,0.00027801757
▁SQL,0.00014997921
2,0.00011409818
