Token,Probability
▁SELECT,0.9563279
SELECT,0.021460755
<0x0A>,0.018939048
▁Select,0.0012491656
▁COUNT,0.000333592
▁CREATE,0.00030373895
▁select,0.00023107241
1,0.00021370704
Select,0.00017442259
▁SUM,0.00011802024
