Token,Probability
▁SELECT,0.84385526
<0x0A>,0.10237126
SELECT,0.04201308
▁CREATE,0.0076511498
▁Select,0.0015789041
▁UPDATE,0.00037210414
▁WHERE,0.00034683917
Select,0.00031334307
▁select,0.00020710715
<0x09>,0.0001827714
