Token,Probability
▁SELECT,0.9089377
SELECT,0.057205588
<0x0A>,0.02578458
▁Select,0.0036570306
▁CREATE,0.0013772505
▁high,0.0006817884
2,0.0004872522
Select,0.00036209504
1,0.00019081071
▁WHERE,0.00015332071
