Token,Probability
▁SELECT,0.87483525
<0x0A>,0.08395539
SELECT,0.029014207
▁CREATE,0.0061774813
▁Select,0.0016888294
▁UPDATE,0.001116248
Select,0.00033255023
▁WHERE,0.00032231872
▁INSERT,0.00031732162
▁SQL,0.00026930735
