Token,Probability
▁SELECT,0.9658253
SELECT,0.014437919
<0x0A>,0.013352892
▁CREATE,0.004201674
▁Select,0.0011046687
▁WHERE,0.00019498561
Select,0.00013934991
▁select,0.00012887763
▁UPDATE,9.5773714e-05
▁SQL,8.320965e-05
