Token,Probability
▁SELECT,0.92518604
<0x0A>,0.0336999
SELECT,0.032663062
▁CREATE,0.003607878
▁Select,0.0029910358
▁WHERE,0.00034623756
Select,0.00031525287
▁SQL,0.00015008287
▁select,0.00013141695
<0x09>,0.00012249406
