Token,Probability
▁SELECT,0.91350555
<0x0A>,0.06413815
SELECT,0.017810524
▁CREATE,0.002647298
▁Select,0.0008936885
▁WHERE,0.0002122696
Select,0.0001392098
▁select,9.948877e-05
<0x09>,9.6427815e-05
▁UPDATE,7.931936e-05
