Token,Probability
▁SELECT,0.9470781
SELECT,0.035592385
<0x0A>,0.012109697
▁CREATE,0.0018863272
▁Select,0.0017720403
Select,0.00030080113
▁WHERE,0.00026134055
▁select,0.00016873414
▁UPDATE,0.000120588855
<0x09>,8.68569e-05
