Token,Probability
▁SELECT,0.89359385
<0x0A>,0.037463848
▁CREATE,0.032549154
SELECT,0.026565846
▁Select,0.0026303749
▁WHERE,0.0011225063
<0x09>,0.0008276842
▁SQL,0.0008212431
1,0.00029743454
▁VARCHAR,0.00029511985
