Token,Probability
▁SELECT,0.914715
SELECT,0.04413983
<0x0A>,0.028056983
▁Select,0.0025492525
▁CREATE,0.0019242765
2,0.0013225346
▁US,0.0010794214
1,0.0009089638
<0x09>,0.0008673394
US,0.0006969268
