Token,Probability
▁SELECT,0.9297376
SELECT,0.050050247
<0x0A>,0.01411732
▁Select,0.0023963938
▁CREATE,0.0015839196
Select,0.0004793089
1,0.000254559
▁select,0.00022289931
2,0.00013519527
3,8.526659e-05
