Token,Probability
▁SELECT,0.88605887
SELECT,0.08371418
<0x0A>,0.023246586
▁CREATE,0.0016578696
▁Select,0.0013114827
2,0.0009822552
1,0.0008668373
Select,0.0004900653
▁select,0.00022790153
3,0.00012390791
