Token,Probability
▁SELECT,0.9435216
<0x0A>,0.031784993
SELECT,0.019278571
▁CREATE,0.0035108891
▁Select,0.0010058866
Select,0.00015915436
▁WHERE,0.0001340214
<0x09>,9.068342e-05
▁select,8.7893386e-05
▁UPDATE,7.576883e-05
