Token,Probability
▁SELECT,0.9491349
SELECT,0.026507454
<0x0A>,0.0190926
▁CREATE,0.002793865
▁Select,0.0011288235
▁select,0.0002257789
Select,0.00019769861
1,0.00013169566
2,0.00011003586
▁WHERE,9.193839e-05
