Token,Probability
▁SELECT,0.87519175
SELECT,0.05338704
<0x0A>,0.04937494
1,0.007113135
2,0.004812988
▁CREATE,0.0027210163
▁Select,0.0018125878
3,0.0011342884
4,0.00053163024
5,0.00045829397
