Token,Probability
▁SELECT,0.9119991
<0x0A>,0.044008773
SELECT,0.023190996
▁CREATE,0.012608726
▁Select,0.002726828
2,0.00096471416
<0x09>,0.00047756816
1,0.00046650527
▁INSERT,0.00035213667
▁M,0.0003282274
