Token,Probability
▁SELECT,0.89135104
SELECT,0.051078483
<0x0A>,0.038556065
▁CREATE,0.0046409816
2,0.004428455
1,0.0036713183
▁Select,0.0018032909
3,0.0007755858
Select,0.00038095497
4,0.00033619156
