Token,Probability
▁SELECT,0.83534294
<0x0A>,0.12223767
SELECT,0.03613339
▁CREATE,0.0024397725
▁Select,0.0017032358
▁WHERE,0.00030299692
Select,0.0001809277
▁UPDATE,0.00014999435
▁select,0.00014424816
<0x09>,0.00014090665
