Token,Probability
▁SELECT,0.9121137
<0x0A>,0.03592343
SELECT,0.025078595
▁CREATE,0.022834321
▁Select,0.0007632476
▁WHERE,0.00061809673
<0x09>,0.00034402264
▁UPDATE,0.00029425818
▁SQL,0.0002221177
▁M,0.00018998735
