Token,Probability
▁SELECT,0.8470973
SELECT,0.101171345
<0x0A>,0.037218858
▁CREATE,0.0049589328
▁Select,0.0039846147
2,0.0017544022
1,0.00044358234
▁select,0.00036204135
Select,0.0003536546
CREATE,0.00030967034
