Token,Probability
▁SELECT,0.7806321
<0x0A>,0.1356535
SELECT,0.049130447
▁CREATE,0.024704337
▁Select,0.002523707
2,0.0015307058
▁WHERE,0.0012396034
CREATE,0.0006687158
▁INSERT,0.00045247577
▁UPDATE,0.00041198387
