Token,Probability
▁SELECT,0.82705075
SELECT,0.08854324
<0x0A>,0.04966826
1,0.011434283
2,0.008766969
▁AV,0.004206437
▁CREATE,0.0018376565
3,0.0015474618
▁Select,0.0009836266
4,0.0007660492
