Token,Probability
▁SELECT,0.7493244
<0x0A>,0.12819429
SELECT,0.08949404
1,0.010522828
2,0.009432603
3,0.0020240683
▁Select,0.001276564
▁CREATE,0.0011532794
4,0.0010177655
5,0.0010098452
