Token,Probability
▁SELECT,0.9288929
SELECT,0.03545869
<0x0A>,0.032285508
▁CREATE,0.0015824805
▁Select,0.0008739287
▁select,0.00021416543
Select,0.00018034536
select,6.5829045e-05
▁WHERE,6.0881917e-05
▁SUM,5.9008784e-05
