Token,Probability
▁SELECT,0.93240076
<0x0A>,0.030443963
SELECT,0.022980308
▁CREATE,0.01085513
▁Select,0.001690903
Select,0.00022705799
▁WHERE,0.00018531932
▁select,0.00018387717
▁UPDATE,0.00017545682
<0x09>,0.00016354375
