Token,Probability
▁SELECT,0.90948397
<0x0A>,0.049730945
SELECT,0.027464036
▁CREATE,0.007746587
▁Select,0.0027837942
▁UPDATE,0.00039175342
▁WHERE,0.00036801829
Select,0.00027563298
<0x09>,0.00027348797
▁select,0.00026715265
