Token,Probability
▁SELECT,0.9544759
<0x0A>,0.032154016
SELECT,0.0106032705
▁CREATE,0.0010335892
▁Select,0.00092650333
▁WHERE,0.00018531232
Select,9.4648276e-05
▁select,7.200461e-05
▁INSERT,7.200461e-05
<0x09>,6.556095e-05
