Token,Probability
▁SELECT,0.92855835
<0x0A>,0.02984846
▁CREATE,0.0225308
SELECT,0.015729032
▁Select,0.0011394073
▁UPDATE,0.0003066673
▁WHERE,0.00026230645
Select,0.00017473377
CREATE,0.00016935777
▁SQL,0.00016414718
