Token,Probability
▁SELECT,0.86558825
<0x0A>,0.092669025
SELECT,0.03409103
▁CREATE,0.0036497526
▁Select,0.001820929
▁WHERE,0.00049009646
Select,0.0002972585
<0x09>,0.0002858707
▁select,0.00014830776
▁SQL,0.00012295145
