Token,Probability
▁SELECT,0.94295037
<0x0A>,0.026334733
SELECT,0.024355646
▁CREATE,0.002690262
▁Select,0.0018781058
▁WHERE,0.00037859098
<0x09>,0.00022430773
Select,0.0001845105
▁select,0.00013394025
▁UPDATE,8.992324e-05
