Token,Probability
▁SELECT,0.9380039
<0x0A>,0.03752488
▁CREATE,0.016651563
SELECT,0.005665409
▁Select,0.000889422
▁WHERE,0.00028650597
▁select,9.9013814e-05
Select,8.535524e-05
▁SQL,7.955983e-05
<0x09>,6.647473e-05
