Token,Probability
▁SELECT,0.91856956
<0x0A>,0.05263823
SELECT,0.022995941
▁CREATE,0.0034718676
▁Select,0.0010182955
▁select,0.00024376335
Select,0.00017285411
▁WHERE,0.00011973254
<0x09>,8.229089e-05
▁UPDATE,7.3765084e-05
