Token,Probability
▁SELECT,0.95501727
<0x0A>,0.024667324
SELECT,0.011652018
▁CREATE,0.00653619
▁Select,0.00077456166
▁WHERE,0.00027402918
▁UPDATE,0.0001701486
Select,0.00012351465
▁select,0.00011512831
▁SQL,0.000108153035
