Token,Probability
▁SELECT,0.8975424
<0x0A>,0.062040374
SELECT,0.02429536
▁CREATE,0.004060162
▁Select,0.0037844873
▁WHERE,0.0021732482
2,0.001050914
▁location,0.0007994933
1,0.0005409642
▁SQL,0.00044152213
