Token,Probability
▁SELECT,0.9537615
<0x0A>,0.021740213
SELECT,0.014036536
▁CREATE,0.005496787
▁Select,0.0030356138
Select,0.00033793596
▁WHERE,0.00021147492
▁select,0.00017807975
▁UPDATE,0.00013130777
<0x09>,0.00012431969
