Token,Probability
▁SELECT,0.95563143
<0x0A>,0.018925253
SELECT,0.01670148
▁CREATE,0.0062408866
▁Select,0.0013709409
▁WHERE,0.00016893305
▁UPDATE,0.00014337162
▁select,0.00012456343
Select,0.00011520234
▁SQL,9.931062e-05
