Token,Probability
▁SELECT,0.89724314
SELECT,0.06201969
<0x0A>,0.03268208
▁Select,0.00292345
▁CREATE,0.0015285613
2,0.0004847555
Select,0.000392567
▁WHERE,0.00033578035
▁most,0.0002940191
▁select,0.00027405593
