Token,Probability
▁SELECT,0.8987832
<0x0A>,0.049919758
SELECT,0.027568309
▁CREATE,0.019245781
▁Select,0.0019507802
▁WHERE,0.0005250453
▁UPDATE,0.00029452375
<0x09>,0.0002599163
Select,0.0002599163
▁SQL,0.00017045728
