Token,Probability
▁SELECT,0.8453922
<0x0A>,0.11441139
SELECT,0.03435253
▁CREATE,0.003564596
▁Select,0.000887298
▁select,0.00021075178
Select,0.00016934381
▁WHERE,0.00013085874
▁UPDATE,0.00010597264
<0x09>,9.800868e-05
