Token,Probability
▁SELECT,0.91137826
<0x0A>,0.049834527
SELECT,0.025058372
▁CREATE,0.009813
▁Select,0.0015048723
▁WHERE,0.00045184456
Select,0.0002940209
▁UPDATE,0.00021012724
▁select,0.00016622433
▁SQL,0.00015861237
