Token,Probability
▁SELECT,0.88987523
<0x0A>,0.0665086
SELECT,0.033442628
▁CREATE,0.0058114566
▁Select,0.0021379155
▁WHERE,0.00040802828
Select,0.0003152998
▁SQL,0.00020677867
▁UPDATE,0.00015730891
▁select,0.00015246903
