Token,Probability
▁SELECT,0.7785443
SELECT,0.11754261
<0x0A>,0.07708633
2,0.0060852235
▁CREATE,0.005005568
▁Select,0.004452044
1,0.003083841
3,0.0006314342
▁VARCHAR,0.00057492737
Select,0.0005572387
