Token,Probability
▁SELECT,0.78926265
SELECT,0.173378
<0x0A>,0.029201623
▁CREATE,0.0037125696
▁Select,0.0011591207
▁INSERT,0.0003763114
INSERT,0.0003647335
Select,0.00035351186
▁UPDATE,0.00030237468
CREATE,0.00027965088
