Token,Probability
▁SELECT,0.85814714
<0x0A>,0.064137265
SELECT,0.064137265
▁CREATE,0.0041647265
▁Select,0.0031683566
2,0.0017497328
1,0.0011297123
Select,0.0009006852
▁select,0.000299344
select,0.00024431746
