Token,Probability
▁SELECT,0.93254566
SELECT,0.047159858
<0x0A>,0.014839509
▁CREATE,0.0020399354
▁Select,0.00085037155
▁WHERE,0.00055768725
▁directed,0.00023613965
2,0.0001687614
<0x09>,0.00013881933
Select,0.00013666713
