Token,Probability
▁SELECT,0.9335059
<0x0A>,0.03453842
SELECT,0.024877088
▁CREATE,0.004391067
▁Select,0.0012193553
▁UPDATE,0.00020698369
▁WHERE,0.00018993892
Select,0.00017983056
<0x09>,0.00014449791
▁SQL,0.00013054299
