Token,Probability
▁SELECT,0.8929551
<0x0A>,0.046591185
SELECT,0.031036422
2,0.016874209
▁Select,0.0041676355
▁CREATE,0.0035647675
1,0.0011940475
▁WHERE,0.000741401
Select,0.0004126518
▁UPDATE,0.00036416392
