Token,Probability
▁SELECT,0.88855964
<0x0A>,0.06959737
SELECT,0.024052208
▁CREATE,0.013492065
▁Select,0.0020853032
▁WHERE,0.00047262138
▁UPDATE,0.00024328462
Select,0.00019548467
<0x09>,0.00017117211
▁SQL,0.00016984003
