Token,Probability
▁SELECT,0.9666876
SELECT,0.016374912
<0x0A>,0.011611552
▁CREATE,0.0028903438
▁Select,0.0011678045
▁UPDATE,0.00020612973
Select,0.00018768324
▁WHERE,0.00014963413
▁SQL,0.00010693869
▁select,9.890212e-05
