Token,Probability
▁SELECT,0.9107105
<0x0A>,0.04326526
SELECT,0.014267369
▁CREATE,0.013402953
▁Select,0.010438231
<0x09>,0.00207153
2,0.00091923587
▁WHERE,0.0008840205
Select,0.0004550548
▁select,0.0004047341
