Token,Probability
▁SELECT,0.7865337
SELECT,0.12251833
<0x0A>,0.047235023
2,0.020000568
▁CREATE,0.00614767
1,0.006099828
▁VARCHAR,0.0012489749
3,0.0011461237
▁Select,0.001093639
▁production,0.0008127234
