Token,Probability
▁SELECT,0.8894835
SELECT,0.057758242
<0x0A>,0.0471409
▁CREATE,0.0025377197
▁Select,0.0017171071
Select,0.00034344304
▁select,0.00015240192
▁high,0.000108916756
2,7.544442e-05
▁WHERE,7.087347e-05
