Token,Probability
▁SELECT,0.9329305
<0x0A>,0.043633744
SELECT,0.011561791
▁CREATE,0.009004331
▁Select,0.0014246921
▁WHERE,0.0003154179
<0x09>,0.00020524634
▁UPDATE,0.00019738349
Select,0.00012944726
▁select,8.357743e-05
