Token,Probability
▁SELECT,0.9675136
<0x0A>,0.01296469
▁CREATE,0.00948517
SELECT,0.0076215486
▁Select,0.0010809654
▁WHERE,0.00057409634
▁UPDATE,0.0001321645
<0x09>,7.5305055e-05
▁SQL,7.074255e-05
▁select,6.645648e-05
