Token,Probability
▁SELECT,0.9134013
<0x0A>,0.04076404
SELECT,0.031254873
▁CREATE,0.010971492
1,0.0006537618
▁UPDATE,0.00063861744
▁Select,0.00047458019
▁select,0.0003040275
▁WHERE,0.00022770608
<0x09>,0.0001436124
