Token,Probability
▁SELECT,0.9527755
SELECT,0.022759993
<0x0A>,0.019774225
▁CREATE,0.0026346603
▁Select,0.0009542108
▁WHERE,0.00017108055
Select,0.00016071531
▁SQL,0.00010622634
▁select,0.000102156875
▁UPDATE,7.9559846e-05
