Token,Probability
▁SELECT,0.8787241
<0x0A>,0.07559166
SELECT,0.031022757
▁CREATE,0.0069221132
▁Select,0.0027750214
▁WHERE,0.0011124846
▁DATE,0.00052550057
Select,0.00038747984
▁SQL,0.00030413637
2,0.00027909124
