Token,Probability
▁SELECT,0.949491
<0x0A>,0.0265174
SELECT,0.01794257
▁CREATE,0.0030696115
▁Select,0.0015924936
▁WHERE,0.00020088727
<0x09>,0.00014928673
▁select,0.00014469367
Select,0.00013806765
▁UPDATE,0.00012669801
