Token,Probability
▁SELECT,0.9375284
<0x0A>,0.030611385
SELECT,0.023840172
▁CREATE,0.0048434245
▁Select,0.001500423
▁WHERE,0.00026901098
Select,0.00022128243
▁UPDATE,0.00021956037
<0x09>,0.00014740585
▁select,0.0001175222
