Token,Probability
▁SELECT,0.92113894
<0x0A>,0.046583008
SELECT,0.02696018
▁CREATE,0.0031700134
▁Select,0.0010701496
Select,0.00019186724
▁WHERE,0.00013499545
▁select,0.00012781113
<0x09>,9.5726115e-05
▁SQL,5.94377e-05
