Token,Probability
▁SELECT,0.9180191
SELECT,0.05599952
<0x0A>,0.019967245
▁CREATE,0.0015885843
▁Select,0.0014239977
2,0.00047697948
1,0.00042756164
Select,0.0003572411
3,0.00023612198
▁select,0.00021837711
