Token,Probability
▁SELECT,0.9084375
SELECT,0.034677844
▁CREATE,0.02420904
<0x0A>,0.02070709
▁Select,0.003433572
▁WHERE,0.0012631406
2,0.0010720135
▁VARCHAR,0.0008155448
1,0.000742562
<0x09>,0.00044340405
