Token,Probability
▁SELECT,0.93408656
<0x0A>,0.03855436
SELECT,0.020001736
▁CREATE,0.005912502
▁Select,0.0005718558
Select,0.00011617955
▁WHERE,0.00010333223
▁INSERT,8.9077956e-05
▁select,8.7014465e-05
<0x09>,7.922757e-05
