Token,Probability
▁SELECT,0.9316587
<0x0A>,0.031879604
SELECT,0.026019378
▁CREATE,0.007812434
▁Select,0.001179501
Select,0.00019711441
▁WHERE,0.00016598696
▁select,0.00014995673
▁UPDATE,0.00013442033
▁SQL,9.606589e-05
