Token,Probability
▁SELECT,0.8536931
SELECT,0.0700754
<0x0A>,0.06088256
▁CREATE,0.011087539
▁Select,0.0015725472
Select,0.00034008716
▁select,0.00033481463
CREATE,0.0002775711
▁UPDATE,0.0001849022
▁WHERE,0.00017369955
