Token,Probability
▁SELECT,0.8900492
<0x0A>,0.064474955
SELECT,0.032420043
▁Select,0.0032100189
1,0.0027243074
2,0.0013914402
▁CREATE,0.0009125287
3,0.0007332375
▁COUNT,0.0004517345
4,0.00040178097
