Token,Probability
▁SELECT,0.89601845
<0x0A>,0.054657474
SELECT,0.030184723
▁CREATE,0.0127810165
▁Select,0.0019908985
<0x09>,0.0006024645
▁SQL,0.000322476
2,0.0003125545
1,0.0002913328
▁WHERE,0.00028681612
