Token,Probability
▁SELECT,0.96977454
<0x0A>,0.014050931
SELECT,0.007520921
▁CREATE,0.0062350626
▁Select,0.0015520299
▁select,0.00015854982
▁WHERE,0.00012640694
Select,0.00011155374
<0x09>,9.921794e-05
▁SQL,5.107302e-05
