Token,Probability
▁SELECT,0.9431331
SELECT,0.03382102
<0x0A>,0.013880118
▁Select,0.004102955
▁CREATE,0.002776198
Select,0.00047125542
▁UPDATE,0.0003876441
▁select,0.0001706774
2,0.00016934918
<0x09>,0.00013396621
