Token,Probability
▁SELECT,0.95238304
SELECT,0.0177182
<0x0A>,0.016644709
▁CREATE,0.008771145
▁Select,0.0026335751
▁WHERE,0.0004470454
Select,0.0001820393
▁UPDATE,0.00016704867
<0x09>,0.00014857615
▁select,0.00012808065
