Token,Probability
▁SELECT,0.96438706
<0x0A>,0.017941523
SELECT,0.011766338
▁CREATE,0.0034781229
▁Select,0.0012209358
▁WHERE,0.00033904167
▁select,0.00012375583
Select,9.713706e-05
<0x09>,9.125183e-05
▁UPDATE,7.805182e-05
