Token,Probability
▁SELECT,0.96285075
SELECT,0.01819503
<0x0A>,0.014393453
▁CREATE,0.0034187448
▁Select,0.0004699629
▁select,9.547875e-05
Select,9.326699e-05
▁WHERE,7.732105e-05
▁UPDATE,5.612906e-05
▁SQL,5.4828834e-05
