Token,Probability
▁SELECT,0.8927314
<0x0A>,0.066722065
SELECT,0.030073991
▁CREATE,0.008094305
▁Select,0.00075879274
▁WHERE,0.00027267786
▁select,0.00014825238
Select,0.00012290553
<0x09>,0.00012005843
CREATE,0.00011636462
