Token,Probability
▁SELECT,0.84874976
SELECT,0.061483227
<0x0A>,0.059591584
▁CREATE,0.0205943
▁Select,0.0020232433
2,0.0012081339
▁WHERE,0.000621894
▁SQL,0.00060276035
1,0.00057515793
<0x09>,0.00041427073
