Token,Probability
▁SELECT,0.9652795
SELECT,0.016097559
<0x0A>,0.011594637
▁CREATE,0.005308412
▁Select,0.00085983064
Select,0.00015536822
▁WHERE,0.00014146438
▁select,0.00012780241
▁UPDATE,6.682304e-05
▁SQL,4.927222e-05
