Token,Probability
▁SELECT,0.933399
<0x0A>,0.026067981
SELECT,0.019372078
▁CREATE,0.006907327
▁WHERE,0.0032627904
▁location,0.0030175876
▁Select,0.002642288
2,0.0008121727
▁SQL,0.0005410237
1,0.00044503392
