Token,Probability
▁SELECT,0.94790626
SELECT,0.03143763
<0x0A>,0.011565257
▁CREATE,0.004458804
▁Select,0.0025011625
Select,0.00046266854
▁WHERE,0.00019286893
1,0.00015741504
▁SUM,0.00015497454
2,0.00015257188
