Token,Probability
▁SELECT,0.7719456
<0x0A>,0.18624055
SELECT,0.032363754
▁CREATE,0.0026359053
▁Select,0.0022370636
▁WHERE,0.001742227
Select,0.00037385084
2,0.00021806527
1,0.00021301379
▁INSERT,0.00020807932
