Token,Probability
▁SELECT,0.9405319
<0x0A>,0.034798376
SELECT,0.019827515
▁CREATE,0.0023313456
▁Select,0.0013705273
Select,0.0001913685
▁select,0.00014903794
<0x09>,8.969261e-05
▁UPDATE,8.2306564e-05
▁WHERE,8.0399936e-05
