Token,Probability
▁SELECT,0.86364603
<0x0A>,0.081596635
SELECT,0.03564693
▁CREATE,0.011572864
▁Select,0.0027703552
2,0.0006478154
▁WHERE,0.0005164835
▁DATE,0.00048519135
Select,0.00033871812
<0x09>,0.00026379395
