Token,Probability
▁SELECT,0.90446824
<0x0A>,0.056041762
SELECT,0.02565779
▁CREATE,0.010695756
▁Select,0.0012094426
▁WHERE,0.00030819335
▁UPDATE,0.00023263658
Select,0.00022547912
▁select,0.0001928625
▁SQL,0.00016496402
