Token,Probability
▁SELECT,0.81762606
SELECT,0.105586454
<0x0A>,0.038240883
▁CREATE,0.012610504
▁Select,0.00595678
▁WHERE,0.0031884345
▁VARCHAR,0.0025222595
1,0.0019952715
2,0.0015418264
<0x09>,0.0012682717
