Token,Probability
▁SELECT,0.93348646
<0x0A>,0.042982865
SELECT,0.015326011
▁CREATE,0.0055507133
▁Select,0.00131841
▁WHERE,0.00024388131
▁SQL,0.00016893166
Select,0.00013156411
▁UPDATE,0.0001245624
<0x09>,0.000109925924
