Token,Probability
▁SELECT,0.44585174
<0x0A>,0.17734757
2,0.16922624
1,0.0964222
SELECT,0.04626388
3,0.019589359
▁Select,0.013049326
4,0.006212411
5,0.0054397685
0,0.0037386948
