Token,Probability
▁SELECT,0.87788826
<0x0A>,0.08165633
SELECT,0.022675145
▁CREATE,0.010544921
▁Select,0.0035598087
▁WHERE,0.0009071199
▁UPDATE,0.00044556236
Select,0.00032853708
<0x09>,0.0002723668
▁SQL,0.0002460629
