Token,Probability
▁SELECT,0.89267975
<0x0A>,0.061704256
SELECT,0.03461295
▁CREATE,0.005144756
▁Select,0.0025869457
▁WHERE,0.0004937272
Select,0.00045662303
2,0.00037855378
▁SQL,0.00024251066
▁select,0.00021909014
