Token,Probability
▁SELECT,0.8465075
SELECT,0.07873746
<0x0A>,0.05583322
▁CREATE,0.0034594827
2,0.002890506
▁Select,0.002779772
1,0.0022511282
▁SUM,0.0017669308
3,0.0005264002
▁select,0.00046454652
