Token,Probability
▁SELECT,0.9364756
<0x0A>,0.03204443
SELECT,0.018258367
▁CREATE,0.008229691
▁WHERE,0.0019395113
▁Select,0.0010140969
▁INSERT,0.00026044162
Select,0.0001762236
▁UPDATE,0.00016554675
▁SQL,0.00015673651
