Token,Probability
▁SELECT,0.89349526
SELECT,0.05623369
<0x0A>,0.04178933
▁SUM,0.0022147535
▁Select,0.0016203481
▁CREATE,0.0010626502
1,0.0008084217
2,0.00052195624
▁select,0.00038788497
3,0.0002465547
