Token,Probability
▁SELECT,0.83213806
SELECT,0.0877067
<0x0A>,0.07047431
▁CREATE,0.0041342704
▁Select,0.002449474
2,0.0004093482
Select,0.00033410024
▁select,0.00032892052
1,0.00021910829
▁WHERE,0.00020583319
