Token,Probability
▁SELECT,0.79110885
<0x0A>,0.15336344
SELECT,0.038175177
▁CREATE,0.011284561
▁Select,0.002346965
▁WHERE,0.00060747797
Select,0.00037425628
▁UPDATE,0.00031026936
▁INSERT,0.00022877828
CREATE,0.00020347962
