Token,Probability
▁SELECT,0.8919064
<0x0A>,0.065626934
SELECT,0.0329993
▁CREATE,0.006497946
▁Select,0.0010944327
▁WHERE,0.0003871952
Select,0.00021890034
▁UPDATE,0.00016653059
<0x09>,0.00014355834
▁INSERT,0.00012868486
