Token,Probability
▁SELECT,0.78534853
2,0.08674759
SELECT,0.04643264
<0x0A>,0.045712765
1,0.017901378
▁CREATE,0.008068783
▁Select,0.0027239013
3,0.0020561086
4,0.0005490876
▁WHERE,0.00046237808
