Token,Probability
▁SELECT,0.94880176
SELECT,0.03297748
<0x0A>,0.011576184
▁CREATE,0.002333542
▁Select,0.0022441456
▁UPDATE,0.0003961152
Select,0.0003232998
▁WHERE,0.00025575122
▁INSERT,0.0001152761
▁select,0.00011348892
