Token,Probability
▁SELECT,0.9318346
<0x0A>,0.031885628
SELECT,0.029953776
▁CREATE,0.0025767535
▁Select,0.002054367
Select,0.00022692012
▁select,0.00020025631
<0x09>,0.00017811164
▁WHERE,0.0001712883
▁SQL,9.9134064e-05
