Token,Probability
▁SELECT,0.8685325
<0x0A>,0.07953363
SELECT,0.03420699
▁CREATE,0.01403852
▁Select,0.001091025
▁select,0.00027157756
▁UPDATE,0.00026117358
CREATE,0.00025512354
<0x09>,0.00024921357
▁SQL,0.0002453499
