Token,Probability
▁SELECT,0.94682753
<0x0A>,0.02771204
SELECT,0.014376816
▁CREATE,0.00871998
▁Select,0.0010333485
▁WHERE,0.00024353174
<0x09>,0.00018239685
▁select,0.00012733351
Select,0.0001263426
▁SQL,0.00011325277
