Token,Probability
▁SELECT,0.87563646
<0x0A>,0.08272948
SELECT,0.022616982
▁CREATE,0.015789198
▁Select,0.0011800728
▁WHERE,0.0002473567
<0x09>,0.00024352176
▁UPDATE,0.00017133895
Select,0.00016349278
▁select,0.00015846264
