Token,Probability
▁SELECT,0.9284328
SELECT,0.03226952
<0x0A>,0.021496134
▁CREATE,0.008223003
▁Select,0.0046853265
▁WHERE,0.0008734959
Select,0.00048998673
<0x09>,0.0004712157
▁COL,0.00030662585
▁colors,0.00018025604
