Token,Probability
▁SELECT,0.895027
<0x0A>,0.041211978
SELECT,0.041211978
▁CREATE,0.006320061
1,0.0032028507
2,0.0030323984
▁Select,0.002962153
3,0.0010398135
▁WHERE,0.00083551364
<0x09>,0.00044721822
