Token,Probability
▁SELECT,0.9498571
<0x0A>,0.024153678
SELECT,0.0188109
▁CREATE,0.0041972795
▁Select,0.0010529798
▁WHERE,0.0005131813
<0x09>,0.0002025409
▁UPDATE,0.00019326588
Select,0.0001666056
▁select,0.00013387136
