Token,Probability
▁SELECT,0.939762
<0x0A>,0.03165834
SELECT,0.017212342
▁CREATE,0.007063931
▁Select,0.0018427366
▁WHERE,0.0005708531
▁UPDATE,0.0002003883
<0x09>,0.00019271154
▁select,0.00016483493
Select,0.00014321106
