Token,Probability
▁SELECT,0.8765099
<0x0A>,0.09531603
SELECT,0.01790935
▁CREATE,0.0051311147
▁Select,0.002423767
▁WHERE,0.00044486276
▁select,0.00032293572
<0x09>,0.00030574942
Select,0.00015135692
▁SQL,0.00013567547
