Token,Probability
▁SELECT,0.8977834
SELECT,0.054765135
<0x0A>,0.04198989
▁CREATE,0.0020581423
▁Select,0.0019334459
Select,0.00042805282
▁select,0.00024773797
select,0.0001368139
▁SQL,7.980285e-05
▁WHERE,6.615888e-05
