Token,Probability
▁SELECT,0.93788654
<0x0A>,0.033111446
SELECT,0.021378355
▁CREATE,0.00499908
▁Select,0.0011067651
▁WHERE,0.00033231115
Select,0.00016322576
▁UPDATE,0.0001385279
▁select,0.00013322096
<0x09>,0.00010958459
