Token,Probability
▁SELECT,0.946683
SELECT,0.024072962
<0x0A>,0.017612154
▁CREATE,0.00793842
▁Select,0.0014456937
▁UPDATE,0.00045847558
▁WHERE,0.0003302276
Select,0.0002512239
▁INSERT,0.00021656853
<0x09>,0.0001584449
