Token,Probability
▁SELECT,0.87227905
SELECT,0.04921062
<0x0A>,0.043428216
▁CREATE,0.023611512
▁Select,0.0047969697
▁WHERE,0.00071300584
Select,0.0006391343
CREATE,0.0005596447
<0x09>,0.00054242625
▁VARCHAR,0.00047496427
