Token,Probability
▁SELECT,0.9617499
<0x0A>,0.021922303
SELECT,0.007816638
▁CREATE,0.0062808446
▁Select,0.0012367717
<0x09>,0.00016869162
▁select,0.00013768207
▁WHERE,0.00012733511
Select,8.8202454e-05
▁UPDATE,8.7516055e-05
