Token,Probability
▁SELECT,0.90779287
<0x0A>,0.05624776
SELECT,0.026157638
▁CREATE,0.0053142463
▁Select,0.0020328804
▁WHERE,0.00048663848
▁SQL,0.0003021607
Select,0.0002604788
<0x09>,0.00011925589
▁SUM,0.000111158726
