Token,Probability
▁SELECT,0.8234207
<0x0A>,0.104686186
SELECT,0.049450256
▁Select,0.0051312135
2,0.0034991838
1,0.0031860431
3,0.0017053661
▁CREATE,0.0012772601
4,0.0011629586
▁SUM,0.0010839965
