Token,Probability
▁SELECT,0.7843229
SELECT,0.14969064
<0x0A>,0.022955803
2,0.01963514
▁high,0.0054952456
▁Select,0.0043470967
1,0.0038663882
▁CREATE,0.002895791
Select,0.0008559942
3,0.00073217065
