Token,Probability
▁SELECT,0.9058916
<0x0A>,0.047266163
SELECT,0.031981885
▁CREATE,0.010382999
▁Select,0.0019509076
▁WHERE,0.00043872045
Select,0.00030627626
▁UPDATE,0.00020886224
▁SQL,0.00019017125
CREATE,0.00014695294
