Token,Probability
▁SELECT,0.9671807
<0x0A>,0.011986253
SELECT,0.011800422
▁CREATE,0.006316311
▁Select,0.0014315536
▁UPDATE,0.00026275005
▁WHERE,0.00020623488
<0x09>,0.00013845954
Select,0.00013631293
▁select,0.00011125537
