Token,Probability
▁SELECT,0.88066953
<0x0A>,0.08191502
SELECT,0.031091439
▁CREATE,0.0030307418
▁Select,0.0015723282
▁WHERE,0.00034539466
Select,0.00026071758
▁select,0.00017232378
▁SQL,0.0001331615
<0x09>,0.00010451966
