Token,Probability
▁SELECT,0.9142264
<0x0A>,0.048452225
SELECT,0.024746977
▁CREATE,0.007315192
▁Select,0.0018786966
▁WHERE,0.00065948453
▁UPDATE,0.00037576296
▁SQL,0.00036420193
Select,0.00028143346
▁select,0.0001874751
