Token,Probability
▁SELECT,0.9597495
SELECT,0.019918965
<0x0A>,0.015035624
▁CREATE,0.0030546724
▁Select,0.0012733769
▁WHERE,0.00019681026
Select,0.00017919778
▁select,0.00012806688
▁UPDATE,9.819228e-05
<0x09>,7.072524e-05
