Token,Probability
▁SELECT,0.91589427
<0x0A>,0.058551162
SELECT,0.021205826
▁CREATE,0.0025326747
▁Select,0.00087526906
▁WHERE,0.00016190847
Select,0.00014974087
▁select,0.000104535975
<0x09>,9.011564e-05
▁SQL,7.240995e-05
