Token,Probability
▁SELECT,0.9680227
<0x0A>,0.013594029
SELECT,0.013175785
▁CREATE,0.0030332375
▁Select,0.0010647665
▁WHERE,0.00018647988
▁INSERT,9.303827e-05
2,8.0203994e-05
▁UPDATE,7.8960555e-05
▁select,7.4176576e-05
