Token,Probability
▁SELECT,0.93043154
SELECT,0.028988482
<0x0A>,0.027661001
▁CREATE,0.010498932
▁Select,0.0010979678
▁WHERE,0.00019229464
Select,0.00017784347
▁UPDATE,0.00012610991
CREATE,0.00012512851
▁SQL,0.00010702809
