Token,Probability
▁SELECT,0.87877446
<0x0A>,0.06567894
SELECT,0.047306765
▁CREATE,0.004684004
▁Select,0.0012705702
▁WHERE,0.00037557987
Select,0.00025813203
▁UPDATE,0.00020261011
▁INSERT,0.00019333191
▁select,0.00018020518
