Token,Probability
▁SELECT,0.9455634
<0x0A>,0.032864925
SELECT,0.015768763
▁CREATE,0.003410234
▁Select,0.0012064937
▁WHERE,0.00025889205
Select,0.0001545915
▁UPDATE,0.00012229195
▁select,0.00011134808
<0x09>,8.808359e-05
