Token,Probability
▁SELECT,0.8182006
<0x0A>,0.086237706
▁CREATE,0.040735807
SELECT,0.03172508
▁Select,0.0064958916
2,0.0022449205
<0x09>,0.001817992
▁VARCHAR,0.0013830552
▁Party,0.0009070298
CREATE,0.0008130562
