Token,Probability
▁SELECT,0.9474206
SELECT,0.029517792
<0x0A>,0.017352615
▁Select,0.0014243892
1,0.0011093154
▁CREATE,0.00061742705
2,0.0005240035
▁SUM,0.00036581344
3,0.00024752173
▁select,0.00016879516
