Token,Probability
▁SELECT,0.8981118
<0x0A>,0.05309961
SELECT,0.03884851
▁CREATE,0.0020269752
▁Select,0.0018600571
2,0.0016936013
1,0.0014829668
Select,0.00037203482
3,0.00033874155
▁select,0.00029661198
