Token,Probability
▁SELECT,0.8507529
<0x0A>,0.07205082
SELECT,0.06259884
▁SUM,0.009599843
▁CREATE,0.0015671313
▁Select,0.0011465378
▁select,0.00042842983
Select,0.00022932196
1,0.00020080103
select,0.00014922266
