Token,Probability
▁SELECT,0.803471
<0x0A>,0.11395643
SELECT,0.05299466
▁CREATE,0.018602876
▁Select,0.0038090455
2,0.0011259518
▁WHERE,0.00081735326
Select,0.0005402375
1,0.0004957498
▁select,0.0004046192
