Token,Probability
▁SELECT,0.91247785
SELECT,0.04136412
<0x0A>,0.031223275
1,0.0029964065
▁Select,0.002445596
2,0.0023336038
▁CREATE,0.0018174127
3,0.0009502562
▁SUM,0.000628081
4,0.0005007498
