Token,Probability
▁SELECT,0.8238494
<0x0A>,0.12245427
SELECT,0.031944107
▁CREATE,0.012906586
▁Select,0.0058174543
▁WHERE,0.00038671214
Select,0.0003837027
<0x09>,0.00036613166
2,0.0002919056
CREATE,0.00021862719
