Token,Probability
▁SELECT,0.95685357
SELECT,0.024714755
<0x0A>,0.010142915
▁CREATE,0.0064472286
▁Select,0.001036164
Select,0.0001307083
▁select,0.00011180074
▁WHERE,0.00010420975
▁UPDATE,6.623974e-05
<0x09>,6.572426e-05
