Token,Probability
▁SELECT,0.8562023
<0x0A>,0.070281364
SELECT,0.041316282
▁CREATE,0.025059594
▁Select,0.0018438979
▁WHERE,0.0007053538
▁UPDATE,0.00049241626
<0x09>,0.00041142924
▁select,0.00040822744
CREATE,0.00036880275
