Token,Probability
▁SELECT,0.83784324
<0x0A>,0.0969874
SELECT,0.041713756
▁CREATE,0.018801864
▁Select,0.0018909533
▁INSERT,0.0003525346
CREATE,0.00024803908
▁WHERE,0.00023668054
Select,0.00020886987
<0x09>,0.00020563163
