Token,Probability
▁SELECT,0.9495123
SELECT,0.026935592
<0x0A>,0.017390925
▁Select,0.0022458262
▁CREATE,0.0013944653
▁select,0.0004319852
1,0.00041220314
Select,0.00028109812
▁SUM,0.00025795013
2,0.00018434864
