Token,Probability
▁SELECT,0.8680809
SELECT,0.08461909
<0x0A>,0.02242183
1,0.0070553417
2,0.004925422
3,0.0023084988
▁Select,0.0022905339
▁SUM,0.0015377917
4,0.0012164934
▁CREATE,0.00092545943
