Token,Probability
▁SELECT,0.7952551
<0x0A>,0.12387686
SELECT,0.06735068
▁CREATE,0.0075565367
▁Select,0.0020983745
2,0.0007251788
▁WHERE,0.0005560139
Select,0.00029299874
1,0.00022997733
▁select,0.00022290168
