Token,Probability
▁SELECT,0.92448676
SELECT,0.03875903
<0x0A>,0.032132365
▁CREATE,0.002152734
▁Select,0.001099509
Select,0.00024153006
▁select,0.00018518754
▁WHERE,0.00010227027
1,8.090244e-05
select,7.7803124e-05
