Token,Probability
▁SELECT,0.96538925
<0x0A>,0.014207662
SELECT,0.010233396
▁CREATE,0.008352254
▁Select,0.00093709683
▁WHERE,0.00016412021
<0x09>,0.00012101466
Select,9.723801e-05
▁UPDATE,9.134666e-05
▁select,7.813293e-05
