Token,Probability
▁SELECT,0.79298615
<0x0A>,0.14217459
SELECT,0.051492225
▁CREATE,0.0053850054
▁Select,0.0036436766
Select,0.0007818681
1,0.0004420281
2,0.00040880922
▁WHERE,0.00036360242
▁select,0.00022053602
