Token,Probability
▁SELECT,0.91198623
<0x0A>,0.054769028
SELECT,0.021115342
▁CREATE,0.0077679004
▁Select,0.001436917
▁WHERE,0.00058970955
▁UPDATE,0.00032313418
▁SQL,0.00021694202
▁select,0.00021191657
Select,0.00019145067
