Token,Probability
▁SELECT,0.93514186
▁CREATE,0.02737002
<0x0A>,0.020659974
SELECT,0.014422988
▁Select,0.0009662799
▁SQL,0.00017597264
▁WHERE,0.00017055852
Select,0.00016660754
▁UPDATE,0.00015051737
CREATE,0.00014703065
