Token,Probability
▁SELECT,0.88983065
<0x0A>,0.05688497
SELECT,0.04570836
▁SUM,0.0043864977
▁CREATE,0.0011806099
▁Select,0.0007742629
▁select,0.00023247585
Select,0.00014322423
1,0.000123467
select,9.247251e-05
