Token,Probability
▁SELECT,0.9742085
SELECT,0.010822479
<0x0A>,0.009550804
▁CREATE,0.0033526472
▁Select,0.0008543304
▁WHERE,0.00030941798
▁UPDATE,0.00016561951
Select,0.00011562105
<0x09>,9.3632785e-05
▁select,8.393189e-05
