Token,Probability
▁SELECT,0.9371718
<0x0A>,0.02536808
SELECT,0.015147971
▁CREATE,0.012755872
▁Select,0.0029828125
1,0.000719637
▁WHERE,0.0006450784
▁SQL,0.00057374465
▁VARCHAR,0.00057374465
2,0.0005517648
