Token,Probability
▁SELECT,0.9110608
<0x0A>,0.041950267
SELECT,0.031174786
▁CREATE,0.013200236
▁Select,0.0007106038
▁UPDATE,0.00046239872
▁WHERE,0.00026761583
Select,0.00018829125
CREATE,0.00017966877
▁select,0.00011069071
