Token,Probability
▁SELECT,0.94879746
<0x0A>,0.017929465
SELECT,0.017377833
▁CREATE,0.013117476
▁Select,0.0012886986
▁UPDATE,0.00021037426
▁WHERE,0.00020390173
Select,0.00014346278
<0x09>,0.00010999674
CREATE,0.000108291395
