Token,Probability
▁SELECT,0.6074711
<0x0A>,0.30072
SELECT,0.06205708
▁SUM,0.01013054
1,0.0047853286
▁Select,0.0033406976
2,0.0015535685
▁CREATE,0.0013603502
3,0.0010030593
Select,0.0007751041
