Token,Probability
▁SELECT,0.9531414
<0x0A>,0.026619347
SELECT,0.012772103
▁CREATE,0.0057568373
▁Select,0.00054816756
▁WHERE,0.00029803356
▁UPDATE,0.00016849289
Select,8.211688e-05
<0x09>,7.77467e-05
▁SQL,6.296119e-05
