Token,Probability
▁SELECT,0.8678336
SELECT,0.06286566
<0x0A>,0.034179464
▁CREATE,0.02172579
▁Select,0.00756712
▁WHERE,0.0007670142
Select,0.0006663935
CREATE,0.000514949
▁select,0.0004370315
2,0.00034036045
