Token,Probability
▁SELECT,0.9713968
<0x0A>,0.016454682
▁CREATE,0.0053420532
SELECT,0.0050974227
▁Select,0.00095777743
<0x09>,9.5576586e-05
▁select,9.049009e-05
▁WHERE,9.049009e-05
▁UPDATE,6.7246525e-05
▁M,6.170888e-05
