Token,Probability
▁SELECT,0.9353178
<0x0A>,0.041742146
SELECT,0.0139818685
▁CREATE,0.0058285096
▁Select,0.001473678
▁WHERE,0.00043903504
Select,0.00016794585
▁UPDATE,0.00015054569
▁SQL,0.00012776647
▁select,9.494798e-05
