Token,Probability
▁SELECT,0.9497559
<0x0A>,0.023776675
SELECT,0.020657532
▁CREATE,0.003479296
▁Select,0.0011473502
▁WHERE,0.00020094331
Select,0.00015772221
▁UPDATE,0.00015772221
▁SQL,0.00013918935
▁select,9.947415e-05
