Token,Probability
▁SELECT,0.8326328
2,0.06942297
<0x0A>,0.048465036
SELECT,0.018395254
▁CREATE,0.017012829
1,0.0036792825
▁Select,0.0024129325
▁WHERE,0.0016713893
▁VARCHAR,0.0009087186
▁SQL,0.0008209589
