Token,Probability
▁SELECT,0.94690526
SELECT,0.02563155
<0x0A>,0.024078615
▁Select,0.0011988035
▁CREATE,0.0010415385
Select,0.00019116593
▁select,0.00015848211
▁SUM,0.00011962858
▁WHERE,8.482937e-05
▁COUNT,6.869692e-05
