Token,Probability
▁SELECT,0.94716173
SELECT,0.029052218
<0x0A>,0.018466715
▁CREATE,0.002967871
▁Select,0.0012275646
Select,0.00018825315
▁WHERE,0.00014661171
▁select,0.000116889045
<0x09>,7.3721e-05
select,6.305691e-05
