Token,Probability
▁SELECT,0.959642
<0x0A>,0.017853245
SELECT,0.012463574
▁CREATE,0.008433276
▁Select,0.0005694256
▁WHERE,0.0003373735
▁select,0.000107831045
Select,8.0761725e-05
<0x09>,6.0017017e-05
CREATE,4.1249055e-05
