Token,Probability
▁SELECT,0.9060941
<0x0A>,0.049545586
SELECT,0.019707872
▁CREATE,0.0182268
▁Select,0.0029754434
▁WHERE,0.00040902384
▁UPDATE,0.0003964395
Select,0.00032104648
▁select,0.00025003127
▁INSERT,0.00022588443
