Token,Probability
▁SELECT,0.9038828
<0x0A>,0.052612282
SELECT,0.02816133
1,0.004057024
2,0.002788349
▁CREATE,0.0025190637
▁Select,0.0009788027
3,0.0007742966
4,0.00040169977
5,0.00034900283
