Token,Probability
▁SELECT,0.8738685
<0x0A>,0.08386262
SELECT,0.03606886
▁CREATE,0.0037426911
▁Select,0.0010556745
▁select,0.00021280423
Select,0.00016316268
▁WHERE,0.00013421394
▁UPDATE,8.4647676e-05
<0x09>,7.951914e-05
