Token,Probability
▁SELECT,0.96055716
<0x0A>,0.023674263
SELECT,0.011009555
▁CREATE,0.0029631814
▁Select,0.00074920966
▁WHERE,0.00027347394
▁UPDATE,0.000115796145
▁SQL,0.000106260515
Select,0.00010139449
▁select,8.6727305e-05
