Token,Probability
▁SELECT,0.62809366
<0x0A>,0.2618284
SELECT,0.066200584
▁CREATE,0.02083094
▁Select,0.004758235
2,0.0035637533
1,0.0029544556
▁VARCHAR,0.0012125061
3,0.0009591712
CREATE,0.0008268572
