Token,Probability
▁SELECT,0.9382835
<0x0A>,0.035817157
SELECT,0.01773078
▁CREATE,0.006032594
▁Select,0.0007790361
▁WHERE,0.00029338768
▁UPDATE,0.00020164221
Select,0.00012422816
<0x09>,0.00011223079
▁INSERT,7.713502e-05
