Token,Probability
▁SELECT,0.60410744
1,0.1434881
2,0.060756683
SELECT,0.039845206
3,0.035163265
4,0.027816439
5,0.020996949
6,0.019724807
<0x0A>,0.011415842
9,0.011238856
