Token,Probability
▁SELECT,0.92144805
<0x0A>,0.039857935
SELECT,0.029160684
▁CREATE,0.0022486306
<0x09>,0.0011849451
▁WHERE,0.00095959776
▁Select,0.0008534839
▁COUNT,0.00076505804
1,0.0006442435
2,0.0004713386
