Token,Probability
▁SELECT,0.960606
<0x0A>,0.021896226
SELECT,0.0073343166
▁CREATE,0.0071086637
▁Select,0.0018544059
▁WHERE,0.00027135952
<0x09>,0.00017796192
▁select,9.982759e-05
▁UPDATE,9.232543e-05
Select,7.714079e-05
