Token,Probability
▁SELECT,0.866585
SELECT,0.0793553
<0x0A>,0.045215286
▁CREATE,0.004994365
▁Select,0.0017260064
Select,0.0002907069
▁select,0.00027739446
▁WHERE,0.00020294612
2,0.00015081675
CREATE,0.00012799652
