Token,Probability
▁SELECT,0.82484424
<0x0A>,0.13892643
SELECT,0.024521973
▁CREATE,0.0071363007
▁Select,0.0017902979
2,0.00026610403
▁sem,0.00024803623
<0x09>,0.0002422905
1,0.00020886744
▁SQL,0.00015162151
