Token,Probability
▁SELECT,0.8324045
SELECT,0.10257236
<0x0A>,0.05490303
1,0.0021623455
2,0.0018786784
▁CREATE,0.0012224794
▁Select,0.00095206784
▁AV,0.0007299757
Select,0.00056408154
▁select,0.0004603899
