Token,Probability
▁SELECT,0.88158405
<0x0A>,0.077031955
SELECT,0.02073287
▁CREATE,0.012974299
▁Select,0.002986853
▁WHERE,0.0010083172
▁UPDATE,0.0004010809
<0x09>,0.00038271403
Select,0.00032227754
▁select,0.0002609883
