Token,Probability
▁SELECT,0.9751428
SELECT,0.013481709
▁CREATE,0.0047325254
<0x0A>,0.004515807
▁Select,0.0014209616
Select,0.00013217003
▁select,9.51985e-05
▁WHERE,9.51985e-05
▁UPDATE,9.1551505e-05
<0x09>,8.206624e-05
