Token,Probability
▁SELECT,0.92627066
<0x0A>,0.04265061
SELECT,0.0258689
▁CREATE,0.002058117
▁Select,0.0012879367
▁WHERE,0.00024967792
Select,0.00018994494
2,0.00018700011
1,0.00017983625
▁SUM,0.00011702168
