Token,Probability
▁SELECT,0.9506262
<0x0A>,0.029158484
SELECT,0.011598444
▁CREATE,0.0059239054
▁Select,0.0010620977
▁WHERE,0.0004126867
▁UPDATE,0.00017338268
▁SQL,0.00014151083
<0x09>,0.00012586234
Select,0.00012391101
