Token,Probability
▁SELECT,0.8445851
<0x0A>,0.10737694
SELECT,0.039501775
▁CREATE,0.0036172734
▁Select,0.0020291065
Select,0.00044573555
1,0.00031607386
▁UPDATE,0.000250035
▁INSERT,0.0002241299
▁WHERE,0.00021893794
