Token,Probability
▁SELECT,0.8682217
<0x0A>,0.09150989
SELECT,0.028348442
▁CREATE,0.0073951334
▁Select,0.001990373
▁WHERE,0.000401222
<0x09>,0.0003405127
Select,0.00028229493
▁SQL,0.00022683034
▁select,0.0001365089
