Token,Probability
▁SELECT,0.86795276
<0x0A>,0.07466506
SELECT,0.041233964
▁CREATE,0.010589757
▁Select,0.0015988143
▁M,0.0014109487
Select,0.00032993397
<0x09>,0.00024518612
▁select,0.00024518612
▁UPDATE,0.00018507619
