Token,Probability
▁SELECT,0.88596267
<0x0A>,0.069393955
SELECT,0.03489347
▁CREATE,0.00429972
▁Select,0.0020792084
▁UPDATE,0.00070190994
Select,0.00034476657
<0x09>,0.00028806325
▁SQL,0.00026641495
▁select,0.00023328072
