Token,Probability
▁SELECT,0.771075
<0x0A>,0.09803118
SELECT,0.08255053
1,0.023651123
2,0.00883778
▁AV,0.002824724
▁CREATE,0.0022171515
3,0.0020187392
▁Select,0.0012340306
4,0.0011061778
