Token,Probability
▁SELECT,0.9293282
<0x0A>,0.050816037
SELECT,0.014559038
▁CREATE,0.003198196
▁Select,0.0010712616
▁WHERE,0.00022106731
Select,0.00016173632
▁select,0.000108584616
<0x09>,9.433995e-05
▁UPDATE,5.9036436e-05
