Token,Probability
▁SELECT,0.9392655
<0x0A>,0.02926371
SELECT,0.0231495
▁CREATE,0.006230603
▁Select,0.00083665847
▁WHERE,0.00016865469
Select,0.00015236682
▁UPDATE,0.00014538944
▁select,0.00012533354
<0x09>,0.000118663396
