Token,Probability
▁SELECT,0.9567275
SELECT,0.023214305
<0x0A>,0.010463506
▁CREATE,0.0056007113
▁Select,0.002142463
▁WHERE,0.0006483294
Select,0.0001704533
<0x09>,0.00013696308
▁select,0.00013696308
1,6.5715605e-05
