Token,Probability
▁SELECT,0.922646
<0x0A>,0.035774868
SELECT,0.03413662
▁Select,0.0025915229
▁CREATE,0.0024728482
▁WHERE,0.0003882166
<0x09>,0.00022119914
▁SQL,0.00021947775
Select,0.00019520757
2,0.00016310201
