Token,Probability
▁SELECT,0.9352594
SELECT,0.035148222
<0x0A>,0.015596927
▁CREATE,0.005063581
▁Select,0.0027315968
2,0.0012703106
1,0.0012027059
3,0.0009739809
▁WHERE,0.00034189943
Select,0.00031130298
