Token,Probability
▁SELECT,0.9125024
<0x0A>,0.03885904
SELECT,0.028429883
▁CREATE,0.015947718
▁Select,0.0010355583
▁SQL,0.00046676272
▁UPDATE,0.00038394853
▁select,0.00030372827
▁WHERE,0.00029438356
<0x09>,0.00020874919
