Token,Probability
▁SELECT,0.90729535
<0x0A>,0.06572426
SELECT,0.017145196
▁CREATE,0.00556623
▁Select,0.0016325702
▁WHERE,0.00068589416
<0x09>,0.00026033606
Select,0.00018032952
▁select,0.000148335
▁INSERT,0.00013193188
