Token,Probability
▁SELECT,0.7877246
<0x0A>,0.14800908
SELECT,0.04657312
▁CREATE,0.007142219
1,0.004101432
▁UPDATE,0.0010783139
2,0.0009516087
▁Select,0.00068541797
▁select,0.00044950808
▁WHERE,0.0003446498
