Token,Probability
▁SELECT,0.89054006
SELECT,0.0560477
<0x0A>,0.03974377
▁Select,0.004028486
▁CREATE,0.0033137423
2,0.00082485564
Select,0.00071107
▁WHERE,0.0005894977
1,0.00058035844
▁select,0.00054095354
