Token,Probability
▁SELECT,0.88888896
<0x0A>,0.077670254
SELECT,0.017880706
▁CREATE,0.012878991
▁Select,0.00093295093
▁WHERE,0.0002912815
▁UPDATE,0.00024148084
Select,0.0001659672
▁SQL,0.00012824949
<0x09>,0.00011768836
