Token,Probability
▁SELECT,0.9391619
<0x0A>,0.02836023
SELECT,0.026228927
▁CREATE,0.0032320376
▁Select,0.0017031642
Select,0.00018960267
▁WHERE,0.00017811522
▁UPDATE,0.00012829158
<0x09>,0.00011146165
▁select,0.00011059425
