Token,Probability
▁SELECT,0.93447924
<0x0A>,0.03797258
SELECT,0.023762638
▁Select,0.0013617075
▁CREATE,0.0008930296
▁SUM,0.00020398719
▁select,0.00020239974
▁COUNT,0.00016519385
▁WHERE,0.00016263277
Select,0.00014129779
