Token,Probability
▁SELECT,0.842902
<0x0A>,0.084772885
SELECT,0.05141735
▁CREATE,0.015928352
▁Select,0.0025202315
Select,0.00037753698
<0x09>,0.00029865632
▁select,0.0002719297
CREATE,0.00025745784
▁UPDATE,0.0001715039
