Token,Probability
▁SELECT,0.95857096
SELECT,0.01868916
<0x0A>,0.012256649
▁CREATE,0.006983628
▁Select,0.0020323517
▁WHERE,0.00028824876
<0x09>,0.00026451194
Select,0.0001591861
▁UPDATE,0.00012205221
▁SQL,0.000111129804
