Token,Probability
▁SELECT,0.90434915
SELECT,0.050228897
<0x0A>,0.014847633
1,0.013731816
2,0.004123039
▁CREATE,0.0030880137
3,0.0012476703
▁Select,0.0011998727
4,0.00085083727
▁LE,0.0008118745
