Token,Probability
▁SELECT,0.62197155
SELECT,0.23607378
<0x0A>,0.08752783
▁CREATE,0.01737043
2,0.0068023577
▁Select,0.0037566188
1,0.0031387727
CREATE,0.0028135777
▁VARCHAR,0.0025220746
▁WHERE,0.0025024477
