Token,Probability
▁SELECT,0.96498144
<0x0A>,0.017400239
SELECT,0.010390158
▁CREATE,0.0045391237
▁Select,0.0013843544
▁WHERE,0.00020737975
▁select,0.00015532026
<0x09>,0.00015172226
▁UPDATE,0.00012578217
Select,0.000114525974
