Token,Probability
▁SELECT,0.9217901
<0x0A>,0.05282278
SELECT,0.017419104
▁CREATE,0.0050692484
▁Select,0.0016202291
▁WHERE,0.00018609557
Select,0.00018178466
▁select,0.00014380351
▁UPDATE,0.00012690615
<0x09>,0.00011025797
