Token,Probability
▁SELECT,0.94639343
SELECT,0.02643089
<0x0A>,0.022607537
▁CREATE,0.0018849635
▁Select,0.0013790686
▁select,0.00025710283
Select,0.0002082082
1,0.00011588534
<0x09>,8.281951e-05
▁WHERE,6.1546234e-05
