Token,Probability
▁SELECT,0.9591195
<0x0A>,0.021862345
SELECT,0.013681104
▁CREATE,0.0028677154
▁Select,0.0014419778
▁select,0.0001508006
Select,0.00013946775
▁WHERE,0.00013308106
▁SUM,0.00010527579
▁SQL,7.823433e-05
