Token,Probability
▁SELECT,0.8967848
<0x0A>,0.07836018
SELECT,0.018039536
▁CREATE,0.004152938
▁Select,0.0011265146
▁WHERE,0.00029158196
▁UPDATE,0.00021838478
Select,0.00016102685
▁select,0.00013990255
▁SQL,0.00011067203
