Token,Probability
▁SELECT,0.9498266
<0x0A>,0.029133957
SELECT,0.011058004
▁CREATE,0.0069199214
▁Select,0.0018918014
<0x09>,0.00023311567
▁select,0.00013704161
▁WHERE,0.00013386707
▁UPDATE,0.00012674279
Select,0.000116305724
