Token,Probability
▁SELECT,0.8956391
SELECT,0.06387401
<0x0A>,0.02662665
▁CREATE,0.0064239777
▁Select,0.0026779126
2,0.0011976365
1,0.0007672348
Select,0.00055261847
▁select,0.00020329696
▁WHERE,0.0001985876
