Token,Probability
1,0.26585674
2,0.23461775
3,0.11614422
6,0.10090785
4,0.09780324
5,0.07982467
9,0.03275998
8,0.027158977
7,0.026737917
▁SELECT,0.014998613
