Token,Probability
▁SELECT,0.91916966
<0x0A>,0.037938666
SELECT,0.03194756
▁CREATE,0.006802027
▁Select,0.0019488136
▁WHERE,0.00041169737
Select,0.00022209407
▁select,0.00021526094
<0x09>,0.00019447206
▁UPDATE,0.0001491069
