Token,Probability
▁SELECT,0.9358105
<0x0A>,0.037437133
SELECT,0.01466059
▁CREATE,0.0088920975
▁Select,0.0015331899
▁WHERE,0.00031639164
▁SQL,0.00023882493
Select,0.0001733683
▁UPDATE,0.0001566252
CREATE,0.000106809115
