Token,Probability
▁SELECT,0.9638512
<0x0A>,0.016845135
SELECT,0.01005869
▁CREATE,0.006700532
▁Select,0.00102756
▁WHERE,0.0005543269
<0x09>,0.00017579475
▁UPDATE,0.000100164834
Select,9.7844524e-05
▁SQL,8.175215e-05
