Token,Probability
▁SELECT,0.93561643
SELECT,0.0325192
<0x0A>,0.02132661
▁CREATE,0.007723986
▁Select,0.0012221122
Select,0.00024064815
▁WHERE,0.00019186143
<0x09>,0.00014942182
▁UPDATE,0.00014596048
▁select,0.00013499137
