Token,Probability
▁SELECT,0.9047629
SELECT,0.04298271
<0x0A>,0.02449081
▁MAX,0.016314397
1,0.0027477928
2,0.0024631054
▁Select,0.0013287457
3,0.0007453588
▁CREATE,0.0006786569
▁select,0.0004556287
