Token,Probability
▁SELECT,0.8891642
<0x0A>,0.055961106
SELECT,0.040942024
▁CREATE,0.0031325407
▁Select,0.0027861395
2,0.0021868658
1,0.0019450388
3,0.00054011773
Select,0.00033016736
4,0.00029365692
