Token,Probability
▁SELECT,0.95356494
<0x0A>,0.020740379
SELECT,0.015173987
▁CREATE,0.007280558
▁Select,0.0018552509
Select,0.00022861177
▁WHERE,0.0002250675
▁select,0.0002017492
<0x09>,0.00013866005
▁SQL,0.0001046661
