Token,Probability
▁SELECT,0.91950667
<0x0A>,0.03915732
SELECT,0.035653144
▁CREATE,0.0029265883
▁Select,0.001471581
Select,0.00025974947
▁select,0.0002577281
select,9.9363024e-05
▁WHERE,8.49897e-05
1,7.441947e-05
