Token,Probability
▁SELECT,0.93765914
<0x0A>,0.028314853
SELECT,0.027018221
▁CREATE,0.0039536394
▁Select,0.0018530333
Select,0.000219591
▁WHERE,0.00016446608
▁select,0.00013318867
<0x09>,9.897742e-05
▁UPDATE,8.141661e-05
