Token,Probability
▁SELECT,0.8760597
<0x0A>,0.08276947
SELECT,0.02951236
▁CREATE,0.008068231
▁Select,0.0013274327
▁WHERE,0.00045163624
▁UPDATE,0.00028484338
<0x09>,0.0002019842
Select,0.00017964847
▁SQL,0.00016614769
