Token,Probability
▁SELECT,0.8769055
<0x0A>,0.0854793
SELECT,0.031941283
▁CREATE,0.0028795938
▁Select,0.0012482115
▁WHERE,0.00026994466
Select,0.00021188201
▁select,0.00014336653
▁UPDATE,0.0001226279
▁SQL,0.000119787226
