Token,Probability
▁SELECT,0.875947
<0x0A>,0.084062085
SELECT,0.029508565
▁CREATE,0.006089437
▁Select,0.0011089687
▁WHERE,0.00063187134
▁INSERT,0.00025134106
<0x09>,0.00023245248
▁UPDATE,0.0002116504
▁SQL,0.00015851883
