Token,Probability
▁SELECT,0.93563
<0x0A>,0.038618065
SELECT,0.017959068
▁CREATE,0.0028415371
▁Select,0.0013633843
▁WHERE,0.00062420283
2,0.0003188116
▁EN,0.00027916077
1,0.00024444133
▁UPDATE,0.00023143241
