Token,Probability
▁SELECT,0.9462281
<0x0A>,0.018739032
▁CREATE,0.01788091
SELECT,0.015294353
▁Select,0.0005399567
▁UPDATE,0.00028232287
▁WHERE,0.00017805882
CREATE,0.00011055923
<0x09>,0.00010632378
Select,0.000104675375
