Token,Probability
▁SELECT,0.9370697
SELECT,0.031078236
<0x0A>,0.027001237
▁CREATE,0.0019256386
▁Select,0.0018374574
Select,0.00025062318
▁select,0.0001643627
▁WHERE,8.593903e-05
▁SQL,6.905394e-05
<0x09>,6.141785e-05
