Token,Probability
▁SELECT,0.9384114
<0x0A>,0.021727169
SELECT,0.020410785
▁WHERE,0.010755729
▁CREATE,0.0038954667
▁Select,0.0034918739
Select,0.0002888785
<0x09>,0.00016204617
▁select,9.905683e-05
▁SQL,9.905683e-05
