Token,Probability
▁SELECT,0.9337026
SELECT,0.04576561
<0x0A>,0.015329559
▁CREATE,0.0026225785
▁Select,0.0011191791
Select,0.00024015589
▁select,0.00023276708
▁UPDATE,0.00017986845
▁SUM,0.00013366688
<0x09>,8.1708924e-05
