Token,Probability
▁SELECT,0.93798655
<0x0A>,0.032601576
SELECT,0.018868344
▁CREATE,0.008242969
▁Select,0.001196826
Select,0.0001645235
▁WHERE,0.00014182812
<0x09>,0.00013116958
▁UPDATE,0.0001301488
▁select,0.000120367964
