Token,Probability
▁SELECT,0.8862678
SELECT,0.062225763
<0x0A>,0.045525342
▁CREATE,0.0022665733
▁Select,0.0018499233
Select,0.00033689608
▁SUM,0.00025430246
▁select,0.00025035988
1,0.00016808369
2,0.00013193038
