Token,Probability
▁SELECT,0.92688
<0x0A>,0.044726856
SELECT,0.020477446
▁CREATE,0.0058668866
▁Select,0.00078168703
▁UPDATE,0.00026388594
Select,0.00013477974
▁select,0.00012860773
▁SQL,0.000116187395
<0x09>,9.4091425e-05
