Token,Probability
▁SELECT,0.9148915
<0x0A>,0.03896078
SELECT,0.03896078
▁Select,0.0023766228
▁CREATE,0.0021639396
Select,0.0004643429
1,0.00036446686
2,0.00023166926
▁select,0.00022279413
▁WHERE,0.00017216198
