Token,Probability
▁SELECT,0.9167374
<0x0A>,0.046360414
SELECT,0.023678586
▁CREATE,0.0043121907
▁Select,0.0038054949
2,0.0013890688
1,0.00061159866
▁select,0.00037975027
▁WHERE,0.00033252043
▁sw,0.00020646663
