Token,Probability
▁SELECT,0.9319475
SELECT,0.040312096
<0x0A>,0.019042084
▁Select,0.003960376
▁CREATE,0.0017033366
▁WHERE,0.00045844683
Select,0.00037710808
▁UPDATE,0.00020825885
1,0.00020343455
<0x09>,0.0001647463
