Token,Probability
▁SELECT,0.79817003
SELECT,0.07424137
1,0.051828835
<0x0A>,0.024482207
2,0.021774927
3,0.0054202075
▁CREATE,0.003934649
4,0.0036389553
5,0.002443079
▁LE,0.002057279
