Token,Probability
▁SELECT,0.9025306
<0x0A>,0.061417982
SELECT,0.027683252
▁CREATE,0.005712762
▁Select,0.0014220189
Select,0.00022150784
▁WHERE,0.00017251045
▁select,0.00013753734
▁UPDATE,0.00011672643
<0x09>,9.829351e-05
