Token,Probability
▁SELECT,0.9068396
<0x0A>,0.06367013
SELECT,0.020350197
▁CREATE,0.0050655645
▁Select,0.0019226715
<0x09>,0.0006440142
▁WHERE,0.0003612592
▁select,0.00017333408
▁UPDATE,0.00011367527
Select,0.00011017784
