Token,Probability
▁SELECT,0.9397992
<0x0A>,0.039401002
SELECT,0.0140488595
▁CREATE,0.004490285
▁Select,0.0010418299
▁WHERE,0.00019271916
<0x09>,0.00015729279
Select,0.00014433998
▁SQL,0.0001398991
▁UPDATE,0.00013559485
