Token,Probability
▁SELECT,0.7736167
<0x0A>,0.15964481
▁CREATE,0.028622743
SELECT,0.02731201
▁Select,0.003339309
1,0.0010756784
2,0.00086433184
CREATE,0.00035472107
▁SQL,0.000346504
▁UPDATE,0.0003384772
