Token,Probability
▁SELECT,0.81867754
SELECT,0.10088086
<0x0A>,0.04618663
2,0.015714208
▁Select,0.0043979026
1,0.0035063138
3,0.0027307197
▁CREATE,0.0018915143
4,0.0011653282
5,0.0007465373
