Token,Probability
▁SELECT,0.8846029
<0x0A>,0.05396112
SELECT,0.042024966
▁CREATE,0.01475215
▁Select,0.00087904104
▁WHERE,0.0005994539
▁SQL,0.00043856984
▁UPDATE,0.00033104993
CREATE,0.0002384463
Select,0.00020079191
