Token,Probability
▁SELECT,0.9499317
<0x0A>,0.023412382
SELECT,0.018233582
▁CREATE,0.0066037658
▁Select,0.0009588242
Select,0.00016661869
▁WHERE,0.00013284
▁select,8.9184556e-05
<0x09>,7.870509e-05
▁UPDATE,7.2223855e-05
