Token,Probability
▁SELECT,0.9286035
SELECT,0.033299983
<0x0A>,0.026757285
▁CREATE,0.006455496
▁Select,0.0022309597
▁AV,0.0007130575
Select,0.00047499873
▁select,0.0002522699
<0x09>,0.00019800893
▁WHERE,0.000119163866
