Token,Probability
▁SELECT,0.93193996
<0x0A>,0.039071504
SELECT,0.01329341
▁CREATE,0.011020623
▁Select,0.0016001236
▁WHERE,0.0011984373
▁UPDATE,0.00032508487
▁SQL,0.00027805977
<0x09>,0.00018668053
Select,0.00018378631
