Token,Probability
▁SELECT,0.9485823
SELECT,0.024121258
<0x0A>,0.020956911
▁Select,0.001934127
▁CREATE,0.0016286981
▁SUM,0.00045582038
▁COUNT,0.00030602334
▁select,0.00029429974
Select,0.00025370225
1,0.00019001421
