Token,Probability
▁SELECT,0.92873615
SELECT,0.041448418
<0x0A>,0.019275304
▁MAX,0.003736688
▁Select,0.0029101358
▁CREATE,0.0021966856
Select,0.00027710389
2,0.00019194426
1,0.00017071875
<0x09>,0.00013933658
