Token,Probability
▁SELECT,0.8142888
<0x0A>,0.11915678
SELECT,0.05370817
▁CREATE,0.005978996
▁Select,0.002453775
Select,0.0006501856
2,0.00043651398
▁select,0.00035627233
1,0.00034801933
▁WHERE,0.0002753059
