Token,Probability
▁SELECT,0.94489866
<0x0A>,0.033359002
SELECT,0.018136976
▁CREATE,0.0017135679
▁Select,0.0009463221
Select,0.00014176141
▁WHERE,0.00013847751
▁select,0.00013110787
<0x09>,9.8195254e-05
▁COUNT,7.240465e-05
