Token,Probability
▁SELECT,0.7905728
SELECT,0.11212707
<0x0A>,0.07469273
▁CREATE,0.0072242636
2,0.004850141
▁Select,0.0036325878
1,0.0014676981
CREATE,0.00045113338
▁select,0.00043725347
3,0.0004139833
