Token,Probability
▁SELECT,0.88032156
<0x0A>,0.07813298
SELECT,0.03690741
▁CREATE,0.002114963
▁Select,0.0011863868
Select,0.00022642587
▁select,0.00016436755
▁SQL,0.00012407114
▁UPDATE,0.00012214758
▁WHERE,0.00011121664
