Token,Probability
▁SELECT,0.92725563
<0x0A>,0.047630783
SELECT,0.021468876
▁CREATE,0.0015310891
▁Select,0.001052301
▁COUNT,0.00015278734
▁select,0.0001504186
▁WHERE,0.00014020555
Select,0.00013068595
<0x09>,7.388313e-05
