Token,Probability
▁SELECT,0.95431083
SELECT,0.016419824
<0x0A>,0.014490444
▁CREATE,0.010937963
▁Select,0.0019306649
▁INSERT,0.0002825187
▁WHERE,0.00026958124
▁UPDATE,0.00022524355
Select,0.00019266101
<0x09>,0.00018819803
