Token,Probability
▁SELECT,0.9406939
<0x0A>,0.04005958
▁CREATE,0.010781891
SELECT,0.0056816563
▁Select,0.0017600951
<0x09>,0.00021021337
▁select,0.00011884387
▁WHERE,6.8781555e-05
Select,6.165539e-05
▁FROM,6.165539e-05
