Token,Probability
▁SELECT,0.96503544
<0x0A>,0.012533622
▁CREATE,0.012533622
SELECT,0.006921723
▁Select,0.0020460577
<0x09>,0.00021397465
▁select,0.00013285989
▁WHERE,8.578079e-05
Select,8.121562e-05
▁UPDATE,5.8956215e-05
