Token,Probability
▁SELECT,0.85513115
SELECT,0.06697904
<0x0A>,0.06491832
1,0.004487316
2,0.002204096
▁AV,0.0011614768
▁Select,0.0007382796
▁CREATE,0.00070999656
3,0.00047295965
▁select,0.00038003377
