Token,Probability
▁SELECT,0.9314777
<0x0A>,0.033929076
SELECT,0.023686312
▁CREATE,0.0073376773
2,0.0013787085
▁Select,0.00055704865
▁WHERE,0.00027792185
▁select,0.00027575908
▁UPDATE,0.00018658793
Select,9.987332e-05
