Token,Probability
▁SELECT,0.7472401
<0x0A>,0.18600278
SELECT,0.037202895
▁CREATE,0.016252741
2,0.005616797
▁Select,0.0023051288
▁WHERE,0.0015475905
1,0.00042640595
CREATE,0.00041007058
Select,0.00032439255
