Token,Probability
▁SELECT,0.9595327
<0x0A>,0.015509401
SELECT,0.014121471
▁CREATE,0.008565105
▁Select,0.001022956
▁UPDATE,0.00017364521
Select,0.0001593458
▁WHERE,0.00014395693
▁select,0.00013952784
<0x09>,8.868929e-05
