Token,Probability
▁SELECT,0.77322125
<0x0A>,0.063469864
SELECT,0.04430911
2,0.040343903
1,0.030453175
▁CREATE,0.011029408
3,0.0052919686
▁Select,0.0031847626
4,0.0031847626
5,0.0025590288
