Token,Probability
▁SELECT,0.8930652
<0x0A>,0.050383296
SELECT,0.048076075
▁Select,0.0027122665
1,0.0013115664
▁CREATE,0.0010294602
2,0.0008080326
Select,0.0005911692
▁select,0.0003189119
3,0.00026438726
