Token,Probability
▁SELECT,0.9395232
SELECT,0.033691566
<0x0A>,0.019196874
▁CREATE,0.0050866655
▁Select,0.00064669695
1,0.00030310077
▁UPDATE,0.00030074202
▁select,0.00026540388
▁WHERE,0.0001560229
Select,0.00014317466
