Token,Probability
▁SELECT,0.84973264
SELECT,0.0665562
<0x0A>,0.06552435
▁CREATE,0.009007403
▁Select,0.0036678629
2,0.0011631965
Select,0.0008510127
1,0.00047365986
▁WHERE,0.0003717799
▁select,0.0003106337
