Token,Probability
▁SELECT,0.9740156
<0x0A>,0.01048743
SELECT,0.009699286
▁CREATE,0.0037982948
▁Select,0.0011053669
▁WHERE,0.0002028811
<0x09>,0.00012795551
Select,8.932734e-05
▁UPDATE,8.070053e-05
▁select,7.5221156e-05
