Token,Probability
▁SELECT,0.90319777
<0x0A>,0.044967566
SELECT,0.0384628
▁CREATE,0.007814191
▁Select,0.0028080884
Select,0.00047666876
▁WHERE,0.0003487383
▁SQL,0.00033276842
▁VARCHAR,0.00020501266
▁select,0.00016996148
