Token,Probability
▁SELECT,0.90900487
<0x0A>,0.04893415
SELECT,0.028766898
▁CREATE,0.0096357055
▁Select,0.0016102878
▁WHERE,0.00034824916
<0x09>,0.00027548778
Select,0.00021963801
▁SQL,0.0002112238
▁select,0.00013637633
