Token,Probability
▁SELECT,0.8536026
<0x0A>,0.09881168
SELECT,0.03750468
▁CREATE,0.0040152147
▁Select,0.0017134832
2,0.0012634433
1,0.00076631707
▁WHERE,0.0003705667
Select,0.00026690922
▁select,0.00015813847
