Token,Probability
▁SELECT,0.92868423
<0x0A>,0.044119146
SELECT,0.012444376
▁CREATE,0.01169041
▁Select,0.0011849568
▁WHERE,0.00035578854
▁UPDATE,0.00027279256
<0x09>,0.00015065035
Select,0.00013716871
▁select,0.00013399118
