Token,Probability
▁SELECT,0.9616223
SELECT,0.016806182
<0x0A>,0.009427413
▁CREATE,0.009137362
▁Select,0.0014570798
▁WHERE,0.00032511842
▁UPDATE,0.00021998613
Select,0.00017132537
▁select,0.00012244072
▁SQL,8.41522e-05
