Token,Probability
▁SELECT,0.90002924
SELECT,0.055766717
<0x0A>,0.0130404
2,0.0068718074
1,0.006355384
3,0.006159849
▁Select,0.0025879468
4,0.001968806
5,0.0016449989
6,0.0010704212
