Token,Probability
▁SELECT,0.8397676
SELECT,0.094219305
<0x0A>,0.039276455
1,0.0069327056
2,0.0061180913
▁Select,0.0035408796
3,0.0025108596
4,0.0012332929
5,0.0009987509
6,0.00073643273
