Token,Probability
▁SELECT,0.94317615
<0x0A>,0.03031835
SELECT,0.02288549
▁CREATE,0.001968709
▁Select,0.000572927
▁WHERE,0.00025423482
▁UPDATE,0.00014945694
Select,0.00011106697
▁select,6.5805e-05
3,6.3284046e-05
