Token,Probability
▁SELECT,0.7927289
<0x0A>,0.12940943
SELECT,0.05742509
▁CREATE,0.007771641
▁WHERE,0.005958724
▁Select,0.0023702164
<0x09>,0.00051661563
Select,0.00045236372
▁INSERT,0.0003839161
▁SQL,0.00031090472
