Token,Probability
▁SELECT,0.7858219
SELECT,0.09239799
<0x0A>,0.06551999
2,0.020616777
1,0.014619485
3,0.0037545941
▁Select,0.0036107579
▁CREATE,0.002621129
4,0.0018586587
5,0.0017874547
