Token,Probability
▁SELECT,0.945174
<0x0A>,0.025584688
SELECT,0.023295123
▁CREATE,0.002826019
▁Select,0.0014433892
▁WHERE,0.000359288
Select,0.00018066134
<0x09>,0.00017510298
▁UPDATE,0.00016449403
▁select,0.00013321133
