Token,Probability
▁SELECT,0.9551909
SELECT,0.022463938
<0x0A>,0.017770438
▁CREATE,0.002520384
▁Select,0.0012283371
Select,0.00014330554
▁WHERE,0.00011880447
▁select,9.6965385e-05
<0x09>,7.094139e-05
▁INSERT,4.8377824e-05
