Token,Probability
▁SELECT,0.9639826
SELECT,0.023390342
<0x0A>,0.006197823
▁CREATE,0.0041286405
▁Select,0.001201503
▁UPDATE,0.00026600523
▁WHERE,0.0001677674
Select,0.00013692775
▁select,9.862536e-05
<0x09>,8.7719214e-05
