Token,Probability
▁SELECT,0.90712506
<0x0A>,0.057990562
SELECT,0.022010736
▁CREATE,0.0088931415
▁Select,0.0022136779
Select,0.00027065584
▁WHERE,0.00024451717
▁select,0.00018457125
<0x09>,0.0001566436
▁UPDATE,9.650532e-05
