Token,Probability
▁SELECT,0.96248156
<0x0A>,0.022635397
SELECT,0.0067963786
▁CREATE,0.005997783
▁Select,0.0012572036
<0x09>,0.00016490922
▁WHERE,0.000107308486
▁select,0.0001064734
Select,8.037034e-05
▁SQL,5.2708154e-05
