Token,Probability
▁SELECT,0.9379016
SELECT,0.030148799
<0x0A>,0.021715365
▁CREATE,0.005753998
▁Select,0.0028484361
Select,0.00037951735
▁UPDATE,0.00027122884
<0x09>,0.0001737557
▁WHERE,0.00013218638
▁select,0.00011395177
