Token,Probability
▁SELECT,0.89135873
<0x0A>,0.056982655
SELECT,0.044378135
▁CREATE,0.0031649016
▁Select,0.0015304463
Select,0.00032079898
▁select,0.00026182854
▁UPDATE,0.00023106285
<0x09>,0.0001871204
▁WHERE,0.00017305807
