Token,Probability
▁SELECT,0.94577235
<0x0A>,0.022948485
SELECT,0.021223878
▁CREATE,0.0072210603
▁Select,0.001561664
▁select,0.00024136726
Select,0.00016588914
▁SUM,0.00010710607
<0x09>,8.4068524e-05
CREATE,7.4772084e-05
