Token,Probability
▁SELECT,0.90110546
<0x0A>,0.0603703
SELECT,0.0280748
▁CREATE,0.008043564
▁Select,0.0011057206
Select,0.00016956776
▁UPDATE,0.00014964302
▁select,0.00014167916
CREATE,0.00010948117
▁WHERE,0.000105287014
