generated_token_id,generated_token,token_probability,payload_signal
5097,SELECT,0.9244701862335205,2.5227991473641964e-08
21122,COUNT,0.5614338517189026,0.0005579043772465653
29898,(,0.9110404253005981,1.2329011811473833e-08
524,int,0.8419045209884644,6.764425952709985e-08
3518,rodu,0.9999566078186035,8.884578126283925e-12
1133,ced,0.9999902248382568,6.456937447690806e-14
29897,),0.998018741607666,1.805776974912049e-08
3895,FROM,0.9719019532203674,2.990233458326913e-08
1591,table,0.999775230884552,1.3785071195003768e-07
29918,_,0.9999933242797852,3.344293626614736e-11
978,name,0.9999407529830933,5.3698161063921775e-14
29918,_,0.9999821186065674,2.2350410530582593e-11
29929,9,0.9998142123222351,2.598103264646323e-11
29946,4,0.9998626708984375,5.212192012628986e-10
5754,WHERE,0.9835302233695984,4.048642237297617e-07
16528,retired,0.6704546213150024,1.9462039852480295e-06
1405,>,0.6387017965316772,9.547708885726536e-07
29871,,0.9078784584999084,1.2302131968677799e-07
29896,1,0.9990187883377075,2.3928088590391416e-10
29929,9,0.9999072551727295,2.999574725051895e-09
29929,9,0.9996839761734009,1.4332150109720374e-10
29929,9,0.9994611144065857,7.203990899477819e-09
5300,AND,0.9932045936584473,1.6148052939257695e-07
12012,manufact,0.9664566516876221,1.2744538030462493e-06
9945,urer,0.9999979734420776,7.990525369603997e-13
353,=,0.9980016350746155,3.01955496578854e-08
376,",0.9995152950286865,1.351589958009658e-09
29888,f,0.9981677532196045,6.21579549983653e-11
554,ok,0.9998931884765625,4.810660599258512e-10
3946,ker,0.9999936819076538,3.0704672345101112e-12
29908,",0.9944828748703003,1.0461769309189073e-07
5300,AND,0.9953482747077942,1.7085597531218966e-07
14728,quantity,0.9971121549606323,5.14826990089326e-07
353,=,0.979229211807251,1.4379135046538316e-07
29871,,0.9661807417869568,8.162341762121134e-09
29945,5,0.9994812607765198,6.969469554425622e-10
13,NEWLINE,0.9949437975883484,7.006888737694054e-08
259, ,0.9999077320098877,1.4167862195935133e-10
2,</s>,0.9996495246887207,3.642557583338757e-08
0,token_ID_0,2.744172238010041e-15,2.7318432830335055e-16
0,token_ID_0,3.4663771657506004e-06,0.0002517010234441841
0,token_ID_0,3.542523245414486e-06,0.00024579350247222465
0,token_ID_0,2.9539870549655234e-09,0.008203597828206455
0,token_ID_0,1.2138639426950704e-08,0.00431213812214537
0,token_ID_0,6.326999368866382e-09,0.0016210214589591487
0,token_ID_0,5.001217662226054e-09,0.0021118790537002496
0,token_ID_0,5.414718451390854e-09,0.003797071882218006
