generated_token_id,generated_token,token_probability,payload_signal
5097,SELECT,0.7341215014457703,6.889970478596297e-07
13284,capacity,0.9585212469100952,0.0035114075304673587
3895,FROM,0.995643138885498,5.296490147507771e-09
1591,table,0.9999352693557739,4.690877325809505e-08
29918,_,0.9999959468841553,1.2155142774331875e-11
978,name,0.9999703168869019,2.7964160867022074e-14
29918,_,0.9999852180480957,1.5751795375863742e-11
29929,9,0.9997343420982361,1.637453887759488e-11
29900,0,0.9999268054962158,2.005626588676905e-09
5754,WHERE,0.9995524287223816,5.892892304606035e-09
4842,tor,0.9997021555900574,3.3325432033205825e-07
802,que,0.9999308586120605,5.502395344085266e-12
1649,__,0.9855051636695862,1.0388991533369363e-11
22882,nm,0.9983037710189819,6.554436151814946e-10
1649,__,0.956013023853302,8.54494974777964e-10
29878,r,0.9977691173553467,6.118872891008875e-10
3358,pm,0.9995239973068237,4.173431595428344e-11
353,=,0.9877352118492126,5.663916577414163e-08
376,",0.9907127022743225,2.8612241471936972e-08
29946,4,0.5075002312660217,3.2496294821715566e-09
29896,1,0.9773032069206238,1.1292864731012042e-08
29945,5,0.9995397329330444,8.055826377284178e-09
29900,0,0.9998503923416138,1.0964380497274773e-09
29908,",0.995872437953949,1.52118928564704e-07
13,NEWLINE,0.999622106552124,9.454997675854143e-09
259, ,0.999243974685669,2.982239108439977e-10
2,</s>,0.9996411800384521,2.297938458961646e-08
0,token_ID_0,3.621264478738265e-15,4.2407772559893475e-16
0,token_ID_0,nan,nan
0,token_ID_0,nan,nan
0,token_ID_0,nan,nan
0,token_ID_0,nan,nan
0,token_ID_0,nan,nan
0,token_ID_0,nan,nan
0,token_ID_0,nan,nan
0,token_ID_0,nan,nan
0,token_ID_0,nan,nan
0,token_ID_0,nan,nan
0,token_ID_0,nan,nan
0,token_ID_0,nan,nan
0,token_ID_0,nan,nan
0,token_ID_0,nan,nan
0,token_ID_0,nan,nan
0,token_ID_0,nan,nan
0,token_ID_0,nan,nan
0,token_ID_0,nan,nan
0,token_ID_0,nan,nan
0,token_ID_0,nan,nan
0,token_ID_0,nan,nan
0,token_ID_0,nan,nan
0,token_ID_0,nan,nan
0,token_ID_0,nan,nan
0,token_ID_0,nan,nan
0,token_ID_0,nan,nan
0,token_ID_0,nan,nan
0,token_ID_0,nan,nan
0,token_ID_0,nan,nan
0,token_ID_0,nan,nan
0,token_ID_0,nan,nan
