generated_token_id,generated_token,token_probability,payload_signal
5097,SELECT,0.9094839692115784,1.0589047594322665e-07
1035,acc,0.9839789867401123,0.00020020869765695337
1127,red,0.9999674558639526,1.8547555897181257e-11
7018,itation,0.9999860525131226,3.240989280689681e-13
29918,_,0.9998339414596558,3.887413602691103e-11
5563,level,0.9999829530715942,2.110145405306331e-12
3895,FROM,0.9947161078453064,3.6177097324785468e-09
1591,table,0.9998841285705566,1.3786538909367984e-07
29918,_,0.9999936819076538,2.7025023264701763e-11
978,name,0.9999669790267944,5.494411349504791e-14
29918,_,0.9999698400497437,3.6956132598575664e-11
29955,7,0.9996169805526733,2.0957729909149014e-12
5754,WHERE,0.9979522228240967,7.208927063910749e-09
12837,hardware,0.999868631362915,1.0488059345801343e-07
29918,_,0.9999815225601196,2.3048967000684293e-10
4299,model,0.9999756813049316,9.418393324901915e-13
353,=,0.9990804195404053,6.426784941032659e-09
376,",0.9973174929618835,1.573143549454814e-09
4141,gt,0.9923502802848816,1.6720294413071195e-12
29899,-,0.9996706247329712,1.6646180961421564e-11
29875,i,0.9999853372573853,8.51963214332143e-13
29929,9,0.9999775886535645,2.5181496688189697e-10
29896,1,0.9999474287033081,3.406054487966345e-11
29900,0,0.9999682903289795,5.0799726406922744e-11
29900,0,0.9998667240142822,4.5619829463009195e-11
29908,",0.9984312653541565,1.0832768918001001e-09
13,NEWLINE,0.998961329460144,6.938602878362094e-09
259, ,0.9997506737709045,1.8460301343115049e-10
2,</s>,0.9998464584350586,8.292752762262268e-09
0,token_ID_0,1.744302042181714e-15,2.6524226614848596e-16
0,token_ID_0,nan,nan
0,token_ID_0,nan,nan
0,token_ID_0,nan,nan
0,token_ID_0,nan,nan
0,token_ID_0,nan,nan
0,token_ID_0,nan,nan
0,token_ID_0,nan,nan
0,token_ID_0,nan,nan
0,token_ID_0,nan,nan
0,token_ID_0,nan,nan
0,token_ID_0,nan,nan
0,token_ID_0,nan,nan
0,token_ID_0,nan,nan
0,token_ID_0,nan,nan
0,token_ID_0,nan,nan
0,token_ID_0,nan,nan
0,token_ID_0,nan,nan
