Token,Probability
▁SELECT,0.9197386
<0x0A>,0.04651219
SELECT,0.02821107
1,0.0032656684
2,0.00093562965
0,0.00027874077
4,0.0001900847
3,0.00013906893
7,0.00011895197
5,0.000108306995
