Token,Probability
▁SELECT,0.5608494
<0x0A>,0.37948972
1,0.030192016
SELECT,0.011281931
2,0.008582841
▁CREATE,0.0019913793
0,0.0018417246
3,0.0012857311
4,0.00094066095
5,0.0008564815
