Token,Probability
▁SELECT,0.79987085
<0x0A>,0.17570831
SELECT,0.014423016
1,0.0056481347
2,0.0014059318
0,0.0008936646
4,0.0004059655
3,0.0003527089
5,0.00024431432
▁CREATE,0.00022951205
