Token,Probability
▁SELECT,0.858686
<0x0A>,0.11804056
SELECT,0.015975052
1,0.004299627
2,0.0010536689
0,0.00056398835
3,0.0002684987
4,0.00017471543
▁CREATE,0.00015784224
5,0.00015298594
