Token,Probability
▁SELECT,0.5226084
<0x0A>,0.37058482
1,0.044260047
SELECT,0.024063773
2,0.020422658
3,0.004247508
0,0.003035557
5,0.0022735272
4,0.0019907667
7,0.0012853356
