Token,Probability
▁SELECT,0.86702776
<0x0A>,0.10036575
SELECT,0.019763188
1,0.006416167
2,0.0024353026
4,0.0014655909
3,0.0005650356
0,0.0005144708
5,0.00031695626
7,0.00022829502
