Token,Probability
▁SELECT,0.80296934
<0x0A>,0.13737185
SELECT,0.026217878
1,0.02242534
2,0.0058499994
0,0.0013786835
3,0.0008297063
4,0.000804179
5,0.0005702483
7,0.00035131976
