Token,Probability
▁SELECT,0.87566745
<0x0A>,0.09979433
SELECT,0.014376737
1,0.0051261834
2,0.00196094
▁CREATE,0.00087016175
0,0.0005488041
3,0.00025521766
5,0.000237889
4,0.00022001137
