Token,Probability
▁SELECT,0.847435
<0x0A>,0.081325874
SELECT,0.027669732
1,0.019929761
2,0.013070256
3,0.0025140664
5,0.0016616967
0,0.0016105715
4,0.0015248585
7,0.0011156102
