Token,Probability
▁SELECT,0.807571
<0x0A>,0.08379774
3,0.035482194
1,0.026783366
2,0.021187384
SELECT,0.010821458
▁CREATE,0.0030762719
4,0.0030762719
5,0.0021644277
0,0.0019861904
