Token,Probability
▁SELECT,0.64586323
<0x0A>,0.32476044
SELECT,0.022100225
1,0.0039009212
2,0.0010255974
0,0.00041115406
3,0.00034894192
4,0.00030794018
5,0.00016873729
7,0.00014320549
