Token,Probability
▁SELECT,0.88059676
<0x0A>,0.08856395
SELECT,0.026591718
1,0.0023417824
2,0.00077223784
0,0.00019678369
3,0.00013737715
5,0.00012508332
4,0.00012029146
▁CREATE,0.000106989435
