Token,Probability
▁SELECT,0.6284203
<0x0A>,0.22059628
1,0.05577547
2,0.054910753
SELECT,0.01178287
3,0.0070910556
0,0.0055225194
5,0.004542701
4,0.0034290103
7,0.0019085319
