Token,Probability
▁SELECT,0.868282
<0x0A>,0.0959082
SELECT,0.019182848
1,0.009204032
2,0.0033859736
▁CREATE,0.0009042305
0,0.00081054703
4,0.00047278785
3,0.000374006
5,0.00035410176
