Token,Probability
▁SELECT,0.75513494
<0x0A>,0.15341496
1,0.068077475
SELECT,0.015672324
2,0.0033368308
0,0.00120852
3,0.00055764033
4,0.0005238547
9,0.000480716
5,0.00037731833
