Token,Probability
▁SELECT,0.89666617
SELECT,0.052192226
<0x0A>,0.047521565
1,0.0022053167
2,0.00047693323
0,0.00015727588
3,0.00010075471
▁CREATE,9.539264e-05
▁select,8.0958685e-05
5,6.9790745e-05
