Token,Probability
▁SELECT,0.49729317
3,0.31609878
<0x0A>,0.09056382
1,0.042116083
2,0.02437492
SELECT,0.008828011
4,0.006611875
5,0.0044044578
0,0.0022147007
7,0.0021974659
