Token,Probability
▁SELECT,0.79496664
<0x0A>,0.14705405
SELECT,0.02941266
1,0.01574346
2,0.0056135044
3,0.001364943
0,0.0011315774
4,0.0011227715
7,0.00090217224
5,0.00089515146
