Token,Probability
▁SELECT,0.75425994
<0x0A>,0.13952406
1,0.053791314
2,0.016277758
SELECT,0.006576808
4,0.005162196
3,0.0049258014
5,0.0042796107
0,0.0034387638
7,0.0034120032
