Token,Probability
▁SELECT,0.5791905
<0x0A>,0.3798424
SELECT,0.016951924
1,0.012305778
2,0.004856808
0,0.0014244971
3,0.0006888418
5,0.0005199651
4,0.0004922931
▁CREATE,0.00044474972
