Token,Probability
<0x0A>,0.56978387
▁SELECT,0.38553506
1,0.01775216
SELECT,0.008451294
2,0.005585965
0,0.0036633648
3,0.0014571857
▁DE,0.0009190356
5,0.00084335444
4,0.0008238182
