Token,Probability
▁SELECT,0.7712956
<0x0A>,0.16167234
1,0.030855708
SELECT,0.012369815
2,0.009264563
0,0.0028035436
3,0.002435761
5,0.0020834168
4,0.0017272133
7,0.001366338
