Token,Probability
▁SELECT,0.6673992
<0x0A>,0.23064703
SELECT,0.04008044
1,0.038847294
2,0.012513724
3,0.0021408456
0,0.0020912532
5,0.0014945512
4,0.0013608043
7,0.000927988
