Token,Probability
▁SELECT,0.8824642
<0x0A>,0.09014939
SELECT,0.024263378
1,0.0017303838
2,0.00039835696
0,0.00019874766
3,9.915889e-05
5,7.905636e-05
4,7.198164e-05
▁select,7.086566e-05
