Token,Probability
▁SELECT,0.82808983
<0x0A>,0.13102286
SELECT,0.0287819
1,0.0064221094
2,0.0025545387
0,0.0009251926
3,0.00048754222
4,0.00042690628
▁CREATE,0.0002529336
5,0.00024707438
