Token,Probability
▁SELECT,0.916654
<0x0A>,0.04934592
SELECT,0.029929813
1,0.0018984594
4,0.00058811525
2,0.00043364897
0,0.00023762003
3,0.00014986507
▁CREATE,0.00014639345
5,0.00011137026
