Token,Probability
▁SELECT,0.8948844
<0x0A>,0.05544794
SELECT,0.04525529
1,0.002116618
2,0.0012250047
0,0.00021121728
4,0.00013012718
3,0.00012129188
5,0.000102939084
▁CREATE,9.013647e-05
