Token,Probability
▁SELECT,0.7471501
<0x0A>,0.18025838
SELECT,0.037198413
1,0.02364475
2,0.0056161205
0,0.0015234137
3,0.0011957411
5,0.0007424525
4,0.0007252536
7,0.00048312306
