Token,Probability
▁SELECT,0.6350315
<0x0A>,0.3143634
1,0.020734513
SELECT,0.01640235
2,0.005121063
0,0.0019136015
3,0.0011426636
5,0.00091101095
4,0.0009039214
▁CREATE,0.0006930605
