Token,Probability
▁SELECT,0.6284364
<0x0A>,0.31109858
SELECT,0.024367124
1,0.018108109
2,0.0093943635
0,0.0019846098
3,0.0017514122
4,0.0013324041
5,0.0010790137
7,0.0007244155
