Token,Probability
<0x0A>,0.68328875
▁SELECT,0.28483713
1,0.013637932
SELECT,0.008143581
2,0.0031151974
4,0.0009426879
▁CREATE,0.0009280729
0,0.00082544517
3,0.000757471
5,0.0005762536
