Token,Probability
<0x0A>,0.5690378
▁SELECT,0.38503024
1,0.020247053
SELECT,0.009197639
2,0.00667677
0,0.0020845893
▁CREATE,0.0017013921
5,0.0009618799
3,0.0008163369
9,0.0007850635
