Token,Probability
▁SELECT,0.6352784
<0x0A>,0.3244685
1,0.019792704
SELECT,0.010761105
2,0.003180977
0,0.0013788515
9,0.0013157093
4,0.0007042484
3,0.0006825809
5,0.0004546969
