Token,Probability
▁SELECT,0.63429743
<0x0A>,0.31894478
1,0.01960835
SELECT,0.011800513
2,0.0039526764
0,0.001881756
▁CREATE,0.0014093702
▁S,0.0007722712
​,0.0007722712
3,0.0007543815
