Token,Probability
▁SELECT,0.7381287
<0x0A>,0.20179316
1,0.022997104
SELECT,0.0193655
2,0.0059524667
0,0.0032616828
3,0.0015168233
4,0.001447363
5,0.0010506728
▁CREATE,0.0010424964
