Token,Probability
▁SELECT,0.86298734
SELECT,0.0815344
<0x0A>,0.0479316
1,0.0056358613
2,0.0006999213
0,0.00028059303
3,0.00015136859
4,0.00013999305
5,0.00012846485
7,8.42493e-05
