Token,Probability
▁SELECT,0.7358723
<0x0A>,0.12201958
1,0.05586464
2,0.03441721
SELECT,0.013477972
3,0.008048064
4,0.006267839
0,0.005706932
5,0.004919683
7,0.0041752807
