Token,Probability
▁SELECT,0.72491306
<0x0A>,0.2142839
SELECT,0.018433632
2,0.018433632
1,0.015045091
3,0.0017552553
4,0.0014780731
5,0.001160153
0,0.0009846089
7,0.0009106145
