Token,Probability
▁SELECT,0.796014
<0x0A>,0.093596384
SELECT,0.042187195
1,0.034974415
2,0.016780907
0,0.004343495
3,0.002826366
5,0.0023068127
4,0.0016357751
7,0.0013774608
