Token,Probability
▁SELECT,0.8487572
<0x0A>,0.10790736
SELECT,0.034489267
1,0.005166579
2,0.0013477826
0,0.0006724337
3,0.0002937645
4,0.00023057841
5,0.00020348473
▁CREATE,0.00013985287
