Token,Probability
▁SELECT,0.8712038
<0x0A>,0.10568901
SELECT,0.018948995
1,0.0022107093
2,0.0007177123
0,0.00026818947
▁CREATE,0.00014926992
4,0.0001359118
3,0.00012088246
5,9.637591e-05
