Token,Probability
▁SELECT,0.79128546
<0x0A>,0.17382234
SELECT,0.014952953
1,0.010770209
2,0.003664379
0,0.0015760297
3,0.00085687253
4,0.00064680126
▁CREATE,0.00054893317
5,0.0004959197
