Token,Probability
▁SELECT,0.73920596
<0x0A>,0.1928334
SELECT,0.03350942
1,0.016588366
2,0.007959185
0,0.0017759341
3,0.0015795485
4,0.0011830272
▁CREATE,0.00096555863
5,0.0009285687
