Token,Probability
▁SELECT,0.69711626
SELECT,0.1461235
<0x0A>,0.12498606
1,0.019775666
2,0.005891524
5,0.0013884697
3,0.0010813413
0,0.0008964634
4,0.00078496954
7,0.0004201639
