Token,Probability
▁SELECT,0.7083946
<0x0A>,0.23728245
1,0.021060016
SELECT,0.013282386
2,0.010840767
0,0.0019588866
3,0.0014109331
4,0.0011974433
5,0.00115157
7,0.00098499
