Token,Probability
▁SELECT,0.7860204
<0x0A>,0.18095218
SELECT,0.024109544
1,0.005133218
2,0.0012877806
3,0.00079337857
0,0.00043473562
4,0.00022204123
5,0.00021187321
▁CREATE,0.00017024491
