Token,Probability
▁SELECT,0.7529933
<0x0A>,0.19952337
SELECT,0.028298432
1,0.011613652
2,0.0038598133
0,0.0008612407
3,0.0005347565
▁CREATE,0.00044680582
4,0.00041001206
5,0.0003193177
