Token,Probability
▁SELECT,0.5928215
<0x0A>,0.14756495
1,0.077761255
2,0.054286107
5,0.052615896
SELECT,0.021933572
3,0.014161377
4,0.010523842
0,0.0082602585
7,0.0074625215
