Token,Probability
3,0.5393744
▁SELECT,0.22484471
<0x0A>,0.09372921
1,0.06051613
2,0.040947266
4,0.00950053
5,0.0075155376
SELECT,0.0062794667
0,0.00473999
7,0.0038385608
