Token,Probability
▁SELECT,0.7040909
<0x0A>,0.19551897
1,0.036736928
SELECT,0.027300566
0,0.015555394
2,0.011030426
3,0.0018870834
4,0.0015767172
5,0.001391448
▁CREATE,0.0011268291
