Token,Probability
▁SELECT,0.8622659
<0x0A>,0.09826703
SELECT,0.03503819
1,0.0025781284
2,0.0006417469
0,0.0003103285
▁CREATE,0.000118711236
3,0.00010476229
4,9.688929e-05
5,7.724688e-05
