Token,Probability
▁SELECT,0.58250684
<0x0A>,0.20769922
1,0.11117338
2,0.03039311
SELECT,0.02258624
0,0.010921992
5,0.007744852
3,0.0068348083
4,0.0063211643
9,0.0038041435
