Token,Probability
▁SELECT,0.78817487
<0x0A>,0.12667122
1,0.033044163
SELECT,0.030560855
2,0.009467311
0,0.0032718151
3,0.0020960036
5,0.0016323694
4,0.001418227
7,0.0011395774
