Token,Probability
▁SELECT,0.72529376
<0x0A>,0.23181781
SELECT,0.028565558
1,0.00756912
2,0.0028954463
0,0.0010651752
4,0.0006021954
3,0.00051912485
5,0.00042702048
7,0.00023216702
