Token,Probability
<0x0A>,0.6066378
▁SELECT,0.35662395
1,0.017894518
SELECT,0.006088303
2,0.0059939125
0,0.0015393641
3,0.0009409944
▁CREATE,0.0007102998
4,0.00052785
5,0.00047687272
