Token,Probability
▁SELECT,0.46630728
1,0.21018118
<0x0A>,0.10735004
2,0.07977577
3,0.0307563
5,0.021809483
4,0.01880095
SELECT,0.015106988
0,0.013755068
7,0.01149279
