Token,Probability
▁SELECT,0.79792273
<0x0A>,0.13025731
SELECT,0.03972623
1,0.020290175
2,0.0052930084
0,0.0014245939
3,0.0013593571
7,0.0009197869
4,0.0008506639
5,0.00070522516
