Token,Probability
▁SELECT,0.9064063
<0x0A>,0.057046268
SELECT,0.023048777
1,0.010718675
2,0.0006745987
0,0.00044241262
4,0.00034186995
9,0.00024817098
3,0.00022072782
5,0.00018587147
