Token,Probability
▁SELECT,0.78608215
<0x0A>,0.18096639
SELECT,0.023737624
1,0.005726968
2,0.0011544498
0,0.0005244324
4,0.00039586236
3,0.0002327155
5,0.00018993684
▁CREATE,0.00015994285
