Token,Probability
2,0.49941185
▁SELECT,0.28014466
<0x0A>,0.15471058
1,0.04718406
▁CREATE,0.0038130563
3,0.0030400339
SELECT,0.0029465016
0,0.0021726142
4,0.0014472731
5,0.001413747
