Token,Probability
▁SELECT,0.77092546
<0x0A>,0.18311085
SELECT,0.01841594
1,0.017300177
2,0.0045840903
0,0.0014766547
3,0.00087488897
4,0.00066558045
5,0.0006451027
7,0.0004719672
