Token,Probability
▁SELECT,0.8191764
<0x0A>,0.1515324
SELECT,0.02287797
1,0.003734726
2,0.0009081115
0,0.00034468027
3,0.00020743223
4,0.00017881778
5,0.00015780613
▁CREATE,0.00014368413
