Token,Probability
▁SELECT,0.8516068
<0x0A>,0.089758694
SELECT,0.041094523
1,0.009169429
2,0.0026893846
4,0.00089382066
0,0.0008396669
7,0.00082021597
5,0.0007645254
3,0.00061431335
