Token,Probability
▁SELECT,0.68794996
<0x0A>,0.26111636
1,0.021433737
SELECT,0.00893491
2,0.007702375
0,0.0021556474
3,0.002138872
4,0.0020730658
5,0.001887548
7,0.0010505787
