Token,Probability
▁SELECT,0.88545847
<0x0A>,0.0890529
SELECT,0.023596669
1,0.0010286971
2,0.00024243553
0,0.0001541014
▁CREATE,0.00010427023
4,5.121582e-05
3,5.00294e-05
5,3.4926154e-05
