Token,Probability
▁SELECT,0.8703727
<0x0A>,0.097653106
SELECT,0.018064009
1,0.010132992
2,0.0012486295
0,0.00061330624
4,0.0002742875
3,0.00027003506
9,0.00020383316
5,0.00019911137
