Token,Probability
▁SELECT,0.864287
<0x0A>,0.085576005
SELECT,0.020646172
1,0.01441335
2,0.0060083787
4,0.0017900033
3,0.0016947411
0,0.0014956037
5,0.0011923992
7,0.0008861158
