Token,Probability
▁SELECT,0.7297924
<0x0A>,0.23692891
SELECT,0.012556772
1,0.00911524
2,0.00423898
4,0.0015352567
0,0.0012336135
3,0.0009912363
5,0.00084125134
7,0.00057818304
