Token,Probability
▁SELECT,0.78829896
<0x0A>,0.18147674
SELECT,0.01942872
1,0.006018737
2,0.0021293461
0,0.0007188356
3,0.00029965528
4,0.00027930943
5,0.0002464897
7,0.00023520211
