Token,Probability
▁SELECT,0.678449
<0x0A>,0.15376636
SELECT,0.08491786
1,0.047634594
2,0.022677466
0,0.002408934
3,0.0022278996
5,0.0017486986
4,0.0016046959
▁CREATE,0.0010360696
