Token,Probability
▁SELECT,0.5888457
<0x0A>,0.30548912
1,0.03823645
2,0.032705367
SELECT,0.012908057
3,0.0043236576
0,0.0036694403
4,0.0035565435
5,0.0031142137
7,0.0019795147
