Token,Probability
▁SELECT,0.6486509
<0x0A>,0.12973833
1,0.1181281
2,0.03659438
SELECT,0.014556238
0,0.009772596
3,0.008967838
4,0.008229352
5,0.007914089
7,0.004544679
