Token,Probability
▁SELECT,0.79416686
<0x0A>,0.13168576
SELECT,0.04920738
1,0.015243735
2,0.004401657
0,0.001683784
3,0.00080788834
5,0.000550932
7,0.00042906622
4,0.0004094179
