Token,Probability
▁SELECT,0.553536
<0x0A>,0.31539527
6,0.071482435
SELECT,0.020802576
1,0.016715338
5,0.003939344
2,0.0038480894
3,0.002882086
7,0.0026863995
▁CREATE,0.0024269593
