Token,Probability
▁SELECT,0.6985995
<0x0A>,0.20330405
1,0.04536327
2,0.017217955
SELECT,0.01165025
0,0.0056336927
3,0.0036373858
4,0.0036090792
5,0.003087009
7,0.0020563912
