Token,Probability
▁SELECT,0.88339883
<0x0A>,0.08216889
SELECT,0.021435037
1,0.0070685246
2,0.0016658565
0,0.00081824115
9,0.00066782895
3,0.00048101912
4,0.00047356164
5,0.0004379729
