Token,Probability
2,0.6606677
▁SELECT,0.28414965
<0x0A>,0.029027713
1,0.014146977
SELECT,0.007454933
▁CREATE,0.0011343542
3,0.0010908978
0,0.00097026455
5,0.00030530727
4,0.00029132626
