Token,Probability
▁SELECT,0.74853396
<0x0A>,0.1544687
SELECT,0.0422294
1,0.027694715
2,0.018162636
0,0.002742148
3,0.0013788386
▁CREATE,0.0009185045
5,0.00090426445
4,0.00085614034
