Token,Probability
▁SELECT,0.9152017
<0x0A>,0.03897399
SELECT,0.03897399
1,0.004728081
2,0.0006201893
0,0.00035893804
4,0.00021100878
3,0.00017908082
5,0.00012212252
7,0.00010946991
