Token,Probability
▁SELECT,0.74358857
<0x0A>,0.21980436
SELECT,0.02176358
1,0.008589585
2,0.0029917632
0,0.00066235766
3,0.000496083
4,0.00039861386
5,0.0003178027
▁CREATE,0.00027183103
