Token,Probability
▁SELECT,0.74875003
<0x0A>,0.11129175
2,0.055961005
1,0.05423927
SELECT,0.018453982
3,0.0028079865
0,0.002576753
4,0.0015999425
5,0.0012855899
7,0.00065150525
