Token,Probability
▁SELECT,0.8293512
<0x0A>,0.11762702
SELECT,0.0460634
1,0.0038707806
2,0.0011089972
0,0.00048448498
3,0.00026755806
4,0.00019883223
5,0.00019574966
7,0.00016101926
