Token,Probability
▁SELECT,0.8288791
<0x0A>,0.12514202
SELECT,0.020750584
1,0.017202837
2,0.002497741
0,0.0014011059
3,0.0006990377
4,0.0006515747
5,0.00055732136
9,0.0005114268
