Token,Probability
▁SELECT,0.58796567
<0x0A>,0.30983615
SELECT,0.04326282
1,0.035310082
2,0.012788464
5,0.0020076826
0,0.0019008355
3,0.0018860431
4,0.0013374048
▁CREATE,0.00078010134
