Token,Probability
▁SELECT,0.54902476
<0x0A>,0.40800056
SELECT,0.016579112
1,0.012711646
2,0.0074727912
▁CREATE,0.0010272585
3,0.000995653
0,0.0009725887
5,0.0006580865
4,0.0006580865
