Token,Probability
▁SELECT,0.69551814
<0x0A>,0.16520004
1,0.059831485
2,0.02166953
SELECT,0.017411957
3,0.01635702
4,0.005351996
5,0.0048730476
0,0.004135702
7,0.0031217919
