Token,Probability
▁SELECT,0.8047346
<0x0A>,0.115933016
SELECT,0.06303168
1,0.010130114
2,0.0022959288
0,0.00085792603
4,0.0005759842
3,0.00055391865
5,0.0004775077
7,0.00030116035
