Token,Probability
▁SELECT,0.74196017
<0x0A>,0.20284061
SELECT,0.020400217
1,0.01744923
2,0.008242433
3,0.0021003585
0,0.0020041761
4,0.0013560933
5,0.00095413084
9,0.00057420606
