Token,Probability
▁SELECT,0.777806
<0x0A>,0.15802087
SELECT,0.02877774
1,0.0200901
2,0.008053966
0,0.0015015188
4,0.001169384
3,0.0010730871
5,0.0008100086
7,0.00068209565
