Token,Probability
▁SELECT,0.678747
<0x0A>,0.16121656
1,0.10247547
SELECT,0.017668987
2,0.013868547
0,0.004792842
5,0.003942484
3,0.003732669
9,0.0035340202
4,0.0033459426
