Token,Probability
▁SELECT,0.86551565
<0x0A>,0.09710816
SELECT,0.034088172
1,0.001764757
2,0.00058651937
0,0.00022789688
3,9.574666e-05
▁CREATE,7.8759054e-05
5,7.8759054e-05
4,7.341151e-05
