Token,Probability
▁SELECT,0.8508838
<0x0A>,0.10817773
1,0.018507028
SELECT,0.013540031
2,0.0033181272
0,0.0014839583
4,0.00073461264
3,0.000712011
5,0.000653378
7,0.0005811264
