Token,Probability
▁SELECT,0.82497233
<0x0A>,0.1285059
SELECT,0.024145544
1,0.012141142
2,0.005100876
0,0.0012021357
▁CREATE,0.00070669915
3,0.00061399094
4,0.00048951624
5,0.0004026651
