Token,Probability
▁SELECT,0.8970173
<0x0A>,0.04982168
SELECT,0.037607376
4,0.009361216
1,0.003039142
2,0.0011625752
3,0.0004517281
0,0.00038941394
5,0.0003436566
7,0.0001728014
