Token,Probability
▁SELECT,0.6602166
<0x0A>,0.24288015
1,0.042206235
2,0.0208936
SELECT,0.015049097
0,0.0032801216
4,0.0032292681
3,0.002783803
5,0.0026356517
7,0.0017420595
