Token,Probability
▁SELECT,0.8618411
<0x0A>,0.093720876
SELECT,0.031886924
1,0.008449193
2,0.0017572646
0,0.00051540404
3,0.00041738694
4,0.00024156504
5,0.00022516334
▁CREATE,0.00017811888
