Token,Probability
▁SELECT,0.74070114
<0x0A>,0.14136529
4,0.04735144
1,0.024184749
SELECT,0.01811354
2,0.011786706
3,0.0055676457
0,0.0028215453
5,0.0027134537
7,0.000930447
