Token,Probability
▁SELECT,0.6767316
<0x0A>,0.19088091
1,0.0847029
SELECT,0.013827367
2,0.013297648
0,0.0045955447
3,0.0028758184
5,0.002744125
4,0.0024216815
7,0.0017579524
