Token,Probability
▁SELECT,0.80554694
<0x0A>,0.13150193
1,0.021805156
SELECT,0.017520934
2,0.009983129
3,0.0027292352
0,0.002504487
4,0.0024464708
5,0.0017079118
7,0.001249535
