Token,Probability
▁SELECT,0.82192695
<0x0A>,0.14061512
SELECT,0.017877206
1,0.009420627
2,0.0052025635
0,0.00092550943
▁CREATE,0.0007495004
5,0.00070409046
3,0.0006718478
4,0.00053984486
