Token,Probability
▁SELECT,0.7128508
<0x0A>,0.24253528
1,0.018996831
SELECT,0.007796283
2,0.006773528
0,0.0026114278
3,0.0017260485
5,0.001344248
4,0.001204976
7,0.0008281671
