Token,Probability
▁SELECT,0.86165696
<0x0A>,0.08940998
SELECT,0.018450791
1,0.018164739
2,0.0060844254
0,0.001479449
3,0.00070984743
4,0.00070984743
5,0.0006934038
▁CREATE,0.0005930997
