Token,Probability
▁SELECT,0.63951886
<0x0A>,0.23897076
1,0.04490127
2,0.04088307
SELECT,0.017310983
0,0.0052795513
3,0.002938513
5,0.0023427866
4,0.002149862
▁CREATE,0.0015364371
