Token,Probability
▁SELECT,0.86774987
<0x0A>,0.10203118
SELECT,0.025003817
1,0.0029630407
2,0.0007851276
0,0.0003679819
▁CREATE,0.00023758697
3,0.00014298236
4,0.00011222815
5,0.00011135477
