Token,Probability
▁SELECT,0.6205499
<0x0A>,0.17232049
1,0.072965086
2,0.041900326
9,0.03138189
0,0.013497183
SELECT,0.009132652
5,0.007750781
3,0.007630616
7,0.00678681
