Token,Probability
▁SELECT,0.88847727
<0x0A>,0.053357206
SELECT,0.034992512
1,0.015287096
2,0.00245686
4,0.0012946741
0,0.00096212025
3,0.00083590456
5,0.0006409102
7,0.0004404907
