Token,Probability
▁SELECT,0.8452932
<0x0A>,0.107466966
SELECT,0.0447989
1,0.0014177322
2,0.00031633885
0,0.00018308286
▁CREATE,9.57271e-05
3,6.682828e-05
4,5.3280153e-05
▁select,4.521828e-05
