Token,Probability
▁SELECT,0.67669594
<0x0A>,0.23023422
1,0.043259725
SELECT,0.018317321
2,0.014265544
3,0.0030851401
5,0.0029902204
0,0.0029438613
4,0.0021370142
7,0.001827885
