Token,Probability
▁SELECT,0.7072286
<0x0A>,0.20581524
SELECT,0.042472377
1,0.025361417
2,0.0083633065
0,0.0022864009
5,0.001699109
3,0.0013867724
4,0.0011586916
9,0.0009166004
