Token,Probability
▁SELECT,0.8664032
<0x0A>,0.079338655
SELECT,0.034660492
1,0.010906408
2,0.0030286
0,0.0014194761
5,0.0010466562
4,0.0007900575
3,0.00062988873
7,0.00047176486
