Token,Probability
▁SELECT,0.69939005
<0x0A>,0.2133019
1,0.04007824
SELECT,0.017924098
2,0.012319041
0,0.004290737
3,0.0027487495
4,0.0021744398
5,0.0020110284
7,0.0014712996
