Token,Probability
▁SELECT,0.8883374
<0x0A>,0.06045212
SELECT,0.043542024
1,0.0044134827
2,0.0016883075
0,0.00034569067
3,0.0001939149
4,0.0001711293
▁CREATE,0.0001607611
5,0.00013643617
