Token,Probability
▁SELECT,0.7565879
1,0.09618935
<0x0A>,0.044038694
2,0.03766829
SELECT,0.0126172975
3,0.011134727
4,0.010138284
5,0.008020043
7,0.0065971073
0,0.006295004
