Token,Probability
▁SELECT,0.7390636
<0x0A>,0.18111534
1,0.03456647
SELECT,0.02064058
2,0.012039543
0,0.0027286897
3,0.0020120095
5,0.0018176992
4,0.0015916306
7,0.0011554
