Token,Probability
▁SELECT,0.8374309
<0x0A>,0.08689616
1,0.025288222
SELECT,0.02413019
2,0.011047605
3,0.0025632505
5,0.0024079513
4,0.0022444571
0,0.0019348429
9,0.0014491306
