Token,Probability
▁SELECT,0.8568142
<0x0A>,0.09317423
SELECT,0.031700935
1,0.01260976
2,0.002406615
0,0.00089228794
3,0.00048135326
4,0.00041172327
5,0.00027426681
7,0.00021359923
