Token,Probability
▁SELECT,0.67557853
<0x0A>,0.28162304
SELECT,0.020400705
1,0.011807022
2,0.0030560766
▁CREATE,0.0020517528
0,0.0017413
3,0.0007787575
4,0.00053942954
5,0.00053523167
