Token,Probability
▁SELECT,0.6612936
<0x0A>,0.2146906
1,0.060556266
2,0.020283807
SELECT,0.015191872
5,0.0057661836
3,0.0050490387
0,0.0043186718
4,0.0035524426
7,0.003234536
