Token,Probability
▁SELECT,0.8442018
<0x0A>,0.102413304
SELECT,0.038269054
1,0.008948775
2,0.0021089795
0,0.0011027054
4,0.00053323345
3,0.00048551458
7,0.0003810848
5,0.0003751766
