Token,Probability
▁SELECT,0.723793
<0x0A>,0.21395281
1,0.026570935
SELECT,0.017290037
2,0.0069858073
3,0.0018655726
0,0.0014192528
9,0.0011493459
4,0.0011053152
5,0.0010629712
