Token,Probability
▁SELECT,0.7449561
<0x0A>,0.2202086
SELECT,0.026300168
1,0.005219428
2,0.0012891078
0,0.00046688385
3,0.00022754102
4,0.000213755
5,0.00019615261
7,0.0001256601
