Token,Probability
▁SELECT,0.47306365
2,0.39218357
<0x0A>,0.08888603
SELECT,0.023552451
1,0.01670119
3,0.0012193191
▁CREATE,0.0009797504
0,0.0009061209
4,0.00059890933
5,0.00050433225
