Token,Probability
▁SELECT,0.64046067
<0x0A>,0.3121356
SELECT,0.021241097
1,0.016413845
2,0.0033346752
0,0.001689931
3,0.00066178653
5,0.00065663643
4,0.00063643383
9,0.00040771483
