Token,Probability
▁SELECT,0.5227576
<0x0A>,0.3945981
SELECT,0.028584592
1,0.027275609
2,0.01706864
0,0.0019150482
3,0.0018706861
5,0.0012657696
4,0.0010250516
7,0.0007737494
