Token,Probability
▁SELECT,0.8170431
<0x0A>,0.13761252
SELECT,0.033200562
1,0.006386136
2,0.002833831
0,0.00062739244
3,0.0003956914
4,0.00031301766
▁CREATE,0.00026983808
5,0.0002437784
