Token,Probability
▁SELECT,0.58196
<0x0A>,0.31640616
1,0.04150346
SELECT,0.02086925
2,0.01757367
0,0.0057500824
3,0.0037416501
4,0.0033019946
5,0.0028688228
7,0.001740029
