Token,Probability
▁SELECT,0.6055201
<0x0A>,0.27292934
SELECT,0.048174888
1,0.035245497
2,0.018142829
0,0.0042757643
5,0.002804115
3,0.002035569
4,0.001972941
7,0.0019575874
