Token,Probability
2,0.8254201
▁SELECT,0.10013482
<0x0A>,0.06073484
1,0.007966677
SELECT,0.0027317842
3,0.0007526857
0,0.00047101863
▁CREATE,0.00044248108
4,0.0003904882
5,0.00029706772
