Token,Probability
▁SELECT,0.8046677
<0x0A>,0.14426899
SELECT,0.020144464
2,0.016963338
1,0.009972232
0,0.00078721176
▁CREATE,0.00071118656
3,0.0005538726
4,0.00047375236
5,0.0002720531
