Token,Probability
▁SELECT,0.7684668
<0x0A>,0.1661926
SELECT,0.031226663
1,0.022143021
2,0.0050579426
0,0.0012590215
5,0.0009959679
3,0.00085189653
4,0.0008128854
7,0.000580943
