Token,Probability
▁SELECT,0.82837516
<0x0A>,0.12312697
1,0.019481517
SELECT,0.016925834
2,0.0057139103
0,0.0010905189
4,0.0010569671
3,0.000849297
5,0.0007321398
7,0.0006213589
