Token,Probability
▁SELECT,0.3770168
1,0.1476419
2,0.1476419
<0x0A>,0.13442948
3,0.07423901
SELECT,0.051023673
4,0.018193051
7,0.013732837
5,0.01250389
8,0.007293454
