Token,Probability
▁SELECT,0.8322441
<0x0A>,0.12565006
SELECT,0.037726995
1,0.0025473747
2,0.0005423674
0,0.00027701416
5,0.0001191423
4,0.000118215125
3,0.00011729518
7,8.317473e-05
