Token,Probability
▁SELECT,0.65251905
1,0.09111207
<0x0A>,0.08830885
4,0.054405507
2,0.041714147
SELECT,0.023768006
3,0.016335495
5,0.009985688
0,0.0056453957
7,0.0048287627
