Token,Probability
▁SELECT,0.8111488
<0x0A>,0.12834239
1,0.022129003
2,0.0116611635
SELECT,0.010453001
0,0.0026845525
4,0.0026019574
3,0.0022255722
5,0.0021403118
7,0.0014710133
