Token,Probability
▁SELECT,0.7146422
1,0.120365396
<0x0A>,0.07893755
2,0.026440771
SELECT,0.020916369
3,0.008190969
5,0.0057630655
4,0.0054991557
0,0.005288486
7,0.0040866253
