Token,Probability
▁SELECT,0.635904
<0x0A>,0.18797287
1,0.08472601
2,0.034771487
5,0.010604704
3,0.007942556
0,0.0071196617
SELECT,0.0060897693
4,0.0059024068
9,0.005588286
