Token,Probability
▁SELECT,0.6148597
<0x0A>,0.3240083
1,0.024984835
SELECT,0.015154069
2,0.009263497
0,0.0030310045
5,0.0015240848
3,0.001387695
4,0.0011414867
7,0.0005739756
