Token,Probability
▁SELECT,0.85833234
<0x0A>,0.09480919
SELECT,0.019261656
1,0.01365856
2,0.006708859
0,0.0016830649
3,0.001212266
4,0.0011388186
5,0.0006590976
7,0.00063384796
