Token,Probability
▁SELECT,0.84895086
<0x0A>,0.114893
SELECT,0.032917395
1,0.001758241
2,0.0004515536
0,0.00024169924
▁CREATE,0.00020999191
3,8.8916175e-05
4,8.550985e-05
5,6.924799e-05
