Token,Probability
▁SELECT,0.8861273
<0x0A>,0.05844643
SELECT,0.046963025
1,0.0045069046
2,0.0018934926
▁CREATE,0.000425809
0,0.0003613794
3,0.0002369984
5,0.00023515405
4,0.00017070354
