Token,Probability
▁SELECT,0.5003777
<0x0A>,0.36040857
1,0.07794382
2,0.02001763
SELECT,0.017804047
0,0.0049827816
3,0.0040037776
5,0.0032171255
4,0.0025054999
7,0.0019361003
