Token,Probability
▁SELECT,0.71593744
<0x0A>,0.19880864
SELECT,0.07545925
1,0.0049770772
2,0.002010921
0,0.00052869436
3,0.00043489214
4,0.00030598487
5,0.00026792928
▁CREATE,0.0002346067
