Token,Probability
▁SELECT,0.72264093
<0x0A>,0.21030049
2,0.023229256
1,0.02082257
SELECT,0.014311127
0,0.001568469
3,0.0013105049
▁CREATE,0.0012120189
4,0.0011209343
5,0.0007467031
