Token,Probability
▁SELECT,0.57463086
<0x0A>,0.35959482
1,0.029059716
2,0.012996309
SELECT,0.00936089
▁CREATE,0.0026403603
0,0.001916696
4,0.0017047446
3,0.001678315
5,0.0016652545
