Token,Probability
▁SELECT,0.7344494
<0x0A>,0.1515622
1,0.058432437
SELECT,0.014774032
2,0.014431792
0,0.0047964263
3,0.0045767818
4,0.0036775477
5,0.0034011758
7,0.0028865403
