Token,Probability
▁SELECT,0.70226073
<0x0A>,0.23158103
SELECT,0.02639184
1,0.022574136
2,0.007328749
0,0.0026131459
3,0.001674044
5,0.0013139723
4,0.0012835341
9,0.0007724444
