Token,Probability
▁SELECT,0.6199872
<0x0A>,0.353258
SELECT,0.012867423
1,0.0076236962
2,0.0027611197
0,0.0007373621
3,0.0005107558
4,0.00036502068
5,0.00034830518
▁CREATE,0.00024892247
