Token,Probability
▁SELECT,0.8819635
<0x0A>,0.09590908
SELECT,0.016408108
1,0.0032818285
▁CREATE,0.0005883994
2,0.0005152197
0,0.00033265084
4,0.0001940335
3,0.00012142308
5,0.00011142408
