Token,Probability
▁SELECT,0.65073353
<0x0A>,0.279877
1,0.02603262
SELECT,0.016418565
2,0.0111964885
0,0.0030849571
4,0.0028309159
3,0.00238387
5,0.0021875622
7,0.0013268235
