Token,Probability
<0x0A>,0.67505914
▁SELECT,0.29955566
1,0.011170069
SELECT,0.006168698
2,0.0024156966
0,0.001159064
▁CREATE,0.00091689505
3,0.0007425242
4,0.00047197714
5,0.00043311057
