Token,Probability
▁SELECT,0.51700354
<0x0A>,0.4089835
1,0.025341028
SELECT,0.02418058
2,0.009846462
0,0.0023942017
5,0.0023387398
3,0.0020964327
4,0.0019540903
7,0.0017244786
