Token,Probability
▁SELECT,0.5081009
<0x0A>,0.34921235
1,0.07671177
2,0.024138428
SELECT,0.0107113635
0,0.0082771
5,0.005470829
3,0.0045710485
4,0.0027082567
9,0.0024087734
