Token,Probability
▁SELECT,0.61164343
<0x0A>,0.2844406
1,0.040342256
2,0.026046919
SELECT,0.022986326
0,0.003086652
3,0.0025192518
4,0.0021887638
5,0.0016651236
▁CREATE,0.0011993437
