Token,Probability
▁SELECT,0.8671655
<0x0A>,0.09882542
SELECT,0.020077603
1,0.008635269
2,0.0020671426
0,0.0008158538
▁CREATE,0.00070882606
4,0.00033745178
3,0.00029090163
5,0.00023557933
