Token,Probability
<0x0A>,0.42651156
▁SELECT,0.2392513
1,0.20786513
2,0.0435709
0,0.024062136
5,0.012289736
SELECT,0.012194098
3,0.009952532
4,0.0064258375
9,0.006131577
