Token,Probability
▁SELECT,0.85897374
SELECT,0.09488004
<0x0A>,0.043439247
1,0.001407304
2,0.0005597869
▁CREATE,0.00023153791
0,0.0001382576
▁select,6.135144e-05
3,5.9930233e-05
4,3.7503385e-05
