Token,Probability
▁SELECT,0.90710336
SELECT,0.059829954
<0x0A>,0.02826167
1,0.0032208054
2,0.0005424721
▁CREATE,0.00017069642
0,0.00016805001
4,0.000116404844
3,9.879152e-05
5,8.71832e-05
