Token,Probability
▁SELECT,0.8425596
<0x0A>,0.11764768
1,0.015675034
SELECT,0.009963659
2,0.006483476
0,0.0016521367
5,0.0011993225
3,0.0010919955
4,0.0009487422
▁CREATE,0.00057096314
