Token,Probability
▁SELECT,0.7406107
<0x0A>,0.17318323
1,0.038642403
SELECT,0.024949407
2,0.008758066
0,0.003147277
3,0.0019541888
5,0.0017932644
4,0.0016715063
7,0.0014185889
