Token,Probability
▁SELECT,0.85004705
<0x0A>,0.07312474
1,0.04871158
SELECT,0.010210501
2,0.005909385
▁CREATE,0.0035286548
0,0.0017605114
3,0.0012483895
5,0.0011727533
4,0.0009497246
