Token,Probability
▁SELECT,0.52580345
<0x0A>,0.23332387
1,0.13088284
2,0.04118411
SELECT,0.017992005
3,0.009261491
5,0.008837376
4,0.008837376
0,0.005886962
7,0.005487252
