Token,Probability
▁SELECT,0.85203576
<0x0A>,0.11176276
SELECT,0.029614186
1,0.0037650212
2,0.0011663492
0,0.00057289144
3,0.0001706746
4,0.00016413616
5,0.00011638996
▁select,8.993919e-05
