Token,Probability
<0x0A>,0.5292667
▁SELECT,0.43877754
1,0.014215103
SELECT,0.00842217
2,0.0019088339
▁CREATE,0.0010541582
0,0.0008671268
4,0.0006859537
3,0.0006545417
<0x09>,0.0005426341
