Token,Probability
▁SELECT,0.6241103
<0x0A>,0.28573853
1,0.035209898
SELECT,0.024199383
2,0.014226084
0,0.0036535603
3,0.0033266044
5,0.0023960634
4,0.0020335126
7,0.0017393556
