Token,Probability
<0x0A>,0.6589169
▁SELECT,0.31125033
1,0.011974566
SELECT,0.0064095235
2,0.0024327808
0,0.0014526797
▁CREATE,0.0013435092
3,0.00073045323
5,0.00046430435
4,0.00045001917
