Token,Probability
▁SELECT,0.82963157
<0x0A>,0.13333392
SELECT,0.029289577
1,0.0051699174
2,0.0010022343
0,0.00035457665
▁CREATE,0.00020045946
3,0.00015131473
7,0.00012642819
4,0.00011876829
