Token,Probability
▁SELECT,0.8777948
<0x0A>,0.091084525
SELECT,0.027348533
1,0.002158903
2,0.0005208596
0,0.00023476983
3,0.00012371501
4,9.94078e-05
5,8.241196e-05
▁select,7.216232e-05
