Token,Probability
▁SELECT,0.85159355
<0x0A>,0.103310026
SELECT,0.038604137
1,0.0040057646
2,0.0008202032
0,0.00042551584
3,0.0002025759
4,0.00020099946
▁CREATE,0.00014937011
5,0.00011816148
