Token,Probability
▁SELECT,0.706869
<0x0A>,0.19938155
1,0.04810304
2,0.0133577315
SELECT,0.012353882
0,0.004914035
4,0.0030751245
5,0.0029114692
3,0.0022852384
7,0.0014189369
