Token,Probability
▁SELECT,0.7887669
<0x0A>,0.16277124
SELECT,0.028730834
1,0.0093275355
2,0.0073786876
0,0.00075378054
▁CREATE,0.00045719097
3,0.00042283253
4,0.00030218475
▁select,0.00022632592
