Token,Probability
▁SELECT,0.6537301
<0x0A>,0.20251612
1,0.06678273
2,0.032547303
SELECT,0.012548104
3,0.0069840713
0,0.006067867
5,0.005030438
4,0.004725659
7,0.0026925993
