Token,Probability
▁SELECT,0.9104192
SELECT,0.0453271
<0x0A>,0.04192072
1,0.0012269486
2,0.00040777805
0,0.0001523755
4,7.4844334e-05
▁CREATE,6.553589e-05
3,6.502589e-05
5,5.433116e-05
