Token,Probability
▁SELECT,0.7307159
<0x0A>,0.12697937
SELECT,0.06691343
1,0.0363802
5,0.016397843
2,0.009490343
0,0.0032289266
4,0.0028273424
3,0.0028053399
7,0.0013672136
