Token,Probability
▁SELECT,0.8305436
<0x0A>,0.107254595
SELECT,0.049878016
2,0.0053398916
1,0.004862027
0,0.0005205238
3,0.00030600018
4,0.00028746054
▁CREATE,0.00018852123
5,0.00016898935
