Token,Probability
▁SELECT,0.87967575
<0x0A>,0.061762925
SELECT,0.051203262
1,0.005655782
2,0.00054702593
0,0.0002446451
▁select,0.00017212932
3,0.00012891891
▁CREATE,0.000110270186
4,0.00010440171
