Token,Probability
▁SELECT,0.71979386
<0x0A>,0.20947194
SELECT,0.03366521
1,0.019181857
2,0.0076898583
4,0.0020376097
0,0.0014907472
3,0.0014448817
5,0.0014224807
▁CREATE,0.0010821663
