Token,Probability
▁SELECT,0.83551365
<0x0A>,0.14519049
SELECT,0.015788734
1,0.0021036454
2,0.00047306818
▁CREATE,0.00023236327
0,0.00018670913
4,9.3152645e-05
3,7.602897e-05
▁select,5.829343e-05
