Token,Probability
▁SELECT,0.8603467
<0x0A>,0.09959236
SELECT,0.020875692
1,0.009557589
2,0.0055315075
▁CREATE,0.00080943847
0,0.00072557596
3,0.0006353355
4,0.0005226127
5,0.00038235163
