Token,Probability
▁SELECT,0.8374042
<0x0A>,0.10984352
SELECT,0.0416919
1,0.00639366
2,0.001996198
0,0.00062324345
4,0.00030612687
3,0.00030138082
5,0.0002898351
7,0.00021204789
