Token,Probability
▁SELECT,0.7847056
<0x0A>,0.16707346
SELECT,0.037866186
1,0.005584507
2,0.001479747
0,0.00083657313
4,0.00037707304
3,0.0003598056
5,0.0003126045
7,0.0002673848
