Token,Probability
▁SELECT,0.7702003
<0x0A>,0.1829386
SELECT,0.022192972
1,0.014554505
2,0.004302304
0,0.0014637851
4,0.0007418102
3,0.00072462624
5,0.0006054478
7,0.00047152326
