Token,Probability
<0x0A>,0.66426665
▁SELECT,0.29476652
1,0.013786414
▁CREATE,0.010488151
SELECT,0.005975968
2,0.0034586252
0,0.0011675805
3,0.00088133593
5,0.0006298624
4,0.0004905373
