Token,Probability
▁SELECT,0.83404636
<0x0A>,0.087907836
1,0.032339487
SELECT,0.014463113
2,0.0140181305
3,0.0043766736
0,0.003031633
4,0.0022529184
5,0.0018244691
7,0.0017822052
