Token,Probability
▁SELECT,0.56466365
<0x0A>,0.3478792
SELECT,0.042202532
1,0.027677098
2,0.009715575
0,0.001728351
3,0.0013148601
4,0.0009847848
5,0.00094705826
7,0.0004651794
