Token,Probability
▁SELECT,0.8882619
<0x0A>,0.071782574
SELECT,0.028553134
1,0.0051999115
2,0.0027616522
0,0.00083570194
3,0.0005353707
4,0.00045082739
5,0.00042683477
7,0.0003594309
