Token,Probability
▁SELECT,0.90459687
<0x0A>,0.053483028
SELECT,0.027316459
1,0.009588979
2,0.0020099592
0,0.000891914
3,0.0004313014
5,0.00028507283
4,0.0002699015
▁CREATE,0.00023266967
