Token,Probability
▁SELECT,0.7185157
<0x0A>,0.16541171
1,0.047391247
SELECT,0.023829816
2,0.015627975
0,0.01255743
3,0.004045075
4,0.0028019412
▁CREATE,0.0027801364
5,0.0022690813
