Token,Probability
▁SELECT,0.8607715
<0x0A>,0.082605734
SELECT,0.024418209
1,0.014580778
4,0.006078173
2,0.005280807
3,0.0017144274
0,0.0012445408
5,0.0010897563
7,0.00048736917
