Token,Probability
▁SELECT,0.7388079
<0x0A>,0.21167201
SELECT,0.02909781
1,0.016322391
2,0.0011460119
0,0.0007693959
3,0.0003012998
4,0.0003012998
7,0.00024399998
5,0.00023834775
