Token,Probability
▁SELECT,0.5672183
<0x0A>,0.26378104
1,0.06669428
2,0.042393465
SELECT,0.027802313
3,0.007196227
5,0.004538603
4,0.0043647317
0,0.004330765
9,0.0036184897
