Token,Probability
▁SELECT,0.60924864
<0x0A>,0.13594174
1,0.12971652
2,0.05407389
SELECT,0.013565625
3,0.011971621
0,0.00896633
4,0.008037366
5,0.007974818
▁CREATE,0.0052710334
