Token,Probability
▁SELECT,0.42548275
<0x0A>,0.35829243
1,0.1297649
SELECT,0.045551766
2,0.019137733
0,0.006116787
3,0.0036240765
5,0.0024330898
7,0.0019097541
9,0.0018801461
