Token,Probability
▁SELECT,0.60648394
<0x0A>,0.23750252
1,0.06595207
SELECT,0.033162784
2,0.028812325
4,0.005006831
0,0.004852787
3,0.0045232954
5,0.004183364
7,0.003578221
