Token,Probability
▁SELECT,0.9264501
<0x0A>,0.049100056
SELECT,0.01619148
1,0.004711989
2,0.001371267
3,0.00044867684
0,0.0003334283
4,0.0002721363
7,0.0002536589
5,0.0001960124
