Token,Probability
▁SELECT,0.5535027
<0x0A>,0.39249218
1,0.024702184
SELECT,0.015579472
2,0.0052593984
0,0.002043582
4,0.0012298493
3,0.0011374246
5,0.0010601963
7,0.0005674822
