Token,Probability
▁SELECT,0.8840932
<0x0A>,0.06505204
SELECT,0.023560286
4,0.010956551
1,0.007185482
2,0.0047123535
3,0.0016671658
5,0.0009135314
0,0.0005806759
7,0.00030361343
