Token,Probability
<0x0A>,0.43491718
▁SELECT,0.40223265
2,0.05885964
1,0.054436274
SELECT,0.028462663
3,0.004399125
5,0.003792283
4,0.002796254
0,0.002282236
▁CREATE,0.0014506774
