Token,Probability
▁SELECT,0.64081615
<0x0A>,0.1697994
1,0.107931055
2,0.029506711
SELECT,0.017896723
3,0.008066685
0,0.006431322
5,0.0054157167
4,0.00456049
7,0.0030617684
