Token,Probability
▁SELECT,0.8589023
<0x0A>,0.062218674
4,0.024365183
SELECT,0.023615543
1,0.014323551
2,0.006980742
3,0.0027767469
5,0.0018497123
0,0.0013427472
7,0.0010215081
