Token,Probability
▁SELECT,0.7852855
<0x0A>,0.17250432
SELECT,0.03559828
1,0.0038111173
0,0.0007864685
2,0.000710515
3,0.00017686118
▁CREATE,0.00017008572
4,0.00016103394
5,0.00012443737
