Token,Probability
▁SELECT,0.8868406
<0x0A>,0.0683858
SELECT,0.038965054
1,0.0031000408
2,0.0008812646
4,0.00040347237
0,0.00032419915
3,0.00024281394
5,0.00016429613
7,0.00014386249
