Token,Probability
▁SELECT,0.88094807
<0x0A>,0.087225676
SELECT,0.023846174
1,0.0050376323
2,0.000917421
0,0.00044018342
4,0.00030253333
3,0.00026490702
5,0.00016067423
7,0.00014069106
