Token,Probability
▁SELECT,0.6654492
<0x0A>,0.2486602
1,0.037836522
2,0.015772607
SELECT,0.007686956
4,0.003865244
0,0.0036595396
3,0.0034647826
5,0.0029635853
▁CREATE,0.0021345904
