Token,Probability
▁SELECT,0.68024653
<0x0A>,0.2622584
1,0.027213288
SELECT,0.0111683095
2,0.007919518
0,0.0031501667
3,0.0015594455
5,0.0015114665
4,0.0013869995
7,0.0009682817
