Token,Probability
▁SELECT,0.71652627
<0x0A>,0.22546498
1,0.022675607
SELECT,0.02232406
2,0.0047160774
0,0.001996913
3,0.0012399114
4,0.0011831317
5,0.0009581292
7,0.0006042846
