Token,Probability
<0x0A>,0.5162557
▁SELECT,0.4347309
1,0.023402717
SELECT,0.0105484305
2,0.003371481
▁CREATE,0.0017354898
0,0.0017354898
▁S,0.0010282437
5,0.0008795035
3,0.000776159
