Token,Probability
▁SELECT,0.9170315
<0x0A>,0.044948474
SELECT,0.02521381
2,0.007223878
1,0.0038067158
▁CREATE,0.00044411546
0,0.00029584471
3,0.00027575754
4,0.0001534822
▁select,0.00012625102
