Token,Probability
▁SELECT,0.5942072
<0x0A>,0.32815236
SELECT,0.037397474
1,0.021643996
2,0.010631174
0,0.0016176557
3,0.0013202922
5,0.001044437
4,0.00069033075
7,0.0006743393
