Token,Probability
▁SELECT,0.9123978
SELECT,0.042011827
<0x0A>,0.04008796
1,0.0034755876
2,0.0006479615
0,0.00027011055
▁CREATE,0.0001703566
4,0.000156328
3,0.00012659827
5,0.00011085314
