Token,Probability
▁SELECT,0.73103845
<0x0A>,0.16058785
SELECT,0.063877426
1,0.023499195
2,0.014477432
3,0.0014112362
0,0.0012357198
4,0.0008104048
5,0.00064108294
▁CREATE,0.0005882908
