Token,Probability
▁SELECT,0.7746331
<0x0A>,0.13673086
1,0.03856671
SELECT,0.020008147
2,0.015827745
3,0.0025043131
0,0.0024463008
5,0.00219285
4,0.0020122721
7,0.0014837565
