Token,Probability
▁SELECT,0.35429966
1,0.271651
2,0.16221021
<0x0A>,0.12632945
0,0.014063469
5,0.012905365
3,0.012705286
4,0.009972493
SELECT,0.008139312
9,0.007888892
