Token,Probability
▁SELECT,0.7302811
<0x0A>,0.21927015
1,0.01799879
SELECT,0.017719746
2,0.006367724
5,0.0013771169
3,0.0012836141
4,0.0011779105
0,0.00114167
7,0.0007313813
