Token,Probability
▁SELECT,0.8303717
<0x0A>,0.12734163
SELECT,0.026278425
1,0.008140678
2,0.0032381376
0,0.00094974274
4,0.00078123715
3,0.00056270394
7,0.0004314401
5,0.00041816608
