Token,Probability
▁SELECT,0.88809913
<0x0A>,0.086570434
SELECT,0.020562282
1,0.0026142006
2,0.00082259474
▁CREATE,0.00028206885
0,0.00025482796
3,0.00012914052
4,9.522226e-05
▁select,8.0814076e-05
