Token,Probability
▁SELECT,0.92796564
<0x0A>,0.037707902
SELECT,0.02434605
2,0.0044337455
1,0.0039743837
3,0.00033659316
0,0.00023868031
4,0.00022074318
5,0.00015290434
7,0.00013078602
