Token,Probability
<0x0A>,0.5274494
▁SELECT,0.4372709
1,0.014166294
SELECT,0.0107771475
2,0.0034445832
0,0.0011270633
▁CREATE,0.0008846422
3,0.0007333941
4,0.0005200543
5,0.00044831485
