Token,Probability
▁SELECT,0.5431579
<0x0A>,0.37330657
1,0.041883837
SELECT,0.017459782
2,0.0076276134
0,0.006274304
3,0.0020211164
5,0.0019589332
4,0.0010988618
▁CREATE,0.0010242519
