Token,Probability
▁SELECT,0.6287632
<0x0A>,0.13597958
1,0.101051435
2,0.050024092
SELECT,0.018402833
3,0.015137758
5,0.011881763
4,0.009399248
7,0.007611743
0,0.007493734
