Token,Probability
▁SELECT,0.7991549
<0x0A>,0.1410592
SELECT,0.04041414
1,0.006344683
2,0.0050190585
▁CREATE,0.0019199608
0,0.0009504495
4,0.00073445047
3,0.0006739696
5,0.0004705066
