Token,Probability
▁SELECT,0.85514766
<0x0A>,0.12128574
SELECT,0.014485515
1,0.004666161
2,0.0019149887
0,0.0005114012
4,0.00041092245
3,0.0003029952
5,0.00023050659
9,0.00017536017
