Token,Probability
▁SELECT,0.7635485
<0x0A>,0.091192864
2,0.053609516
1,0.04175114
SELECT,0.022347772
3,0.0076034465
4,0.004684347
5,0.003823253
0,0.003591614
7,0.0026690608
