Token,Probability
▁SELECT,0.64594644
2,0.1418956
<0x0A>,0.115811825
1,0.052200478
SELECT,0.017484969
3,0.007009589
4,0.004561227
5,0.0040252684
0,0.0033370648
7,0.0020882816
