Token,Probability
▁SELECT,0.84092057
<0x0A>,0.11204182
SELECT,0.03812031
1,0.0051590223
2,0.0014214602
0,0.00062099
3,0.00026089748
4,0.00022315742
5,0.00018500398
▁CREATE,0.00015948342
