Token,Probability
▁SELECT,0.8228352
<0x0A>,0.12422953
SELECT,0.031904783
1,0.011555147
2,0.0039008458
0,0.0013376053
3,0.0007329472
4,0.00067259016
5,0.0005752969
7,0.00045866662
