Token,Probability
▁SELECT,0.9333319
<0x0A>,0.04646786
SELECT,0.0121218655
1,0.0040603164
2,0.001903032
0,0.00050425326
3,0.00026990732
4,0.00023267468
▁CREATE,0.00020373674
5,0.00019746841
