Token,Probability
▁SELECT,0.85475886
<0x0A>,0.102086395
SELECT,0.023137264
1,0.009796934
2,0.0060830545
0,0.00083621626
▁CREATE,0.00060702785
4,0.00048396483
3,0.00046907476
5,0.00037691218
