Token,Probability
▁SELECT,0.6135839
1,0.12465714
<0x0A>,0.09409615
2,0.06672416
SELECT,0.029149625
3,0.016097952
4,0.015848378
5,0.010557295
7,0.008549558
0,0.008031566
