Token,Probability
▁SELECT,0.77709603
<0x0A>,0.14601202
1,0.03361388
2,0.017168287
SELECT,0.008432779
3,0.0034879495
5,0.002802646
0,0.002653492
4,0.0025122755
7,0.0015844724
