Token,Probability
▁SELECT,0.7092097
<0x0A>,0.18214011
1,0.05468838
SELECT,0.03369253
2,0.008128703
0,0.0035235314
3,0.0015758207
5,0.001539317
4,0.001152895
7,0.0010254061
