Token,Probability
▁SELECT,0.4810029
<0x0A>,0.41790256
1,0.043363728
SELECT,0.025293838
2,0.011580363
0,0.00551308
5,0.0027721506
9,0.0019811664
3,0.0019504513
▁CREATE,0.0016296632
