Token,Probability
▁SELECT,0.8371308
<0x0A>,0.10642923
SELECT,0.03915313
1,0.009155504
2,0.002388356
0,0.0009725515
4,0.00062303996
▁CREATE,0.0005498308
5,0.0005498308
3,0.00050062663
