Token,Probability
▁SELECT,0.74068
<0x0A>,0.14814532
1,0.0637165
SELECT,0.02380912
2,0.0067156698
0,0.0048750537
3,0.0024705569
4,0.0023390763
9,0.0017656274
5,0.0016329384
