Token,Probability
▁SELECT,0.7136242
<0x0A>,0.21764307
SELECT,0.030389784
1,0.02188894
2,0.0075057475
3,0.0019276352
0,0.0013776188
4,0.0012348895
5,0.0010562569
9,0.00077277416
