Token,Probability
▁SELECT,0.5354881
<0x0A>,0.41703856
1,0.017348243
SELECT,0.010604767
▁CREATE,0.007009323
2,0.004088502
0,0.0017043413
3,0.0010749146
5,0.00097110437
4,0.0007160474
