Token,Probability
▁SELECT,0.7561963
<0x0A>,0.19119637
SELECT,0.027544448
1,0.016192546
2,0.0034475918
4,0.0010514562
0,0.0009877516
3,0.00087852444
5,0.00050845096
▁CREATE,0.00044870639
