Token,Probability
▁SELECT,0.54352653
1,0.22306284
<0x0A>,0.105367415
2,0.044615373
SELECT,0.0140388515
3,0.013291717
5,0.0125843445
0,0.011914618
4,0.009724428
7,0.007397955
