Token,Probability
▁SELECT,0.8005269
<0x0A>,0.1413014
SELECT,0.0346274
1,0.014434846
2,0.0035651554
0,0.0016195448
3,0.00061953114
9,0.0005865603
5,0.000529913
4,0.0005056466
