Token,Probability
▁SELECT,0.9126413
<0x0A>,0.05743868
SELECT,0.023207325
1,0.0038481515
2,0.0012889693
0,0.00045601957
3,0.00018281472
4,0.00017857981
▁select,0.00014349291
5,0.00013479912
