Token,Probability
<0x0A>,0.33411893
▁SELECT,0.2522062
1,0.2090863
2,0.09134303
5,0.017846538
3,0.017707655
7,0.0147953
4,0.013262422
0,0.011704044
SELECT,0.010994934
