Token,Probability
▁SELECT,0.5368775
<0x0A>,0.41163826
1,0.022863002
SELECT,0.010715674
2,0.007839754
0,0.0020134153
3,0.0010693169
4,0.0009585294
5,0.0009218087
▁CREATE,0.00063851825
