Token,Probability
▁SELECT,0.6353752
<0x0A>,0.11938347
5,0.10869988
1,0.0590991
2,0.027483637
SELECT,0.016156796
3,0.008316805
4,0.008187866
0,0.0052864836
7,0.0030121473
