Token,Probability
▁SELECT,0.69395965
<0x0A>,0.25529352
1,0.021961452
SELECT,0.013530061
2,0.005864847
0,0.0026229217
3,0.001329232
4,0.0010191576
5,0.00088545936
7,0.0006181503
