Token,Probability
▁SELECT,0.87158835
<0x0A>,0.10089368
SELECT,0.0221634
1,0.0028845812
2,0.0010125833
0,0.00028561222
3,0.00017323256
4,0.00016273693
5,0.00014587643
7,0.00014249721
