Token,Probability
▁SELECT,0.8238436
1,0.0655446
<0x0A>,0.06254309
SELECT,0.02195469
2,0.0129064955
0,0.002642679
3,0.0022428124
9,0.0019034502
5,0.0015175629
▁CREATE,0.001287939
