Token,Probability
▁SELECT,0.7553073
<0x0A>,0.16853185
SELECT,0.028385397
1,0.026665611
2,0.009964211
3,0.002056231
0,0.0020085985
5,0.001800496
7,0.0013590858
4,0.0012569488
