Token,Probability
▁SELECT,0.9224094
SELECT,0.041814335
<0x0A>,0.025761064
1,0.004407198
7,0.002359003
2,0.0012431075
0,0.00051017024
4,0.00028617957
3,0.00024098734
5,0.00023911198
