Token,Probability
▁SELECT,0.6150009
<0x0A>,0.3291863
1,0.023112506
SELECT,0.013272395
2,0.00978645
0,0.00170063
3,0.0015244349
5,0.0014209293
4,0.0009689897
7,0.0009031978
