Token,Probability
▁SELECT,0.82907563
<0x0A>,0.13117883
SELECT,0.021414354
1,0.010436522
2,0.004023638
0,0.000940881
3,0.0005842063
4,0.0004958094
5,0.00039221757
▁CREATE,0.00026127324
