Token,Probability
▁SELECT,0.7880255
<0x0A>,0.16261825
SELECT,0.04445736
1,0.0026080243
2,0.0009155026
0,0.0002502845
3,0.00015299584
4,0.0001371446
5,0.00013607732
▁CREATE,0.00012293561
