Token,Probability
▁SELECT,0.8836271
<0x0A>,0.08348443
SELECT,0.022469532
1,0.0040920055
2,0.0038440833
0,0.0006324511
3,0.00034655462
4,0.00033068474
5,0.00023449058
7,0.0001562044
