Token,Probability
▁SELECT,0.7802713
<0x0A>,0.090322964
2,0.049881075
SELECT,0.039459176
1,0.027546948
3,0.0029722794
0,0.0025029103
4,0.002011145
5,0.0015419982
7,0.000964958
