Token,Probability
▁SELECT,0.6867209
<0x0A>,0.16311052
SELECT,0.06590261
1,0.06288471
2,0.009949805
0,0.0023266466
3,0.0017700195
4,0.001586635
▁CREATE,0.0015620366
5,0.0014673976
