Token,Probability
▁SELECT,0.88967323
<0x0A>,0.089476794
SELECT,0.015548735
1,0.0026188341
2,0.00078631664
▁CREATE,0.00062202767
0,0.0002825688
4,0.00023243473
3,0.00013452291
5,0.00012736373
