Token,Probability
▁SELECT,0.8627943
<0x0A>,0.08151616
SELECT,0.045726422
1,0.0056346008
2,0.0022588682
0,0.00064214016
4,0.000253438
3,0.00024756708
5,0.00016882607
7,0.0001325131
