Token,Probability
▁SELECT,0.8843966
<0x0A>,0.070362166
SELECT,0.018644117
1,0.013640327
2,0.0063433405
0,0.0014264918
3,0.0012297129
5,0.00072858075
4,0.00071728515
7,0.0006183384
