Token,Probability
▁SELECT,0.7471016
<0x0A>,0.17745219
1,0.04851273
SELECT,0.0143403355
2,0.005033931
0,0.001986777
3,0.0011956635
5,0.0009239372
4,0.0008090264
9,0.00075409544
