Token,Probability
2,0.40734082
▁SELECT,0.38868734
<0x0A>,0.07189992
1,0.06445068
SELECT,0.034497958
3,0.008722451
4,0.006532814
5,0.005501181
7,0.003751479
0,0.0027446407
