Token,Probability
▁SELECT,0.53475267
2,0.36183175
<0x0A>,0.0638671
1,0.017189596
SELECT,0.014818358
▁CREATE,0.0020691063
3,0.0013675956
0,0.0012847374
4,0.00070397794
5,0.00052315206
