Token,Probability
▁SELECT,0.63291407
<0x0A>,0.2328361
1,0.058870174
SELECT,0.028691033
2,0.021998178
3,0.0054757795
5,0.0046472335
0,0.0041333353
4,0.0029539613
7,0.002144346
