Token,Probability
▁SELECT,0.8195977
<0x0A>,0.14694577
SELECT,0.019578628
▁CREATE,0.0061127464
1,0.0030497625
2,0.001407234
0,0.00059122336
4,0.00034485754
5,0.00033951103
▁select,0.00024839156
