Token,Probability
▁SELECT,0.9192313
<0x0A>,0.030013965
SELECT,0.023743002
1,0.01395779
2,0.0077082245
3,0.0011913656
0,0.00092783646
5,0.00077523646
4,0.00070586085
7,0.0004521914
