Token,Probability
▁SELECT,0.73531675
<0x0A>,0.22779049
SELECT,0.033333115
1,0.0020175097
2,0.00041309668
0,0.00025055578
▁CREATE,0.00014844938
4,0.0001461479
3,0.000107762695
5,7.7014534e-05
