Token,Probability
▁SELECT,0.75601226
<0x0A>,0.20668225
SELECT,0.011936729
1,0.0098188855
2,0.008665137
▁CREATE,0.0020421336
0,0.0007811857
3,0.0006787059
5,0.0005123141
7,0.0005083272
