Token,Probability
▁SELECT,0.8927702
SELECT,0.068843044
<0x0A>,0.033551425
1,0.003706004
2,0.0003815615
0,0.00017333211
▁select,9.572309e-05
3,7.513391e-05
5,6.084529e-05
4,6.0371796e-05
