Token,Probability
▁SELECT,0.69924
<0x0A>,0.20033564
1,0.042653915
SELECT,0.02587091
2,0.013008709
5,0.00453095
4,0.0036123882
3,0.0034201406
0,0.0024252427
7,0.0012680675
