Token,Probability
▁SELECT,0.6933643
<0x0A>,0.27152535
SELECT,0.015318412
1,0.011562944
2,0.0023491548
0,0.0014248344
▁CREATE,0.0012092412
4,0.00058933714
3,0.00045186045
5,0.0003805046
