Token,Probability
▁SELECT,0.87063867
<0x0A>,0.107283734
SELECT,0.012614564
1,0.0050967447
2,0.0015423227
▁CREATE,0.0005125931
0,0.0004523618
3,0.00032837945
5,0.0002328559
4,0.0002310438
