Token,Probability
▁SELECT,0.80956084
<0x0A>,0.1545074
SELECT,0.019039046
1,0.01051436
2,0.0032827433
▁CREATE,0.0005794386
0,0.00052347913
4,0.000417354
3,0.00037411368
5,0.00030060878
