Token,Probability
▁SELECT,0.6330624
<0x0A>,0.21204935
1,0.10662511
SELECT,0.026129607
2,0.011504709
0,0.0018780922
3,0.0018489751
4,0.0016704098
5,0.0014512772
7,0.0009592357
