Token,Probability
▁SELECT,0.5851335
<0x0A>,0.36049026
SELECT,0.038593736
2,0.010717094
1,0.003268529
0,0.0005171564
3,0.00025801887
4,0.00018877066
5,0.00014138268
▁select,0.00012673461
