Token,Probability
▁SELECT,0.8192096
<0x0A>,0.11261388
SELECT,0.038918316
2,0.017269898
1,0.008820601
0,0.00074702245
3,0.00043915186
4,0.00029483257
5,0.00028133125
7,0.000219101
