Token,Probability
▁SELECT,0.49090648
<0x0A>,0.47580287
1,0.01328823
SELECT,0.008714634
2,0.0031072982
0,0.001729472
▁CREATE,0.0007734677
5,0.0006513251
3,0.00062149874
4,0.00061186333
