Token,Probability
▁SELECT,0.8723222
SELECT,0.10097863
<0x0A>,0.010643069
1,0.006017045
2,0.001281103
選,0.0011394365
选,0.00082070543
▁CREATE,0.0007954549
0,0.0006243597
3,0.00039686717
