Token,Probability
▁SELECT,0.6463161
<0x0A>,0.2779771
1,0.025455039
SELECT,0.020453697
2,0.013948211
0,0.00355432
3,0.0030640152
4,0.00233098
5,0.0018153691
7,0.0011720903
