Token,Probability
▁SELECT,0.69229585
<0x0A>,0.25073296
SELECT,0.036121506
1,0.016028821
2,0.0018124889
0,0.00059769535
3,0.0004012737
4,0.00038892782
5,0.0002823313
▁CREATE,0.00024149078
