Token,Probability
▁SELECT,0.6044564
<0x0A>,0.16268724
1,0.10837307
2,0.053648554
SELECT,0.016361885
3,0.01325026
5,0.008163248
4,0.008163248
0,0.0070371595
7,0.00578861
