Token,Probability
▁SELECT,0.6283316
<0x0A>,0.1276533
1,0.10749486
2,0.051576596
SELECT,0.044115797
4,0.007847975
3,0.0074303127
0,0.0069258134
5,0.0060644452
7,0.005067033
