Token,Probability
▁SELECT,0.81282467
<0x0A>,0.1390579
SELECT,0.016869636
2,0.013555134
1,0.013138087
0,0.00092967326
3,0.00078286335
5,0.0006144765
4,0.0005909362
7,0.00025615192
