Token,Probability
▁SELECT,0.7955587
<0x0A>,0.16162756
SELECT,0.03899446
1,0.0022171715
2,0.00038830846
0,0.00032698846
4,0.00010615762
3,0.00010289149
▁select,0.00010209078
5,8.013197e-05
