Token,Probability
▁SELECT,0.5513343
<0x0A>,0.4033648
1,0.018865623
SELECT,0.0124694165
2,0.0034089487
0,0.0019884221
▁CREATE,0.0010643257
​,0.0009032814
<0x09>,0.0007145544
3,0.0006455461
