Token,Probability
▁SELECT,0.90005714
<0x0A>,0.064189084
SELECT,0.031775903
1,0.0023018385
2,0.0007299865
0,0.00019801414
▁CREATE,0.00014830576
3,0.00011823966
5,7.876459e-05
4,7.694001e-05
