Token,Probability
▁SELECT,0.8877961
<0x0A>,0.07637207
1,0.014127414
SELECT,0.012663731
2,0.0034351295
0,0.00112397
4,0.0009765221
3,0.00085507135
5,0.0007605162
7,0.00051058637
