Token,Probability
▁SELECT,0.8858643
<0x0A>,0.05752323
SELECT,0.04622121
1,0.005434751
2,0.0025873294
0,0.0007768572
3,0.00032894203
4,0.0002541867
5,0.0001979608
▁CREATE,0.00014942866
