Token,Probability
▁SELECT,0.83677703
<0x0A>,0.14315568
SELECT,0.011212819
1,0.0048225736
2,0.0014367306
0,0.00058504456
4,0.00028290905
3,0.00027852296
5,0.00018845806
▁CREATE,0.00016631364
