Token,Probability
▁SELECT,0.84555167
<0x0A>,0.13803251
SELECT,0.010981799
1,0.0025679665
▁CREATE,0.0011757007
2,0.00046041096
0,0.00026646545
3,9.8795994e-05
5,9.6507385e-05
4,9.06603e-05
