Token,Probability
▁SELECT,0.84929514
<0x0A>,0.1149396
SELECT,0.028167162
1,0.0043875976
2,0.0011535501
0,0.00040178298
4,0.00029857975
3,0.00025340132
5,0.00017690264
▁CREATE,0.00015013533
