Token,Probability
▁SELECT,0.8810082
<0x0A>,0.07009259
SELECT,0.027023098
1,0.0114423
2,0.00377327
7,0.0015126747
0,0.0010315545
4,0.00085518876
3,0.0008033755
5,0.0007971236
