Token,Probability
▁SELECT,0.7354381
<0x0A>,0.08513314
1,0.072818235
2,0.0343969
SELECT,0.024391055
3,0.010010069
4,0.008696898
5,0.0077351816
0,0.005528085
6,0.0051527414
