Token,Probability
▁SELECT,0.91181356
<0x0A>,0.03535485
SELECT,0.025465142
1,0.008397512
2,0.0044948645
6,0.003997815
4,0.0021735744
7,0.002074039
5,0.0015778459
3,0.0015655669
