Token,Probability
▁SELECT,0.68897235
<0x0A>,0.23441106
1,0.030989198
SELECT,0.020482609
2,0.009377622
0,0.0034768917
3,0.0025636991
4,0.0022273802
5,0.0020122705
7,0.0013615702
