Token,Probability
▁SELECT,0.89580315
<0x0A>,0.06800599
SELECT,0.024248281
1,0.00585017
2,0.0037771536
0,0.00054415053
3,0.00039193695
4,0.00026727776
5,0.00021985672
7,0.00021476371
