Token,Probability
▁SELECT,0.9052761
SELECT,0.04950086
<0x0A>,0.03977506
1,0.002996073
2,0.0008450813
0,0.000301323
4,0.00021035735
3,0.00019916233
5,0.0001295974
▁CREATE,0.00011171994
