Token,Probability
▁SELECT,0.76398563
<0x0A>,0.11900601
1,0.08179155
SELECT,0.014895349
2,0.0063565546
0,0.0035657038
3,0.0015822717
5,0.0015335901
▁CREATE,0.0013533885
9,0.0013533885
