Token,Probability
▁SELECT,0.43630585
2,0.17905955
<0x0A>,0.16821088
1,0.11560955
3,0.03471228
SELECT,0.02189276
5,0.010922704
0,0.009639251
4,0.008845475
7,0.0048849354
