Token,Probability
▁SELECT,0.73426527
<0x0A>,0.1744033
1,0.039527453
SELECT,0.032769408
2,0.0073691905
3,0.002607118
4,0.0014397874
5,0.001352555
▁CREATE,0.0012315153
9,0.0012315153
