Token,Probability
▁SELECT,0.8573039
<0x0A>,0.114224695
SELECT,0.021462183
1,0.0039701047
2,0.0011198195
▁CREATE,0.0005087009
0,0.00043511498
3,0.00018280551
4,0.00014461105
5,0.00011087715
