Token,Probability
▁SELECT,0.5507065
<0x0A>,0.29941395
1,0.11909864
SELECT,0.01884414
2,0.0048395754
0,0.0014417961
▁CREATE,0.0010304052
9,0.0010144302
3,0.00096797606
5,0.0006652796
