Token,Probability
▁SELECT,0.3972044
2,0.367354
<0x0A>,0.18762608
SELECT,0.021051062
1,0.020724695
0,0.0013043449
3,0.0011692073
4,0.0008098862
▁CREATE,0.0006927324
5,0.00059717265
