Token,Probability
▁SELECT,0.80410826
<0x0A>,0.10713706
1,0.034243062
SELECT,0.02883555
9,0.007945028
2,0.00572259
0,0.0023121354
5,0.0022235587
3,0.0017589797
4,0.0015767394
