Token,Probability
▁SELECT,0.7152755
<0x0A>,0.20175272
1,0.037320502
SELECT,0.020290805
2,0.011118444
3,0.0031361007
0,0.002348831
5,0.0020890934
4,0.0015769305
7,0.0013593991
