Token,Probability
▁SELECT,0.5935357
<0x0A>,0.27601978
1,0.049102496
2,0.041672748
SELECT,0.011846529
3,0.0057286075
5,0.0039992123
0,0.0037569122
4,0.0035569733
7,0.001918843
