Token,Probability
▁SELECT,0.7856874
<0x0A>,0.16213574
1,0.026467932
SELECT,0.019064138
2,0.0027679899
0,0.0012379216
3,0.0005160426
4,0.00041142502
5,0.0003410833
9,0.00025149906
