Token,Probability
▁SELECT,0.7832191
<0x0A>,0.16675696
SELECT,0.032327317
1,0.011892553
2,0.0021827817
4,0.0007662285
0,0.0007543491
3,0.00049471424
5,0.00040694082
7,0.00026897146
