Token,Probability
▁SELECT,0.86688656
<0x0A>,0.08855803
SELECT,0.03522595
1,0.00621775
2,0.0011323364
0,0.0003734049
3,0.00030239255
4,0.00023004808
5,0.00022648151
7,0.00020621378
