Token,Probability
▁SELECT,0.60559535
<0x0A>,0.281628
1,0.050493117
SELECT,0.018003875
2,0.016650863
3,0.0150428
4,0.0025534926
5,0.002398784
0,0.0018248986
7,0.001345596
