Token,Probability
▁SELECT,0.8561123
<0x0A>,0.10884246
SELECT,0.028840382
1,0.0034176875
2,0.0008054547
0,0.0004211417
3,0.00025743875
5,0.00019131224
4,0.00018982343
▁CREATE,0.0001623646
