Token,Probability
▁SELECT,0.70743513
<0x0A>,0.14372417
1,0.059913144
SELECT,0.045937005
2,0.02070543
3,0.0048417244
0,0.0034065787
5,0.002802175
4,0.0027803683
7,0.0024536666
