Token,Probability
▁SELECT,0.9088801
<0x0A>,0.06792901
SELECT,0.017175144
1,0.0030793336
2,0.00093914365
0,0.00045060602
4,0.00029093315
▁CREATE,0.00026079078
3,0.00021452065
5,0.00015451341
