Token,Probability
▁SELECT,0.70892686
<0x0A>,0.17924477
1,0.061945334
SELECT,0.018027121
2,0.01219776
8,0.0040223943
3,0.0034405366
5,0.0022740555
0,0.002119653
4,0.002119653
