Token,Probability
▁SELECT,0.6840885
<0x0A>,0.27639675
1,0.015113483
SELECT,0.014879171
2,0.004755669
▁CREATE,0.00082641136
0,0.00066924834
3,0.0005999103
4,0.0005906095
5,0.00052121107
