Token,Probability
▁SELECT,0.87326366
<0x0A>,0.0825053
SELECT,0.030829977
1,0.0074380785
2,0.003653461
0,0.00060108886
3,0.00030461705
4,0.00027093198
5,0.00022112823
7,0.00016954489
