Token,Probability
▁SELECT,0.8714347
<0x0A>,0.09329494
SELECT,0.029818855
1,0.0030941584
2,0.0010045262
0,0.000378308
▁CREATE,0.00020408185
3,0.00012972232
4,9.127106e-05
5,8.441193e-05
