Token,Probability
▁SELECT,0.82576907
<0x0A>,0.10175471
4,0.027386911
SELECT,0.01713829
1,0.016099934
2,0.004722095
3,0.0019228628
0,0.0015092724
5,0.0012909491
7,0.0007413297
