Token,Probability
▁SELECT,0.836148
<0x0A>,0.09529055
SELECT,0.045012068
1,0.014163676
2,0.0044917534
0,0.0008914158
3,0.00073900964
5,0.00073900964
4,0.0005984682
7,0.0004310605
