Token,Probability
▁SELECT,0.74629176
<0x0A>,0.18869211
2,0.032281414
SELECT,0.019276112
1,0.00842111
0,0.0011308043
3,0.0010960131
4,0.0008945398
5,0.000513691
7,0.00033426512
