Token,Probability
▁SELECT,0.48018533
<0x0A>,0.28673175
1,0.123321794
2,0.040350735
SELECT,0.018618805
0,0.012500075
5,0.008726458
3,0.007701073
4,0.006044641
9,0.0040581804
