Token,Probability
▁SELECT,0.6088778
<0x0A>,0.3158816
1,0.03226934
2,0.016481565
SELECT,0.015362509
4,0.002283433
0,0.0021450866
3,0.0021118303
5,0.0013741943
7,0.00075299636
