Token,Probability
▁SELECT,0.74247843
<0x0A>,0.19673721
SELECT,0.01829941
1,0.016661802
2,0.010590886
3,0.00941973
▁CREATE,0.0015138882
0,0.0012948972
4,0.00083604845
5,0.000548294
