Token,Probability
▁SELECT,0.80949104
<0x0A>,0.106182106
1,0.035015147
SELECT,0.015059826
2,0.014710965
0,0.0031814694
3,0.0029887138
5,0.0027857875
4,0.0020381259
9,0.0020065277
