Token,Probability
▁SELECT,0.8476402
<0x0A>,0.12022095
SELECT,0.012671195
1,0.0083099725
2,0.0054074023
0,0.00089663523
4,0.00083575596
5,0.0008163956
3,0.00081004243
▁CREATE,0.00054383674
