Token,Probability
▁SELECT,0.84650254
<0x0A>,0.104309574
SELECT,0.044167455
1,0.002867995
2,0.00072514266
0,0.0004164144
3,0.0001556027
▁CREATE,0.000119304736
4,0.000110338835
5,8.865975e-05
