Token,Probability
▁SELECT,0.9195545
<0x0A>,0.041038647
SELECT,0.035102215
1,0.0024645624
2,0.000663328
0,0.00029898534
3,0.00015878992
4,0.000128592
▁select,9.407991e-05
5,9.407991e-05
