Token,Probability
▁SELECT,0.57481915
<0x0A>,0.35971266
1,0.03398538
SELECT,0.020293599
2,0.0033650084
▁CREATE,0.0018011593
0,0.0011720367
3,0.0008441864
9,0.00066260947
5,0.00063226634
