Token,Probability
▁SELECT,0.7745868
<0x0A>,0.12448743
1,0.0588037
SELECT,0.016586345
2,0.010542923
0,0.0034227858
3,0.002523804
5,0.0018755319
4,0.0017481879
7,0.0015548705
