Token,Probability
▁SELECT,0.51328063
<0x0A>,0.38744453
1,0.050033744
2,0.015621296
SELECT,0.012357462
0,0.006361077
5,0.0033520518
3,0.0029813768
9,0.0016336597
4,0.0015833973
