Token,Probability
▁SELECT,0.7831697
<0x0A>,0.16674644
SELECT,0.023283022
1,0.013902927
2,0.00561729
0,0.0016604678
5,0.0014092207
3,0.0009915106
4,0.0009169974
7,0.0006204715
