Token,Probability
▁SELECT,0.79072094
<0x0A>,0.16574411
SELECT,0.035288956
1,0.0035491039
2,0.001389849
0,0.00054427265
▁CREATE,0.00035140885
3,0.0003101172
4,0.0003101172
5,0.00025509548
