Token,Probability
▁SELECT,0.7541505
<0x0A>,0.13521175
SELECT,0.05212877
1,0.037546944
2,0.007931995
0,0.0043125506
▁CREATE,0.0018548048
3,0.0014110612
5,0.0012747875
4,0.0011249961
