Token,Probability
<0x0A>,0.56099284
▁SELECT,0.41043112
1,0.011919142
SELECT,0.0043848073
2,0.002310631
0,0.0013165579
▁CREATE,0.00099379
<0x09>,0.0009482811
5,0.00073852204
3,0.00071580004
