Token,Probability
▁SELECT,0.5987416
<0x0A>,0.32553014
1,0.02714194
SELECT,0.024713019
2,0.012820944
3,0.0020605132
0,0.0017624503
5,0.0014725823
4,0.0012497645
9,0.0010858142
