Token,Probability
▁SELECT,0.7078708
<0x0A>,0.264512
SELECT,0.015396444
1,0.007272766
2,0.0018532653
0,0.00083533215
▁CREATE,0.0004872449
3,0.00023378264
5,0.00021120501
4,0.00020793061
