Token,Probability
▁SELECT,0.6073497
<0x0A>,0.3053946
1,0.042642638
2,0.01696207
SELECT,0.012313142
0,0.0035277745
3,0.0028792855
4,0.0022076247
5,0.0019944226
7,0.0010266409
