Token,Probability
▁SELECT,0.8478625
<0x0A>,0.10285739
SELECT,0.04155814
1,0.004963412
2,0.0010162871
0,0.00047632423
3,0.00018079228
4,0.0001725132
5,0.00014527066
7,0.00012523115
