Token,Probability
▁SELECT,0.83583033
<0x0A>,0.09525434
1,0.020280821
SELECT,0.015794719
2,0.011737639
▁CREATE,0.01137651
0,0.003134558
3,0.0014922733
5,0.0011441656
4,0.0007049
