Token,Probability
▁SELECT,0.74967724
<0x0A>,0.20495035
SELECT,0.024477828
1,0.012698931
2,0.0033127142
0,0.0013177065
3,0.00061759667
4,0.00061279046
5,0.0005080211
7,0.0003546559
