Token,Probability
▁SELECT,0.63955575
<0x0A>,0.28380114
1,0.041529283
SELECT,0.02257908
2,0.004242483
0,0.0013881352
3,0.0012639114
▁CREATE,0.001115398
5,0.0008619128
4,0.0007606353
