Token,Probability
▁SELECT,0.65698737
1,0.08822164
2,0.06158863
▁CREATE,0.057857167
3,0.033224575
<0x0A>,0.028641373
SELECT,0.018783472
4,0.010536573
0,0.0066453335
5,0.0062427125
