Token,Probability
▁SELECT,0.8192326
<0x0A>,0.045858268
1,0.045501396
2,0.03488713
▁CREATE,0.011777377
SELECT,0.011594786
4,0.005606872
3,0.0036484613
0,0.003508691
7,0.0034274121
