Token,Probability
1,0.42859474
2,0.14356126
▁SELECT,0.11901646
6,0.11535471
7,0.056219395
4,0.03153622
3,0.030565955
5,0.030092072
8,0.011784226
9,0.0111570805
