Token,Probability
1,0.36753848
▁SELECT,0.2061704
2,0.13950187
3,0.047463123
<0x0A>,0.04493718
4,0.04493718
5,0.041886058
7,0.025011308
9,0.020413635
6,0.01932724
