Token,Probability
▁SELECT,0.5751076
1,0.18381542
6,0.056060534
<0x0A>,0.043320224
2,0.04069558
7,0.016701434
5,0.016442504
4,0.014285494
SELECT,0.013631312
3,0.011212813
