Token,Probability
1,0.64731026
2,0.1254868
▁SELECT,0.08490862
<0x0A>,0.06115739
3,0.015829705
9,0.013539863
4,0.011763636
7,0.008341668
5,0.008276752
0,0.0073042084
