Token,Probability
▁SELECT,0.36557224
1,0.34342334
2,0.16737118
▁CREATE,0.016571991
7,0.0161881
<0x0A>,0.014624731
4,0.014064466
3,0.013738664
9,0.010953416
5,0.010209708
