Token,Probability
1,0.33049548
▁SELECT,0.23435637
2,0.20361236
▁CREATE,0.09322053
3,0.035107177
SELECT,0.017652996
<0x0A>,0.017244065
4,0.01697672
5,0.01342969
9,0.007894908
