Token,Probability
▁SELECT,0.906995
1,0.03382075
2,0.01782228
3,0.008891867
4,0.006207523
5,0.005831428
7,0.0052682566
6,0.0034550068
8,0.0023745892
9,0.0021790455
