Token,Probability
▁SELECT,0.44871777
1,0.20225295
2,0.14797142
▁CREATE,0.050344735
4,0.020341113
3,0.019715283
7,0.018233655
5,0.01795097
<0x0A>,0.017128933
SELECT,0.013871434
