Token,Probability
1,0.1925632
2,0.14764334
▁AV,0.1097192
▁SELECT,0.07780257
7,0.07308875
5,0.06251612
3,0.0615469
4,0.0605927
<0x0A>,0.058728456
6,0.05347287
