Token,Probability
▁SELECT,0.85896045
SELECT,0.024750555
▁CREATE,0.024557946
<0x0A>,0.024177209
2,0.019426934
1,0.018249916
3,0.0033235564
4,0.002733883
</s>,0.0018498377
▁select,0.0018211587
