Token,Probability
▁SELECT,0.89234644
1,0.039206967
<0x0A>,0.02066062
2,0.01233702
SELECT,0.011499367
3,0.004132384
7,0.0037332976
4,0.0035071087
5,0.0032689846
6,0.0021106151
