Token,Probability
▁SELECT,0.5632205
1,0.13170259
2,0.0857005
▁CREATE,0.047328312
7,0.035171416
3,0.019729374
9,0.019122366
0,0.017275618
4,0.01648451
<0x0A>,0.01388135
