Token,Probability
▁SELECT,0.54737467
1,0.22817971
2,0.07643063
3,0.029237323
<0x0A>,0.025801847
4,0.017733334
SELECT,0.017187735
5,0.013596618
7,0.011905596
0,0.010104149
