Token,Probability
▁SELECT,0.5892898
2,0.17972322
1,0.10900766
▁CREATE,0.03074702
SELECT,0.020322539
<0x0A>,0.015460571
4,0.011399911
3,0.009750861
7,0.006198025
5,0.0055558733
