Token,Probability
▁SELECT,0.5646921
0,0.21770819
1,0.07884868
▁CREATE,0.030877588
2,0.029006809
<0x0A>,0.021388281
SELECT,0.018010737
7,0.010182347
4,0.008245916
3,0.0055794655
