Token,Probability
1,0.35745957
2,0.21178779
7,0.060206015
4,0.051900826
3,0.049524114
<0x0A>,0.042692456
▁SELECT,0.042030573
5,0.03826927
8,0.034573406
9,0.033509694
