Token,Probability
▁SELECT,0.53890383
1,0.20137367
2,0.059525937
3,0.039038066
7,0.03136796
4,0.03088165
5,0.025204869
0,0.017458903
6,0.015407428
<0x0A>,0.013811128
