Token,Probability
2,0.7802382
1,0.10725662
3,0.03536948
▁SELECT,0.028420176
4,0.0136361495
5,0.009669478
6,0.0053399927
7,0.0050558033
9,0.0039374637
SELECT,0.0025028042
