Token,Probability
4,0.9861667
▁SELECT,0.005595431
2,0.0023692546
▁CREATE,0.0011637388
3,0.0011279343
1,0.0010847237
SELECT,0.0007397174
5,0.00048511848
0,0.000265823
<0x0A>,0.00022560105
