Token,Probability
▁SELECT,0.29920423
1,0.19018579
2,0.14355975
6,0.119015224
7,0.04884375
9,0.041778274
3,0.029625233
5,0.02871376
4,0.026349228
<0x0A>,0.02456018
