Token,Probability
▁SELECT,0.6371966
1,0.11072816
2,0.07975452
<0x0A>,0.05567762
3,0.018943356
5,0.016717453
9,0.01558238
SELECT,0.015221414
4,0.014524375
7,0.010793598
