Token,Probability
1,0.37633288
▁SELECT,0.15205222
2,0.13629873
<0x0A>,0.11037807
▁CREATE,0.051330574
3,0.033663414
4,0.021565592
9,0.019944912
8,0.018160049
7,0.017739372
