Token,Probability
▁SELECT,0.6503236
1,0.18925497
2,0.050937284
<0x0A>,0.019485248
3,0.016536916
7,0.013081776
4,0.010429702
0,0.010348537
9,0.010030147
5,0.009570832
