Token,Probability
▁SELECT,0.33494145
1,0.24504839
2,0.15576226
4,0.04462663
7,0.04192284
3,0.0358585
5,0.0334238
6,0.02027256
<0x0A>,0.019344212
8,0.019193674
