Token,Probability
▁SELECT,0.526929
1,0.15334508
<0x0A>,0.1139564
2,0.0860188
7,0.019648548
5,0.015911879
3,0.015302303
4,0.014375185
6,0.012010916
9,0.011108282
