Token,Probability
2,0.691069
1,0.21576227
3,0.027863072
4,0.013793221
<0x0A>,0.007982903
0,0.007982903
5,0.0062170913
7,0.005194574
▁CREATE,0.004478003
6,0.00427294
