Token,Probability
7,0.8396952
▁SELECT,0.0818521
1,0.027848776
2,0.016629262
6,0.005151505
8,0.00499301
5,0.004690499
9,0.003798482
<0x0A>,0.0033521487
3,0.0030761044
