Token,Probability
▁SELECT,0.66463864
1,0.14830093
2,0.085829996
<0x0A>,0.021198515
▁CREATE,0.01716708
SELECT,0.009260945
3,0.008768086
7,0.008432187
9,0.0069361273
4,0.006722725
