Token,Probability
▁SELECT,0.62029904
▁CREATE,0.20455293
1,0.06487025
<0x0A>,0.039345797
2,0.019026386
SELECT,0.0071654026
4,0.005493904
3,0.0048483536
5,0.004736041
7,0.003574952
