Token,Probability
▁SELECT,0.7689189
1,0.072081536
<0x0A>,0.06771434
2,0.027359065
4,0.010223336
3,0.0070263892
▁CREATE,0.0068102097
5,0.0063976003
7,0.006298415
SELECT,0.004982456
