Token,Probability
▁SELECT,0.8154381
1,0.079487555
<0x0A>,0.033657152
2,0.020255229
SELECT,0.007994274
0,0.007222224
9,0.006177496
7,0.0054516206
5,0.0048487717
4,0.004555
