Token,Probability
1,0.2711366
2,0.23556757
4,0.07768194
3,0.07412462
7,0.07297543
5,0.06644488
9,0.055084743
6,0.052562226
▁SELECT,0.040300857
8,0.030899739
