Token,Probability
2,0.24431112
1,0.20897038
▁SELECT,0.1963095
▁CREATE,0.095673606
3,0.04147144
7,0.040828485
8,0.035750613
4,0.034922455
6,0.025350984
5,0.022372164
