Token,Probability
1,0.3437322
2,0.2219302
▁SELECT,0.10320712
3,0.055242795
4,0.055242795
0,0.047251668
7,0.036513258
6,0.03172327
5,0.030988399
9,0.029801253
