Token,Probability
<0x0A>,0.51293695
▁SELECT,0.3752727
1,0.058914687
2,0.0072597144
﻿,0.004950695
<0x09>,0.004543013
​,0.004267766
SELECT,0.0036504136
▁CREATE,0.0033237394
3,0.003196409
