Token,Probability
2,0.17646706
▁AV,0.16577546
1,0.15573163
<0x0A>,0.15094028
6,0.06910549
4,0.054666944
3,0.052572686
7,0.04532049
5,0.040943652
0,0.028807456
