Token,Probability
▁SELECT,0.6329603
<0x0A>,0.26385713
1,0.049577285
2,0.018238464
SELECT,0.0041336375
▁CREATE,0.0040064584
3,0.0039752806
4,0.0037053686
5,0.0024683075
<0x09>,0.0023737482
