Token,Probability
▁SELECT,0.32969046
2,0.27332297
1,0.17373466
3,0.045321394
4,0.03876544
7,0.034749117
5,0.024640813
6,0.01979945
▁CREATE,0.012883748
8,0.011639496
