Token,Probability
▁SELECT,0.9438117
1,0.020368494
2,0.009696856
3,0.0044743638
7,0.0032991893
5,0.003051251
4,0.0028888665
▁CREATE,0.002016754
6,0.0015829683
8,0.0013021141
