Token,Probability
▁SELECT,0.35605487
1,0.2645975
2,0.1531373
4,0.036946096
7,0.036946096
5,0.03209932
3,0.031601664
6,0.018006086
9,0.015890315
8,0.015522216
