Token,Probability
▁SELECT,0.5346978
1,0.1936547
2,0.1193072
<0x0A>,0.03526714
3,0.021390604
4,0.020094613
7,0.0174585
5,0.015649699
9,0.009947553
8,0.008710369
