Token,Probability
▁SELECT,0.28914016
▁CREATE,0.19564204
1,0.16219293
6,0.15000394
2,0.080921054
7,0.018484112
4,0.016569052
3,0.01618523
<0x0A>,0.0122172525
5,0.01193424
