Token,Probability
▁SELECT,0.6707246
1,0.24292034
<0x0A>,0.022419274
▁CREATE,0.018155683
2,0.014474973
SELECT,0.012874307
▁FROM,0.0061771595
0,0.0018547197
3,0.0017019864
9,0.0015740801
