Token,Probability
▁SELECT,0.7575586
1,0.081103474
2,0.07384556
<0x0A>,0.022172457
SELECT,0.016477171
4,0.011868061
3,0.008750959
7,0.008220766
5,0.007142325
6,0.0034538026
