Token,Probability
▁SELECT,0.80417496
1,0.06397977
<0x0A>,0.054724794
2,0.021430537
SELECT,0.010945648
4,0.007701225
0,0.00599772
3,0.0052517788
7,0.0051703574
5,0.003695088
