Token,Probability
▁SELECT,0.7934909
1,0.076746255
<0x0A>,0.042053476
2,0.028013656
▁CREATE,0.009166033
SELECT,0.0065506683
4,0.006202048
3,0.005516216
0,0.0051416783
7,0.0045375153
