Token,Probability
1,0.30774018
2,0.11145611
4,0.088169046
3,0.08748291
9,0.076006465
<0x0A>,0.07196148
5,0.06655349
7,0.06252121
0,0.04610025
6,0.045385532
