Token,Probability
▁SELECT,0.90328306
1,0.036704924
2,0.016673964
<0x0A>,0.016544206
▁CREATE,0.0062794727
SELECT,0.0046301926
3,0.002638204
7,0.0023834188
4,0.0019002272
5,0.0017033527
