Token,Probability
▁SELECT,0.51242286
1,0.2169735
2,0.100902036
<0x0A>,0.043059707
4,0.021316102
7,0.020822313
3,0.019107629
5,0.015595191
6,0.009533149
0,0.00874811
