Token,Probability
1,0.34275192
▁SELECT,0.19529416
2,0.1922664
4,0.054231234
3,0.036982488
7,0.036694683
5,0.033410892
<0x0A>,0.027698604
6,0.024828868
8,0.017606303
