Token,Probability
▁SELECT,0.44860205
<0x0A>,0.15262917
0,0.13055064
1,0.12653401
2,0.061667755
SELECT,0.016468486
3,0.013232801
4,0.009383461
5,0.009310438
9,0.0059644906
