Token,Probability
▁SELECT,0.7070059
1,0.13705933
2,0.05367321
<0x0A>,0.01811928
4,0.013465105
3,0.010486634
5,0.010324054
▁CREATE,0.00862607
7,0.008295611
SELECT,0.007915727
