Token,Probability
3,0.36336932
▁SELECT,0.21697772
1,0.21697772
2,0.08766693
7,0.029136222
4,0.018375985
8,0.010635205
5,0.009096773
<0x0A>,0.008347669
9,0.007965401
