Token,Probability
1,0.48685664
2,0.19670786
▁SELECT,0.08072874
3,0.049735535
7,0.04599785
4,0.03873408
5,0.023129173
8,0.022417564
6,0.020732857
9,0.016146766
