Token,Probability
2,0.33961955
1,0.2815545
▁SELECT,0.12493906
3,0.055441365
9,0.04668631
4,0.045249924
5,0.030142946
7,0.022400336
8,0.016134357
6,0.014576176
