Token,Probability
▁SELECT,0.35611588
1,0.28614715
2,0.12897663
7,0.048954006
3,0.03210482
8,0.02620319
5,0.02579695
6,0.02423399
4,0.022065299
9,0.01887345
