Token,Probability
▁SELECT,0.61132526
1,0.26706824
▁CREATE,0.07416217
2,0.012490947
3,0.008256013
9,0.006379752
SELECT,0.0058088303
<0x0A>,0.0045239213
7,0.0026803347
4,0.0019155489
