Token,Probability
▁SELECT,0.7185089
1,0.11547489
<0x0A>,0.045220617
2,0.040535502
3,0.014229298
4,0.014118564
SELECT,0.010909981
5,0.009779645
7,0.007211057
6,0.00709926
