Token,Probability
1,0.25978422
2,0.23286906
7,0.0732755
5,0.07102105
▁SELECT,0.06776877
4,0.059805725
3,0.05445373
6,0.051154543
<0x0A>,0.04805525
9,0.041103836
