Token,Probability
▁SELECT,0.74700326
1,0.076311186
<0x0A>,0.046648093
7,0.041489672
2,0.027638081
▁CREATE,0.008495249
SELECT,0.007918443
9,0.007674818
4,0.006616106
3,0.006313133
