Token,Probability
▁SELECT,0.9084245
<0x0A>,0.035778128
1,0.031084577
2,0.006464976
SELECT,0.0057500685
▁CREATE,0.0018814154
7,0.0014652476
3,0.0014425311
5,0.0013237409
4,0.0012930766
