Token,Probability
▁SELECT,0.44087154
1,0.23232298
2,0.15236112
7,0.030001683
▁CREATE,0.027747022
3,0.024486661
4,0.019219799
8,0.017094444
5,0.014968395
9,0.013106765
