Token,Probability
8,0.931008
1,0.019322453
▁SELECT,0.011537964
2,0.010838915
7,0.0085742865
9,0.0063718692
▁CREATE,0.0025946598
3,0.002289779
4,0.0022542793
6,0.0020525446
