Token,Probability
▁SELECT,0.5350363
7,0.34544542
<0x0A>,0.03998821
SELECT,0.023507856
1,0.023324916
2,0.013290137
▁CREATE,0.003748655
8,0.0026375083
9,0.0023458484
6,0.0017569592
