Token,Probability
▁SELECT,0.55083114
1,0.19036216
2,0.09572009
SELECT,0.02919298
<0x0A>,0.026168419
3,0.022383034
0,0.01975296
4,0.018701725
7,0.0142275235
5,0.0130559085
