Token,Probability
▁SELECT,0.7358073
1,0.09066925
2,0.068440735
▁CREATE,0.038996357
<0x0A>,0.017714893
SELECT,0.010661012
3,0.00667149
7,0.0062672854
0,0.0052365125
4,0.0037423668
