Token,Probability
▁SELECT,0.3705958
1,0.27113366
2,0.18634728
<0x0A>,0.035565
3,0.030183623
4,0.024253223
7,0.018307295
5,0.01666898
9,0.009722929
0,0.009497698
