Token,Probability
▁SELECT,0.58435935
<0x0A>,0.16482611
1,0.12836671
2,0.036491476
3,0.012910179
9,0.011393194
5,0.010212793
SELECT,0.009445289
4,0.008873028
7,0.008600034
