Token,Probability
2,0.38428968
1,0.3287004
4,0.048476744
3,0.046619628
▁CREATE,0.04625683
7,0.042447653
9,0.02236834
5,0.018983766
0,0.015615619
6,0.013997751
