Token,Probability
▁SELECT,0.50593305
7,0.27940273
1,0.074034356
<0x0A>,0.03184178
2,0.029448831
5,0.012765124
6,0.012372383
4,0.01091859
9,0.010257066
SELECT,0.009339165
