Token,Probability
▁SELECT,0.7754743
1,0.080467224
2,0.05360272
<0x0A>,0.017402258
3,0.010150646
4,0.0099155065
SELECT,0.008957914
7,0.008614742
▁CREATE,0.008029821
5,0.00754332
