Token,Probability
4,0.88394874
1,0.055632863
2,0.026279103
▁CREATE,0.0072406544
3,0.00696327
▁SELECT,0.006145064
0,0.002748242
5,0.0026636878
<0x0A>,0.0022255946
7,0.0016282797
