Token,Probability
5,0.6875584
▁SELECT,0.13968597
2,0.06496001
1,0.049806565
7,0.011466122
4,0.010118817
3,0.008791381
6,0.005458692
<0x0A>,0.004855062
0,0.0046327324
