Token,Probability
9,0.5148407
▁SELECT,0.33240616
1,0.076524235
8,0.014155561
2,0.012395022
7,0.0110243615
▁CREATE,0.00819261
<0x0A>,0.0075769257
SELECT,0.005047321
5,0.0039616874
