Token,Probability
▁SELECT,0.5278726
1,0.13139789
2,0.12343689
3,0.12343689
4,0.02337501
<0x0A>,0.015092042
SELECT,0.011938787
5,0.011303416
7,0.008599185
6,0.0059564817
