Token,Probability
▁SELECT,0.81825846
1,0.11973766
<0x0A>,0.016589016
SELECT,0.009233178
2,0.0084069045
▁CREATE,0.004679146
7,0.0036727046
9,0.002997574
4,0.002928135
5,0.0026043374
