Token,Probability
▁SELECT,0.2504089
1,0.23523739
3,0.17756648
2,0.11828479
4,0.054154724
7,0.05008493
5,0.03336376
6,0.028095098
8,0.020878507
9,0.016008105
