Token,Probability
▁SELECT,0.51792
1,0.20282039
6,0.07009286
2,0.059953596
3,0.024797885
4,0.024797885
5,0.021377115
7,0.020719409
<0x0A>,0.02055817
SELECT,0.0110903
