Token,Probability
2,0.537446
1,0.39939597
▁SELECT,0.018679999
4,0.0086194035
3,0.007372566
7,0.0055651045
9,0.0048729684
5,0.003977201
6,0.0032715567
8,0.0031957708
