Token,Probability
▁SELECT,0.39369443
1,0.21572676
2,0.15906693
▁CREATE,0.06841383
<0x0A>,0.03928676
4,0.022915762
5,0.016377158
3,0.01445279
7,0.014008125
0,0.011981784
