Token,Probability
1,0.97959316
▁SELECT,0.0056456616
2,0.0050607384
7,0.0025446988
9,0.0013620793
8,0.0010691081
3,0.0009361425
5,0.00074054964
4,0.0007121796
0,0.0006795666
