Token,Probability
▁SELECT,0.6758681
1,0.15559368
▁CREATE,0.047084104
<0x0A>,0.042870563
2,0.028557952
0,0.0065232515
3,0.0063721407
5,0.0057567493
7,0.00571195
4,0.00500155
