Token,Probability
▁SELECT,0.5317889
1,0.31262255
<0x0A>,0.047198944
2,0.03763028
3,0.012903474
5,0.009589047
4,0.009440383
SELECT,0.009149933
7,0.007125975
0,0.0057707904
