Token,Probability
▁SELECT,0.69332594
1,0.15713812
<0x0A>,0.04792442
2,0.026260417
4,0.012999848
SELECT,0.011562305
3,0.009812801
▁CREATE,0.009510892
5,0.007884807
7,0.005211539
