Token,Probability
2,0.86206865
1,0.07651294
▁SELECT,0.0144891115
3,0.010194362
4,0.0072288862
7,0.0050465753
0,0.003869344
5,0.003663421
6,0.0026386632
8,0.002498236
