Token,Probability
3,0.5374662
▁SELECT,0.35247898
1,0.039547045
2,0.039547045
<0x0A>,0.007202052
4,0.0047976007
▁CREATE,0.003946399
SELECT,0.003375534
5,0.0024695932
7,0.002301914
