Token,Probability
▁SELECT,0.61246943
1,0.16743982
2,0.08288872
SELECT,0.017925944
7,0.016971944
3,0.016839866
4,0.0150951585
5,0.013217763
9,0.011130471
<0x0A>,0.010538118
