Token,Probability
▁SELECT,0.5254513
<0x0A>,0.28125384
1,0.10107068
2,0.033854436
SELECT,0.0072645587
3,0.0061173723
▁CREATE,0.004270614
​,0.004270614
5,0.003949672
9,0.0037103738
