Token,Probability
▁SELECT,0.6475735
2,0.15381218
1,0.105713464
<0x0A>,0.040756173
SELECT,0.009456192
3,0.008542958
4,0.006758036
7,0.0063485876
5,0.0062501617
6,0.00319227
