Token,Probability
▁SELECT,0.5429155
1,0.21260875
2,0.08657545
<0x0A>,0.050895076
3,0.01691505
4,0.015890218
7,0.013380906
5,0.009943845
0,0.008913605
SELECT,0.0070512416
