Token,Probability
▁SELECT,0.9060439
<0x0A>,0.04654119
1,0.025702488
SELECT,0.0046443446
2,0.004501453
▁CREATE,0.003505735
4,0.0013410632
3,0.001221052
5,0.0011381457
<0x09>,0.0010122876
