Token,Probability
1,0.38686854
▁SELECT,0.2920237
2,0.099356055
3,0.081092045
0,0.03598438
7,0.02182563
4,0.01881487
SELECT,0.01673429
5,0.011866389
6,0.008818352
