Token,Probability
2,0.43573952
▁SELECT,0.31879383
1,0.16538806
▁CREATE,0.018126179
3,0.01170314
SELECT,0.008562199
4,0.008234187
<0x0A>,0.006167121
7,0.005748389
5,0.005615228
