Token,Probability
▁SELECT,0.8570104
▁CREATE,0.074884735
2,0.022135885
1,0.018933825
<0x0A>,0.0076499567
SELECT,0.005729553
3,0.0024260455
4,0.0021746932
5,0.0013502976
9,0.0013087534
