Token,Probability
▁SELECT,0.43768972
0,0.29156423
1,0.09919973
2,0.06817891
▁CREATE,0.027980566
<0x0A>,0.027762821
SELECT,0.011755519
4,0.0057291817
3,0.0056403596
5,0.0052986275
