Token,Probability
1,0.57178813
2,0.20708795
4,0.049187697
3,0.048425112
7,0.030303663
▁SELECT,0.026742889
5,0.02397217
6,0.016998814
9,0.01132365
8,0.009242095
