Token,Probability
5,0.9036017
1,0.031406462
▁SELECT,0.030440185
2,0.015547326
4,0.0057195416
SELECT,0.0028985227
3,0.0021879198
6,0.0017718314
7,0.0015882594
0,0.0014804205
