Token,Probability
▁SELECT,0.7666381
<0x0A>,0.14404704
1,0.031152355
SELECT,0.013823774
2,0.012199438
4,0.0042824056
3,0.003960578
7,0.0035502391
5,0.0031824135
0,0.0023465645
