Token,Probability
▁SELECT,0.3416948
1,0.24229789
2,0.14243957
4,0.073896684
3,0.048085485
7,0.026763605
<0x0A>,0.023434995
5,0.022537215
SELECT,0.016617902
0,0.016360264
