Token,Probability
▁SELECT,0.8738441
1,0.07172949
2,0.01527209
<0x0A>,0.013477572
SELECT,0.0065173283
7,0.0029606298
3,0.0024163956
4,0.0020830631
▁CREATE,0.002034809
5,0.0018672458
