Token,Probability
▁SELECT,0.65015996
1,0.14967532
<0x0A>,0.087989576
2,0.04188932
3,0.009795331
SELECT,0.009568423
4,0.009130253
7,0.00864435
5,0.008378391
0,0.005624986
