Token,Probability
▁SELECT,0.6946764
1,0.10165361
2,0.09549474
<0x0A>,0.039190963
▁CREATE,0.011141019
7,0.009755402
3,0.009381678
4,0.007962127
5,0.0069718705
9,0.0046806927
