Token,Probability
3,0.6127881
1,0.18113981
2,0.09695716
4,0.02777869
7,0.016848627
5,0.015582434
6,0.01332836
▁SELECT,0.012230792
8,0.009751238
9,0.0069146627
