Token,Probability
▁SELECT,0.38447052
6,0.18447097
1,0.15293181
2,0.0805894
7,0.044505697
4,0.03632449
3,0.031313665
5,0.031313665
<0x0A>,0.012553408
8,0.0111652315
