Token,Probability
2,0.35435918
▁SELECT,0.3434567
1,0.16223747
3,0.038837004
4,0.027973244
SELECT,0.015090435
▁CREATE,0.013421711
5,0.0102106985
7,0.007828814
9,0.0056831096
