Token,Probability
▁SELECT,0.8562143
1,0.0530519
<0x0A>,0.0319272
2,0.023912366
SELECT,0.009813616
3,0.0042207832
4,0.0033651018
9,0.0026003493
5,0.0017187258
8,0.0015895615
