Token,Probability
5,0.6754097
2,0.15307753
1,0.048926517
4,0.032592084
7,0.025984677
3,0.01613425
6,0.01153063
0,0.010096557
▁CREATE,0.006725757
8,0.00536224
