Token,Probability
1,0.9086324
▁SELECT,0.0504668
2,0.012464419
▁CREATE,0.010252952
9,0.007619347
SELECT,0.003684475
<0x0A>,0.0018239475
3,0.00076629786
7,0.00070319447
4,0.00040697772
