Token,Probability
2,0.68288463
▁SELECT,0.2287377
1,0.03792843
▁CREATE,0.023735005
3,0.009222429
<0x0A>,0.003611555
SELECT,0.003237377
4,0.0022424653
5,0.0019331261
7,0.0017601314
