Token,Probability
<0x0A>,0.2492611
▁SELECT,0.15844
5,0.1398228
▁AV,0.100710586
1,0.097612046
2,0.097612046
4,0.034804646
3,0.03144338
7,0.023004469
6,0.020782804
