Token,Probability
▁SELECT,0.53511614
▁CREATE,0.16193117
1,0.12319073
<0x0A>,0.06697764
2,0.041587356
SELECT,0.011105981
7,0.0074562035
3,0.007170561
4,0.005084689
▁VARCHAR,0.0046659727
