Token,Probability
▁SELECT,0.32643738
1,0.22087859
2,0.18027583
4,0.05246326
3,0.050060794
7,0.038987383
5,0.031327244
6,0.029892664
▁CREATE,0.025172148
8,0.016125884
