Token,Probability
2,0.49442068
1,0.18188722
▁SELECT,0.12500912
3,0.048954275
7,0.043882325
4,0.030159853
5,0.022065422
6,0.018292878
8,0.014930211
9,0.007991565
