Token,Probability
1,0.44222936
2,0.3609371
▁SELECT,0.110079594
3,0.02783248
7,0.0104002375
9,0.009469524
4,0.009469524
5,0.008227265
6,0.0062102657
8,0.0054805405
