Token,Probability
▁SELECT,0.8339245
<0x0A>,0.09356373
1,0.040556878
2,0.0073284777
SELECT,0.0060282415
▁CREATE,0.0027815762
0,0.0025927143
<0x09>,0.0020996442
3,0.0015481805
4,0.0012057242
