Token,Probability
▁SELECT,0.84611124
1,0.040829334
2,0.030341785
SELECT,0.018547563
<0x0A>,0.018403223
3,0.0131521905
8,0.004992008
4,0.00495316
9,0.0045809243
7,0.0045809243
