Token,Probability
2,0.40418297
▁SELECT,0.18504845
1,0.17657447
3,0.061983466
9,0.040019535
7,0.03068404
5,0.022802444
8,0.022802444
4,0.022448923
6,0.018038217
