Token,Probability
2,0.8586817
1,0.071594864
▁SELECT,0.022883091
▁CREATE,0.013879296
3,0.0071444497
4,0.004872091
7,0.0047592293
8,0.0032709672
<0x0A>,0.0029782497
5,0.0024498412
