Token,Probability
▁SELECT,0.6459468
1,0.10462732
2,0.08084973
<0x0A>,0.053857528
▁CREATE,0.029511487
4,0.013095643
3,0.0125939585
7,0.011114128
5,0.010119529
SELECT,0.0068472163
