Token,Probability
2,0.21233465
1,0.1830439
<0x0A>,0.1760316
9,0.10429527
▁CREATE,0.0516299
3,0.038368087
8,0.028961752
7,0.026369972
ql,0.019750198
6,0.019444
