Token,Probability
▁SELECT,0.6585692
1,0.13379645
2,0.09942908
<0x0A>,0.037153933
▁CREATE,0.015129284
3,0.009034107
7,0.008756157
5,0.0058786054
SELECT,0.0055224393
8,0.004950282
