Token,Probability
1,0.2643795
2,0.16804984
▁SELECT,0.1578682
5,0.13293837
7,0.06378453
6,0.044528775
4,0.039915334
3,0.031823277
▁CREATE,0.031329904
8,0.01563107
