Token,Probability
▁SELECT,0.80418855
1,0.058255225
▁CREATE,0.046809383
2,0.036455188
<0x0A>,0.021098642
SELECT,0.006796422
3,0.0049723685
4,0.00399541
7,0.00399541
5,0.0030874137
