Token,Probability
▁SELECT,0.6165234
<0x0A>,0.17120235
1,0.11674986
2,0.026050415
SELECT,0.0077004884
9,0.0074635698
4,0.0074635698
5,0.0069026733
3,0.0063342494
▁CREATE,0.004562388
