Token,Probability
9,0.96057177
▁SELECT,0.024047446
1,0.0045183813
8,0.002167943
2,0.0020365939
▁CREATE,0.0018835415
7,0.0015615106
SELECT,0.001399729
0,0.00053544407
3,0.00028660256
