Token,Probability
▁SELECT,0.5316394
<0x0A>,0.37698874
1,0.03217784
<0x09>,0.014617441
​,0.008459926
2,0.0060460363
SELECT,0.0042872815
﻿,0.0039650877
4,0.0017732967
0,0.0017458042
