Token,Probability
▁SELECT,0.8818218
<0x0A>,0.06488491
1,0.025409294
2,0.0068924567
SELECT,0.0061783576
▁CREATE,0.0041804863
0,0.002400651
7,0.0011518451
3,0.0010736376
4,0.0008900768
