Token,Probability
▁SELECT,0.4897191
2,0.24242853
1,0.0878018
<0x0A>,0.06838011
3,0.029873054
SELECT,0.024765633
4,0.013050572
5,0.009622888
7,0.008625902
6,0.0068771685
