Token,Probability
1,0.35357064
2,0.18631865
9,0.11659523
7,0.077669166
8,0.060488805
3,0.04565935
4,0.04565935
▁SELECT,0.035559535
6,0.03041568
5,0.02857289
