Token,Probability
▁SELECT,0.5201788
1,0.13255332
<0x0A>,0.09473159
2,0.07095069
▁CREATE,0.026306013
4,0.0261013
9,0.018947512
7,0.018653758
3,0.017523581
5,0.014080594
