Token,Probability
1,0.7094912
4,0.08473664
2,0.058238585
<0x0A>,0.044653073
3,0.0292842
9,0.014050711
7,0.013725228
0,0.013407283
6,0.010199723
8,0.008656392
