Token,Probability
▁SELECT,0.493579
1,0.17462143
2,0.09719146
▁CREATE,0.06627882
<0x0A>,0.05284208
4,0.017978614
5,0.016498102
7,0.015377924
3,0.012949509
0,0.010324249
