Token,Probability
▁SELECT,0.5058215
8,0.17756006
1,0.104382165
2,0.049306646
7,0.049306646
9,0.018714694
▁CREATE,0.017580828
SELECT,0.01358541
3,0.013374788
6,0.013167431
