Token,Probability
▁SELECT,0.5595393
1,0.25220412
2,0.081878684
<0x0A>,0.026375255
▁CREATE,0.018412896
0,0.009186534
3,0.008364434
7,0.0077358377
SELECT,0.006988747
5,0.0063138064
