Token,Probability
2,0.9792174
▁CREATE,0.0073605063
1,0.006495624
▁SELECT,0.0040018377
nd,0.0008929307
<0x0A>,0.0005587817
SELECT,0.0002639498
3,0.00017999813
0,0.00015157362
4,9.863084e-05
