Token,Probability
▁SELECT,0.247441
1,0.21836591
<0x0A>,0.18103169
2,0.12442114
7,0.046130978
9,0.028420469
4,0.026284639
5,0.026080089
0,0.022307482
3,0.0211203
