Token,Probability
1,0.28022915
2,0.2716074
▁SELECT,0.14538097
7,0.069754556
4,0.049463384
3,0.031196166
6,0.030001057
5,0.02976759
SELECT,0.024295598
▁CREATE,0.022294894
