Token,Probability
▁SELECT,0.34559858
1,0.21291712
<0x0A>,0.15699524
2,0.13220324
7,0.023702735
▁CREATE,0.020754809
3,0.018316055
9,0.015666552
4,0.014717364
5,0.0104361735
