Token,Probability
5,0.64470035
▁SELECT,0.14162187
2,0.094340496
1,0.029685559
3,0.018869288
4,0.018005202
7,0.014467586
<0x0A>,0.0084388675
6,0.00798976
8,0.0075056846
