Token,Probability
1,0.37039623
▁SELECT,0.25062266
2,0.20455222
3,0.036674194
4,0.033132374
0,0.023130126
7,0.015773375
5,0.013179147
SELECT,0.011184997
▁CREATE,0.010263931
