Token,Probability
1,0.3570921
▁SELECT,0.26954728
2,0.1535834
▁CREATE,0.041336413
7,0.03535691
4,0.031202361
3,0.027535988
8,0.01723158
5,0.01644249
<0x0A>,0.015206818
