Token,Probability
▁SELECT,0.6710315
1,0.12608308
2,0.07072619
▁CREATE,0.06541104
SELECT,0.018740578
7,0.009205062
<0x0A>,0.0077514397
4,0.006948345
3,0.0055397036
5,0.004451277
