Token,Probability
▁SELECT,0.58351654
7,0.25096735
1,0.062470708
2,0.024084605
<0x0A>,0.019504305
SELECT,0.010198063
6,0.00794226
5,0.0072882273
▁CREATE,0.006954475
3,0.0061373026
