Token,Probability
▁SELECT,0.5576803
1,0.17824535
2,0.07666237
7,0.029325968
4,0.021964135
5,0.021122703
3,0.020795226
SELECT,0.020633398
9,0.016709432
6,0.013218249
