Token,Probability
1,0.52605027
2,0.15794893
▁SELECT,0.063817136
4,0.048171703
3,0.043180835
5,0.03870705
9,0.029677726
7,0.029677726
6,0.022754703
0,0.012764231
