Token,Probability
▁SELECT,0.406537
2,0.337031
1,0.1721386
3,0.013910931
▁CREATE,0.013695261
7,0.011623019
4,0.0089815715
5,0.007864527
<0x0A>,0.0050382055
8,0.004960095
