Token,Probability
1,0.40110546
▁SELECT,0.28890544
2,0.16206126
3,0.029055983
4,0.026045615
7,0.023347136
5,0.0165556
SELECT,0.014610265
9,0.010523379
8,0.00921458
