Token,Probability
▁SELECT,0.71530724
1,0.101452135
2,0.057355836
<0x0A>,0.04262324
▁CREATE,0.017492542
3,0.010861366
4,0.009736067
5,0.008327699
7,0.0070676254
9,0.0062860763
