Token,Probability
▁SELECT,0.5817899
2,0.16931051
1,0.15176898
▁CREATE,0.032566916
7,0.011703166
<0x0A>,0.008363876
9,0.0073236544
SELECT,0.006463103
3,0.006264254
8,0.0060715233
