Token,Probability
▁SELECT,0.31900465
1,0.29045707
2,0.14155747
▁CREATE,0.107691236
<0x0A>,0.034962226
4,0.018280424
3,0.015155003
ql,0.009861549
7,0.009049466
8,0.0082396325
