Token,Probability
▁SELECT,0.5032152
2,0.24524748
1,0.09022152
3,0.033190638
6,0.021429488
4,0.020608537
7,0.019664802
5,0.014843771
9,0.012402436
SELECT,0.012305919
