Token,Probability
1,0.27021778
2,0.18571779
7,0.102563106
▁SELECT,0.070490524
<0x0A>,0.06621972
6,0.057532683
9,0.054046955
4,0.050772417
5,0.049985267
3,0.049210314
