Token,Probability
2,0.73365104
1,0.11076474
▁CREATE,0.08360961
4,0.009985745
7,0.009908035
3,0.009454314
▁SELECT,0.0066519394
6,0.0051002195
</s>,0.0043624486
8,0.0040981416
