Token,Probability
▁SELECT,0.45353034
1,0.19813274
2,0.12594083
3,0.03363273
7,0.03209257
4,0.031595025
5,0.03110519
<0x0A>,0.030148186
6,0.017723203
8,0.012666202
