Token,Probability
▁SELECT,0.85537744
<0x0A>,0.05383468
1,0.035305645
SELECT,0.019045968
2,0.012201304
0,0.0035231495
4,0.0027438316
3,0.0024214229
7,0.0022925572
9,0.002055035
