Token,Probability
▁SELECT,0.61762255
2,0.120670654
1,0.11247742
▁CREATE,0.044740427
3,0.012619616
SELECT,0.012136166
5,0.011312151
7,0.01087879
4,0.009982939
<0x0A>,0.007959093
