Token,Probability
▁SELECT,0.58180755
<0x0A>,0.24253348
1,0.061803024
2,0.040849302
3,0.008495846
4,0.008106792
5,0.007796226
<0x09>,0.0059775743
▁CREATE,0.005659453
7,0.0053165643
