Token,Probability
▁SELECT,0.7649981
<0x0A>,0.085830405
1,0.078149475
2,0.017574271
SELECT,0.016127056
4,0.0070453887
3,0.0056611286
5,0.004656718
7,0.0038305116
6,0.002759014
