Token,Probability
▁SELECT,0.7209484
1,0.11407061
<0x0A>,0.057358302
2,0.046088688
SELECT,0.015198437
3,0.008009014
0,0.0069583515
4,0.006744265
5,0.004671616
7,0.003964749
