Token,Probability
▁SELECT,0.6896836
1,0.1152577
<0x0A>,0.057056695
2,0.03921446
SELECT,0.020028785
4,0.009685288
▁CREATE,0.008749929
7,0.008414723
3,0.008155829
5,0.0067614205
