Token,Probability
▁SELECT,0.6824017
▁CREATE,0.10629769
2,0.089511625
1,0.07305726
SELECT,0.00879388
4,0.0058124
3,0.005129425
<0x0A>,0.0047439425
▁VARCHAR,0.003723563
0,0.0033118057
