Token,Probability
▁SELECT,0.8307259
<0x0A>,0.0889367
1,0.028425878
SELECT,0.015698262
2,0.010056684
▁CREATE,0.0038170863
3,0.0031644758
4,0.0027926401
7,0.0021749104
5,0.0020114633
