Token,Probability
▁SELECT,0.794384
▁CREATE,0.06675335
1,0.04243101
<0x0A>,0.03986025
2,0.017010266
SELECT,0.010317247
4,0.003885511
3,0.0036787281
9,0.003073692
7,0.0025681658
