Token,Probability
▁SELECT,0.49611706
2,0.40491894
1,0.04472631
<0x0A>,0.03349846
SELECT,0.0075922227
3,0.0019498441
0,0.0017207314
▁CREATE,0.00166779
4,0.0010684264
5,0.00089270365
