Token,Probability
▁SELECT,0.74864995
1,0.08666252
2,0.07184576
<0x0A>,0.020107323
SELECT,0.013186705
4,0.009647599
▁CREATE,0.009278006
7,0.00739707
3,0.007225718
5,0.00599033
