Token,Probability
▁SELECT,0.39541373
1,0.23611231
2,0.132447
7,0.043676384
4,0.035927217
3,0.033487845
5,0.029094746
8,0.02886833
9,0.026491066
6,0.01710392
