Token,Probability
2,0.56583536
▁SELECT,0.1925158
1,0.12429754
3,0.03192225
4,0.028614918
SELECT,0.014961657
5,0.011032035
7,0.0074646473
<0x0A>,0.0066912663
6,0.005050833
