Token,Probability
▁SELECT,0.6668134
1,0.107166655
▁CREATE,0.0796395
2,0.06106172
<0x0A>,0.023912115
7,0.008660394
5,0.008135687
4,0.0077631273
3,0.0069046672
SELECT,0.005504881
