Token,Probability
▁SELECT,0.5974175
1,0.1582999
2,0.09526655
▁CREATE,0.024466472
3,0.018613111
7,0.016045505
<0x0A>,0.015310727
4,0.014956055
5,0.013406522
8,0.009581208
