Token,Probability
3,0.38770437
2,0.20590822
1,0.17204277
<0x0A>,0.06843388
▁CREATE,0.042491566
4,0.021533677
▁SELECT,0.011707657
6,0.00970599
7,0.0071010534
0,0.006670822
