Token,Probability
▁SELECT,0.7116042
2,0.090470314
1,0.06516333
<0x0A>,0.06217928
▁CREATE,0.017266564
SELECT,0.008220117
4,0.007722085
3,0.0076023648
7,0.0069763223
5,0.0053489315
