Token,Probability
1,0.30027756
▁SELECT,0.18499564
<0x0A>,0.13964204
2,0.10706727
9,0.08209132
3,0.03189725
4,0.030675285
7,0.027497146
5,0.025232801
0,0.020918727
