Token,Probability
7,0.5273984
▁SELECT,0.38585293
1,0.03533349
2,0.011031654
<0x0A>,0.007701336
SELECT,0.005418567
5,0.0048571713
6,0.0044571916
4,0.0040901485
8,0.003111621
