Token,Probability
1,0.53888786
2,0.22640379
<0x0A>,0.06046154
3,0.047829013
4,0.028784009
8,0.016921246
6,0.015649594
9,0.014473509
7,0.012476944
5,0.0066264556
