Token,Probability
▁SELECT,0.6645951
<0x0A>,0.12487372
1,0.11369882
2,0.034138575
3,0.009857578
4,0.008631584
7,0.00749925
5,0.0072119585
SELECT,0.005932395
9,0.004918128
