Token,Probability
2,0.9351538
1,0.040450785
0,0.0055173542
3,0.0051830746
4,0.0050236084
▁SELECT,0.002336195
7,0.0010949525
▁CREATE,0.0010206079
5,0.00096629217
<0x0A>,0.0007124992
