Token,Probability
▁SELECT,0.6976513
1,0.12705176
<0x0A>,0.07016464
2,0.029021358
SELECT,0.010929543
7,0.009275783
3,0.008920433
4,0.008379972
0,0.0081858495
9,0.007001728
