Token,Probability
▁SELECT,0.34464705
1,0.20579815
2,0.11817993
<0x0A>,0.070568465
▁CREATE,0.046642907
3,0.03576236
4,0.030589163
7,0.029880568
5,0.022379512
6,0.022379512
