Token,Probability
▁SELECT,0.8972345
▁CREATE,0.029067766
1,0.018190142
<0x0A>,0.016433423
2,0.014277606
SELECT,0.005723782
7,0.0032107504
3,0.002056884
8,0.002056884
5,0.0019023069
