Token,Probability
▁SELECT,0.7443835
1,0.09612807
2,0.053086963
<0x0A>,0.037644293
▁CREATE,0.025471402
SELECT,0.00649069
3,0.00649069
7,0.005683438
0,0.005015617
4,0.004460982
