Token,Probability
6,0.8315664
▁SELECT,0.094768405
7,0.014762071
1,0.013129658
▁CREATE,0.011230392
2,0.008543632
4,0.008477144
SELECT,0.0044323774
<0x0A>,0.0041638333
5,0.0037912135
