Token,Probability
7,0.9533549
1,0.015409547
▁SELECT,0.010105828
2,0.0070550046
3,0.0038961438
4,0.0032808818
6,0.0019899553
5,0.0017561296
8,0.0011882568
9,0.0006877102
