Token,Probability
▁SELECT,0.8087337
1,0.07883402
<0x0A>,0.055901695
2,0.020405045
SELECT,0.0075065973
▁CREATE,0.0053229737
7,0.0036584232
5,0.0028270104
0,0.0027187092
4,0.0027187092
