Token,Probability
▁SELECT,0.76653874
2,0.08079258
1,0.05819272
<0x0A>,0.017609663
SELECT,0.016159534
4,0.011458825
3,0.008785787
9,0.008318216
5,0.006950129
7,0.0068960427
