Token,Probability
1,0.4208111
2,0.19417241
3,0.05830113
<0x0A>,0.05105018
4,0.049867596
6,0.047213692
7,0.04505162
0,0.029777303
9,0.02732519
8,0.026692202
