Token,Probability
<0x0A>,0.58151716
▁SELECT,0.3161654
1,0.03717515
▁M,0.017153513
​,0.008761157
2,0.0060686767
<0x09>,0.0047633587
SELECT,0.0034042187
﻿,0.0027353668
0,0.0024905796
