Token,Probability
1,0.49536663
2,0.29579693
0,0.042613585
3,0.041626446
4,0.035327904
7,0.020446224
5,0.017352482
9,0.01102991
6,0.010524814
8,0.009733861
