Token,Probability
▁SELECT,0.30057195
1,0.20022409
2,0.14421599
<0x0A>,0.13761187
3,0.03703773
4,0.03703773
7,0.029299255
5,0.028845014
0,0.022464518
6,0.017910276
