Token,Probability
3,0.31059697
1,0.28280175
▁SELECT,0.14902605
2,0.112490766
4,0.03539679
5,0.021637624
7,0.019095136
<0x0A>,0.01793822
6,0.015105497
8,0.009752842
