Token,Probability
1,0.6289318
▁SELECT,0.20101868
2,0.082497895
9,0.012750689
7,0.012651461
3,0.011978163
▁CREATE,0.010008131
<0x0A>,0.007733684
4,0.0066668526
5,0.006512414
