Token,Probability
▁SELECT,0.7031935
1,0.12030222
2,0.08268242
▁CREATE,0.024440879
<0x0A>,0.022604119
SELECT,0.008579555
7,0.0062769363
3,0.0059894947
9,0.0039588143
5,0.003661305
