Token,Probability
▁SELECT,0.3914922
2,0.2864218
1,0.16066808
3,0.043924205
4,0.027060919
5,0.020109966
7,0.01859868
6,0.01200821
SELECT,0.010933599
8,0.008317844
