Token,Probability
▁SELECT,0.3512177
9,0.2735286
1,0.17660333
2,0.045355488
7,0.031172339
8,0.025842778
5,0.02465935
<0x0A>,0.019204723
4,0.016685352
6,0.015311339
