Token,Probability
▁SELECT,0.7168
1,0.09550435
2,0.06772272
<0x0A>,0.040124387
4,0.014084984
3,0.010631904
5,0.009456211
7,0.0086099785
0,0.0062991944
▁CREATE,0.006153274
