Token,Probability
1,0.4754884
2,0.21099669
3,0.07291851
4,0.04634982
▁SELECT,0.04492379
7,0.041547712
5,0.029004976
6,0.024809273
<0x0A>,0.016656157
0,0.0126713365
