Token,Probability
▁SELECT,0.54139066
1,0.2478667
2,0.05402536
<0x0A>,0.025519773
4,0.020187803
3,0.018381203
5,0.016606033
7,0.016476803
9,0.011775441
SELECT,0.011683805
