Token,Probability
▁SELECT,0.5374131
1,0.17722006
2,0.07049326
3,0.042093452
4,0.034896698
5,0.028930377
7,0.028481852
6,0.017410608
9,0.0156067675
8,0.013665743
