Token,Probability
▁SELECT,0.7560063
<0x0A>,0.107224494
1,0.06709937
2,0.018632824
SELECT,0.0074116252
3,0.0052556293
4,0.0052556293
7,0.0049372064
5,0.004860662
​,0.0040612356
