Token,Probability
▁SELECT,0.7790776
1,0.123267986
<0x0A>,0.029278712
2,0.023161367
3,0.006431679
4,0.0058561102
7,0.005810538
5,0.0053320494
SELECT,0.0045965137
9,0.0039316067
