Token,Probability
▁SELECT,0.81799304
1,0.053952493
2,0.045432553
<0x0A>,0.020160573
3,0.009673148
7,0.008404178
5,0.008209494
4,0.008082218
SELECT,0.00741666
0,0.0060061947
