Token,Probability
▁SELECT,0.8667736
1,0.03577602
2,0.028080922
<0x0A>,0.0257685
▁CREATE,0.01514852
SELECT,0.008564196
3,0.0029597073
4,0.002571438
5,0.002131797
7,0.0020987466
