Token,Probability
▁SELECT,0.5136009
2,0.3066851
1,0.07633996
3,0.04852463
<0x0A>,0.014343854
7,0.006828698
▁CREATE,0.0065159895
SELECT,0.004957103
4,0.004957103
9,0.0034069638
