Token,Probability
1,0.868932
▁SELECT,0.04463485
2,0.03586511
3,0.030677054
<0x0A>,0.0045597367
4,0.003158437
9,0.0021877857
5,0.0021371054
7,0.0020552343
6,0.0014919401
