Token,Probability
▁SELECT,0.52760106
2,0.21317008
1,0.13763297
▁CREATE,0.028624926
3,0.01473485
SELECT,0.012120558
4,0.011035892
9,0.009007233
<0x0A>,0.008937138
7,0.008730109
