Token,Probability
▁SELECT,0.6660079
1,0.12513918
2,0.060042433
<0x0A>,0.02972316
3,0.02042841
4,0.019645808
SELECT,0.018311908
7,0.016286947
5,0.011731049
6,0.009801658
