Token,Probability
1,0.40911153
2,0.294672
3,0.06473085
4,0.052012693
5,0.03895571
7,0.038351756
6,0.029405313
9,0.02344396
0,0.019284476
8,0.018401375
