Token,Probability
▁SELECT,0.30322435
3,0.30322435
2,0.2985233
1,0.030023277
<0x0A>,0.018210037
▁CREATE,0.014632176
SELECT,0.012321527
4,0.007020595
5,0.0024837896
9,0.0021244977
