Token,Probability
▁SELECT,0.49279213
1,0.27643132
2,0.092592895
<0x0A>,0.032503165
3,0.02049949
4,0.019257488
7,0.016994672
5,0.012051027
0,0.008412973
6,0.007029302
