Token,Probability
▁SELECT,0.5196889
▁CREATE,0.1810083
2,0.10313542
1,0.06924185
<0x0A>,0.032707535
4,0.011215458
▁College,0.008941742
SELECT,0.007648277
3,0.0072412435
7,0.006541918
