Token,Probability
<0x0A>,0.55123377
▁SELECT,0.32915673
1,0.047419522
2,0.00877173
9,0.0071592773
▁MAX,0.006220088
<0x09>,0.004997981
SELECT,0.004622377
5,0.004308529
4,0.0040159905
