Token,Probability
▁SELECT,0.78737915
1,0.061192356
▁CREATE,0.05152913
2,0.03275391
<0x0A>,0.012049491
SELECT,0.0076591223
0,0.0071390863
3,0.0067591514
7,0.0061542774
4,0.005559927
