Token,Probability
1,0.25997686
▁SELECT,0.24422567
0,0.20889728
2,0.110081136
<0x0A>,0.040814202
4,0.0213402
9,0.020522669
3,0.020522669
▁CREATE,0.018253239
7,0.015983071
