Token,Probability
▁SELECT,0.84090936
1,0.044219743
<0x0A>,0.043534182
2,0.020087723
SELECT,0.01946969
4,0.005800368
3,0.0050002295
7,0.0035456938
5,0.0035181008
9,0.0023991363
