Token,Probability
▁SELECT,0.5853197
▁CREATE,0.18132359
2,0.11525628
1,0.056171432
4,0.012730914
<0x0A>,0.008092262
6,0.006814368
3,0.006708721
5,0.005605346
SELECT,0.005143754
