Token,Probability
▁SELECT,0.8114314
<0x0A>,0.13454852
1,0.026911398
SELECT,0.008271884
2,0.0048627905
▁CREATE,0.0021078633
0,0.0016416057
<0x09>,0.001616155
3,0.001448712
4,0.0014041399
