Token,Probability
1,0.46016413
▁SELECT,0.24630812
2,0.09061168
0,0.030114919
7,0.02829035
5,0.02699484
4,0.025359305
3,0.024771858
9,0.018845435
SELECT,0.012652227
