Token,Probability
▁SELECT,0.8626343
<0x0A>,0.06863076
1,0.034509715
2,0.0085232975
SELECT,0.0073475423
3,0.0029919592
4,0.002519482
7,0.0020403387
5,0.0019621747
6,0.0012668752
