Token,Probability
▁SELECT,0.88746625
<0x0A>,0.046304796
1,0.019454105
SELECT,0.014799901
2,0.009261542
▁CREATE,0.006465598
4,0.0027591784
3,0.002165704
5,0.0018095134
7,0.0017132129
