Token,Probability
▁SELECT,0.44408983
2,0.1312727
1,0.12723386
5,0.07363731
4,0.04829253
3,0.041306786
7,0.033190936
▁CREATE,0.026669666
6,0.021429678
SELECT,0.014960326
