Token,Probability
▁SELECT,0.82350224
<0x0A>,0.06759718
1,0.06654919
SELECT,0.009738296
2,0.007525173
3,0.004155795
5,0.0040279347
4,0.0037252307
7,0.003391861
9,0.0025403867
