Token,Probability
1,0.95127875
▁SELECT,0.029637996
▁CREATE,0.00835978
2,0.003827386
<0x0A>,0.0026511531
SELECT,0.001595492
0,0.00031911847
nd,0.00029283954
</s>,0.0002604569
CREATE,0.0002210469
