Token,Probability
▁SELECT,0.49065247
1,0.23541763
<0x0A>,0.09076159
2,0.08009682
4,0.0158957
3,0.014932627
5,0.01391874
7,0.013177998
0,0.008442142
6,0.007868942
