Token,Probability
▁SELECT,0.70015246
1,0.12166825
2,0.06023015
<0x0A>,0.029125402
3,0.016466008
7,0.0124291945
4,0.009236593
SELECT,0.009022628
▁CREATE,0.009022628
6,0.008410014
