Token,Probability
▁SELECT,0.3978811
1,0.23390222
2,0.13537222
7,0.041936357
4,0.03878479
3,0.034227457
5,0.027935635
9,0.022446916
8,0.020438148
6,0.01707671
