Token,Probability
1,0.2556233
2,0.21525642
▁SELECT,0.13261563
<0x0A>,0.103281155
7,0.045120195
9,0.043053992
3,0.042718947
4,0.040762704
5,0.040445484
6,0.031746022
