Token,Probability
▁SELECT,0.549186
1,0.1958183
2,0.1115739
4,0.021970203
3,0.01879211
<0x0A>,0.016977258
5,0.015457968
▁CREATE,0.01418503
7,0.013856433
SELECT,0.010876038
