Token,Probability
4,0.24417506
2,0.23299348
1,0.14809966
▁SELECT,0.12471243
3,0.07105899
7,0.03803514
5,0.035730705
6,0.025535585
9,0.022185702
<0x0A>,0.021335779
