Token,Probability
▁SELECT,0.61680174
1,0.25313494
2,0.033726964
0,0.01202572
<0x0A>,0.011565022
3,0.011209202
4,0.010779786
9,0.009077489
5,0.008200828
7,0.008200828
