Token,Probability
▁SELECT,0.74266535
1,0.10369932
▁CREATE,0.04898409
<0x0A>,0.033666242
2,0.027051585
4,0.0095704775
SELECT,0.009203838
5,0.0049264594
3,0.0041810316
7,0.0041810316
