Token,Probability
2,0.38697574
1,0.24985033
5,0.09336225
3,0.07861889
4,0.05662706
7,0.027383057
6,0.026748732
0,0.017679831
8,0.015848098
9,0.015004678
