Token,Probability
▁SELECT,0.8030242
<0x0A>,0.08800972
▁CREATE,0.051335614
1,0.018885318
SELECT,0.008059264
2,0.007811307
▁JOIN,0.0034125072
​,0.0015746135
4,0.001216767
▁VARCHAR,0.001179331
