Token,Probability
2,0.5461234
1,0.23488477
▁SELECT,0.09198219
3,0.02894348
4,0.020364283
7,0.015613838
5,0.0119715445
8,0.010320116
9,0.010081051
6,0.008827263
