Token,Probability
▁SELECT,0.6783923
1,0.13999414
<0x0A>,0.067169935
2,0.043708306
SELECT,0.020971475
4,0.00789793
3,0.0071351854
7,0.0062477766
0,0.005778249
5,0.005099287
