Token,Probability
▁SELECT,0.5695477
1,0.24116169
2,0.048235368
<0x0A>,0.024444494
3,0.018742245
7,0.017469693
4,0.016539972
5,0.01360541
SELECT,0.012982374
0,0.011367747
