Token,Probability
▁SELECT,0.5619509
SELECT,0.18101902
▁CREATE,0.09245546
CREATE,0.04167294
1,0.014628578
创,0.006802921
你,0.0062916735
<0x0A>,0.0054237614
選,0.005135114
2,0.0049383906
