Token,Probability
▁SELECT,0.2885065
2,0.2668249
1,0.16960421
▁CREATE,0.1496752
3,0.02190232
7,0.018443603
4,0.015531071
<0x0A>,0.014141201
5,0.011274349
6,0.010185526
