Token,Probability
▁SELECT,0.72241944
1,0.07152921
▁CREATE,0.07097256
2,0.07042025
<0x0A>,0.010715255
3,0.0074222405
7,0.0061053685
SELECT,0.0056026005
4,0.0055157403
9,0.0050615277
