Token,Probability
1,0.4975126
2,0.22076988
▁SELECT,0.057591267
3,0.04700462
4,0.03958186
7,0.0389682
5,0.024385676
8,0.018991584
9,0.017023945
6,0.016760012
