Token,Probability
2,0.4439232
1,0.2267338
3,0.059610937
4,0.046789158
7,0.043272898
5,0.038487714
0,0.038188197
6,0.03165913
9,0.023897566
8,0.02262576
