Token,Probability
▁SELECT,0.47805902
1,0.23665638
2,0.11005544
7,0.029161787
3,0.026970247
4,0.023801157
5,0.023432154
<0x0A>,0.020678805
6,0.01335124
8,0.011782427
