Token,Probability
▁SELECT,0.4752306
1,0.23896095
2,0.090699345
7,0.03524197
3,0.03362812
4,0.0259858
5,0.024221428
8,0.017041903
9,0.015157383
6,0.013800953
