Token,Probability
6,0.8471823
▁SELECT,0.045606073
1,0.04217872
2,0.024411172
7,0.014806123
4,0.005982215
3,0.0050375294
5,0.00495943
9,0.0032020488
8,0.0031035321
