Token,Probability
▁SELECT,0.77473754
▁CREATE,0.06163774
1,0.053551797
2,0.05030726
<0x0A>,0.0125224665
SELECT,0.010220539
4,0.006547523
3,0.0060083447
5,0.004327649
7,0.004194501
