Token,Probability
▁SELECT,0.49658066
1,0.238262
2,0.094036534
<0x0A>,0.026524223
4,0.020657089
3,0.019104682
▁CREATE,0.018956007
5,0.018516893
7,0.013547249
0,0.012529156
