Token,Probability
▁SELECT,0.6317421
1,0.13036735
2,0.13036735
3,0.022129659
SELECT,0.012609101
5,0.010701204
<0x0A>,0.010291248
7,0.009011317
4,0.00880257
9,0.008204898
