Token,Probability
▁SELECT,0.64845115
1,0.12570798
2,0.10752374
▁CREATE,0.026764777
<0x0A>,0.014214667
3,0.013563728
SELECT,0.013353443
7,0.012741943
4,0.009177677
5,0.0068202713
