Token,Probability
▁SELECT,0.59618115
2,0.1507382
9,0.12302893
SELECT,0.05632675
1,0.04893753
▁CREATE,0.0077430415
8,0.0045876
<0x0A>,0.004177057
7,0.0023800158
3,0.0018827473
