Token,Probability
▁SELECT,0.70965177
1,0.13333961
2,0.04608094
<0x0A>,0.037905145
SELECT,0.022634197
4,0.011927383
3,0.011117543
5,0.005767706
7,0.0048190984
0,0.0032863398
