Token,Probability
▁SELECT,0.81617576
1,0.057304528
▁CREATE,0.03969369
<0x0A>,0.0297292
SELECT,0.01361102
2,0.012686865
4,0.0053719566
9,0.0034414048
3,0.0031334348
0,0.0027011896
