Token,Probability
▁SELECT,0.6803325
1,0.098779894
2,0.06895948
<0x0A>,0.060382936
7,0.013792763
5,0.012856269
3,0.012558455
4,0.011705766
▁CREATE,0.008631292
6,0.0068814657
