Token,Probability
▁SELECT,0.42491108
1,0.34680232
2,0.11084468
▁CREATE,0.035985995
3,0.010720871
4,0.010229927
<0x0A>,0.008547423
5,0.008284448
7,0.008284448
0,0.005348841
