Token,Probability
▁SELECT,0.50582457
2,0.13828473
1,0.12590969
<0x0A>,0.09504162
7,0.023290953
8,0.022051428
4,0.02170955
3,0.017444115
5,0.014016741
9,0.011088155
