Token,Probability
▁SELECT,0.484406
1,0.32776552
2,0.06763823
3,0.028416952
4,0.017644487
5,0.01301023
7,0.012414448
SELECT,0.01061864
<0x0A>,0.009820636
6,0.007708306
