Token,Probability
▁SELECT,0.60729975
▁CREATE,0.114108235
<0x0A>,0.074251644
1,0.07140711
2,0.058737885
0,0.011298246
7,0.008396143
SELECT,0.008265973
3,0.007826067
4,0.0071816016
