Token,Probability
1,0.6777813
▁SELECT,0.16871311
2,0.060156506
<0x0A>,0.01952996
0,0.013741042
3,0.013214632
7,0.0092253
4,0.0090115955
5,0.006963622
9,0.0051346524
