Token,Probability
▁SELECT,0.51515627
▁CREATE,0.16210109
1,0.12624447
2,0.12236034
<0x0A>,0.021597883
4,0.008726333
3,0.0079454165
SELECT,0.0062364293
7,0.005090025
5,0.0047075036
