Token,Probability
▁SELECT,0.8518406
<0x0A>,0.06170713
1,0.034077916
2,0.013876711
SELECT,0.00645327
▁CREATE,0.0049867
4,0.0044352636
3,0.0038534235
5,0.0038534235
7,0.0031450726
