Token,Probability
2,0.4309622
1,0.17412448
▁SELECT,0.14211626
▁CREATE,0.077267274
3,0.035100237
4,0.02649505
7,0.026288863
6,0.016841277
5,0.016710218
8,0.013116
