Token,Probability
▁SELECT,0.7810363
1,0.07855089
<0x0A>,0.063117415
2,0.022681715
3,0.009092925
SELECT,0.007363675
▁CREATE,0.0062984847
4,0.0062008356
5,0.006104701
7,0.0051006684
