Token,Probability
1,0.32543373
▁SELECT,0.26561126
2,0.119720384
<0x0A>,0.061147183
9,0.035946574
3,0.03430046
7,0.030746736
5,0.030034488
4,0.025891349
6,0.019391723
