Token,Probability
1,0.2803371
2,0.19570683
▁SELECT,0.13242187
3,0.08684438
7,0.06869956
4,0.058761846
6,0.04796002
5,0.04505427
<0x0A>,0.02247841
8,0.021957697
