Token,Probability
2,0.3412853
1,0.24581859
▁SELECT,0.18267685
3,0.042716864
7,0.03711305
4,0.035413526
9,0.025909087
5,0.023961987
▁CREATE,0.019865185
8,0.017259171
