Token,Probability
▁SELECT,0.76810783
<0x0A>,0.09919178
1,0.07257026
2,0.01644761
SELECT,0.007953544
4,0.004861904
3,0.004191223
0,0.0037277516
5,0.0036699579
7,0.0029259454
