Token,Probability
3,0.916764
▁SELECT,0.054202393
2,0.009129173
▁CREATE,0.0069995793
1,0.0061290367
SELECT,0.0017559985
<0x0A>,0.0011881678
4,0.00091814506
7,0.00045451472
0,0.00042365433
