Token,Probability
▁SELECT,0.8197884
1,0.08244829
2,0.025342524
<0x0A>,0.020683967
7,0.007375095
SELECT,0.005879938
▁CREATE,0.005879938
3,0.0058341804
5,0.005270743
4,0.00487464
