Token,Probability
▁SELECT,0.6387788
1,0.105919905
2,0.07871299
<0x0A>,0.03718138
▁CREATE,0.030110404
7,0.018406121
4,0.01812076
3,0.016628545
5,0.01467464
6,0.010487491
