Token,Probability
▁SELECT,0.34947076
1,0.21869323
2,0.15030551
3,0.085641496
7,0.05276219
4,0.04045418
5,0.034602292
6,0.022692738
8,0.013445002
9,0.011059555
