Token,Probability
1,0.46340498
2,0.24041134
9,0.079279244
3,0.05984311
7,0.031535104
8,0.02871304
6,0.028267885
5,0.027398173
4,0.027398173
0,0.0049507488
