Token,Probability
▁SELECT,0.71480834
1,0.08274507
▁CREATE,0.061490912
<0x0A>,0.045696165
2,0.042262044
3,0.0074596945
7,0.007401642
4,0.0071739177
5,0.0063806144
SELECT,0.006136177
