Token,Probability
▁SELECT,0.45632765
1,0.17592998
2,0.11358894
4,0.054076433
3,0.033840172
▁CREATE,0.030098071
7,0.027619543
9,0.0255439
5,0.019432776
0,0.017693743
