Token,Probability
2,0.5749783
▁SELECT,0.34874195
1,0.030000297
▁CREATE,0.018627608
<0x0A>,0.008396121
3,0.0046006944
4,0.0024818883
SELECT,0.002156302
5,0.0021228716
7,0.0020098947
