Token,Probability
4,0.5743473
▁SELECT,0.2112906
<0x0A>,0.09825924
1,0.050579526
2,0.021753984
3,0.006791924
5,0.0059938524
0,0.0055868845
SELECT,0.004024082
▁CREATE,0.0039927666
