Token,Probability
▁SELECT,0.44326633
1,0.43639416
9,0.037540514
2,0.026620213
SELECT,0.012379549
7,0.008376421
3,0.007392166
5,0.00627365
<0x0A>,0.005986359
4,0.0046258997
