Token,Probability
4,0.5480289
▁SELECT,0.15948549
1,0.10961267
2,0.06859387
3,0.02484305
7,0.019499533
5,0.015791204
6,0.010768664
▁CREATE,0.010684863
8,0.009804982
