Token,Probability
2,0.3497768
▁SELECT,0.23300159
1,0.1552125
3,0.12278321
4,0.025938613
7,0.02380261
9,0.018250095
8,0.016747227
6,0.015488653
SELECT,0.011420617
