Token,Probability
▁SELECT,0.895503
<0x0A>,0.030642426
1,0.025403464
▁CREATE,0.014250052
2,0.0106727965
SELECT,0.008311982
4,0.0031303212
3,0.0022723693
5,0.0020690158
7,0.0017836032
