Token,Probability
▁SELECT,0.3581004
2,0.2539312
1,0.15644248
▁CREATE,0.044126626
3,0.032792125
7,0.032536935
4,0.026764153
5,0.02380453
6,0.022714442
8,0.010079472
