Token,Probability
▁SELECT,0.47299403
2,0.17674497
1,0.14425503
▁CREATE,0.09684825
<0x0A>,0.024679126
3,0.012506773
4,0.011476859
7,0.011210998
0,0.009893671
SELECT,0.0077656317
