Token,Probability
2,0.9539542
▁SELECT,0.031638216
▁CREATE,0.006427693
<0x0A>,0.0037786458
1,0.0017710156
SELECT,0.0008564072
3,0.00028911035
4,0.00017672962
5,0.00014998847
</s>,0.00013133431
