Token,Probability
2,0.8373304
1,0.1015797
3,0.012131966
4,0.010540434
7,0.008469477
5,0.0069125853
▁SELECT,0.0061964015
6,0.005912648
8,0.004393907
9,0.002244188
