Token,Probability
6,0.73237246
1,0.06500175
2,0.052230373
7,0.037327364
4,0.027523475
3,0.024865385
5,0.021435302
0,0.0066403467
9,0.005635589
8,0.0055050408
