Token,Probability
▁SELECT,0.6766388
1,0.13323806
<0x0A>,0.079560086
2,0.042585447
3,0.009651734
4,0.009281982
7,0.009209749
5,0.008385572
SELECT,0.008064326
6,0.004559156
