Token,Probability
▁SELECT,0.67508835
2,0.09878725
1,0.07876006
▁CREATE,0.066322625
SELECT,0.013474259
3,0.011258164
4,0.010576067
<0x0A>,0.00955468
7,0.0071004354
5,0.005154363
