Token,Probability
1,0.3573974
2,0.2574237
▁SELECT,0.110716544
7,0.053958938
3,0.046880335
4,0.046880335
5,0.02888214
8,0.02888214
6,0.025093235
9,0.023572914
