Token,Probability
1,0.4802425
▁SELECT,0.3799031
2,0.04196312
<0x0A>,0.028840803
4,0.014615808
3,0.010946735
7,0.008795949
5,0.0067440877
SELECT,0.0066395304
0,0.005723633
