Token,Probability
3,0.89926577
2,0.045476858
1,0.027155472
▁SELECT,0.014996676
▁CREATE,0.0030947388
4,0.0023543534
7,0.0019981137
<0x0A>,0.0010779016
6,0.0008729112
5,0.0007763833
