Token,Probability
▁SELECT,0.5795006
1,0.13764347
2,0.1055349
7,0.028627113
4,0.02586244
3,0.024106447
<0x0A>,0.023002531
9,0.018483054
5,0.018196499
8,0.011566399
