Token,Probability
▁SELECT,0.69495064
<0x0A>,0.13684389
1,0.07676247
2,0.031014841
SELECT,0.018519808
3,0.007600513
4,0.006155083
5,0.0058275163
7,0.0046099443
0,0.0036467663
