Token,Probability
▁SELECT,0.8540913
<0x0A>,0.05049696
1,0.039327074
2,0.017588155
4,0.0051585888
SELECT,0.0042766207
3,0.004145043
5,0.00408078
7,0.0038939072
▁CREATE,0.0030803343
