Token,Probability
2,0.46734625
1,0.20738363
▁SELECT,0.17738463
3,0.033329584
7,0.024384445
4,0.022907065
5,0.015259395
8,0.01188403
<0x0A>,0.010905399
6,0.010164948
