Token,Probability
▁SELECT,0.92516166
2,0.024272485
1,0.017758131
▁CREATE,0.014953845
SELECT,0.009069966
<0x0A>,0.0020396556
0,0.0018141074
3,0.0013801
7,0.00067788234
4,0.0005935736
