Token,Probability
▁SELECT,0.6682928
1,0.15146452
2,0.05153321
0,0.034869116
<0x0A>,0.019867823
SELECT,0.017533291
3,0.01282763
4,0.011588798
5,0.008282141
7,0.005965402
