Token,Probability
2,0.41803655
1,0.32051975
3,0.0451056
4,0.041391224
▁SELECT,0.035128273
9,0.02550039
5,0.024523487
7,0.023955403
6,0.020812813
8,0.019248707
