Token,Probability
▁SELECT,0.87743837
SELECT,0.0404021
<0x0A>,0.025481284
1,0.020797215
2,0.009156891
▁CREATE,0.0038470982
4,0.0024453646
7,0.0024263344
9,0.002351684
5,0.0018314933
