Token,Probability
▁SELECT,0.6952369
1,0.098605566
<0x0A>,0.08838945
2,0.04585585
SELECT,0.010556615
4,0.009839848
0,0.008616059
3,0.0082215
7,0.0068158633
▁CREATE,0.0065547517
