Token,Probability
▁SELECT,0.5185282
1,0.28635845
<0x0A>,0.07240276
2,0.049761645
7,0.010677963
4,0.009952955
3,0.009722395
5,0.009722395
SELECT,0.00617993
6,0.0059897937
