Token,Probability
3,0.5893113
2,0.16884053
▁SELECT,0.110728316
1,0.05481449
▁CREATE,0.03917415
SELECT,0.00894822
4,0.006198251
0,0.003672342
7,0.0027720293
5,0.0027078153
