Token,Probability
1,0.5841634
▁SELECT,0.3078325
2,0.034269072
SELECT,0.017640207
▁CREATE,0.016442481
4,0.0070167896
<0x0A>,0.0049369284
3,0.004785035
7,0.004425434
5,0.0043229186
