Token,Probability
1,0.9625418
2,0.011743824
▁SELECT,0.011382504
▁CREATE,0.005723483
9,0.0035261356
<0x0A>,0.00076856127
3,0.00073336635
7,0.000642157
4,0.00057114626
SELECT,0.0005282239
