Token,Probability
▁SELECT,0.7144668
1,0.16192959
2,0.042907067
7,0.012486669
3,0.011192977
4,0.010848606
<0x0A>,0.0078139575
5,0.007573548
9,0.007398106
6,0.006133246
