Token,Probability
1,0.30233395
▁SELECT,0.24293216
2,0.16696465
3,0.05592616
7,0.03904275
5,0.038138326
4,0.03554883
0,0.025405603
<0x0A>,0.024817081
6,0.022420365
