Token,Probability
1,0.6402264
▁SELECT,0.17778446
2,0.11478628
3,0.025612282
SELECT,0.009422231
4,0.007112274
7,0.005714872
5,0.005582487
8,0.003989624
6,0.0029417642
