Token,Probability
<0x0A>,0.61287975
▁SELECT,0.30817527
1,0.043708548
2,0.008341923
0,0.0038192105
3,0.0033181875
SELECT,0.0028604562
<0x09>,0.0027508743
​,0.0022805547
4,0.001965961
