Token,Probability
1,0.60250205
▁SELECT,0.15964717
2,0.10469915
9,0.025259849
7,0.02229174
3,0.018918753
4,0.013626667
5,0.01120899
8,0.009969481
6,0.0082649905
