Token,Probability
▁SELECT,0.47653773
1,0.15231061
<0x0A>,0.09531354
2,0.09531354
▁CREATE,0.03143107
5,0.025255574
3,0.024099037
4,0.022816509
7,0.018190907
9,0.017494025
