Token,Probability
1,0.3729655
▁SELECT,0.2996862
2,0.10853914
3,0.045958366
7,0.036356058
5,0.03158669
4,0.028536199
6,0.019766448
0,0.0139074335
8,0.0119889565
