Token,Probability
▁SELECT,0.66851866
2,0.118000545
▁CREATE,0.065677196
1,0.044093587
<0x0A>,0.027378328
SELECT,0.023973266
4,0.008547931
3,0.00719808
</s>,0.003508064
7,0.003508064
