Token,Probability
1,0.39287585
2,0.18270424
▁SELECT,0.14911886
3,0.053169962
4,0.041733585
7,0.039822463
<0x0A>,0.03125701
5,0.030295333
6,0.029134737
0,0.016471287
