Token,Probability
▁SELECT,0.71748203
<0x0A>,0.12863745
1,0.06831883
2,0.025729107
4,0.0074293274
SELECT,0.0073141465
3,0.007257228
7,0.006159129
5,0.005268182
0,0.0037357009
