Token,Probability
▁SELECT,0.70246
1,0.15430999
2,0.060428657
<0x0A>,0.01480868
3,0.012373116
SELECT,0.011623465
4,0.00817813
7,0.007388325
5,0.007273779
9,0.0064694327
