Token,Probability
▁SELECT,0.87351006
1,0.034672856
<0x0A>,0.032572135
▁CREATE,0.019910946
2,0.012362988
SELECT,0.0061201225
4,0.0038000706
3,0.003225078
5,0.0028461216
7,0.0023229367
