Token,Probability
▁SELECT,0.78808665
1,0.11532255
2,0.023612956
<0x0A>,0.014661618
SELECT,0.009392586
4,0.007847798
3,0.007201545
7,0.006159808
5,0.0060171154
9,0.0043679574
