Token,Probability
▁SELECT,0.7216447
1,0.10559995
<0x0A>,0.045774188
2,0.033751775
▁CREATE,0.025676994
SELECT,0.013425527
7,0.009745888
3,0.008079625
5,0.0068570883
4,0.0068037263
