Token,Probability
▁SELECT,0.83249044
1,0.06419477
<0x0A>,0.038936097
2,0.01824898
SELECT,0.009999616
4,0.0065068747
3,0.0056532705
7,0.0045071803
5,0.004334513
0,0.002670416
