Token,Probability
1,0.30383828
2,0.28992453
▁SELECT,0.12469498
3,0.056204434
4,0.055333063
5,0.036859766
9,0.031527832
7,0.029158477
8,0.024940565
6,0.020676455
