Token,Probability
▁SELECT,0.75493735
1,0.07772658
<0x0A>,0.06053352
▁CREATE,0.036715437
2,0.024649577
▁VARCHAR,0.0053726556
SELECT,0.0047785384
7,0.004667844
4,0.0045597134
3,0.004350909
