Token,Probability
2,0.69517183
1,0.20230652
▁SELECT,0.0767869
<0x0A>,0.005064645
3,0.0046114116
▁CREATE,0.0045755254
SELECT,0.0042648586
4,0.0020623507
0,0.0016571454
9,0.0006048856
