Token,Probability
2,0.29486358
1,0.26847634
▁SELECT,0.14147708
▁CREATE,0.05990517
7,0.05084086
5,0.03467045
3,0.032569874
4,0.027001375
6,0.024585033
8,0.022037879
