Token,Probability
7,0.98767334
▁SELECT,0.004719024
1,0.0022642126
2,0.0014618854
▁CREATE,0.0011385175
6,0.00052533956
SELECT,0.00042876962
8,0.00039654708
9,0.00025803808
4,0.00022771783
