Token,Probability
▁SELECT,0.37031242
1,0.15926939
2,0.116523966
3,0.08262787
4,0.04707994
5,0.04635004
7,0.040903762
6,0.039645284
<0x0A>,0.02724778
9,0.027035736
