Token,Probability
▁SELECT,0.54213077
1,0.16794428
2,0.115426295
<0x0A>,0.041156515
SELECT,0.02438443
3,0.019901989
4,0.018406332
5,0.014674808
7,0.014560608
0,0.010487612
