Token,Probability
4,0.8338256
▁SELECT,0.05586283
▁CREATE,0.036067758
2,0.020874416
1,0.020550787
3,0.0057067475
5,0.0046214648
6,0.004375515
7,0.004307679
<0x0A>,0.003831329
