Token,Probability
▁SELECT,0.7428422
1,0.09743969
2,0.084657066
<0x0A>,0.024254657
3,0.009954091
4,0.0075726733
7,0.005286578
▁CREATE,0.0050052316
SELECT,0.0045930585
5,0.00452185
