Token,Probability
2,0.4506646
3,0.36782175
▁SELECT,0.0759043
1,0.06391784
▁CREATE,0.0104343
4,0.009353246
0,0.0046665072
SELECT,0.0044181608
5,0.0039604134
<0x0A>,0.003132945
