Token,Probability
▁SELECT,0.651305
1,0.12237658
2,0.077787295
▁CREATE,0.056028083
SELECT,0.016305102
4,0.012999562
9,0.011744124
<0x0A>,0.011294214
3,0.009889544
5,0.007523569
