Token,Probability
6,0.5295539
2,0.101859815
1,0.08849734
▁CREATE,0.08313556
▁SELECT,0.06732522
7,0.03520181
4,0.031309135
5,0.0111636175
3,0.010164589
9,0.007978277
