Token,Probability
▁SELECT,0.5309368
1,0.23194909
2,0.06856402
3,0.04158618
8,0.020910844
7,0.018891374
4,0.017746802
<0x0A>,0.016802333
5,0.016413111
6,0.012197189
