Token,Probability
▁SELECT,0.6041484
1,0.16260433
2,0.080494985
<0x0A>,0.03571943
7,0.022006104
3,0.016741361
5,0.014097639
SELECT,0.013038185
4,0.0123443045
8,0.008685303
