Token,Probability
▁SELECT,0.6656806
1,0.14173158
2,0.12313853
<0x0A>,0.017739788
SELECT,0.0129787065
▁CREATE,0.008185567
3,0.00532645
7,0.004381418
0,0.0035205686
4,0.0034390145
