Token,Probability
▁SELECT,0.6014441
▁CREATE,0.20785354
1,0.06748016
2,0.054647103
<0x0A>,0.015413923
4,0.0069476
3,0.006375476
7,0.0057597626
9,0.004628099
SELECT,0.0045920825
