Token,Probability
▁SELECT,0.4627953
<0x0A>,0.44160238
1,0.047277514
2,0.011676722
​,0.007307106
SELECT,0.0041634636
3,0.00361728
<0x09>,0.0035334853
4,0.0026464583
5,0.002605429
