Token,Probability
▁SELECT,0.56543934
1,0.31226525
<0x0A>,0.04463599
2,0.03091845
SELECT,0.0065829176
7,0.004892009
4,0.0047786855
5,0.004741498
3,0.004454225
0,0.0043510427
