Token,Probability
▁SELECT,0.64328575
1,0.14809279
<0x0A>,0.091952905
2,0.04309746
SELECT,0.010811945
▁CREATE,0.010397746
4,0.010077842
3,0.009033719
7,0.0064561074
5,0.004988893
