Token,Probability
2,0.3288732
▁SELECT,0.31875482
1,0.19333456
7,0.032058015
3,0.027852485
4,0.02069821
5,0.01944417
6,0.01715942
9,0.012751797
8,0.012554099
