Token,Probability
▁SELECT,0.4436723
1,0.25677782
2,0.13960768
3,0.055532105
7,0.026231507
4,0.015420708
5,0.015181631
9,0.01110712
SELECT,0.010765389
8,0.009801998
