Token,Probability
▁SELECT,0.42419237
1,0.2738792
2,0.09173804
4,0.051460374
3,0.032710206
<0x0A>,0.029782979
SELECT,0.023745062
5,0.017372258
7,0.017102927
8,0.0121277915
