Token,Probability
▁SELECT,0.45351082
1,0.18612047
<0x0A>,0.116471216
2,0.116471216
SELECT,0.018142717
▁CREATE,0.015277698
3,0.01162266
0,0.010337409
4,0.0097872615
9,0.008306341
