Token,Probability
▁SELECT,0.61600536
1,0.16579561
2,0.0713078
7,0.027924536
▁CREATE,0.020430028
3,0.018894685
4,0.016415987
5,0.015421394
6,0.013823648
9,0.012784784
