Token,Probability
▁SELECT,0.61660874
1,0.17944336
<0x0A>,0.056024957
2,0.050220445
0,0.01531637
4,0.013622661
SELECT,0.012797305
3,0.012697717
7,0.009888993
5,0.00800835
