Token,Probability
▁SELECT,0.72332
1,0.08243224
2,0.06320299
SELECT,0.061258443
<0x0A>,0.020519009
3,0.011069175
5,0.010562281
4,0.008553595
7,0.004650509
6,0.003097907
