Token,Probability
1,0.3268581
2,0.2976077
▁SELECT,0.21103546
<0x0A>,0.024429126
▁CREATE,0.022417428
7,0.020571388
3,0.020252457
8,0.015407258
9,0.014473778
0,0.01084036
