Token,Probability
2,0.28048563
▁SELECT,0.22537653
1,0.18109514
▁CREATE,0.118765086
4,0.031224718
3,0.029794833
7,0.02214164
<0x0A>,0.021127699
5,0.021127699
8,0.014184466
