Token,Probability
▁SELECT,0.5888246
1,0.18528189
2,0.125368
3,0.0152088655
SELECT,0.014287407
4,0.013110861
<0x0A>,0.012220666
5,0.010700772
9,0.0080145085
6,0.007647497
