Token,Probability
<0x0A>,0.57393503
▁SELECT,0.33216813
1,0.0266344
​,0.019948246
<0x09>,0.008315666
﻿,0.0059895497
SELECT,0.005582874
2,0.0039280425
▁CREATE,0.0023824782
3,0.0017160347
