Token,Probability
▁SELECT,0.9692765
1,0.010355185
2,0.004488641
3,0.002765371
7,0.0017994613
4,0.001539161
5,0.0014918059
▁CREATE,0.0014234912
6,0.0010253022
9,0.0008433906
