Token,Probability
▁SELECT,0.8479737
<0x0A>,0.050924778
1,0.041563593
2,0.016662523
SELECT,0.008712203
4,0.005243096
3,0.004773893
7,0.004555281
5,0.00414763
▁CREATE,0.0035476561
