Token,Probability
▁SELECT,0.4170272
<0x0A>,0.3099083
1,0.13859956
2,0.0555635
0,0.012791443
4,0.010440072
SELECT,0.008999905
3,0.0087914225
7,0.00604225
​,0.004490219
