Token,Probability
▁SELECT,0.81621295
<0x0A>,0.065960124
1,0.04825745
2,0.01919549
4,0.0070616254
3,0.006429684
7,0.005808735
5,0.005414336
SELECT,0.005086298
▁CREATE,0.0044886423
