Token,Probability
▁SELECT,0.89521927
<0x0A>,0.030632718
1,0.030632718
2,0.0145833595
SELECT,0.010101599
▁CREATE,0.0055786325
4,0.0018832634
3,0.0017553946
7,0.0016881465
0,0.0013459077
