Token,Probability
▁SELECT,0.5438386
1,0.19391164
2,0.0975049
<0x0A>,0.039704524
7,0.020759989
▁CREATE,0.014721037
3,0.014046912
4,0.013614735
8,0.013299349
SELECT,0.01201496
