Token,Probability
▁SELECT,0.65628624
1,0.079616554
2,0.07716701
7,0.043626275
▁CREATE,0.034781896
<0x0A>,0.021765955
4,0.014386418
3,0.012305356
9,0.010691077
5,0.010281509
