Token,Probability
2,0.2687857
1,0.26461858
▁SELECT,0.23720254
3,0.051298648
7,0.033380665
4,0.029689379
5,0.026822118
0,0.018148754
9,0.016524628
6,0.015645202
