Token,Probability
2,0.43902022
1,0.21396136
▁SELECT,0.12383134
7,0.037766423
3,0.037180908
9,0.033853605
4,0.028507594
8,0.023633625
5,0.021020181
6,0.01624314
