Token,Probability
1,0.43828604
2,0.23459762
▁SELECT,0.1445314
3,0.024343058
7,0.023047544
4,0.022164606
<0x0A>,0.020985028
0,0.02082172
5,0.014310546
6,0.012145204
