Token,Probability
▁SELECT,0.73290676
1,0.07487114
2,0.05309159
<0x0A>,0.051458128
▁CREATE,0.0155717125
4,0.012909404
7,0.0100538535
3,0.009897983
5,0.008803448
SELECT,0.006645191
