Token,Probability
▁SELECT,0.48498237
<0x0A>,0.32306793
1,0.11164928
​,0.024718452
2,0.018369194
SELECT,0.0058711474
<0x09>,0.0038503918
3,0.0036740701
4,0.0026880067
﻿,0.0026053058
