Token,Probability
1,0.39024162
▁SELECT,0.35531902
2,0.11356678
<0x0A>,0.024947312
3,0.017552625
7,0.015734073
9,0.015249986
5,0.01513131
4,0.014438397
8,0.009177604
