Token,Probability
▁SELECT,0.38404456
1,0.27232838
2,0.19310974
7,0.027820097
3,0.027388785
4,0.018244864
▁CREATE,0.016612139
5,0.014209116
6,0.010234441
8,0.01007577
