Token,Probability
▁SELECT,0.7811833
<0x0A>,0.08233611
1,0.06462635
2,0.019404352
SELECT,0.009094637
▁CREATE,0.00555944
4,0.00555944
3,0.004681518
7,0.0042293984
5,0.0041964855
