Token,Probability
2,0.6597349
1,0.20120777
3,0.030616086
▁SELECT,0.023843834
4,0.01690781
7,0.012963667
5,0.008304837
▁CREATE,0.008176083
8,0.0073289936
0,0.0069389516
