Token,Probability
▁SELECT,0.74813694
<0x0A>,0.13731445
1,0.04287166
2,0.017732488
SELECT,0.010262778
​,0.0058475547
4,0.0047354936
3,0.0041142683
5,0.0035745383
<0x09>,0.0031792603
