Token,Probability
▁SELECT,0.7598146
<0x0A>,0.093627535
1,0.07641657
2,0.021554282
3,0.0069431947
4,0.0064717694
7,0.0054497756
5,0.0050402186
SELECT,0.00424429
6,0.0033838428
