Token,Probability
1,0.38587615
2,0.22862406
▁CREATE,0.11406477
▁SELECT,0.09237247
4,0.018475655
3,0.017087188
<0x0A>,0.015436989
7,0.014615447
8,0.012501255
▁VARCHAR,0.010283251
