Token,Probability
3,0.4492744
▁SELECT,0.37832698
<0x0A>,0.12871927
1,0.023441521
2,0.004688599
SELECT,0.003708987
▁CREATE,0.001969828
<0x09>,0.0013644602
▁T,0.0008605542
4,0.0005960885
