Token,Probability
▁SELECT,0.6494532
1,0.16420749
<0x0A>,0.061359856
2,0.047415223
7,0.01117446
4,0.010662744
3,0.009632987
5,0.009049354
SELECT,0.008634953
8,0.005618871
