Token,Probability
▁SELECT,0.6950348
1,0.19300419
2,0.0255152
▁CREATE,0.014090833
<0x0A>,0.011146767
7,0.010070264
3,0.008028715
4,0.007030178
SELECT,0.00630181
9,0.0058282223
