Token,Probability
2,0.45540497
▁SELECT,0.228992
1,0.18689783
▁CREATE,0.10161459
SELECT,0.011854999
<0x0A>,0.004534941
CREATE,0.002815809
3,0.0024084891
4,0.0011288362
0,0.0007880546
