Token,Probability
▁SELECT,0.65263027
1,0.20217542
<0x0A>,0.048397508
2,0.023772057
SELECT,0.011495416
3,0.010798943
4,0.010466695
5,0.008410226
7,0.007250068
▁CREATE,0.004363167
