Token,Probability
9,0.39415008
▁SELECT,0.21097335
1,0.10775463
5,0.093618855
2,0.049333673
▁CREATE,0.04353681
3,0.03185221
7,0.028109476
8,0.016784936
4,0.009054794
