Token,Probability
▁SELECT,0.42356652
▁CREATE,0.41699976
2,0.038485177
1,0.034497887
<0x0A>,0.034229424
​,0.0054583587
SELECT,0.004668781
3,0.0042178924
7,0.00369331
4,0.0036077548
