Token,Probability
<0x0A>,0.66221565
▁SELECT,0.31280854
1,0.011130107
SELECT,0.007186137
2,0.0018893186
0,0.0009280021
3,0.0006181827
▁CREATE,0.0005541354
9,0.00048521714
4,0.00047769456
