Token,Probability
▁SELECT,0.81333935
<0x0A>,0.08179969
SELECT,0.041131463
2,0.026349807
1,0.015250098
▁CREATE,0.011692655
0,0.0016583712
4,0.0015948401
3,0.0010707249
5,0.0008603517
