Token,Probability
▁SELECT,0.6173167
<0x0A>,0.17142266
1,0.1106788
2,0.03765656
SELECT,0.027550131
5,0.0066989097
3,0.0054674903
7,0.005424942
0,0.0043590637
4,0.0042249495
