Token,Probability
▁SELECT,0.7940106
<0x0A>,0.17442097
SELECT,0.0150044495
1,0.009840159
2,0.0026692147
0,0.0010700676
4,0.00062906026
3,0.0005338765
5,0.00037562902
7,0.00026019063
