Token,Probability
▁SELECT,0.6938036
<0x0A>,0.17818351
1,0.06062388
SELECT,0.021616112
2,0.018060938
4,0.004674812
5,0.0044607366
3,0.004426023
0,0.004157864
7,0.002208225
