Token,Probability
▁SELECT,0.7113891
<0x0A>,0.22037807
1,0.022513036
SELECT,0.022164006
2,0.00802727
0,0.00288466
7,0.0024102237
5,0.001982596
4,0.0019518588
3,0.001736019
