Token,Probability
▁SELECT,0.77698475
<0x0A>,0.13501969
1,0.042485837
SELECT,0.029659893
2,0.007044842
0,0.0020824512
3,0.0017536
4,0.001186545
5,0.0011059815
7,0.0005737757
