Token,Probability
▁SELECT,0.40863326
1,0.3899206
<0x0A>,0.1526951
2,0.01767574
SELECT,0.0119600035
9,0.0042644707
3,0.0028186429
0,0.0024874439
5,0.0020461155
▁CREATE,0.0018341261
