Token,Probability
▁SELECT,0.7412148
<0x0A>,0.2123616
1,0.019752705
SELECT,0.0121692885
2,0.0070982836
4,0.0013028322
0,0.0010716805
3,0.0010716805
▁CREATE,0.0009989161
5,0.0008152915
