Token,Probability
▁SELECT,0.88672364
<0x0A>,0.05757903
SELECT,0.034382008
1,0.016240912
2,0.002001273
0,0.0007776108
3,0.00038494525
4,0.00037019822
5,0.0003450627
7,0.0002076624
