Token,Probability
▁SELECT,0.53888994
<0x0A>,0.2354236
1,0.11654313
2,0.04635765
SELECT,0.025601128
3,0.008182611
5,0.005712384
0,0.0050411606
4,0.004626029
7,0.0039878865
