Token,Probability
▁SELECT,0.7651523
<0x0A>,0.1068392
1,0.0637966
2,0.023469457
SELECT,0.014014253
3,0.0076194173
0,0.0038916173
5,0.003771885
4,0.0035433583
7,0.0022001213
