Token,Probability
▁SELECT,0.6325133
<0x0A>,0.294146
SELECT,0.0291244
1,0.026518065
2,0.0072496366
0,0.0030220977
3,0.001427538
5,0.0013944689
4,0.0011834705
7,0.00072344096
