Token,Probability
▁SELECT,0.8901171
<0x0A>,0.0753846
SELECT,0.019360367
1,0.010202197
2,0.0016268825
4,0.0005666452
0,0.0005535189
3,0.00049617107
5,0.00037161497
9,0.00031538555
