Token,Probability
▁SELECT,0.50479573
<0x0A>,0.26600868
1,0.10417049
2,0.04480317
SELECT,0.036567282
3,0.008822268
5,0.00760527
4,0.006158935
7,0.005740759
9,0.0045059733
