Token,Probability
▁SELECT,0.67677814
<0x0A>,0.26503012
1,0.026037324
SELECT,0.01629374
2,0.006583266
0,0.00229296
4,0.0011001742
3,0.0009558479
5,0.0009120765
▁CREATE,0.0008568165
