Token,Probability
▁SELECT,0.68309873
<0x0A>,0.12247286
SELECT,0.109783955
1,0.05185827
2,0.014513466
5,0.0033938056
0,0.0032383918
3,0.0027057775
4,0.002090863
7,0.0019795895
