Token,Probability
▁SELECT,0.59265155
1,0.14984578
2,0.09827126
<0x0A>,0.064447865
SELECT,0.041610666
0,0.014157317
3,0.008654195
5,0.0076972
4,0.0075778654
7,0.0053316946
