Token,Probability
▁SELECT,0.7865404
<0x0A>,0.07548199
2,0.06065148
SELECT,0.035655167
1,0.0291009
4,0.003164576
3,0.002333412
0,0.0019194123
5,0.0013933439
7,0.0010851372
