Token,Probability
▁SELECT,0.35450864
1,0.25138426
2,0.14323443
<0x0A>,0.09999375
4,0.026912954
3,0.026495706
5,0.022311622
7,0.018788269
SELECT,0.015454808
9,0.013322879
