Token,Probability
<0x0A>,0.49128973
▁SELECT,0.46152398
1,0.017617788
SELECT,0.01415629
2,0.0071182293
0,0.0012862378
3,0.0011989054
9,0.0011440036
5,0.0009709032
4,0.0006884735
