Token,Probability
▁SELECT,0.8858234
<0x0A>,0.07502097
SELECT,0.026749551
1,0.0073702764
2,0.0016064353
7,0.0006241935
0,0.00046386127
4,0.0004531159
3,0.00039676155
5,0.00031632587
