Token,Probability
▁SELECT,0.6951627
1,0.092621475
2,0.08173816
<0x0A>,0.060742643
SELECT,0.015120039
3,0.013553516
4,0.01023073
5,0.008030193
0,0.0069767516
7,0.005649946
