Token,Probability
▁SELECT,0.799885
1,0.07324741
<0x0A>,0.072111815
2,0.029594632
SELECT,0.008090722
3,0.0027527292
9,0.0025859498
4,0.0022118802
5,0.002160642
▁CREATE,0.0019982674
