Token,Probability
▁SELECT,0.37455544
6,0.29170406
<0x0A>,0.22717936
1,0.04335794
SELECT,0.012816582
2,0.011946369
5,0.010059851
3,0.006806835
7,0.006295294
9,0.0046057357
