Token,Probability
▁SELECT,0.7395434
<0x0A>,0.2186086
1,0.022332275
SELECT,0.011860582
2,0.0026672098
0,0.0010123587
5,0.00073489355
3,0.00062369613
4,0.00062369613
▁CREATE,0.0002900456
