Token,Probability
▁SELECT,0.6555564
<0x0A>,0.29548243
1,0.020584675
SELECT,0.012388075
2,0.0055837426
0,0.002135972
▁CREATE,0.0010491542
4,0.0010089617
5,0.00094783184
3,0.0009404557
