Token,Probability
▁SELECT,0.7546048
<0x0A>,0.092985556
1,0.07018918
SELECT,0.031146262
2,0.027060341
0,0.004928054
4,0.0037784702
3,0.0033606407
5,0.0028970535
▁CREATE,0.0018271488
