Token,Probability
▁SELECT,0.6869271
<0x0A>,0.12706874
1,0.0807698
2,0.045307755
SELECT,0.024251493
0,0.0072816187
3,0.00711294
4,0.0054536797
5,0.0051232586
7,0.0036329345
