Token,Probability
▁SELECT,0.8466993
<0x0A>,0.062300574
SELECT,0.04349281
1,0.042154673
2,0.0019109407
0,0.0010389604
3,0.0004468513
4,0.00039434488
5,0.00038520992
7,0.00031935022
