Token,Probability
▁SELECT,0.88385487
<0x0A>,0.062056348
SELECT,0.020146748
1,0.017779442
2,0.0071835443
▁CREATE,0.004711083
0,0.0015175623
3,0.0004965445
5,0.00047380608
4,0.00032564186
