Token,Probability
▁SELECT,0.66201216
1,0.13876529
<0x0A>,0.058756918
8,0.034541413
2,0.032448653
3,0.012412717
7,0.012220276
SELECT,0.011126688
9,0.008598037
5,0.008598037
