Token,Probability
▁SELECT,0.8807586
<0x0A>,0.08321341
SELECT,0.023107529
1,0.008368993
2,0.0014317658
0,0.00064534746
4,0.00044354037
3,0.00034813883
5,0.00030723147
9,0.00027113076
