Token,Probability
▁SELECT,0.7206938
1,0.102216125
<0x0A>,0.06809062
2,0.046072412
SELECT,0.022105785
3,0.007943881
0,0.0069558946
5,0.006794761
4,0.006090785
7,0.0038414095
