Token,Probability
▁SELECT,0.6019359
<0x0A>,0.2080235
1,0.12421649
2,0.023893071
SELECT,0.008928188
0,0.007879098
3,0.006041114
5,0.0043853787
4,0.003388758
9,0.0033623867
