Token,Probability
▁SELECT,0.7404731
<0x0A>,0.20886002
SELECT,0.018829303
1,0.018829303
2,0.0047981325
0,0.0016452862
4,0.0013639901
3,0.0009672138
5,0.00078327366
7,0.00069665804
