Token,Probability
▁SELECT,0.76560134
<0x0A>,0.1655729
SELECT,0.028772257
1,0.024997769
2,0.005078605
0,0.0022186781
5,0.0011875728
3,0.0011783311
4,0.0010645335
7,0.0007972987
