Token,Probability
▁SELECT,0.89015687
<0x0A>,0.057801966
SELECT,0.04791951
1,0.0022412254
2,0.0006272471
0,0.00019737205
3,0.00018111877
4,0.00014216175
▁select,0.000110715686
5,0.00010730932
