Token,Probability
▁SELECT,0.71762455
1,0.122771084
<0x0A>,0.09711992
SELECT,0.019124046
2,0.013350735
0,0.007910049
3,0.004334349
4,0.0038250496
9,0.0036214844
5,0.0034020697
