Token,Probability
▁SELECT,0.6905595
<0x0A>,0.25010407
SELECT,0.024379732
1,0.019589666
2,0.005836111
▁CREATE,0.0030514814
4,0.0014080273
0,0.0009527189
3,0.00091622083
5,0.0007836852
