Token,Probability
▁SELECT,0.8434939
<0x0A>,0.11595216
SELECT,0.021116456
1,0.010955073
2,0.0028802156
4,0.002123738
3,0.00080608
0,0.00062777573
5,0.00044515962
7,0.00034131572
