Token,Probability
▁SELECT,0.76822126
<0x0A>,0.16356373
SELECT,0.02842312
1,0.026287084
2,0.0047872337
0,0.0022790649
4,0.0010353121
5,0.0010034587
3,0.0009879016
9,0.00095750706
