Token,Probability
▁SELECT,0.7970294
<0x0A>,0.086672924
1,0.054238528
2,0.022966038
SELECT,0.014371779
3,0.005044969
0,0.004629524
4,0.003467353
5,0.0032828238
7,0.0024395876
