Token,Probability
▁SELECT,0.6370759
1,0.12942983
<0x0A>,0.08895573
2,0.080995105
3,0.0139653105
SELECT,0.012324342
5,0.009158673
4,0.007957194
0,0.0068061478
7,0.003908442
