Token,Probability
▁SELECT,0.7307388
<0x0A>,0.16052201
1,0.050510492
SELECT,0.023859465
2,0.016787233
4,0.0036876653
5,0.0031296809
3,0.0027835958
0,0.0018542747
7,0.0015737024
