Token,Probability
▁SELECT,0.7931687
<0x0A>,0.16367961
SELECT,0.023214707
1,0.01302227
2,0.0026046177
0,0.00087243767
4,0.0007943636
3,0.00051287963
5,0.0003994311
7,0.0003209519
