Token,Probability
▁SELECT,0.82529056
<0x0A>,0.11889438
1,0.02269139
SELECT,0.021993248
2,0.004364694
0,0.0013950398
4,0.0013311564
3,0.00097389484
5,0.0006287937
7,0.00039042693
