Token,Probability
▁SELECT,0.8334522
<0x0A>,0.08252294
1,0.03181543
SELECT,0.018997861
2,0.013577158
0,0.0039821677
4,0.0031256394
5,0.0027800011
3,0.0027369012
7,0.002340996
