Token,Probability
▁SELECT,0.4821324
<0x0A>,0.3754851
1,0.08644158
SELECT,0.017425006
2,0.011882821
0,0.009110875
5,0.004270181
9,0.0027570361
3,0.0027142921
4,0.0014873095
