Token,Probability
▁SELECT,0.749213
<0x0A>,0.21132521
1,0.015918164
SELECT,0.012300603
2,0.004024742
0,0.0015276198
4,0.0010748147
3,0.0008841185
5,0.00074450235
7,0.00038624275
