Token,Probability
▁SELECT,0.76996547
<0x0A>,0.14695048
1,0.034362666
SELECT,0.020679817
2,0.0103175435
0,0.0035103671
3,0.0024698519
5,0.0019691375
4,0.0017242344
7,0.001087461
