Token,Probability
▁SELECT,0.80383533
<0x0A>,0.15583059
SELECT,0.033178248
1,0.004420574
2,0.00096351426
0,0.0004587015
3,0.00019121524
4,0.00018972722
5,0.00014546889
7,0.00010642732
