Token,Probability
▁SELECT,0.87332046
<0x0A>,0.063263126
SELECT,0.02053853
1,0.02053853
2,0.006118794
5,0.004271607
4,0.0028233596
0,0.0019103808
6,0.001753064
7,0.0015470735
