Token,Probability
▁SELECT,0.56406575
<0x0A>,0.34751084
1,0.03779005
2,0.014798796
SELECT,0.013369598
0,0.0044088257
3,0.0035983785
4,0.0032763612
5,0.002695061
7,0.0016865262
