Token,Probability
▁SELECT,0.42551062
1,0.2747303
<0x0A>,0.18589182
0,0.030346004
2,0.029875532
5,0.013893413
9,0.0076726717
3,0.007553718
SELECT,0.006931681
4,0.0052733454
