Token,Probability
▁SELECT,0.67945486
<0x0A>,0.2499575
1,0.032787282
SELECT,0.012839685
2,0.012061768
0,0.0027124528
3,0.0020157236
4,0.0018353374
5,0.001545509
7,0.00109593
