Token,Probability
▁SELECT,0.83794373
<0x0A>,0.09401468
1,0.028672857
SELECT,0.022330444
2,0.0076571396
3,0.002544861
0,0.0014054057
4,0.0013944686
5,0.00085910724
7,0.0006690734
