Token,Probability
▁SELECT,0.77430534
<0x0A>,0.17825522
SELECT,0.019689616
1,0.015821049
2,0.005056711
0,0.0016545495
3,0.0010273332
4,0.0009802881
5,0.0007938616
7,0.0005808015
