Token,Probability
▁SELECT,0.76483953
<0x0A>,0.17334625
SELECT,0.045932185
1,0.009478643
2,0.0020659778
0,0.0010469866
4,0.00065008877
3,0.0005102605
5,0.00046824137
7,0.00039429875
