Token,Probability
▁SELECT,0.8237657
<0x0A>,0.07426473
1,0.045043837
SELECT,0.025267301
0,0.011935429
2,0.009894817
▁CREATE,0.0027476915
3,0.0015056109
5,0.0012192808
4,0.0012192808
