Token,Probability
▁SELECT,0.8029782
<0x0A>,0.105327815
1,0.036400322
SELECT,0.032629035
2,0.0073951734
0,0.0033594088
4,0.002516081
3,0.002186009
5,0.0020859044
7,0.0015260803
