Token,Probability
▁SELECT,0.52620894
<0x0A>,0.33447874
1,0.05812369
SELECT,0.043874066
2,0.023484094
3,0.0033307527
0,0.0020202037
▁CREATE,0.0016232793
4,0.0015733362
5,0.0014780127
