Token,Probability
▁SELECT,0.47895607
7,0.1309393
<0x0A>,0.12494316
1,0.117373236
2,0.05544319
5,0.01588474
0,0.014238989
3,0.01412818
SELECT,0.013586938
4,0.010581518
