Token,Probability
<0x0A>,0.7208219
▁SELECT,0.23770185
1,0.014499904
▁CREATE,0.0075224517
SELECT,0.00485686
2,0.0045270915
3,0.0013699401
0,0.0012769246
▁AV,0.0011809622
5,0.00094154524
