Token,Probability
▁SELECT,0.77650625
<0x0A>,0.17326197
1,0.02457377
SELECT,0.017155258
2,0.0032998177
0,0.0010383336
3,0.0006548689
4,0.00061519234
▁CREATE,0.00056453224
5,0.00049432094
