Token,Probability
▁SELECT,0.87145203
<0x0A>,0.08233414
SELECT,0.035411473
1,0.00660184
2,0.001211714
0,0.0010610123
3,0.0002641068
4,0.0002620515
5,0.00023860062
7,0.00022066949
