Token,Probability
▁SELECT,0.88514805
<0x0A>,0.07265738
SELECT,0.030288098
1,0.0077180937
2,0.0014055693
0,0.00093631103
5,0.00026409863
4,0.00026409863
3,0.0002579808
7,0.00018009963
