Token,Probability
▁SELECT,0.79809
<0x0A>,0.13868724
1,0.025654562
SELECT,0.020294428
2,0.0069589866
0,0.0017733073
4,0.0013810532
5,0.0012574631
3,0.0011905422
7,0.001092503
