Token,Probability
▁SELECT,0.82794136
<0x0A>,0.04972174
1,0.035257995
4,0.031115074
SELECT,0.025795301
2,0.016396489
3,0.0056664757
5,0.0030330457
0,0.001489782
7,0.0010080369
