Token,Probability
▁SELECT,0.5156113
<0x0A>,0.33290368
1,0.103128746
SELECT,0.014857105
2,0.01222112
3,0.002857767
9,0.0028355282
▁CREATE,0.002748288
0,0.0027056797
4,0.0023691724
