Token,Probability
▁SELECT,0.6749626
<0x0A>,0.22964446
1,0.042479955
SELECT,0.027427118
2,0.013683897
0,0.00213154
3,0.00213154
5,0.0015352907
4,0.0013443456
▁CREATE,0.0009912583
