Token,Probability
▁SELECT,0.7973691
1,0.06967334
<0x0A>,0.060533248
2,0.03189878
SELECT,0.0135067925
3,0.0057191355
5,0.003809766
4,0.003663816
0,0.00303741
7,0.0029670487
