Token,Probability
▁SELECT,0.82706887
<0x0A>,0.13292207
SELECT,0.022387728
1,0.011082729
2,0.001987024
0,0.0007842327
▁CREATE,0.0007252966
4,0.0005224116
5,0.0004831517
3,0.00043649122
