Token,Probability
▁SELECT,0.54357666
<0x0A>,0.30972064
2,0.08600632
SELECT,0.04461949
1,0.011639689
0,0.0011435165
3,0.00072686333
4,0.0005074324
▁CREATE,0.00040456041
5,0.00035148812
