Token,Probability
▁SELECT,0.67802185
<0x0A>,0.28709254
1,0.013638947
SELECT,0.01203633
2,0.0039691604
0,0.001164151
4,0.000781574
3,0.00070609327
5,0.0005206405
7,0.0003750033
