Token,Probability
▁SELECT,0.66753554
1,0.1335155
<0x0A>,0.09467667
2,0.039467108
SELECT,0.014519137
3,0.010622429
5,0.008468939
0,0.008081118
4,0.008018229
7,0.0050176797
