Token,Probability
▁SELECT,0.8565546
<0x0A>,0.10230087
SELECT,0.02586571
1,0.009665309
2,0.0020902697
0,0.000857845
4,0.00054955616
3,0.0004213593
5,0.00030113192
7,0.00028288722
