Token,Probability
▁SELECT,0.85497683
<0x0A>,0.060028795
1,0.03315105
SELECT,0.025818065
2,0.012681407
▁CREATE,0.0036050095
0,0.0027857355
3,0.001379039
5,0.0010409533
4,0.0009627244
