Token,Probability
<0x0A>,0.56387305
▁SELECT,0.38754392
1,0.02086252
SELECT,0.012555284
2,0.005442313
0,0.0017668604
4,0.0011230848
3,0.00095314963
​,0.00084774883
5,0.00079018885
