Token,Probability
▁SELECT,0.8315903
<0x0A>,0.11794458
SELECT,0.0211463
1,0.014533625
2,0.009238134
4,0.0011383615
0,0.0010777789
3,0.00081993104
5,0.0005211798
▁CREATE,0.00034447885
