Token,Probability
▁SELECT,0.8597045
<0x0A>,0.11102037
SELECT,0.019904858
1,0.005152084
2,0.001214204
0,0.00062992075
3,0.00030460977
4,0.0002839275
5,0.00024096617
▁CREATE,0.00021600067
