Token,Probability
▁SELECT,0.46667093
<0x0A>,0.29663408
1,0.11258961
2,0.054021083
SELECT,0.02269596
5,0.008957574
3,0.008887865
4,0.006656703
7,0.006656703
0,0.0050247437
