Token,Probability
▁SELECT,0.8219688
<0x0A>,0.12217475
SELECT,0.03288289
1,0.00995067
2,0.008058298
▁CREATE,0.0011518737
0,0.00084933836
3,0.00057021884
4,0.0005570097
5,0.00027790247
