Token,Probability
▁SELECT,0.6060798
<0x0A>,0.18775478
1,0.10866413
2,0.038745385
SELECT,0.019180356
4,0.0076892585
3,0.0074526845
5,0.007111401
0,0.0045557343
7,0.004450201
