Token,Probability
▁SELECT,0.81463337
<0x0A>,0.1309235
1,0.024599796
SELECT,0.017443867
2,0.006620946
4,0.0010074534
▁CREATE,0.0009101582
3,0.0007724412
0,0.0007033158
5,0.0006555624
