Token,Probability
▁SELECT,0.4849351
<0x0A>,0.31309763
2,0.12454163
1,0.051916674
SELECT,0.0072491923
▁CREATE,0.0038200563
3,0.0032420391
4,0.0024281754
0,0.00239053
5,0.0022810597
