Token,Probability
▁SELECT,0.71731496
2,0.092632495
1,0.07214226
<0x0A>,0.05618445
SELECT,0.035159327
0,0.0068694055
4,0.006554832
3,0.00457601
5,0.0027754905
7,0.0010784394
