Token,Probability
▁SELECT,0.5536234
<0x0A>,0.22021616
1,0.123530075
2,0.046886723
SELECT,0.021466307
0,0.006649952
3,0.0057326164
5,0.005427533
4,0.004903367
7,0.0040333993
