Token,Probability
▁SELECT,0.65736747
<0x0A>,0.13565543
1,0.10081057
SELECT,0.044040874
2,0.030268826
0,0.011761198
3,0.005019062
4,0.004259623
5,0.003672025
7,0.001935021
