Token,Probability
▁SELECT,0.8014406
<0x0A>,0.10031206
1,0.044513203
2,0.02273512
SELECT,0.017706128
3,0.002286531
0,0.0021648442
5,0.0021648442
4,0.002049633
7,0.0009989114
