Token,Probability
▁SELECT,0.6815517
<0x0A>,0.15207475
1,0.10616528
SELECT,0.0272655
2,0.013184734
0,0.003748093
5,0.0032563997
3,0.0028737625
4,0.0023824328
7,0.0020062095
