Token,Probability
▁SELECT,0.679378
1,0.1744787
<0x0A>,0.090518355
SELECT,0.03329984
2,0.010726744
3,0.0018495226
0,0.0016194961
5,0.0015696695
4,0.001521376
7,0.0011574018
