Token,Probability
▁SELECT,0.81311923
<0x0A>,0.15518652
SELECT,0.016614117
1,0.009766935
2,0.0016450203
0,0.0010788307
4,0.00045325074
3,0.00036705367
7,0.0002836371
5,0.00027706663
