Token,Probability
▁SELECT,0.7481616
<0x0A>,0.11473431
4,0.06537363
1,0.033389583
SELECT,0.016272783
2,0.008118793
3,0.003659427
5,0.002963494
0,0.0024187332
7,0.0013253565
