Token,Probability
▁SELECT,0.72869915
<0x0A>,0.17580687
1,0.047317773
2,0.018385705
SELECT,0.013037417
0,0.002732791
5,0.0026280994
4,0.002178771
3,0.002030838
7,0.0014857927
