Token,Probability
▁SELECT,0.8285043
<0x0A>,0.14397246
SELECT,0.017195059
1,0.005896209
2,0.001959613
0,0.0005072175
4,0.0003174086
3,0.00027149395
5,0.0002250764
▁CREATE,0.00020175715
