Token,Probability
▁SELECT,0.883781
<0x0A>,0.07368758
SELECT,0.035912458
1,0.003555815
2,0.0008512042
▁CREATE,0.0007570767
4,0.00019904424
3,0.00018552963
5,0.00017982148
0,0.0001784221
