Token,Probability
▁SELECT,0.76679355
<0x0A>,0.17930579
1,0.019046914
SELECT,0.01747843
2,0.0058545405
0,0.0022221333
4,0.0018566619
5,0.0013583627
3,0.0013165703
7,0.0009482901
