Token,Probability
▁SELECT,0.45329115
<0x0A>,0.38170946
1,0.12011021
SELECT,0.014457629
2,0.012659523
0,0.0045138914
3,0.0027592867
5,0.0023054702
9,0.0017539093
4,0.0016605679
