Token,Probability
▁SELECT,0.40967426
1,0.21928284
<0x0A>,0.21588317
2,0.06381494
0,0.017446036
3,0.013800948
5,0.012468117
SELECT,0.010917449
4,0.009940451
7,0.007215994
