Token,Probability
▁SELECT,0.79942745
<0x0A>,0.1098945
1,0.03738972
2,0.0190968
SELECT,0.009830191
5,0.0039408472
3,0.003789876
4,0.0034777857
0,0.0031419175
7,0.0028831856
