Token,Probability
▁SELECT,0.86720073
<0x0A>,0.058098827
SELECT,0.036929864
1,0.024987996
2,0.005237768
3,0.0015124155
0,0.0012538364
4,0.0009918662
5,0.0009031045
7,0.00087531883
