Token,Probability
▁SELECT,0.4771229
<0x0A>,0.23619296
1,0.111569665
2,0.0816261
SELECT,0.030028567
0,0.013855907
3,0.011220856
5,0.010541018
4,0.00675283
7,0.006700279
