Token,Probability
▁SELECT,0.8503611
<0x0A>,0.10156115
SELECT,0.03455444
1,0.008402032
2,0.002091431
0,0.000594542
4,0.00038687585
3,0.00033091244
▁CREATE,0.00031575884
5,0.00030604398
