Token,Probability
▁SELECT,0.5834591
<0x0A>,0.2799467
4,0.06546229
1,0.03729929
SELECT,0.01146486
2,0.008586784
0,0.0031589014
3,0.0028762124
5,0.0025984414
7,0.0009410931
