Token,Probability
▁SELECT,0.7378368
1,0.18655436
<0x0A>,0.028165493
SELECT,0.019662684
2,0.009964564
▁CREATE,0.003694509
0,0.0030628555
3,0.0023483727
4,0.0016783063
5,0.0016522866
