Token,Probability
▁SELECT,0.80055207
<0x0A>,0.16264202
1,0.0144353
SELECT,0.011154735
2,0.005565304
0,0.001053891
4,0.0007710431
5,0.00068044325
3,0.0006543758
▁CREATE,0.0004901049
