Token,Probability
▁SELECT,0.84093153
<0x0A>,0.12696166
SELECT,0.019470204
1,0.008116388
2,0.001536985
0,0.0007260203
3,0.0003766544
4,0.00034834837
5,0.00029105594
7,0.00020800829
