Token,Probability
▁SELECT,0.7926199
<0x0A>,0.13349898
1,0.034825288
SELECT,0.012129692
2,0.010872985
3,0.0024642963
5,0.0023698907
4,0.002314992
0,0.0021917904
7,0.0015182089
