Token,Probability
▁SELECT,0.8131199
<0x0A>,0.12865426
SELECT,0.037440524
1,0.01489281
2,0.0022309802
4,0.0005911509
0,0.0005467252
3,0.00046763883
5,0.0004532511
7,0.00035576086
