Token,Probability
▁SELECT,0.6181734
<0x0A>,0.18853222
1,0.11798046
2,0.026739558
SELECT,0.010309017
3,0.009313421
5,0.0076610115
4,0.00514336
0,0.0050242143
9,0.0027746346
