Token,Probability
▁SELECT,0.82997936
<0x0A>,0.097590074
1,0.020455992
7,0.015201602
SELECT,0.014733898
2,0.010205873
4,0.0026416425
5,0.0019176266
3,0.0017460189
0,0.0016148036
