Token,Probability
▁SELECT,0.7994407
<0x0A>,0.13892195
1,0.033516485
SELECT,0.015107063
2,0.004607394
0,0.002159442
4,0.0013726248
3,0.0009582466
5,0.0008132533
7,0.0006956124
