Token,Probability
▁SELECT,0.89672935
<0x0A>,0.05643723
SELECT,0.018904105
1,0.01748344
2,0.0059021492
0,0.0010176582
4,0.00075625937
3,0.00065704953
5,0.00051171065
7,0.00033038526
