Token,Probability
▁SELECT,0.81920266
<0x0A>,0.11618764
SELECT,0.034345
1,0.024354253
2,0.0026901083
0,0.00062415533
3,0.0004937475
4,0.0004602233
5,0.00035842223
9,0.00021070558
