Token,Probability
▁SELECT,0.6549752
<0x0A>,0.15315837
1,0.095844045
2,0.036951173
SELECT,0.025396144
3,0.008309588
0,0.0074486653
5,0.0043788445
4,0.0043788445
7,0.002437194
