Token,Probability
▁SELECT,0.75555456
<0x0A>,0.20020205
SELECT,0.020451926
1,0.012798487
2,0.0041876487
0,0.0016019186
3,0.00082459697
4,0.0006889766
7,0.0005893129
5,0.0005407839
