Token,Probability
▁SELECT,0.44573012
1,0.15646599
<0x0A>,0.12971486
7,0.11996664
2,0.043449037
3,0.024756515
5,0.018687198
4,0.015984008
SELECT,0.015736198
9,0.009470211
