Token,Probability
▁SELECT,0.47304338
<0x0A>,0.45848936
1,0.029310245
SELECT,0.014284673
2,0.010129349
0,0.0029248688
5,0.0019945872
3,0.0015778483
4,0.0014822513
​,0.0008445614
