Token,Probability
▁SELECT,0.7160045
<0x0A>,0.1810343
1,0.053513635
2,0.016193729
SELECT,0.009594467
5,0.0050559286
3,0.004224386
4,0.0034210123
0,0.0024448873
7,0.0022435547
