Token,Probability
▁SELECT,0.8374267
<0x0A>,0.09846575
1,0.021294713
SELECT,0.018214332
2,0.012715653
▁CREATE,0.0024650416
5,0.0019653025
0,0.001875305
3,0.0014266568
4,0.0014045385
