Token,Probability
▁SELECT,0.6752339
1,0.12490571
<0x0A>,0.08064519
2,0.04118953
SELECT,0.022394361
3,0.011709162
4,0.009190627
0,0.009119105
5,0.008769757
7,0.005574397
