Token,Probability
▁SELECT,0.726637
<0x0A>,0.14762527
1,0.07194681
SELECT,0.028618462
2,0.008328448
0,0.003695726
5,0.0028558357
3,0.002600268
4,0.0021057613
7,0.001564869
