Token,Probability
▁SELECT,0.851538
<0x0A>,0.08564143
1,0.03683392
SELECT,0.012532109
2,0.005517813
0,0.0017498746
4,0.0010127496
5,0.0009892894
3,0.0009366403
▁CREATE,0.00088679325
