Token,Probability
▁SELECT,0.876222
1,0.044311512
<0x0A>,0.039720584
SELECT,0.03142157
2,0.0022408818
3,0.0010259505
0,0.0010100446
4,0.0008052778
9,0.0007506014
5,0.0005984316
