Token,Probability
▁SELECT,0.7902863
1,0.09891594
<0x0A>,0.03365445
2,0.02790052
SELECT,0.01692252
3,0.0069449884
4,0.0059403633
5,0.004848383
0,0.0039263405
7,0.0031303514
