Token,Probability
<0x0A>,0.5548201
▁SELECT,0.30640075
1,0.07277656
2,0.019435113
SELECT,0.016623734
0,0.007976155
5,0.00523089
9,0.0035951347
3,0.0030038476
4,0.002048446
