Token,Probability
▁SELECT,0.67383695
1,0.15035334
<0x0A>,0.09860412
SELECT,0.03201207
2,0.02234803
3,0.005349754
5,0.0033740478
4,0.0033740478
0,0.002841233
9,0.0022652287
