Token,Probability
▁SELECT,0.8141546
<0x0A>,0.15538414
SELECT,0.017163334
1,0.0074981046
2,0.0023228044
0,0.0007719873
4,0.0005604027
3,0.00045382787
5,0.00037623657
7,0.00029762762
