Token,Probability
▁SELECT,0.5699814
<0x0A>,0.24514596
1,0.08878598
2,0.035316624
SELECT,0.023525944
5,0.006954255
3,0.006740295
0,0.006041962
4,0.0051679634
7,0.0044203936
