Token,Probability
▁SELECT,0.7973229
<0x0A>,0.15217175
1,0.021582542
SELECT,0.016291358
2,0.0044191494
0,0.0019457252
3,0.0011086408
4,0.0010745316
5,0.0010253252
7,0.0006724247
