Token,Probability
▁SELECT,0.8449721
<0x0A>,0.10250674
SELECT,0.032255176
1,0.012631309
2,0.003647314
0,0.0010449731
3,0.00045296227
5,0.00039662706
4,0.00036969702
7,0.00035553417
