Token,Probability
▁SELECT,0.618004
1,0.11254689
SELECT,0.09477399
<0x0A>,0.09330465
2,0.055714753
3,0.005964767
0,0.0051822797
4,0.0042962604
5,0.003294057
▁CREATE,0.0016306766
