Token,Probability
▁SELECT,0.79958326
<0x0A>,0.17024109
SELECT,0.016084252
1,0.008609281
2,0.0021097949
0,0.0007348442
3,0.00046709535
4,0.00039952787
5,0.000333818
7,0.00025001814
