Token,Probability
▁SELECT,0.73458135
<0x0A>,0.114425704
1,0.09339153
2,0.016613876
SELECT,0.015485835
4,0.0061119036
3,0.0041355207
0,0.003649584
5,0.0035650418
9,0.0022660783
