Token,Probability
▁SELECT,0.7984239
<0x0A>,0.15721898
SELECT,0.022298396
1,0.012314343
2,0.0031135534
0,0.0014822737
3,0.0008713837
4,0.0006629138
5,0.000657755
▁CREATE,0.00054957485
