Token,Probability
6,0.40636185
1,0.17477407
▁SELECT,0.15423755
2,0.0838575
<0x0A>,0.0673814
4,0.022925368
3,0.02153639
7,0.019609105
5,0.017304976
9,0.01457225
