Token,Probability
▁SELECT,0.5279746
<0x0A>,0.44459918
SELECT,0.012612307
1,0.009084304
2,0.0014599806
0,0.00078760047
▁CREATE,0.0003960304
<0x09>,0.0003808587
4,0.00034139951
3,0.0003361066
