Token,Probability
▁SELECT,0.65846854
<0x0A>,0.21377343
1,0.079881296
SELECT,0.022531554
2,0.01622887
0,0.0019687854
3,0.001737447
4,0.001045614
▁CREATE,0.00092998834
5,0.00086009863
