Token,Probability
▁SELECT,0.6544806
<0x0A>,0.30915475
1,0.017441317
SELECT,0.012367746
2,0.002234806
0,0.00082213926
5,0.00051448157
3,0.00049865263
4,0.0004909217
▁CREATE,0.0004833107
