Token,Probability
▁SELECT,0.81796825
<0x0A>,0.11244324
1,0.03171607
SELECT,0.031224359
2,0.0021083087
0,0.0011197143
3,0.0005372448
5,0.00052891555
7,0.00052891555
4,0.00048536021
