Token,Probability
▁SELECT,0.88627845
<0x0A>,0.046242822
SELECT,0.029393727
1,0.022536952
2,0.0069272905
0,0.0019236391
▁CREATE,0.0014184025
4,0.001213224
3,0.0010296497
5,0.00093750685
