Token,Probability
▁SELECT,0.633625
<0x0A>,0.16020548
1,0.08986713
SELECT,0.036309604
2,0.03105725
0,0.023079788
3,0.006309663
4,0.0055249254
5,0.0042693317
▁CREATE,0.0028662938
