Token,Probability
▁SELECT,0.735659
<0x0A>,0.19190814
1,0.03838404
SELECT,0.018131336
2,0.0051141786
3,0.002066315
5,0.001686477
4,0.0014312944
0,0.0013445767
7,0.00084141456
