Token,Probability
▁SELECT,0.75615406
<0x0A>,0.17137773
1,0.034817502
SELECT,0.015450171
2,0.009082687
0,0.0032639317
4,0.0018166518
3,0.0018025143
5,0.0014597207
▁CREATE,0.0011192067
