Token,Probability
▁SELECT,0.80032134
<0x0A>,0.060757365
SELECT,0.046584282
2,0.04445104
1,0.039845653
▁CREATE,0.0024496638
0,0.0014627611
3,0.0011938709
4,0.0007829597
5,0.00045669626
