Token,Probability
▁SELECT,0.8884852
<0x0A>,0.060462177
SELECT,0.02641397
1,0.014361026
2,0.0038652176
0,0.0010817504
4,0.0010566916
3,0.0010004556
7,0.00082940684
5,0.0006716741
