Token,Probability
▁SELECT,0.802165
<0x0A>,0.12110879
▁CREATE,0.038108572
SELECT,0.014923532
1,0.0121802315
2,0.0056202533
0,0.0011507792
3,0.00066083693
5,0.0006111742
4,0.0005831865
