Token,Probability
▁SELECT,0.7280041
<0x0A>,0.2326841
SELECT,0.024524722
1,0.008882266
2,0.0017219058
0,0.0010122563
4,0.0006334538
3,0.00043536598
5,0.00037238825
7,0.00027244506
