Token,Probability
▁SELECT,0.8211557
<0x0A>,0.1182987
1,0.029446874
SELECT,0.016262107
2,0.0061724
0,0.0019882906
3,0.0011872625
4,0.0011066505
5,0.0009103057
7,0.0006063944
