Token,Probability
▁SELECT,0.85760075
<0x0A>,0.10734133
SELECT,0.02321419
1,0.005778468
2,0.0029513526
3,0.0007699064
0,0.00065853586
4,0.0003062476
5,0.0002104807
7,0.0001814457
