Token,Probability
▁SELECT,0.67262965
<0x0A>,0.15976356
1,0.07089464
SELECT,0.054356813
2,0.018785212
0,0.0064414744
3,0.00358522
5,0.0032899831
4,0.0029955637
7,0.002191601
