Token,Probability
▁SELECT,0.8380372
<0x0A>,0.1368058
SELECT,0.014876941
1,0.007138035
2,0.0009889366
0,0.0004972686
4,0.00024616582
3,0.00024234934
5,0.00019321774
9,0.0001447134
