Token,Probability
▁SELECT,0.6616307
<0x0A>,0.28904507
1,0.021603007
SELECT,0.017358504
2,0.0033650994
0,0.0016272558
4,0.0009792998
5,0.00091280777
3,0.00086422905
7,0.0005493374
