Token,Probability
▁SELECT,0.4575312
<0x0A>,0.3563257
1,0.080759056
2,0.036974195
SELECT,0.023137856
5,0.008122152
4,0.0067335004
3,0.0062763127
0,0.00589605
9,0.0056260503
