Token,Probability
▁SELECT,0.60817087
1,0.15865086
<0x0A>,0.14221372
2,0.031240206
SELECT,0.013124996
5,0.010712309
3,0.0076557416
0,0.007478397
4,0.00564499
7,0.004679861
