Token,Probability
▁SELECT,0.78094566
<0x0A>,0.16627291
1,0.022153724
SELECT,0.0154657895
2,0.0065999897
0,0.0017488232
3,0.0012794662
4,0.00125963
5,0.000981001
7,0.00066898443
