Token,Probability
<0x0A>,0.68685955
▁SELECT,0.28188658
1,0.015902953
SELECT,0.007168023
2,0.0028512424
0,0.0008832737
3,0.000698727
▁CREATE,0.000515209
<0x09>,0.00042050134
4,0.00035687484
