Token,Probability
▁SELECT,0.54990876
<0x0A>,0.16003257
0,0.15510888
1,0.07213233
2,0.03354465
SELECT,0.013239302
3,0.0032698768
5,0.0027751087
4,0.0027751087
9,0.0015088004
