Token,Probability
▁SELECT,0.5191081
1,0.29119325
<0x0A>,0.07025364
2,0.034778073
SELECT,0.017351424
0,0.012995618
5,0.012208253
3,0.011029238
4,0.008589579
7,0.0076996484
