Token,Probability
▁SELECT,0.6799313
1,0.12190497
2,0.072792776
<0x0A>,0.039576743
SELECT,0.019288167
3,0.013677357
4,0.011607823
5,0.011250688
7,0.009623223
0,0.00709572
