Token,Probability
▁SELECT,0.8119115
<0x0A>,0.15018854
SELECT,0.021636708
1,0.010381406
2,0.0022627455
0,0.0007942984
4,0.0005332667
3,0.00043185253
5,0.00037519998
7,0.00027236596
