Token,Probability
▁SELECT,0.8381214
<0x0A>,0.11702797
1,0.01910429
SELECT,0.015838014
2,0.0037913627
0,0.0016053639
4,0.0008263706
3,0.00077026204
5,0.0006141064
7,0.00048201764
