Token,Probability
▁SELECT,0.8186395
<0x0A>,0.13363923
1,0.020816978
SELECT,0.014993906
2,0.0046087485
0,0.0019514668
4,0.0010861548
3,0.000900454
5,0.00080716185
7,0.00064352545
