Token,Probability
▁SELECT,0.70579696
1,0.12264911
<0x0A>,0.1065594
2,0.022336062
SELECT,0.014763237
0,0.0065511474
5,0.004004636
3,0.00382125
4,0.0031188135
7,0.0025455013
