Token,Probability
▁SELECT,0.51953065
<0x0A>,0.28691205
1,0.09915416
2,0.041333605
SELECT,0.0206221
3,0.0071827034
5,0.0059546707
4,0.0039666654
0,0.0035280255
9,0.0035280255
