Token,Probability
▁SELECT,0.8126076
1,0.051142883
SELECT,0.039212607
<0x0A>,0.031019725
2,0.027161777
▁CREATE,0.007141146
0,0.0055615306
4,0.0055615306
3,0.004683278
5,0.00376312
