Token,Probability
▁SELECT,0.86666507
<0x0A>,0.045219462
1,0.038678255
SELECT,0.014795752
2,0.011168419
8,0.003597638
3,0.003379668
4,0.003224902
0,0.0031501972
7,0.0026945064
