Token,Probability
▁SELECT,0.8685538
<0x0A>,0.060982045
SELECT,0.03816159
1,0.019491034
2,0.007397962
3,0.0011982857
4,0.0008430993
0,0.00081716
5,0.000597847
7,0.0003569907
