Token,Probability
▁SELECT,0.8938576
<0x0A>,0.08185272
SELECT,0.015621865
1,0.0047643995
2,0.0013650233
0,0.0005100719
4,0.00038202625
3,0.0003731766
5,0.0002485892
7,0.00021937923
