Token,Probability
▁SELECT,0.48340088
<0x0A>,0.2248023
1,0.13849667
2,0.11846248
3,0.006788441
0,0.005005482
SELECT,0.0044173226
9,0.0034402143
4,0.0032826755
5,0.003181678
