Token,Probability
▁SELECT,0.52549374
<0x0A>,0.29020518
1,0.105105355
2,0.033072866
SELECT,0.020059707
3,0.0052328873
0,0.004406533
5,0.0037106732
4,0.0035685194
9,0.0030049945
