Token,Probability
1,0.658266
▁SELECT,0.25778067
<0x0A>,0.049973063
2,0.011869642
SELECT,0.010152644
0,0.0023010352
▁CREATE,0.0021616223
9,0.001709984
3,0.0015691696
5,0.0011480291
