Token,Probability
▁SELECT,0.7396336
<0x0A>,0.14338452
1,0.049552362
SELECT,0.024339303
2,0.022161188
0,0.004004445
3,0.0030227136
4,0.0024864164
▁CREATE,0.002281664
5,0.0022114646
