Token,Probability
▁SELECT,0.53536254
<0x0A>,0.13749248
2,0.103784755
1,0.08604059
▁CREATE,0.049408957
SELECT,0.027286217
5,0.01404574
4,0.0106022805
3,0.009068611
0,0.0057195015
