Token,Probability
▁SELECT,0.6718244
<0x0A>,0.15957227
1,0.08675794
2,0.029982742
SELECT,0.017625945
3,0.0067954073
0,0.0058124196
7,0.0055462494
4,0.0053756093
5,0.0043874444
