Token,Probability
▁SELECT,0.734629
1,0.08637866
<0x0A>,0.06520203
2,0.045518354
SELECT,0.011508842
3,0.01124224
7,0.0099212425
4,0.009033394
5,0.008963095
0,0.0051470725
