Token,Probability
▁SELECT,0.671194
<0x0A>,0.20152898
1,0.07530588
SELECT,0.023328677
2,0.012389766
3,0.0033871734
5,0.0029891701
4,0.0025567727
0,0.0018415743
7,0.0014913523
