Token,Probability
▁SELECT,0.7452748
1,0.076134615
<0x0A>,0.0737922
9,0.042707648
SELECT,0.024717292
2,0.009831859
5,0.004397079
0,0.0043628607
8,0.004328909
4,0.004163071
