Token,Probability
▁SELECT,0.7535874
<0x0A>,0.15072696
1,0.040567614
2,0.022403564
SELECT,0.022056228
0,0.0022708573
3,0.0020040248
4,0.0019423675
5,0.0011966579
7,0.0008419539
