Token,Probability
▁SELECT,0.8264095
<0x0A>,0.12673402
SELECT,0.026153037
1,0.013568019
2,0.002529516
0,0.0009526244
3,0.000560019
4,0.00053437386
5,0.00049421506
▁CREATE,0.00038791387
