Token,Probability
▁SELECT,0.5921196
<0x0A>,0.37637407
SELECT,0.013184226
1,0.010108696
▁CREATE,0.002255555
2,0.00093293807
​,0.000823315
<0x09>,0.0006933007
0,0.00048023538
3,0.00027577596
