Token,Probability
▁SELECT,0.8450321
1,0.05074812
<0x0A>,0.049186762
2,0.021826496
SELECT,0.015721034
4,0.0036191875
3,0.0033734539
0,0.0023550505
5,0.0022297169
7,0.0016440899
