Token,Probability
▁SELECT,0.855912
<0x0A>,0.09454185
SELECT,0.025445595
1,0.019207343
2,0.0018577296
0,0.0008439118
3,0.0005281064
4,0.00030564456
5,0.0002939355
7,0.00019580327
