Token,Probability
<0x0A>,0.498074
▁SELECT,0.46064314
1,0.021544568
SELECT,0.0119913565
2,0.0016875009
▁CREATE,0.0010155559
0,0.00094660214
​,0.0006405031
3,0.00038546155
5,0.0003621076
