Token,Probability
▁SELECT,0.78336257
<0x0A>,0.078784846
1,0.05086732
SELECT,0.030852586
2,0.022222286
7,0.0057519167
3,0.0048815883
0,0.004550141
4,0.0045147315
5,0.0044447365
