Token,Probability
▁SELECT,0.8247337
<0x0A>,0.10650432
1,0.021302205
SELECT,0.017386353
▁CREATE,0.012522919
2,0.007655108
0,0.0021932248
3,0.0012594631
5,0.0012207135
4,0.0009656638
