Token,Probability
▁SELECT,0.7286231
1,0.08839201
<0x0A>,0.08702162
2,0.046579316
SELECT,0.009463162
3,0.008616307
0,0.007845238
5,0.005226054
4,0.0048333104
7,0.0034273304
