Token,Probability
▁SELECT,0.64639103
1,0.21315715
<0x0A>,0.048310775
2,0.040681753
SELECT,0.020456066
9,0.006238749
0,0.00563624
3,0.005378138
5,0.003161644
▁CREATE,0.0029700897
