Token,Probability
▁SELECT,0.42027375
<0x0A>,0.40102804
1,0.09525251
2,0.029507848
SELECT,0.023160975
3,0.0053737783
0,0.0047795377
5,0.004251009
7,0.0037223075
4,0.0036360805
