Token,Probability
<0x0A>,0.63552576
▁SELECT,0.31460804
1,0.02075065
2,0.008449777
SELECT,0.007876059
▁CREATE,0.0023100404
0,0.0020869477
3,0.001468351
4,0.0012657979
5,0.0012173059
