Token,Probability
▁SELECT,0.8648555
<0x0A>,0.08430468
SELECT,0.042391058
1,0.0056480616
2,0.0008866987
0,0.00046725734
4,0.00023495177
3,0.00019478185
5,0.00017597074
7,0.00014934443
