Token,Probability
▁SELECT,0.8149613
<0x0A>,0.14841548
SELECT,0.015642878
1,0.014243002
2,0.0023617214
0,0.0009922335
3,0.00049119117
4,0.00047981276
5,0.0004104056
7,0.00031713684
