Token,Probability
▁SELECT,0.6447604
2,0.16558817
1,0.06902742
<0x0A>,0.06690367
SELECT,0.013071591
3,0.009638387
4,0.008053174
5,0.006321009
0,0.0053645703
7,0.0029166662
