Token,Probability
▁SELECT,0.85130984
<0x0A>,0.0940335
SELECT,0.04511777
1,0.0056914417
2,0.001300048
0,0.00070682383
4,0.00027038422
3,0.00026828007
5,0.0002520258
7,0.00018583218
