Token,Probability
▁SELECT,0.8931491
<0x0A>,0.06369643
SELECT,0.026140962
1,0.009176341
4,0.0023566792
2,0.0018789084
0,0.0009374222
3,0.00060524524
5,0.00046769733
7,0.00038172342
