Token,Probability
<0x0A>,0.534616
▁SELECT,0.41635936
1,0.019626116
SELECT,0.008054543
2,0.007449235
0,0.0025743865
9,0.0017283612
5,0.0014328619
▁CREATE,0.0012744137
3,0.0009771269
