Token,Probability
▁SELECT,0.726386
<0x0A>,0.12821475
1,0.09985375
2,0.013200689
SELECT,0.012208642
0,0.0059966836
5,0.0030628063
3,0.0025993697
4,0.002293936
7,0.0014355084
