Token,Probability
<0x0A>,0.5717338
▁SELECT,0.30602705
2,0.083663136
1,0.021153357
SELECT,0.0036472955
▁CREATE,0.0025661932
3,0.0024486785
0,0.0023365454
5,0.0013628948
4,0.0012409299
