Token,Probability
▁SELECT,0.8004102
<0x0A>,0.1266433
SELECT,0.040477622
1,0.02067395
2,0.0046491614
0,0.0013959315
4,0.0010956791
3,0.0010054518
5,0.00093718397
7,0.00062429917
