Token,Probability
▁SELECT,0.7762349
<0x0A>,0.14814703
1,0.030571867
SELECT,0.01883478
2,0.011878948
0,0.0030270247
4,0.002302839
3,0.0020804417
5,0.0014523824
7,0.001167022
