Token,Probability
▁SELECT,0.647962
1,0.19761722
<0x0A>,0.1091346
SELECT,0.015002352
2,0.012244563
0,0.0037931884
3,0.0030479128
4,0.0025071446
5,0.002282781
9,0.0018631518
