Token,Probability
▁SELECT,0.8527865
<0x0A>,0.055375334
1,0.028282952
SELECT,0.026569376
2,0.009622789
6,0.0067177904
4,0.004270087
7,0.0037099158
5,0.0033779168
3,0.0030997505
