Token,Probability
▁SELECT,0.63590866
1,0.15104155
<0x0A>,0.105443984
2,0.04464779
0,0.010941412
SELECT,0.0098078195
4,0.008723255
3,0.007698246
5,0.007231832
7,0.005249747
