Token,Probability
▁SELECT,0.71048164
<0x0A>,0.10235459
1,0.08353938
2,0.046861347
SELECT,0.010620841
3,0.009372858
0,0.007831316
5,0.0058197402
7,0.005510019
4,0.0050959345
