Token,Probability
▁SELECT,0.6768978
2,0.10544035
1,0.08878967
<0x0A>,0.049034316
SELECT,0.020123642
3,0.016424438
5,0.011376876
4,0.011113331
7,0.0055446466
0,0.0044901916
