Token,Probability
▁SELECT,0.7101044
<0x0A>,0.17401858
1,0.05649556
2,0.018776378
SELECT,0.01373709
0,0.0062892977
3,0.0041895756
4,0.0035556469
5,0.0035005216
7,0.0021231738
