Token,Probability
▁SELECT,0.78253984
<0x0A>,0.18015091
SELECT,0.024002785
1,0.0073778504
2,0.0018222005
0,0.0010063148
4,0.00047534937
3,0.0004362051
5,0.0003940785
7,0.00030215047
