Token,Probability
▁SELECT,0.80698365
<0x0A>,0.14927697
SELECT,0.020843737
1,0.014551272
2,0.0029562702
0,0.0012517635
3,0.00071882736
4,0.00067002076
5,0.00055982335
7,0.00042257682
