Token,Probability
▁SELECT,0.7379622
<0x0A>,0.12429311
1,0.05429964
2,0.043630984
SELECT,0.020934377
0,0.0030874023
3,0.00294602
7,0.002640795
4,0.0024807975
5,0.0022412138
