Token,Probability
▁SELECT,0.7966473
<0x0A>,0.14508025
SELECT,0.028125092
1,0.01705873
2,0.0033590633
4,0.0015259231
0,0.001467466
6,0.0014560461
5,0.0012261138
3,0.001065266
