Token,Probability
▁SELECT,0.66132194
<0x0A>,0.1282031
2,0.08407764
1,0.07419826
SELECT,0.016299196
3,0.008589072
0,0.0063331854
4,0.0054595466
5,0.004743336
7,0.003337354
