Token,Probability
▁SELECT,0.6478654
<0x0A>,0.27864346
1,0.029831298
SELECT,0.018093595
2,0.008348823
4,0.0032187577
0,0.0028184385
5,0.0025662172
3,0.0023548934
7,0.0014508078
