Token,Probability
▁SELECT,0.7027371
<0x0A>,0.25056866
SELECT,0.029005425
1,0.010181862
2,0.0026354273
0,0.0012844048
4,0.000661155
3,0.0005699512
5,0.00055241556
7,0.00034569285
