Token,Probability
2,0.6464008
▁SELECT,0.2531342
1,0.03704172
<0x0A>,0.0326892
SELECT,0.0064873705
4,0.005548942
5,0.0041559655
3,0.0040915334
0,0.0036676268
7,0.0016274996
