Token,Probability
▁SELECT,0.9115685
<0x0A>,0.046824977
1,0.015441238
SELECT,0.014505702
2,0.0040596803
0,0.0015897937
4,0.0015051864
3,0.0010757083
5,0.00077480363
7,0.0005940625
