Token,Probability
▁SELECT,0.804923
<0x0A>,0.1215252
SELECT,0.03677466
1,0.019530877
2,0.0044962633
4,0.0016412105
0,0.001615766
5,0.0012781761
3,0.0011729202
7,0.0009876979
