Token,Probability
▁SELECT,0.7079321
<0x0A>,0.25242096
SELECT,0.016011156
1,0.014352307
2,0.0034357088
▁CREATE,0.00095406186
0,0.0007971485
4,0.0007089986
3,0.00064052676
5,0.00054360804
