Token,Probability
▁SELECT,0.7722097
<0x0A>,0.16963196
1,0.027691657
SELECT,0.022957189
2,0.002535792
0,0.001073722
3,0.000693247
4,0.00061178836
5,0.00053153094
9,0.00037986803
