Token,Probability
▁SELECT,0.63883495
<0x0A>,0.254111
1,0.04148248
SELECT,0.026367867
2,0.018122353
▁CREATE,0.0048396075
0,0.0035407322
4,0.0031246855
5,0.0024912162
3,0.0021475628
