Token,Probability
▁SELECT,0.8386757
<0x0A>,0.103345126
SELECT,0.027383732
1,0.020670326
2,0.0045762807
0,0.0015692129
▁CREATE,0.0006241898
3,0.0005683312
5,0.00047116316
4,0.00044261682
