Token,Probability
<0x0A>,0.5466806
▁SELECT,0.4257553
SELECT,0.013161583
1,0.008767505
2,0.0014999433
▁CREATE,0.00060131564
0,0.00059199316
<0x09>,0.00043311142
3,0.00032438547
4,0.00022823368
