Token,Probability
▁SELECT,0.70662934
<0x0A>,0.2559242
1,0.019428795
SELECT,0.008099128
2,0.0031469814
9,0.0013429668
0,0.0011220908
4,0.00091582374
3,0.00071883836
5,0.0005218207
