Token,Probability
▁SELECT,0.59681576
<0x0A>,0.23371641
2,0.08464648
1,0.05214918
SELECT,0.011636056
3,0.004451188
4,0.0032821002
0,0.0031811204
5,0.0026787722
7,0.001562514
