Token,Probability
▁SELECT,0.8653817
<0x0A>,0.05361992
1,0.040474445
SELECT,0.021328533
2,0.008550444
4,0.0018491632
0,0.0017101963
3,0.001497498
5,0.0013634873
7,0.0010955929
