Token,Probability
▁SELECT,0.61249673
<0x0A>,0.17276263
1,0.10478583
2,0.03401898
SELECT,0.02338088
5,0.009746601
7,0.008736796
3,0.008402095
4,0.0070202136
0,0.004900899
