Token,Probability
▁SELECT,0.803378
1,0.06594528
<0x0A>,0.045323487
2,0.025824545
SELECT,0.018028438
7,0.0093530305
3,0.0062793274
5,0.0061338665
4,0.0050455816
9,0.0049673566
