Token,Probability
▁SELECT,0.72810614
<0x0A>,0.18993784
1,0.03682113
SELECT,0.027363142
2,0.007480667
0,0.002466862
4,0.0015317093
5,0.0014501933
3,0.0014165996
7,0.00088648545
