Token,Probability
▁SELECT,0.83786196
<0x0A>,0.10819968
SELECT,0.031983763
1,0.013542778
2,0.0030218023
0,0.001721771
3,0.0007580855
4,0.0006902447
5,0.00063837203
7,0.0004456555
