Token,Probability
▁SELECT,0.6675464
<0x0A>,0.23433083
1,0.0420132
SELECT,0.033758555
2,0.00997901
0,0.0040318845
3,0.0017476926
5,0.001393382
4,0.0010851669
7,0.0009880557
