Token,Probability
▁SELECT,0.86183554
<0x0A>,0.09519614
1,0.021241132
SELECT,0.010112294
2,0.0033346808
0,0.0013161219
4,0.0013058798
▁CREATE,0.0012172138
3,0.00081719866
5,0.0006617877
