Token,Probability
▁SELECT,0.7002927
<0x0A>,0.087651916
4,0.08629299
1,0.06720506
2,0.019711178
SELECT,0.013441856
3,0.007902059
0,0.005603399
5,0.0045024576
7,0.001484753
