Token,Probability
▁SELECT,0.8127514
<0x0A>,0.16004023
SELECT,0.014886062
1,0.007844403
2,0.0013631529
0,0.0007183311
3,0.00042893508
4,0.0003815028
5,0.00031381563
7,0.0002026146
