Token,Probability
▁SELECT,0.6364732
1,0.15117565
<0x0A>,0.0522449
2,0.051434923
5,0.01967561
3,0.015686765
SELECT,0.014171811
0,0.013843521
4,0.011933861
7,0.011476682
