Token,Probability
▁SELECT,0.8506669
<0x0A>,0.09250573
1,0.02489758
SELECT,0.020640818
2,0.0037297194
0,0.00244601
4,0.0009430208
3,0.0009284006
5,0.0006687019
7,0.00054153125
