Token,Probability
▁SELECT,0.68282604
SELECT,0.14767149
<0x0A>,0.10636378
1,0.0373372
2,0.012121614
5,0.0036968833
3,0.0027472903
4,0.0021229414
0,0.0015171979
7,0.0009795766
