Token,Probability
▁SELECT,0.7647793
<0x0A>,0.19036864
SELECT,0.021358768
1,0.014228006
2,0.0027798577
4,0.0018230752
0,0.0010146942
3,0.000719526
5,0.0006500376
7,0.0004682045
