Token,Probability
▁SELECT,0.51792854
<0x0A>,0.19967924
1,0.12692386
2,0.06482636
5,0.02071975
3,0.016910966
SELECT,0.015640087
4,0.010098
9,0.0062699905
7,0.005936308
