Token,Probability
▁SELECT,0.78342617
<0x0A>,0.08789798
1,0.062329005
2,0.023290647
SELECT,0.018281039
3,0.0043083364
5,0.004208534
0,0.003953552
4,0.0031031782
9,0.0020833754
