Token,Probability
▁SELECT,0.74691796
<0x0A>,0.096455365
2,0.06036023
1,0.050040383
SELECT,0.021861024
4,0.0057475166
3,0.005441639
5,0.0032493512
7,0.0020654132
0,0.0017666415
