Token,Probability
▁SELECT,0.83674896
<0x0A>,0.10638068
SELECT,0.037343133
1,0.013315105
2,0.0018592052
4,0.0009951608
0,0.00079963426
3,0.0005122649
5,0.0004926403
6,0.00028511832
