Token,Probability
▁SELECT,0.670808
<0x0A>,0.2796344
1,0.022422062
SELECT,0.009719245
2,0.006525193
0,0.001649827
▁CREATE,0.0015620248
4,0.0013465497
3,0.0012165062
5,0.0011250844
