Token,Probability
<0x0A>,0.4382636
▁SELECT,0.41171056
1,0.05748767
2,0.033012394
SELECT,0.026526205
0,0.0068124924
5,0.005264286
7,0.003851434
3,0.0036750643
4,0.003294306
