Token,Probability
▁SELECT,0.66455406
<0x0A>,0.2813899
1,0.019911624
2,0.0108257625
SELECT,0.008631051
5,0.0025513337
3,0.002304938
4,0.0019869807
0,0.0017128845
7,0.0013030939
