Token,Probability
▁SELECT,0.72799015
<0x0A>,0.14790018
1,0.06666383
SELECT,0.024524251
2,0.015958237
0,0.0040348736
4,0.0027515448
3,0.0021766513
5,0.0021766513
7,0.0014499624
