Token,Probability
▁SELECT,0.52767307
<0x0A>,0.43745634
SELECT,0.013736265
1,0.0088688
▁CREATE,0.0024245947
2,0.0024245947
3,0.00080581737
▁JOIN,0.00077494705
0,0.0006785663
<0x09>,0.0005758917
