Token,Probability
▁SELECT,0.7987065
<0x0A>,0.1524358
1,0.020629942
SELECT,0.015330872
2,0.005552474
0,0.0012197165
▁CREATE,0.00097244285
3,0.0009064164
4,0.00075733924
5,0.00075144565
