Token,Probability
4,0.7469435
▁SELECT,0.1339196
1,0.030830042
2,0.025961498
<0x0A>,0.02401046
3,0.014115021
5,0.0076144827
SELECT,0.004878021
0,0.0032494625
6,0.002065484
