Token,Probability
▁SELECT,0.7809795
1,0.093274705
<0x0A>,0.08762347
SELECT,0.014529396
2,0.010465132
0,0.0029060622
3,0.0019358548
5,0.001735289
4,0.001695091
7,0.001165018
