Token,Probability
<0x0A>,0.5183712
▁SELECT,0.44338644
1,0.01447708
SELECT,0.010346303
2,0.0034118483
0,0.0016498622
<0x09>,0.0010085404
▁CREATE,0.00087623514
4,0.00080407853
3,0.00076725706
