Token,Probability
▁SELECT,0.69725156
<0x0A>,0.15079123
1,0.06903726
2,0.027893575
SELECT,0.02056743
0,0.0072764736
4,0.0071636625
3,0.005892668
5,0.004482905
9,0.0026148553
