Token,Probability
▁SELECT,0.6797761
<0x0A>,0.27465436
SELECT,0.020051941
1,0.013357472
2,0.0040106406
0,0.0012818777
5,0.0010794492
4,0.0010300176
3,0.00092330185
7,0.00059612846
