Token,Probability
▁SELECT,0.88688076
<0x0A>,0.05849613
SELECT,0.026781479
1,0.01574402
9,0.0044408045
2,0.0023769913
7,0.0009755153
0,0.0008608892
5,0.0007597321
4,0.00068101945
