Token,Probability
▁SELECT,0.601226
1,0.18625112
<0x0A>,0.09969304
2,0.039040357
SELECT,0.018441359
3,0.012188993
0,0.011722041
4,0.0076875016
5,0.0063731633
7,0.004886474
