Token,Probability
▁SELECT,0.7912998
<0x0A>,0.16329393
SELECT,0.023524724
1,0.013615064
2,0.0032338614
0,0.0006778542
5,0.0006621517
4,0.0006569988
3,0.00064177945
7,0.00042751725
