Token,Probability
▁SELECT,0.70914924
<0x0A>,0.17109023
1,0.05383593
2,0.026237536
SELECT,0.015066949
0,0.005456887
4,0.0042831595
3,0.0041190744
5,0.0029901275
7,0.0021537081
