Token,Probability
▁SELECT,0.58150405
1,0.16922733
<0x0A>,0.121889874
2,0.048484445
SELECT,0.032806218
0,0.012354934
3,0.008625134
5,0.0063102827
4,0.004952998
9,0.0041061793
