Token,Probability
<0x0A>,0.68004906
▁SELECT,0.2879509
1,0.012750908
SELECT,0.010570874
2,0.003028606
0,0.0009832445
3,0.0007082044
4,0.0006398094
5,0.00060104526
▁CREATE,0.00040668756
