Token,Probability
▁SELECT,0.8405311
<0x0A>,0.11554487
SELECT,0.030616343
1,0.007502857
2,0.0031033168
▁CREATE,0.00083524635
0,0.0003481825
3,0.00028865342
4,0.00025874723
5,0.00023193954
