Token,Probability
▁SELECT,0.69317275
<0x0A>,0.24332653
1,0.03505451
SELECT,0.00958337
2,0.008725757
0,0.00165238
3,0.0015522675
4,0.001296968
5,0.0011717129
▁CREATE,0.0009944199
