Token,Probability
▁SELECT,0.7345985
<0x0A>,0.09635835
1,0.09052029
2,0.028483475
SELECT,0.022532282
3,0.004760066
0,0.0046497993
4,0.004368082
5,0.0043003615
7,0.0028423653
