Token,Probability
▁SELECT,0.84752667
<0x0A>,0.07290792
1,0.034981605
SELECT,0.015522993
2,0.011180792
3,0.0029395598
5,0.0026764995
7,0.0026350042
4,0.0025340589
0,0.0025143386
