Token,Probability
▁SELECT,0.72008073
1,0.09898698
2,0.07019228
<0x0A>,0.05819145
SELECT,0.022086982
3,0.0070044864
0,0.005164784
4,0.004349184
5,0.004215374
7,0.0029658861
