Token,Probability
▁SELECT,0.81367534
<0x0A>,0.13076954
SELECT,0.023082193
1,0.021683713
2,0.0051907278
0,0.0011764471
3,0.0009234039
4,0.0007898292
5,0.00064969575
9,0.00043618513
