Token,Probability
▁SELECT,0.8529541
<0x0A>,0.097205825
1,0.022031115
SELECT,0.015380195
2,0.0052738898
▁CREATE,0.0012236409
0,0.0010714558
3,0.0009455563
4,0.0009164646
5,0.0006810587
