Token,Probability
▁SELECT,0.8235421
<0x0A>,0.12629427
1,0.022643315
SELECT,0.013104945
2,0.0068520796
0,0.0018586766
4,0.0010345094
3,0.00090584654
5,0.0007627993
7,0.00068913173
