Token,Probability
▁SELECT,0.7793045
1,0.08086466
<0x0A>,0.058244623
2,0.03532715
SELECT,0.00996448
3,0.0074049733
5,0.007290169
4,0.005417594
7,0.0045978525
0,0.003752658
