Token,Probability
▁SELECT,0.82862407
<0x0A>,0.0959202
1,0.034201402
SELECT,0.021070872
2,0.008316188
7,0.0019907602
0,0.0018411522
5,0.0017161426
4,0.0016895363
3,0.0016121666
