Token,Probability
▁SELECT,0.8598973
<0x0A>,0.10596014
SELECT,0.02152711
1,0.00641331
2,0.0017948797
▁CREATE,0.001535242
0,0.00071955344
4,0.00037039435
3,0.00033724788
5,0.00024867101
