Token,Probability
▁SELECT,0.4377962
<0x0A>,0.2739659
1,0.17144346
2,0.037661128
0,0.023021787
5,0.013746938
SELECT,0.009596909
3,0.008273052
9,0.0058664726
4,0.0053414837
