Token,Probability
▁SELECT,0.67129105
1,0.109585255
<0x0A>,0.085345075
2,0.052579578
SELECT,0.01530153
3,0.014262594
5,0.010850409
0,0.009956895
4,0.009426999
7,0.008718549
