Token,Probability
▁SELECT,0.8468533
<0x0A>,0.095014304
SELECT,0.04023159
1,0.012463165
2,0.0020187227
0,0.00069222273
3,0.00044000353
5,0.00042646605
4,0.0004198543
7,0.00027107834
