Token,Probability
▁SELECT,0.8000398
SELECT,0.14799249
1,0.015476907
<0x0A>,0.013658322
2,0.0033210684
選,0.0019986543
▁CREATE,0.0019371621
0,0.0014969228
选,0.0013418329
<s>,0.000820246
