Token,Probability
▁SELECT,0.8743622
SELECT,0.06235661
<0x0A>,0.04932814
1,0.008844049
2,0.0016488156
4,0.0005971614
0,0.0005609813
9,0.00042677205
5,0.00038255597
3,0.00036503744
