Token,Probability
▁SELECT,0.6739499
6,0.162598
1,0.06268711
<0x0A>,0.043084174
SELECT,0.01609938
2,0.014658652
5,0.005026472
7,0.0049100337
4,0.0046125497
3,0.004265911
