Token,Probability
▁SELECT,0.6085537
<0x0A>,0.27429667
1,0.061203856
2,0.016472794
SELECT,0.015841732
0,0.0047565503
5,0.0036185924
4,0.0031438877
3,0.00275288
7,0.0017498372
