Token,Probability
▁SELECT,0.8234922
<0x0A>,0.118635304
SELECT,0.027741488
1,0.020296108
2,0.004389341
0,0.001392
4,0.0008442907
3,0.0007808413
5,0.00061769626
7,0.0004449099
