Token,Probability
▁SELECT,0.6162597
<0x0A>,0.2865874
1,0.03215421
SELECT,0.025836635
2,0.015307699
4,0.007818408
3,0.0035240324
5,0.0034423985
9,0.002205283
0,0.0019010729
