Token,Probability
▁SELECT,0.60166806
<0x0A>,0.1569545
1,0.14290869
2,0.0415888
SELECT,0.024448793
0,0.009499777
5,0.004452456
3,0.004383427
4,0.0033608903
7,0.0025970945
