Token,Probability
▁SELECT,0.8511421
<0x0A>,0.09401497
SELECT,0.02735992
1,0.0146447085
2,0.0056903204
0,0.001531529
3,0.0007761411
5,0.00074059906
4,0.0006849422
▁CREATE,0.00052928226
