Token,Probability
<0x0A>,0.4012324
▁SELECT,0.39501187
5,0.11141821
1,0.039727386
2,0.017086536
SELECT,0.012998751
3,0.0044922484
4,0.00415465
7,0.0031606916
9,0.002877842
