Token,Probability
▁SELECT,0.6150508
2,0.19658205
<0x0A>,0.119233035
1,0.03693667
SELECT,0.015886266
3,0.0036572258
4,0.0024746028
0,0.0023612825
7,0.0020197118
5,0.0019729254
