Token,Probability
▁SELECT,0.7102786
<0x0A>,0.11594979
1,0.088901795
2,0.055633318
SELECT,0.008941088
0,0.0039060721
3,0.0026429805
5,0.002602005
▁CREATE,0.0025023236
4,0.0017744133
