Token,Probability
▁SELECT,0.86555237
<0x0A>,0.081776746
SELECT,0.024940498
1,0.018534204
2,0.0024694435
4,0.0013115116
0,0.0010958089
3,0.0007709979
5,0.0007075074
7,0.0005424647
