Token,Probability
▁SELECT,0.7458277
<0x0A>,0.16129655
1,0.057512056
SELECT,0.0108061945
2,0.009243029
0,0.0033738588
4,0.0022474742
5,0.0019989451
3,0.001937444
7,0.0016701812
