Token,Probability
▁SELECT,0.5504318
1,0.15770136
<0x0A>,0.13917094
2,0.0678265
SELECT,0.018542733
5,0.013887866
3,0.012944915
4,0.011694756
7,0.008690804
0,0.006259752
