Token,Probability
▁SELECT,0.5585835
<0x0A>,0.29435283
1,0.06671329
4,0.02269805
2,0.02003096
SELECT,0.012732454
3,0.008220689
5,0.0047577703
0,0.0028632765
9,0.0028409942
