Token,Probability
▁SELECT,0.8024238
<0x0A>,0.14613223
1,0.020404631
SELECT,0.012768893
2,0.009197089
0,0.0016361148
3,0.0014666038
5,0.0012544527
4,0.0012446905
7,0.000910635
