Token,Probability
▁SELECT,0.3384245
1,0.20849729
<0x0A>,0.19586508
2,0.14107631
4,0.030749189
0,0.024707666
3,0.013859744
5,0.012521236
SELECT,0.01079398
9,0.005777601
