Token,Probability
▁SELECT,0.72113013
<0x0A>,0.13549633
1,0.056483276
2,0.04330723
SELECT,0.018337436
3,0.0044588107
5,0.004091635
0,0.0031127513
4,0.0031127513
7,0.0029241594
