Token,Probability
▁SELECT,0.7230334
<0x0A>,0.217094
1,0.025130456
SELECT,0.013451364
2,0.0094642155
0,0.0022479482
5,0.0017782735
4,0.0016065363
3,0.0013215007
7,0.0010053448
