Token,Probability
▁SELECT,0.80301845
<0x0A>,0.10867673
SELECT,0.045303203
1,0.0369754
2,0.0022205452
0,0.0011253175
3,0.00048778902
4,0.00048778902
5,0.00037400084
9,0.00028675637
