Token,Probability
▁SELECT,0.84833896
<0x0A>,0.08015043
SELECT,0.040936835
1,0.017606713
2,0.004889208
4,0.0022384424
0,0.0017846419
3,0.0011343873
5,0.0007857672
7,0.0004878939
