Token,Probability
▁SELECT,0.76034814
1,0.10452241
<0x0A>,0.0922407
SELECT,0.018886812
2,0.01003071
0,0.0033598673
3,0.0022912303
5,0.0018267281
4,0.001550324
7,0.0012852637
