Token,Probability
▁SELECT,0.9062822
<0x0A>,0.05703846
1,0.017126052
SELECT,0.0103874765
2,0.0048306244
0,0.001077858
4,0.00055918534
3,0.00054623187
5,0.0004027661
7,0.0003391631
