Token,Probability
▁SELECT,0.7915446
<0x0A>,0.10546312
1,0.034238864
SELECT,0.022807999
4,0.015193403
2,0.014384823
▁CREATE,0.00318471
5,0.0028547558
3,0.0026817948
0,0.0025589864
