Token,Probability
▁SELECT,0.8055583
<0x0A>,0.107330255
1,0.03887244
2,0.014639495
SELECT,0.012042121
▁CREATE,0.007959356
0,0.0034232764
4,0.0017348321
3,0.0016814568
5,0.0015072481
