Token,Probability
▁SELECT,0.6269072
<0x0A>,0.2781884
1,0.036490373
2,0.032202646
SELECT,0.014628711
3,0.0019039366
5,0.0015061378
▁CREATE,0.0014827872
4,0.0013606821
0,0.0013395866
