Token,Probability
▁SELECT,0.7379237
<0x0A>,0.13438588
1,0.07193158
2,0.018911647
SELECT,0.012597873
0,0.004598432
5,0.0038421343
3,0.003782567
4,0.0033642848
7,0.0024232033
