Token,Probability
▁SELECT,0.8746978
<0x0A>,0.074078724
1,0.02900965
SELECT,0.015772272
2,0.0019587686
0,0.0010484533
3,0.000565598
4,0.0005149829
5,0.00045803533
7,0.00043365906
