Token,Probability
▁SELECT,0.487903
1,0.21650565
<0x0A>,0.11588713
2,0.08090224
3,0.020138163
0,0.014280095
5,0.013626162
4,0.013104153
SELECT,0.0110348025
7,0.009006343
