Token,Probability
▁SELECT,0.84714514
<0x0A>,0.085199624
1,0.03134319
2,0.011803954
SELECT,0.009265029
5,0.0025527838
0,0.0024169271
3,0.0023425661
4,0.0023243364
7,0.0015483418
