Token,Probability
▁SELECT,0.47901598
1,0.19053939
<0x0A>,0.13940158
2,0.0746163
SELECT,0.036937743
5,0.014019987
4,0.013802627
7,0.013482889
3,0.012469634
0,0.011004414
