Token,Probability
▁SELECT,0.7970292
<0x0A>,0.1321604
SELECT,0.025821406
1,0.025421083
2,0.008514996
0,0.0021698135
3,0.0015386284
4,0.0015386284
5,0.0012656412
7,0.0009856824
