Token,Probability
▁SELECT,0.5149318
<0x0A>,0.4010293
1,0.053431984
SELECT,0.010603901
2,0.008067022
0,0.0036360922
3,0.0015761291
5,0.0011990558
4,0.0010748267
<0x09>,0.00065702834
