Token,Probability
▁SELECT,0.50543785
1,0.25815243
<0x0A>,0.1163584
SELECT,0.07281523
2,0.024774132
0,0.0061187795
3,0.003950581
5,0.0037992364
4,0.0025308372
7,0.0014994713
