Token,Probability
▁SELECT,0.46469906
<0x0A>,0.40373755
1,0.078268096
SELECT,0.018590303
2,0.014937728
3,0.0034120986
0,0.00323051
5,0.0028067157
4,0.0023634916
9,0.0020216014
