Token,Probability
▁SELECT,0.89516324
<0x0A>,0.06902758
SELECT,0.023855293
1,0.0069422857
2,0.0023436127
0,0.000640708
3,0.00033500197
4,0.00029563816
5,0.00026708684
▁CREATE,0.00021798992
