Token,Probability
▁SELECT,0.5632737
1,0.14466065
2,0.06940894
4,0.06520367
<0x0A>,0.061253175
3,0.021003798
SELECT,0.020041961
5,0.015731117
0,0.010397634
7,0.008486301
