Token,Probability
▁SELECT,0.66424716
<0x0A>,0.30411452
SELECT,0.022376902
1,0.0058373637
2,0.0009679298
0,0.0005021554
4,0.00038803558
3,0.00025447996
5,0.0001997436
▁CREATE,0.00019209155
