Token,Probability
▁SELECT,0.7671278
<0x0A>,0.17116936
SELECT,0.040025968
1,0.013199163
2,0.0037816234
0,0.0009123591
5,0.00078038214
4,0.00061252894
3,0.00060776225
7,0.00038331083
