Token,Probability
<0x0A>,0.6610189
▁SELECT,0.3171603
1,0.008256245
SELECT,0.006040398
2,0.0012860749
▁CREATE,0.0011349572
0,0.0008634299
<0x09>,0.0004479415
3,0.0003861497
▁D,0.0002825132
