Token,Probability
▁SELECT,0.7067479
<0x0A>,0.24045888
SELECT,0.028273476
1,0.015859982
2,0.003456863
4,0.00091597746
0,0.00090177654
3,0.00083400705
5,0.0005822308
7,0.0003044264
