Token,Probability
▁SELECT,0.84377825
<0x0A>,0.10397388
SELECT,0.031710245
1,0.010294808
2,0.0062441165
4,0.0010353761
▁CREATE,0.0010273188
0,0.000571789
3,0.0004150743
5,0.00020871244
