Token,Probability
▁SELECT,0.68271923
1,0.15233526
<0x0A>,0.073091246
SELECT,0.030948784
▁CREATE,0.02160573
2,0.018336548
0,0.0050918753
5,0.0025804369
3,0.00246227
4,0.002386514
