Token,Probability
▁SELECT,0.8510803
<0x0A>,0.09255069
SELECT,0.029122366
1,0.017663607
2,0.003451103
0,0.0015434287
4,0.0007522072
5,0.00071217545
7,0.00071217545
3,0.0007066332
