Token,Probability
▁SELECT,0.77970076
<0x0A>,0.16600786
SELECT,0.025859041
1,0.022820521
2,0.0022595378
▁CREATE,0.00054089655
0,0.00048865925
4,0.0003717524
3,0.0003688594
9,0.00028503244
