Token,Probability
▁SELECT,0.92958504
<0x0A>,0.042803224
SELECT,0.023638183
1,0.0021310467
2,0.00091655186
0,0.00015680352
3,0.000106098574
4,8.592124e-05
▁select,7.178988e-05
5,6.435204e-05
