Token,Probability
▁SELECT,0.8875077
<0x0A>,0.063294105
SELECT,0.044186402
1,0.0031023726
2,0.000526623
0,0.00034807654
3,0.00014063563
4,0.0001280502
5,0.000111251946
7,8.203204e-05
