Token,Probability
▁SELECT,0.80403095
<0x0A>,0.14415482
1,0.022808604
SELECT,0.018908996
2,0.0042522587
0,0.0012767597
4,0.0008115577
3,0.0007989757
5,0.00060309854
7,0.00046603844
