Token,Probability
▁SELECT,0.86658967
<0x0A>,0.085804
SELECT,0.03156553
1,0.010573126
2,0.0019255095
0,0.00085443974
3,0.00038512613
4,0.0003674899
5,0.00033199947
7,0.00023726931
