Token,Probability
▁SELECT,0.8604137
<0x0A>,0.082571395
SELECT,0.030854676
1,0.014804234
2,0.005707541
0,0.0018100432
3,0.00080320187
4,0.0006110437
5,0.0005185861
7,0.0004332949
