Token,Probability
▁SELECT,0.60534817
<0x0A>,0.19348091
1,0.10195727
2,0.027873568
3,0.025379172
SELECT,0.015513976
4,0.0071585234
5,0.0062682126
0,0.0050366507
7,0.0035437262
