Token,Probability
▁SELECT,0.61439645
<0x0A>,0.35007253
SELECT,0.019142108
1,0.00947603
2,0.0022158597
0,0.0010799237
4,0.0006348544
3,0.00053460104
5,0.0004363286
7,0.0003589141
