Token,Probability
▁SELECT,0.88152844
<0x0A>,0.0794722
SELECT,0.025400842
1,0.0091995755
2,0.0016111848
0,0.00074927055
3,0.00034844314
4,0.00030991173
5,0.00021976036
7,0.00021299902
