Token,Probability
▁SELECT,0.7742864
<0x0A>,0.104788266
1,0.04873107
SELECT,0.02608386
2,0.021624282
3,0.0057748044
4,0.0040949495
0,0.004031463
5,0.0026855334
9,0.0021918684
