Token,Probability
▁SELECT,0.5773055
<0x0A>,0.24829601
1,0.10847249
2,0.02742614
SELECT,0.0063138558
0,0.0060719764
5,0.0051532187
4,0.0045833676
3,0.0045477003
7,0.0028017568
