Token,Probability
▁SELECT,0.48853266
<0x0A>,0.48095867
SELECT,0.0147524085
1,0.0077134753
2,0.0012300212
▁CREATE,0.0011025838
<0x09>,0.0009069607
​,0.00063812657
0,0.0004489781
4,0.00036359357
