Token,Probability
▁SELECT,0.8001213
<0x0A>,0.11708361
1,0.040463015
SELECT,0.015845545
2,0.010310893
0,0.0037343577
3,0.0031941656
5,0.001834255
4,0.0015689215
7,0.0014063721
