Token,Probability
▁SELECT,0.8372053
<0x0A>,0.13882224
SELECT,0.013115822
1,0.006698907
2,0.0015664616
0,0.0006279824
5,0.00032325764
4,0.000318246
3,0.0002808511
7,0.00018133108
