Token,Probability
▁SELECT,0.8149664
<0x0A>,0.13303961
1,0.024228312
SELECT,0.015400453
2,0.0037446732
0,0.0017144363
4,0.0012941245
3,0.0012348623
5,0.00101577
7,0.00077881786
