Token,Probability
▁SELECT,0.7505115
<0x0A>,0.17549843
1,0.039775655
SELECT,0.025681093
2,0.0026030727
0,0.0011732968
4,0.00074579276
3,0.0007228472
5,0.00064795604
7,0.0006134724
