Token,Probability
▁SELECT,0.7588972
<0x0A>,0.15907349
1,0.04281405
SELECT,0.01514702
2,0.009703545
0,0.0031502799
4,0.0021992498
3,0.001940831
5,0.001895872
7,0.0012145411
