Token,Probability
▁SELECT,0.5770928
<0x0A>,0.20257865
1,0.14820969
SELECT,0.027847776
2,0.02069471
3,0.0043378468
5,0.003980632
0,0.0039189183
4,0.0031244338
9,0.0020651247
