Token,Probability
▁SELECT,0.5277399
<0x0A>,0.23055248
2,0.11775469
1,0.05476102
SELECT,0.037636656
3,0.005954984
5,0.0056380653
0,0.0055506555
4,0.0041572494
7,0.0031380558
