Token,Probability
▁SELECT,0.77775794
<0x0A>,0.15801112
SELECT,0.039332073
1,0.016916515
2,0.0028715525
0,0.0014104592
3,0.0006767457
4,0.00062588754
5,0.00048744163
7,0.00035941697
