Token,Probability
1,0.45164585
▁SELECT,0.38631317
<0x0A>,0.09616095
2,0.02628894
SELECT,0.0192334
▁CREATE,0.0058658556
9,0.0047133476
0,0.002297102
3,0.0018895445
5,0.0014041902
