Token,Probability
▁SELECT,0.47196868
1,0.21273296
<0x0A>,0.13106096
2,0.073518544
3,0.022953609
5,0.016662532
4,0.015171409
0,0.012976794
7,0.01067442
SELECT,0.0099496525
