Token,Probability
▁SELECT,0.73157156
<0x0A>,0.22311671
SELECT,0.017751057
1,0.016938178
2,0.003634631
0,0.0017303437
4,0.0010251948
3,0.00074421155
5,0.00069912215
7,0.0005195434
