Token,Probability
▁SELECT,0.7626783
<0x0A>,0.15986606
1,0.041703556
SELECT,0.015583479
2,0.009676004
0,0.0024085473
3,0.0014955013
4,0.0014608578
5,0.001299314
7,0.00092135154
