Token,Probability
▁SELECT,0.74037355
<0x0A>,0.19617948
1,0.029618671
SELECT,0.01377396
2,0.011330151
▁CREATE,0.0025880507
0,0.0011395032
3,0.0009300355
4,0.0009227979
5,0.0005911665
