Token,Probability
▁SELECT,0.76820487
<0x0A>,0.13990049
2,0.038246665
1,0.029786535
SELECT,0.010957853
0,0.0034750851
3,0.0026853376
4,0.001667364
5,0.0014599926
7,0.0009878805
