Token,Probability
▁SELECT,0.75682217
<0x0A>,0.19742887
SELECT,0.020168629
1,0.01924504
2,0.0019814242
0,0.0007120397
▁CREATE,0.0006483195
3,0.00049321546
4,0.0004706295
5,0.00028102568
