Token,Probability
▁SELECT,0.85175174
<0x0A>,0.09556389
SELECT,0.033546083
1,0.010890818
2,0.0028410396
0,0.0011389508
4,0.001103909
3,0.0007411295
5,0.00057719223
7,0.0004936987
