Token,Probability
▁SELECT,0.9055731
<0x0A>,0.03679798
SELECT,0.032985497
1,0.015101861
2,0.005301252
0,0.0008790337
3,0.0006635295
5,0.00057648437
4,0.000541557
7,0.00036930977
