Token,Probability
1,0.31248304
<0x0A>,0.30763847
▁SELECT,0.2510872
2,0.04867547
5,0.014845179
9,0.012211312
3,0.010609372
0,0.00914585
7,0.0089339875
4,0.0069036493
