Token,Probability
▁SELECT,0.7787981
<0x0A>,0.1792895
SELECT,0.020115726
1,0.012987688
2,0.0034146134
0,0.0014013546
4,0.0006723773
3,0.0006415869
5,0.0005195729
7,0.00037423434
