Token,Probability
▁SELECT,0.5529081
1,0.21316509
<0x0A>,0.09168115
2,0.053060986
3,0.014850068
SELECT,0.012801559
0,0.012407696
5,0.011475243
4,0.010949752
9,0.007825436
