Token,Probability
▁SELECT,0.747779
<0x0A>,0.14496356
1,0.057662524
SELECT,0.018003117
2,0.013483712
0,0.00420982
3,0.0027608676
5,0.0026344382
4,0.0024364572
▁CREATE,0.0012541807
