Token,Probability
▁SELECT,0.78472525
<0x0A>,0.16970874
SELECT,0.01845497
1,0.016672676
2,0.0041178605
0,0.0011983657
4,0.0010911244
3,0.00083659415
5,0.0006881635
7,0.00039827853
