Token,Probability
▁SELECT,0.67169356
<0x0A>,0.16460559
1,0.07775417
SELECT,0.052611105
2,0.015920613
0,0.004743035
3,0.0029913946
5,0.002240451
4,0.002240451
9,0.0013274233
