Token,Probability
▁SELECT,0.68410903
<0x0A>,0.23642176
1,0.031011786
SELECT,0.024532342
2,0.009607003
0,0.0035619384
4,0.0022641057
3,0.0019365922
5,0.001630774
7,0.0013206411
