Token,Probability
▁SELECT,0.75833887
<0x0A>,0.18583894
SELECT,0.030815115
1,0.017285714
2,0.002569292
0,0.0008406691
4,0.00062963204
3,0.00057778286
5,0.00048275563
7,0.00045350695
