Token,Probability
▁SELECT,0.5505824
<0x0A>,0.29470554
1,0.08312551
SELECT,0.032047737
2,0.017560713
0,0.0062127374
3,0.0030996497
5,0.0028443986
9,0.0021470645
4,0.0020487434
