Token,Probability
▁SELECT,0.6948636
<0x0A>,0.13261704
1,0.1099434
SELECT,0.04044591
2,0.009834563
3,0.0020294767
9,0.0018769592
5,0.0015929546
▁CREATE,0.0015439446
0,0.0013948377
