Token,Probability
<0x0A>,0.527896
▁SELECT,0.43085617
1,0.017645163
SELECT,0.010132766
2,0.0023326953
0,0.00199526
​,0.0012196777
▁CREATE,0.0008252754
<0x09>,0.0007455742
5,0.0005897977
