Token,Probability
▁SELECT,0.80602455
<0x0A>,0.08234059
1,0.049942095
SELECT,0.019865593
2,0.019254392
3,0.0040994966
4,0.004004532
0,0.0037619094
5,0.0031678455
7,0.0025855203
