Token,Probability
▁SELECT,0.81581223
<0x0A>,0.12125966
1,0.026637213
SELECT,0.01774421
2,0.007058159
0,0.0021865156
3,0.0017432421
4,0.0016896084
5,0.0015145551
7,0.001090893
