Token,Probability
▁SELECT,0.54587525
1,0.21376781
<0x0A>,0.08773014
2,0.06940024
3,0.017823458
SELECT,0.0130399205
4,0.011872983
5,0.009690446
0,0.009319211
9,0.0054358477
