Token,Probability
▁SELECT,0.8579144
<0x0A>,0.0993108
SELECT,0.020176213
1,0.014993688
2,0.0033455438
0,0.0012797847
3,0.0005293419
4,0.0005011708
5,0.00041225192
7,0.000274619
