Token,Probability
▁SELECT,0.83878314
<0x0A>,0.07801898
SELECT,0.076809414
▁Select,0.0014514705
1,0.0010132898
2,0.00070739025
Select,0.00050554896
<0x09>,0.00041585325
▁select,0.0003163645
3,0.0002971969
