Token,Probability
▁SELECT,0.8660877
<0x0A>,0.09128496
SELECT,0.037463278
▁Select,0.001386089
▁CREATE,0.0009983624
<0x09>,0.0004606686
▁WHERE,0.00045708366
2,0.0002750778
1,0.00019968505
▁select,0.00017760356
