Token,Probability
▁SELECT,0.91840786
<0x0A>,0.047176298
SELECT,0.032934364
▁Select,0.00039559734
▁CREATE,0.00021174799
<0x09>,0.00014216088
▁select,0.00013565086
Select,0.00011512539
▁UPDATE,6.3083506e-05
▁WHERE,6.162217e-05
