Token,Probability
▁SELECT,0.89508295
SELECT,0.05375391
<0x0A>,0.043192476
▁CREATE,0.0019888198
▁Select,0.0013042998
<0x09>,0.000778833
1,0.0006307182
2,0.00046871
▁WHERE,0.00036219097
▁select,0.00028651668
