Token,Probability
▁SELECT,0.86178225
<0x0A>,0.09226156
SELECT,0.043581273
▁Select,0.00079821894
▁CREATE,0.000312587
Select,0.00022691383
<0x09>,0.00022339587
▁select,0.0001895936
▁WHERE,0.00013339576
▁SQL,7.9654244e-05
