Token,Probability
▁SELECT,0.87069136
<0x0A>,0.08756773
SELECT,0.038857944
▁CREATE,0.00087200303
▁Select,0.0007343002
<0x09>,0.000299011
▁select,0.00018135934
Select,0.00017854762
▁SQL,0.00013372599
▁UPDATE,9.190844e-05
