Token,Probability
▁SELECT,0.9352853
<0x0A>,0.03570271
SELECT,0.02694982
▁Select,0.00062397285
▁CREATE,0.0004565083
<0x09>,0.00024626774
▁select,0.0001666331
Select,0.00013079181
▁SQL,9.347269e-05
▁UPDATE,6.8386085e-05
