Token,Probability
▁SELECT,0.7331503
<0x0A>,0.1796662
SELECT,0.07849035
▁Select,0.0018459163
▁CREATE,0.0017071933
2,0.000995797
<0x09>,0.00057632313
▁WHERE,0.00038692506
1,0.0003721022
Select,0.0003663333
