Token,Probability
▁SELECT,0.8982513
<0x0A>,0.06713462
SELECT,0.02015747
▁IN,0.0033424362
▁CREATE,0.0026030918
▁Select,0.001483197
<0x09>,0.0012011294
1,0.00096513465
2,0.0008127249
▁WHERE,0.00076348445
