Token,Probability
▁SELECT,0.9614698
SELECT,0.021915918
<0x0A>,0.015062575
▁Select,0.00046928888
▁CREATE,0.00027160355
<0x09>,0.0002591659
▁select,0.00011500418
Select,9.386367e-05
▁WHERE,8.155017e-05
▁UPDATE,4.7940874e-05
