Token,Probability
▁SELECT,0.88121396
SELECT,0.060911715
<0x0A>,0.054600906
▁Select,0.00092489546
▁CREATE,0.0005522803
<0x09>,0.0004950609
▁select,0.00021459299
Select,0.00016582462
▁WHERE,0.00014520089
1,0.00010706442
