Token,Probability
▁SELECT,0.91084677
<0x0A>,0.04606252
SELECT,0.04129018
▁Select,0.00051976665
▁CREATE,0.00038625777
<0x09>,0.00022530215
▁select,0.00017140084
Select,0.0001273743
▁UPDATE,8.1599035e-05
▁WHERE,5.696531e-05
