Token,Probability
▁SELECT,0.4158915
1,0.12683973
2,0.124873266
3,0.067892425
<0x0A>,0.050453365
6,0.0452261
5,0.04383464
4,0.04182731
SELECT,0.03360919
9,0.019451505
