Token,Probability
▁SELECT,0.9125063
<0x0A>,0.04836106
SELECT,0.036504846
▁CREATE,0.00094289053
▁Select,0.00042168674
<0x09>,0.00036924126
▁select,0.00014124736
Select,0.00012368034
▁UPDATE,0.0001091475
▁WHERE,9.263229e-05
