Token,Probability
▁SELECT,0.86343473
<0x0A>,0.073124856
SELECT,0.0615773
▁Select,0.00055831514
▁CREATE,0.00026788254
▁select,0.00024775084
Select,0.00017984783
<0x09>,0.00012753121
select,6.6681234e-05
▁UPDATE,5.528069e-05
