Token,Probability
▁SELECT,0.913766
<0x0A>,0.054025143
SELECT,0.030305361
▁Select,0.0006192164
▁CREATE,0.0003419638
<0x09>,0.00020903828
Select,0.00014366975
▁select,9.874268e-05
▁WHERE,8.646199e-05
▁SQL,8.445909e-05
