Token,Probability
▁SELECT,0.936285
SELECT,0.032542437
<0x0A>,0.029630221
▁CREATE,0.00044293597
▁Select,0.0003343456
<0x09>,0.00013508783
▁select,0.00013299349
▁UPDATE,0.000111120215
Select,0.00010438779
▁WHERE,5.50085e-05
