Token,Probability
▁SELECT,0.9124223
<0x0A>,0.05310934
SELECT,0.031713042
▁CREATE,0.00075756415
▁Select,0.0007458192
<0x09>,0.00028308103
Select,0.00017440115
▁select,0.00015390849
▁WHERE,0.0001326774
▁UPDATE,0.00010913746
