Token,Probability
▁SELECT,0.75922793
<0x0A>,0.16164896
SELECT,0.0728609
▁Select,0.0016869584
▁CREATE,0.0012246004
<0x09>,0.00086161395
▁WHERE,0.000373482
Select,0.00036199117
▁select,0.00019075595
▁SQL,0.000184887
