Token,Probability
▁SELECT,0.9172242
<0x0A>,0.04157928
SELECT,0.03906012
▁Select,0.00081066694
▁select,0.0002340816
▁CREATE,0.00020496869
<0x09>,0.00018662612
Select,0.000175319
▁SUM,9.682035e-05
select,7.3657044e-05
