Token,Probability
▁SELECT,0.68509036
<0x0A>,0.16528575
2,0.08182237
SELECT,0.04885837
1,0.0044047157
▁CREATE,0.0031479085
3,0.002096959
▁Select,0.0017658167
▁WHERE,0.00070790225
▁UPDATE,0.0007023933
