Token,Probability
▁SELECT,0.8684855
<0x0A>,0.09297921
SELECT,0.028357057
1,0.001990978
2,0.001226606
▁Select,0.0010329057
▁CREATE,0.0010089785
<0x09>,0.00081709574
3,0.00059779995
▁select,0.0004994806
