Token,Probability
▁SELECT,0.93217665
SELECT,0.038475525
<0x0A>,0.027712882
▁Select,0.0006416401
▁CREATE,0.00021830705
▁select,0.00018383298
Select,0.00016607925
<0x09>,0.00012438762
select,4.2320753e-05
▁SQL,3.8835708e-05
