Token,Probability
▁SELECT,0.9673756
<0x0A>,0.018860823
SELECT,0.011619815
▁Select,0.0008821323
▁CREATE,0.00050262385
<0x09>,0.00029089637
▁select,0.00013214564
Select,7.952664e-05
3,6.749338e-05
select,2.5617599e-05
