Token,Probability
▁SELECT,0.96483874
SELECT,0.031014692
<0x0A>,0.0023545178
▁Select,0.00041559708
1,0.00027255522
2,0.00019940567
3,0.0001436265
▁select,0.00012674996
▁SUM,0.00010673416
Select,7.451245e-05
