Token,Probability
▁SELECT,0.7027722
<0x0A>,0.1695517
SELECT,0.07642293
2,0.020568952
1,0.011719836
▁Select,0.0046618287
3,0.003518933
▁CREATE,0.0017016449
4,0.001274473
5,0.0011072813
