Token,Probability
▁SELECT,0.92204666
SELECT,0.041797888
<0x0A>,0.032552227
▁Select,0.00096775225
1,0.00033971298
▁select,0.00032163382
<0x09>,0.00027084284
▁CREATE,0.00025245326
Select,0.0002466052
2,0.00023166413
