Token,Probability
▁SELECT,0.92118305
<0x0A>,0.04241635
SELECT,0.034082495
▁CREATE,0.00061456463
▁Select,0.0005683793
▁select,0.00016670514
▁UPDATE,0.00016540781
<0x09>,0.00015297723
▁WHERE,0.00014483593
Select,0.00013395133
