Token,Probability
▁SELECT,0.8855351
SELECT,0.07268915
<0x0A>,0.037710637
▁Select,0.0013736098
1,0.00044944344
Select,0.00037846933
▁CREATE,0.0002704798
▁select,0.00025608513
<0x09>,0.00024056972
2,0.00023135361
