Token,Probability
▁SELECT,0.90202993
<0x0A>,0.050889052
SELECT,0.04421317
▁Select,0.0007258933
<0x09>,0.0003428877
▁CREATE,0.00032211316
Select,0.00020315425
1,0.00019844816
▁select,0.00018497405
2,0.00013746104
