Token,Probability
▁SELECT,0.84055865
<0x0A>,0.08193626
SELECT,0.07344719
▁CREATE,0.001047668
▁Select,0.0010154346
<0x09>,0.0004948833
▁select,0.00025875572
Select,0.00016969616
▁UPDATE,0.00012809338
▁WHERE,0.00012127636
