Token,Probability
▁SELECT,0.89468217
<0x0A>,0.07230141
SELECT,0.029212408
▁CREATE,0.0013877983
▁Select,0.00075453287
<0x09>,0.0006555495
▁UPDATE,0.00022655184
▁select,0.00015449493
Select,0.00010701551
▁WHERE,7.588536e-05
