Token,Probability
▁SELECT,0.8889762
<0x0A>,0.056830347
SELECT,0.051744618
▁Select,0.00065136864
▁CREATE,0.00051527505
<0x09>,0.00028015018
▁select,0.00017125237
Select,0.00013977209
▁WHERE,9.834196e-05
▁UPDATE,8.477607e-05
