Token,Probability
▁SELECT,0.91305083
<0x0A>,0.049151953
SELECT,0.035402823
▁CREATE,0.000746333
▁Select,0.00040261645
<0x09>,0.00029919914
▁WHERE,0.00018147344
▁select,0.0001678355
▁UPDATE,0.00013071041
Select,0.00011716806
