Token,Probability
▁SELECT,0.91314405
<0x0A>,0.05398837
SELECT,0.02981521
▁Select,0.0007464092
▁CREATE,0.00063346926
<0x09>,0.00042862675
▁WHERE,0.0002579521
▁select,0.00020889599
Select,0.0001614223
▁SQL,0.00011181398
