Token,Probability
▁SELECT,0.9083413
<0x0A>,0.068957835
SELECT,0.018852022
▁CREATE,0.001673212
▁Select,0.00089560595
<0x09>,0.00030710446
▁select,0.00019218106
Select,0.00016057328
▁WHERE,0.00014281683
▁SQL,6.589915e-05
