Token,Probability
▁SELECT,0.94865596
SELECT,0.026494078
<0x0A>,0.023018453
▁Select,0.000594548
▁CREATE,0.00040862648
▁select,0.00015269256
Select,0.00012560148
▁UPDATE,0.00010494396
<0x09>,9.935895e-05
▁SQL,6.1693376e-05
