Token,Probability
▁SELECT,0.87004846
<0x0A>,0.073684976
SELECT,0.05390908
▁Select,0.00078108127
▁CREATE,0.00036608544
Select,0.0001944265
▁select,0.00018264679
<0x09>,0.00016630179
▁WHERE,9.256089e-05
1,7.733752e-05
