Token,Probability
▁SELECT,0.8408406
<0x0A>,0.110294275
SELECT,0.0459775
▁Select,0.0008964185
<0x09>,0.00051076384
▁CREATE,0.00037368282
Select,0.00020961708
▁WHERE,0.00020316783
▁select,0.0001509815
▁SQL,0.00010057536
