Token,Probability
▁SELECT,0.9206363
SELECT,0.045125164
<0x0A>,0.03250244
▁Select,0.0005592353
<0x09>,0.00021226179
▁select,0.00018586263
Select,0.00017597119
▁CREATE,0.00016022362
▁WHERE,8.0565485e-05
▁SUM,4.4146243e-05
