Token,Probability
▁SELECT,0.8996227
<0x0A>,0.05751095
SELECT,0.040149115
▁CREATE,0.0007951102
▁Select,0.0006591695
<0x09>,0.00024439683
▁UPDATE,0.00019033643
Select,0.00016153643
▁select,0.00012878806
▁SQL,0.000105938176
