Token,Probability
▁SELECT,0.91647005
<0x0A>,0.05678541
SELECT,0.024807708
▁Select,0.0005229755
▁CREATE,0.00041370772
<0x09>,0.00030744146
▁select,0.00012519183
Select,0.00012229176
▁SQL,0.00011760683
▁WHERE,6.5458065e-05
