Token,Probability
▁SELECT,0.90436375
<0x0A>,0.053469248
SELECT,0.039118942
▁CREATE,0.0007869085
▁Select,0.0007392321
<0x09>,0.00027839735
▁select,0.00021179354
▁SQL,0.00020527733
Select,0.00018690714
▁WHERE,0.00012646771
