Token,Probability
▁SELECT,0.92987555
<0x0A>,0.03838055
SELECT,0.03036151
▁Select,0.0004330837
▁CREATE,0.00019217972
<0x09>,0.00016438002
▁select,0.00015685252
Select,0.00012311495
▁WHERE,5.5492255e-05
▁SQL,5.3784945e-05
