Token,Probability
▁SELECT,0.731692
<0x0A>,0.16583356
SELECT,0.09748852
▁CREATE,0.001134974
▁Select,0.0011173778
<0x09>,0.0006777239
Select,0.000338129
▁select,0.00027813733
1,0.00024738046
2,0.0002034896
