Token,Probability
▁SELECT,0.5445381
SELECT,0.27381095
<0x0A>,0.11414138
2,0.012806308
1,0.0065408223
▁Select,0.0035561833
trad,0.003187742
<0x09>,0.0030180933
▁VARCHAR,0.0026427312
<0xE5>,0.0024632963
