Token,Probability
▁SELECT,0.92843235
<0x0A>,0.03544111
SELECT,0.03277767
▁Select,0.000901223
▁CREATE,0.00056397094
<0x09>,0.0002925843
Select,0.00028804818
▁select,0.00027701323
▁SQL,0.00013500547
1,0.00012882311
