Token,Probability
▁SELECT,0.91286075
<0x0A>,0.04914172
SELECT,0.03430645
▁CREATE,0.0011557024
▁Select,0.0009885248
Select,0.00022056968
▁UPDATE,0.00021211979
▁select,0.00019014295
<0x09>,0.00018866324
▁WHERE,0.00018429286
