Token,Probability
▁SELECT,0.9308716
SELECT,0.043537445
<0x0A>,0.023303915
▁Select,0.00069280714
1,0.000247028
2,0.00019849256
▁CREATE,0.00018792898
Select,0.000182147
▁select,0.00015100517
<0x09>,7.188924e-05
