Token,Probability
▁SELECT,0.884667
<0x0A>,0.0889733
SELECT,0.023210071
▁CREATE,0.0011376461
▁Select,0.00056317565
<0x09>,0.0005127773
▁select,0.00030144618
Select,0.00011176563
▁UPDATE,9.6348e-05
▁WHERE,5.2383497e-05
