Token,Probability
▁SELECT,0.86150855
SELECT,0.0741107
<0x0A>,0.06143993
▁Select,0.00083626056
<0x09>,0.0003710884
▁CREATE,0.00034320063
▁select,0.00022507647
Select,0.00022507647
1,0.00017666456
2,9.987709e-05
