Token,Probability
▁SELECT,0.83464897
SELECT,0.08660749
<0x0A>,0.061413907
1,0.003519297
2,0.0029635453
▁Select,0.002036813
3,0.0019134086
4,0.000954635
5,0.00086244085
6,0.0008557293
