Token,Probability
▁SELECT,0.93375254
<0x0A>,0.037943054
SELECT,0.026077855
▁Select,0.000558409
▁CREATE,0.0004215093
<0x09>,0.00019910689
▁WHERE,0.00019602002
▁select,0.00015628077
Select,0.0001170489
▁UPDATE,9.405143e-05
