Token,Probability
▁SELECT,0.92425954
<0x0A>,0.05053888
SELECT,0.023138385
▁CREATE,0.00048778424
<0x09>,0.0004511267
▁Select,0.00034319906
▁WHERE,0.00013026368
▁select,0.0001167676
Select,8.215627e-05
▁SQL,7.193843e-05
