Token,Probability
▁SELECT,0.86175096
SELECT,0.07185077
<0x0A>,0.06440661
▁Select,0.0006827281
▁CREATE,0.00025711773
Select,0.00024726772
<0x09>,0.00019713902
▁select,0.00017397456
1,5.264633e-05
select,4.1973315e-05
