Token,Probability
▁SELECT,0.9354254
<0x0A>,0.03860962
SELECT,0.024541765
▁Select,0.0003611819
▁CREATE,0.00023502555
<0x09>,0.00017061023
▁select,0.00016796518
Select,7.5118674e-05
1,4.5207216e-05
select,3.9895225e-05
