Token,Probability
▁SELECT,0.9175543
<0x0A>,0.050962333
SELECT,0.028144073
▁CREATE,0.00089066377
▁Select,0.00070457306
<0x09>,0.00062178355
▁select,0.00019718739
▁UPDATE,0.00017131939
Select,0.00013238535
▁SQL,9.68552e-05
