Token,Probability
▁SELECT,0.81562865
<0x0A>,0.14623417
SELECT,0.034195162
▁Select,0.0011340942
<0x09>,0.00076736655
▁CREATE,0.000495449
▁WHERE,0.00025305062
Select,0.00018658781
▁select,0.0001822655
▁SQL,0.00016856805
