Token,Probability
▁SELECT,0.94117594
<0x0A>,0.037651777
SELECT,0.019230645
▁Select,0.0005898601
▁CREATE,0.00050453405
<0x09>,0.00019451522
▁select,0.00014342653
Select,0.000104116494
▁SQL,9.479914e-05
▁WHERE,5.9789076e-05
