Token,Probability
▁SELECT,0.92644995
<0x0A>,0.047589403
SELECT,0.022131126
▁CREATE,0.001553849
▁Select,0.000844813
<0x09>,0.00024394134
▁select,0.00022737836
▁UPDATE,0.00020066067
Select,0.00017987107
▁WHERE,0.00010574075
