Token,Probability
▁SELECT,0.5469584
1,0.09069459
2,0.065324865
6,0.06041562
3,0.050086312
SELECT,0.049309794
5,0.036643926
4,0.035516515
<0x0A>,0.026393631
7,0.0130657945
