Token,Probability
▁SELECT,0.92280596
<0x0A>,0.04118376
SELECT,0.03309208
▁CREATE,0.00092419615
▁Select,0.0007310993
<0x09>,0.0002863026
▁select,0.00016060121
Select,0.00014173005
▁WHERE,0.00013107886
▁SQL,0.0001045052
