Token,Probability
▁SELECT,0.89164966
<0x0A>,0.06560805
SELECT,0.03979329
▁Select,0.00058563903
▁CREATE,0.00050881197
<0x09>,0.00037811697
▁WHERE,0.00037225478
▁select,0.00015040454
Select,0.00013587918
▁UPDATE,0.00013482175
