Token,Probability
▁SELECT,0.9277349
<0x0A>,0.0461892
SELECT,0.023225391
▁CREATE,0.0008072443
▁Select,0.0006286825
<0x09>,0.0003526589
▁select,0.00019324114
▁WHERE,0.00015049634
▁UPDATE,0.00014027802
Select,0.0001277246
