Token,Probability
▁SELECT,0.8943442
SELECT,0.059917327
<0x0A>,0.04315683
▁Select,0.0007425543
<0x09>,0.0004794291
▁CREATE,0.00029078845
▁select,0.00018774714
Select,0.00014395072
▁WHERE,0.000112988215
1,8.331228e-05
