Token,Probability
▁SELECT,0.799918
SELECT,0.06168305
1,0.035145946
<0x0A>,0.03250468
2,0.019715087
3,0.01313308
4,0.008347894
5,0.0077205393
6,0.0071403314
7,0.0034799196
