Token,Probability
▁SELECT,0.8522679
<0x0A>,0.101788886
SELECT,0.043100126
▁Select,0.0006244718
▁CREATE,0.0005958752
<0x09>,0.00046770775
Select,0.00016676633
▁select,0.00015184248
▁WHERE,0.00013611071
▁SQL,0.00011022583
