Token,Probability
▁SELECT,0.9160561
SELECT,0.050090313
<0x0A>,0.03234074
▁Select,0.0006111442
▁select,0.0002248274
Select,0.00015818582
▁CREATE,0.00012034143
select,7.019453e-05
<0x09>,6.146438e-05
1,3.1392938e-05
