Token,Probability
▁SELECT,0.87162536
<0x0A>,0.07154737
SELECT,0.05485727
▁Select,0.0005548734
<0x09>,0.00029239774
▁CREATE,0.00021899579
▁select,0.00018441294
Select,0.00017459867
1,6.6789944e-05
▁SQL,5.0415696e-05
