Token,Probability
▁SELECT,0.87798846
<0x0A>,0.080399536
SELECT,0.038576122
▁CREATE,0.0009072234
▁Select,0.0005589241
▁WHERE,0.0004089176
<0x09>,0.000315987
▁select,0.00013172299
Select,0.00011715686
▁UPDATE,0.00011266865
