Token,Probability
▁SELECT,0.8811463
<0x0A>,0.085892685
SELECT,0.03110827
▁Select,0.0005787404
▁CREATE,0.00025283292
<0x09>,0.00022138792
▁select,0.00016452154
Select,0.00014072271
▁WHERE,0.0001070562
▁UPDATE,9.4476774e-05
