Token,Probability
▁SELECT,0.8953599
<0x0A>,0.059985373
SELECT,0.042535998
▁Select,0.00076699554
▁CREATE,0.00030508975
▁select,0.00024900702
Select,0.00016980803
<0x09>,0.0001407758
1,6.1021787e-05
select,5.9144346e-05
