Token,Probability
▁SELECT,0.89891756
SELECT,0.06022372
<0x0A>,0.038280528
▁Select,0.0009288494
Select,0.00025995515
▁CREATE,0.0002519572
▁select,0.00021216922
<0x09>,0.00017452563
1,0.00012768568
2,9.713814e-05
