Token,Probability
▁SELECT,0.9022761
SELECT,0.05678633
<0x0A>,0.039028637
▁Select,0.0006019509
▁CREATE,0.00029336743
▁select,0.00021801217
<0x09>,0.00018793823
Select,0.00015580626
▁WHERE,5.301041e-05
select,4.902662e-05
