Token,Probability
▁SELECT,0.76368344
<0x0A>,0.11711465
SELECT,0.11175157
▁SUM,0.003706279
▁Select,0.0009011946
<0x09>,0.00045670316
▁select,0.00042238136
Select,0.00032895093
▁CREATE,0.00032639105
select,0.00019187538
