Token,Probability
▁SELECT,0.8363438
SELECT,0.08678336
<0x0A>,0.07307891
▁Select,0.0009056656
▁SUM,0.00078685593
▁select,0.00037753757
<0x09>,0.00032801033
Select,0.00022898811
▁CREATE,0.00021850197
1,0.00020526363
