Token,Probability
▁SELECT,0.9261308
<0x0A>,0.038225982
SELECT,0.03373431
▁Select,0.000504287
▁CREATE,0.0004811941
<0x09>,0.00024195957
▁select,0.00016117984
Select,0.0001305274
▁UPDATE,6.878311e-05
▁WHERE,6.3613974e-05
