Token,Probability
▁SELECT,0.9078635
<0x0A>,0.0627538
SELECT,0.026159674
▁Select,0.0009092312
▁CREATE,0.00061521656
<0x09>,0.00049821753
▁WHERE,0.00024281185
Select,0.0001847215
▁select,0.00017083947
▁UPDATE,0.00010361938
