Token,Probability
▁SELECT,0.8748266
<0x0A>,0.07886801
SELECT,0.04287979
▁Select,0.001255019
▁CREATE,0.00040427424
Select,0.00032739126
<0x09>,0.00032231552
▁select,0.0002911878
1,0.00011950324
2,7.5369746e-05
