Token,Probability
▁SELECT,0.92812324
<0x0A>,0.055738132
SELECT,0.013033716
▁CREATE,0.0012508078
▁Select,0.00073531194
<0x09>,0.0005550426
▁select,0.00015655694
Select,6.68103e-05
▁UPDATE,4.849908e-05
▁SQL,3.8067366e-05
