Token,Probability
▁SELECT,0.7601173
<0x0A>,0.18627475
SELECT,0.04709763
▁Select,0.0013153434
2,0.001245342
▁CREATE,0.0008900058
▁WHERE,0.0005110873
<0x09>,0.00048012214
1,0.00039186428
▁select,0.00017525254
