Token,Probability
▁SELECT,0.9152093
<0x0A>,0.04628314
SELECT,0.034936346
▁CREATE,0.0013129517
▁Select,0.0006811504
▁select,0.00023910624
<0x09>,0.00022815682
Select,0.00016823226
▁WHERE,0.00011653108
▁UPDATE,0.00010947082
