Token,Probability
▁SELECT,0.907438
<0x0A>,0.06371214
SELECT,0.02697742
▁CREATE,0.00050188974
▁Select,0.00046417216
<0x09>,0.00025634022
Select,0.00012889595
▁select,0.00012299338
▁WHERE,6.739481e-05
▁UPDATE,6.6870336e-05
