Token,Probability
▁SELECT,0.9149371
<0x0A>,0.05758317
SELECT,0.023265705
▁Select,0.001419217
▁CREATE,0.00082137977
<0x09>,0.0006497649
Select,0.00022280525
▁select,0.00019972134
▁WHERE,0.000120194425
▁SQL,0.00011649642
