Token,Probability
▁SELECT,0.80900604
<0x0A>,0.095124006
SELECT,0.093649246
▁Select,0.0008102248
Select,0.00032992792
▁CREATE,0.00023763817
▁select,0.00021135974
<0x09>,0.00015954272
select,5.0992916e-05
1,5.020234e-05
