Token,Probability
▁SELECT,0.9099869
SELECT,0.046743736
<0x0A>,0.039982036
▁Select,0.0010489663
<0x09>,0.00034322048
▁CREATE,0.00029128743
1,0.00025907642
Select,0.00022333783
▁select,0.00019864077
2,0.00018954434
