Token,Probability
▁SELECT,0.9156885
<0x0A>,0.042827323
SELECT,0.038390163
▁Select,0.0011960821
▁CREATE,0.00051042513
<0x09>,0.0002606997
Select,0.00023006665
▁WHERE,0.00017097102
▁select,0.00013419669
▁SQL,0.00012029314
