Token,Probability
▁SELECT,0.7155899
<0x0A>,0.23969258
SELECT,0.04165232
▁Select,0.00083786953
▁CREATE,0.0007394173
<0x09>,0.00038360464
Select,0.00018989807
▁select,0.00017562702
▁WHERE,0.00015499028
▁UPDATE,0.00014222707
