Token,Probability
▁SELECT,0.9133924
<0x0A>,0.048408024
SELECT,0.03597379
▁Select,0.0008199931
▁CREATE,0.00039037527
<0x09>,0.00030881222
Select,0.00019174587
▁select,0.00017187989
▁WHERE,4.1467953e-05
select,3.5193392e-05
