Token,Probability
▁SELECT,0.8895847
<0x0A>,0.08537086
SELECT,0.022621026
▁Select,0.0007047796
▁CREATE,0.0005403732
<0x09>,0.00028924094
▁select,0.00017406826
Select,0.00015241926
▁SQL,0.00010892915
▁WHERE,0.00010153312
