Token,Probability
▁SELECT,0.8939101
SELECT,0.054528862
<0x0A>,0.048121557
▁Select,0.00089525676
▁CREATE,0.0006448292
<0x09>,0.00056023727
▁select,0.00023172423
Select,0.00021098733
▁WHERE,0.000119281416
▁SQL,0.000100445024
