Token,Probability
▁SELECT,0.93357956
<0x0A>,0.035637595
SELECT,0.028635614
▁CREATE,0.00049270294
▁Select,0.00045567576
<0x09>,0.00029651387
▁select,0.00014338472
▁UPDATE,0.00012360536
Select,0.00011254397
▁SQL,9.777989e-05
