Token,Probability
▁SELECT,0.82167006
SELECT,0.10610869
<0x0A>,0.06537167
▁Select,0.0013357113
▁CREATE,0.0012161789
2,0.0008293619
1,0.0007434353
<0x09>,0.00041056395
▁select,0.0003324848
3,0.00023761619
