Token,Probability
▁SELECT,0.8826809
<0x0A>,0.082102105
SELECT,0.03215165
▁CREATE,0.000986185
▁Select,0.0004694945
<0x09>,0.00031520365
▁WHERE,0.00021833519
▁select,0.00013770229
Select,0.00013139643
▁UPDATE,0.00012636272
