Token,Probability
▁SELECT,0.8433162
<0x0A>,0.09170639
SELECT,0.058292124
▁CREATE,0.0018447468
▁Select,0.0014822956
<0x09>,0.0006629236
▁WHERE,0.00064756704
Select,0.00034661763
▁SQL,0.00024578872
▁select,0.00023453323
