Token,Probability
▁SELECT,0.941041
SELECT,0.028864479
<0x0A>,0.027976412
▁Select,0.00084481447
<0x09>,0.00021696629
▁select,0.00020066102
Select,0.00015873593
▁CREATE,0.00015627497
1,7.675969e-05
▁WHERE,6.934659e-05
