Token,Probability
▁SELECT,0.94151855
SELECT,0.03886111
<0x0A>,0.016977161
▁Select,0.0010519221
▁CREATE,0.0003284261
Select,0.00026805355
▁select,0.00012761263
1,0.00011528841
▁SUM,0.00011350102
2,9.632706e-05
