Token,Probability
▁SELECT,0.91920865
SELECT,0.048716273
<0x0A>,0.029547915
▁CREATE,0.0006229046
▁Select,0.00059437973
<0x09>,0.0002273705
▁select,0.00021527008
Select,0.00020222751
▁WHERE,7.0988535e-05
▁SQL,6.7210596e-05
