Token,Probability
▁SELECT,0.9207779
SELECT,0.04584283
<0x0A>,0.031507287
▁Select,0.0004424596
<0x09>,0.00024819732
▁CREATE,0.00017599826
1,0.00015531792
▁select,0.00014705204
Select,0.00011632775
2,8.3135696e-05
