Token,Probability
▁SELECT,0.8877718
<0x0A>,0.07174297
SELECT,0.038401242
▁Select,0.00078463607
▁CREATE,0.00035923257
<0x09>,0.00021283825
Select,0.00018205021
▁select,0.00016065875
▁WHERE,5.4661385e-05
▁SQL,4.9382445e-05
