Token,Probability
▁SELECT,0.9177856
<0x0A>,0.040324684
SELECT,0.040324684
▁Select,0.00046218678
▁CREATE,0.00030788276
▁select,0.00015481318
Select,0.00014657417
<0x09>,0.00013036576
▁WHERE,9.46354e-05
select,4.6121608e-05
