Token,Probability
▁SELECT,0.81851417
<0x0A>,0.12552322
SELECT,0.053149875
▁Select,0.00069029635
▁CREATE,0.00039331903
<0x09>,0.00028109242
Select,0.0002724441
▁select,0.0002105285
▁UPDATE,0.00018007455
▁SQL,9.197309e-05
