Token,Probability
▁SELECT,0.83251065
<0x0A>,0.09942922
SELECT,0.058451418
▁CREATE,0.0021457917
▁Select,0.001311696
<0x09>,0.0011943129
1,0.00068583625
▁SQL,0.0005258488
▁VARCHAR,0.00042253145
2,0.00038471923
