Token,Probability
▁SELECT,0.84615856
<0x0A>,0.116318464
SELECT,0.033850603
▁CREATE,0.0013125303
▁Select,0.00075963425
<0x09>,0.00026252258
▁WHERE,0.0002044528
▁select,0.00019662033
▁SQL,0.00017487773
Select,0.00015675939
