Token,Probability
▁SELECT,0.8085597
SELECT,0.106059946
<0x0A>,0.07759512
1,0.0013991705
2,0.0009921604
▁SUM,0.0009541514
▁AV,0.0007202312
▁Select,0.0006926396
▁select,0.00037658162
Select,0.00036499542
