Token,Probability
▁SELECT,0.90953475
<0x0A>,0.065886475
SELECT,0.022416744
▁CREATE,0.0006359141
<0x09>,0.00043705697
▁Select,0.00036233288
▁select,0.00015953304
▁UPDATE,0.0001122455
▁WHERE,9.2330636e-05
Select,7.190717e-05
