Token,Probability
▁SELECT,0.80167717
<0x0A>,0.15785958
SELECT,0.03522324
▁CREATE,0.0015967272
▁Select,0.0010390101
<0x09>,0.00075424055
▁UPDATE,0.0003193655
▁SQL,0.00030001617
▁select,0.00023733231
Select,0.00013952047
