Token,Probability
▁SELECT,0.8895271
<0x0A>,0.061486337
SELECT,0.046412323
▁CREATE,0.00075018534
▁Select,0.00066203624
<0x09>,0.00024932512
Select,0.00016870182
▁select,0.00016223894
▁WHERE,9.029958e-05
▁SQL,8.416846e-05
