Token,Probability
▁SELECT,0.89973915
<0x0A>,0.04997285
SELECT,0.047684427
▁Select,0.0009443389
<0x09>,0.00030419612
▁CREATE,0.00025218746
Select,0.00019335882
▁UPDATE,0.00016799306
▁WHERE,0.00013185925
▁select,0.00012484184
