Token,Probability
▁SELECT,0.9198555
<0x0A>,0.04508689
SELECT,0.033505734
▁Select,0.00049310486
▁CREATE,0.0002275305
<0x09>,0.0001871615
▁select,0.00016646487
Select,0.00014462718
▁SQL,5.6196066e-05
▁WHERE,5.076892e-05
