Token,Probability
▁SELECT,0.7616471
<0x0A>,0.154738
SELECT,0.06760002
1,0.004821009
2,0.0030644198
3,0.0014934791
4,0.00094192545
▁Select,0.0007870081
5,0.0007870081
6,0.00062745763
