Token,Probability
▁SELECT,0.80377954
<0x0A>,0.1271764
SELECT,0.06007387
▁Select,0.0015638293
▁CREATE,0.0015395844
2,0.0012467934
<0x09>,0.0006468279
▁SQL,0.00058894354
1,0.00041437353
▁WHERE,0.00032271442
