Token,Probability
▁SELECT,0.89596444
<0x0A>,0.06592553
SELECT,0.032129537
▁CREATE,0.0020539726
▁Select,0.000876528
<0x09>,0.00054424856
▁SQL,0.00032245656
▁select,0.00027797496
▁WHERE,0.00027581173
1,0.00023591427
