Token,Probability
▁SELECT,0.9392867
<0x0A>,0.027924258
SELECT,0.027491333
▁CREATE,0.0019301944
<0x09>,0.000755875
▁Select,0.0006722891
▁WHERE,0.00034069957
▁UPDATE,0.00033541748
▁SQL,0.00030540113
▁select,0.00018236332
