Token,Probability
▁SELECT,0.9261829
SELECT,0.04611193
<0x0A>,0.025465427
▁Select,0.0005043154
1,0.00024771143
▁select,0.00020859395
▁CREATE,0.00018844893
2,0.00018844893
<0x09>,0.00016118892
Select,0.00014224871
