Token,Probability
▁SELECT,0.84889376
<0x0A>,0.09674311
SELECT,0.04864549
<0x09>,0.0017719117
▁CREATE,0.00094843603
▁Select,0.000792448
▁WHERE,0.00035998572
1,0.00021495728
Select,0.0001972559
▁SQL,0.00018101219
