Token,Probability
▁SELECT,0.96056837
SELECT,0.019626882
<0x0A>,0.01843775
▁Select,0.00038266325
<0x09>,0.00020008013
▁CREATE,0.00020008013
▁select,0.00014752983
▁SQL,7.360537e-05
Select,7.078559e-05
▁WHERE,6.914584e-05
