Token,Probability
▁SELECT,0.90377283
<0x0A>,0.05179031
SELECT,0.041614685
▁CREATE,0.0007863943
▁Select,0.0007160202
<0x09>,0.00028039754
▁select,0.00022530576
Select,0.00018678502
▁WHERE,0.00011780384
▁UPDATE,8.68631e-05
