Token,Probability
▁SELECT,0.94334364
SELECT,0.032279443
<0x0A>,0.022185316
▁Select,0.0007591398
▁CREATE,0.00034755951
<0x09>,0.00029267446
▁select,0.00013717376
Select,0.00011372104
▁SQL,9.427805e-05
▁WHERE,9.427805e-05
