Token,Probability
▁SELECT,0.9313493
SELECT,0.042884458
<0x0A>,0.023683045
▁Select,0.00048013974
▁CREATE,0.00034854407
<0x09>,0.0002714464
▁WHERE,0.000219824
▁select,0.00013756234
Select,9.7546304e-05
1,5.6016128e-05
