Token,Probability
▁SELECT,0.9014129
<0x0A>,0.059454627
SELECT,0.03662893
▁Select,0.00068144716
▁CREATE,0.00050640857
<0x09>,0.0003295263
▁select,0.000192211
▁UPDATE,0.0001907152
Select,0.0001750101
▁SQL,8.596208e-05
