Token,Probability
▁SELECT,0.7579269
<0x0A>,0.16391319
SELECT,0.07273604
▁Select,0.0020633624
▁CREATE,0.0007473004
<0x09>,0.0004978094
Select,0.00047131645
1,0.0002059029
▁select,0.00019801487
▁WHERE,0.00016035733
