Token,Probability
▁SELECT,0.9097554
SELECT,0.057257053
<0x0A>,0.031620346
▁Select,0.0005191438
<0x09>,0.00016986323
▁CREATE,0.00014643125
Select,0.00014416104
▁select,0.0001242746
▁WHERE,4.5362285e-05
▁SQL,3.5605266e-05
