Token,Probability
▁SELECT,0.9290437
<0x0A>,0.039563455
SELECT,0.029864063
▁Select,0.00038786643
▁CREATE,0.00020923826
3,0.00015308199
<0x09>,0.00012300482
▁select,0.00011737202
Select,0.00010277438
▁WHERE,7.9417885e-05
