Token,Probability
▁SELECT,0.892323
SELECT,0.06774178
<0x0A>,0.03625956
▁Select,0.0013207544
1,0.00036963684
2,0.0003236648
Select,0.0003016888
<0x09>,0.00027469074
▁select,0.00015897882
3,0.00011722363
