Token,Probability
▁SELECT,0.9027233
<0x0A>,0.055933647
SELECT,0.038442597
▁CREATE,0.00090408325
▁Select,0.0006511867
<0x09>,0.00038884135
▁select,0.00022155514
Select,0.00014874506
▁SQL,9.9862715e-05
▁UPDATE,9.3812334e-05
