Token,Probability
▁SELECT,0.8803975
SELECT,0.06580024
<0x0A>,0.050450798
▁Select,0.0011146032
▁CREATE,0.00037043993
▁select,0.0002862538
Select,0.00026891055
<0x09>,0.00026474148
1,0.00017227056
▁SUM,0.00013734607
