Token,Probability
▁SELECT,0.93578553
<0x0A>,0.040478114
SELECT,0.02166637
▁CREATE,0.0006856667
▁Select,0.00042907923
<0x09>,0.00022260337
▁select,0.00015299291
Select,0.000105975094
▁UPDATE,9.499546e-05
▁WHERE,7.814113e-05
