Token,Probability
▁SELECT,0.91778195
<0x0A>,0.044985257
SELECT,0.034491397
▁Select,0.0009483419
<0x09>,0.0004550194
▁CREATE,0.00035436952
▁select,0.0001727059
Select,0.0001398615
▁SQL,0.00010232486
▁UPDATE,7.663778e-05
