Token,Probability
▁SELECT,0.86245686
SELECT,0.07190963
<0x0A>,0.06055397
▁Select,0.0008114238
▁select,0.00060299895
▁SUM,0.0005405247
1,0.0004960133
<0x09>,0.0004377303
2,0.00036573733
Select,0.00025136734
