Token,Probability
▁SELECT,0.82804775
<0x0A>,0.092904374
SELECT,0.07582635
▁Select,0.0008423546
▁CREATE,0.000543865
<0x09>,0.0003350655
▁select,0.00026505865
Select,0.0001879547
1,0.00018217195
2,0.000104612554
