Token,Probability
▁SELECT,0.9245775
<0x0A>,0.047493216
SELECT,0.025027165
▁CREATE,0.0012267112
▁Select,0.00063640944
▁select,0.00027802668
<0x09>,0.00026737567
Select,0.00011410192
▁SQL,5.1833136e-05
▁UPDATE,3.8519116e-05
