Token,Probability
▁SELECT,0.88779277
<0x0A>,0.07174466
SELECT,0.0328471
▁Select,0.0030078886
▁CREATE,0.0013038232
<0x09>,0.0006764145
Select,0.00045412325
▁select,0.00028641196
1,0.00023376259
▁SQL,0.00023013845
