Token,Probability
▁SELECT,0.7706039
SELECT,0.06035836
<0x0A>,0.053266067
1,0.028069245
2,0.02186035
3,0.014562132
4,0.009853231
5,0.00955008
6,0.007554735
9,0.004727632
