Token,Probability
▁SELECT,0.9357958
<0x0A>,0.03252543
SELECT,0.029155608
▁Select,0.0010455282
<0x09>,0.00026025256
▁CREATE,0.00017747683
▁select,0.00017201643
Select,0.0001554039
1,0.00013930316
2,9.878073e-05
