Token,Probability
▁SELECT,0.9002477
<0x0A>,0.061262626
SELECT,0.035456087
▁Select,0.0010875419
▁CREATE,0.0006700151
<0x09>,0.00031402978
Select,0.00022796114
▁UPDATE,0.00019960945
▁select,0.00013826543
▁WHERE,8.451996e-05
