Token,Probability
▁SELECT,0.8495089
<0x0A>,0.0867828
SELECT,0.06153822
▁Select,0.00066259486
▁CREATE,0.0003659196
<0x09>,0.0002456668
Select,0.00016753022
▁select,0.00014329619
▁UPDATE,0.000107323875
▁WHERE,7.376256e-05
