Token,Probability
▁SELECT,0.8380919
<0x0A>,0.08298234
SELECT,0.06987814
1,0.00297577
2,0.0016433763
▁Select,0.0008009177
3,0.00065881683
5,0.0003471721
4,0.000326138
▁CREATE,0.00029234824
