Token,Probability
▁SELECT,0.8434022
SELECT,0.08093885
<0x0A>,0.07255311
▁Select,0.0004701311
1,0.00042142285
▁select,0.00031563113
Select,0.00031317485
2,0.0002576106
▁CREATE,0.00020220088
<0x09>,0.0001433819
