Token,Probability
▁SELECT,0.8904337
<0x0A>,0.057819944
SELECT,0.048689272
▁Select,0.0007869888
<0x09>,0.00052835926
▁CREATE,0.00033584557
▁WHERE,0.00021515077
▁select,0.00019437252
Select,0.0001883923
1,0.0001056785
