Token,Probability
▁SELECT,0.93612564
<0x0A>,0.038039483
SELECT,0.023804503
▁CREATE,0.00047142262
▁Select,0.00043599468
<0x09>,0.00040957908
▁WHERE,0.00016940928
▁select,0.000122020916
Select,8.788837e-05
▁SQL,5.9005462e-05
