Token,Probability
▁SELECT,0.83304715
<0x0A>,0.102651544
SELECT,0.06129604
▁Select,0.0009907582
▁CREATE,0.00038798648
<0x09>,0.0002860833
▁select,0.0002687504
Select,0.00026665896
▁WHERE,0.0001201926
▁SQL,0.0001060696
