Token,Probability
▁SELECT,0.92710197
<0x0A>,0.037672807
SELECT,0.032223262
▁Select,0.0009883817
▁CREATE,0.00075781846
▁select,0.00028763546
<0x09>,0.00025985698
Select,0.00016388974
▁SUM,7.04881e-05
1,6.0764538e-05
