Token,Probability
▁SELECT,0.8520316
SELECT,0.07215911
<0x0A>,0.07104039
▁Select,0.0011129327
1,0.0006750278
2,0.0005640068
▁CREATE,0.0004062389
Select,0.0003139171
<0x09>,0.00030905026
▁select,0.00024257634
