Token,Probability
▁SELECT,0.8878971
<0x0A>,0.06332187
SELECT,0.04490193
▁Select,0.0013348992
▁CREATE,0.000976633
<0x09>,0.00029095644
Select,0.00023197068
▁select,0.00018065897
▁SQL,0.0001121737
▁UPDATE,0.00010455739
