Token,Probability
▁SELECT,0.93572825
<0x0A>,0.03685348
SELECT,0.025329003
▁Select,0.00064408476
▁CREATE,0.000533965
<0x09>,0.00026640506
▁select,0.0001329144
Select,0.00012584083
▁UPDATE,8.188619e-05
▁WHERE,5.716577e-05
