Token,Probability
▁SELECT,0.9016926
<0x0A>,0.05764328
SELECT,0.03780339
▁Select,0.00084833795
▁CREATE,0.0005065657
<0x09>,0.00028638626
Select,0.00017782128
▁select,0.00017370205
1,0.000147419
▁SQL,8.205104e-05
