Token,Probability
▁SELECT,0.8813421
<0x0A>,0.083268546
SELECT,0.032608435
▁Select,0.0007432825
▁CREATE,0.0006767664
<0x09>,0.0003594279
▁select,0.00017380799
Select,0.00016584873
▁WHERE,0.00015219135
▁UPDATE,0.00012324832
