Token,Probability
▁SELECT,0.87214184
<0x0A>,0.0762069
SELECT,0.04997771
▁Select,0.0004256883
▁CREATE,0.00025221196
<0x09>,0.00017199361
▁select,0.00016540465
Select,0.00016411745
▁WHERE,0.00012388235
▁UPDATE,7.455371e-05
