Token,Probability
▁SELECT,0.8484301
<0x0A>,0.09083209
SELECT,0.05596003
▁Select,0.0010492497
▁CREATE,0.0010492497
<0x09>,0.00061202183
Select,0.00026737255
▁select,0.0002115091
▁UPDATE,0.00017534719
2,0.00016731746
