Token,Probability
▁SELECT,0.8939432
<0x0A>,0.058047824
SELECT,0.045207687
▁Select,0.00073071424
▁CREATE,0.00051012076
<0x09>,0.0003674262
▁select,0.00022112096
Select,0.00015316602
1,0.00011382333
▁UPDATE,0.00010692712
