Token,Probability
▁SELECT,0.9360336
<0x0A>,0.03202931
SELECT,0.029622266
▁Select,0.0008669937
▁CREATE,0.00039693862
▁select,0.00021246592
Select,0.00017891426
<0x09>,0.00017072116
▁SQL,7.877489e-05
▁SUM,5.3719803e-05
