Token,Probability
▁SELECT,0.90854836
<0x0A>,0.051256794
SELECT,0.038090814
▁Select,0.0006061354
<0x09>,0.0003071745
▁CREATE,0.00024299501
▁select,0.00018631073
Select,0.00016831773
▁WHERE,0.000101295394
▁SQL,9.151276e-05
