Token,Probability
▁SELECT,0.8668652
<0x0A>,0.09725958
SELECT,0.033090904
▁CREATE,0.000802927
▁Select,0.0006656499
<0x09>,0.00035352397
Select,0.0001669929
▁select,0.00015934574
▁WHERE,0.00014622387
▁SQL,6.9613e-05
