Token,Probability
▁SELECT,0.8590845
<0x0A>,0.089143045
SELECT,0.047714833
▁CREATE,0.0008739276
▁Select,0.0007957202
<0x09>,0.00040325138
▁select,0.00028594804
Select,0.00021924396
▁SQL,0.0001875293
▁WHERE,0.00018175962
