Token,Probability
▁SELECT,0.74503887
<0x0A>,0.18545485
SELECT,0.06716729
▁Select,0.0007345931
▁CREATE,0.0003086257
<0x09>,0.00026813862
▁select,0.00022756631
Select,0.00018285468
1,8.177767e-05
select,6.8863694e-05
