Token,Probability
▁SELECT,0.83464575
<0x0A>,0.10778434
SELECT,0.053357117
▁Select,0.0010733209
▁CREATE,0.0009772697
<0x09>,0.00035394361
▁select,0.00024326166
1,0.00023031552
Select,0.00020484687
2,0.00015583928
