Token,Probability
▁SELECT,0.90988004
<0x0A>,0.05214028
SELECT,0.035279877
▁Select,0.000779434
▁CREATE,0.00065634924
<0x09>,0.00039809593
Select,0.00016725264
▁select,0.0001595936
▁UPDATE,0.00012723911
▁WHERE,0.00010548493
