Token,Probability
▁SELECT,0.91503626
SELECT,0.04279682
<0x0A>,0.040203888
▁Select,0.0006704633
<0x09>,0.00018473207
Select,0.00016820047
▁CREATE,0.0001668915
▁select,0.00012696437
1,0.000101224825
2,6.849215e-05
