Token,Probability
▁SELECT,0.9002992
<0x0A>,0.07275534
SELECT,0.02514357
▁Select,0.00047513904
▁CREATE,0.00043943178
<0x09>,0.00018752646
▁select,0.0001220258
Select,0.000116437834
▁WHERE,0.00011463262
▁UPDATE,7.229789e-05
