Token,Probability
▁SELECT,0.91287297
<0x0A>,0.045449268
SELECT,0.03948701
▁Select,0.00087238173
▁CREATE,0.00031349692
<0x09>,0.00029221128
Select,0.00019163682
▁select,0.00013695666
▁WHERE,4.309533e-05
▁UPDATE,3.2530057e-05
