Token,Probability
▁SELECT,0.87342864
<0x0A>,0.07998199
SELECT,0.04281127
▁CREATE,0.0008217464
▁Select,0.00079646386
▁WHERE,0.0002626459
1,0.0002626459
<0x09>,0.00026060196
Select,0.00018917673
2,0.00016055221
