Token,Probability
▁SELECT,0.87543863
<0x0A>,0.06964947
SELECT,0.05175909
▁Select,0.0008497824
▁SUM,0.0004766847
▁select,0.00034874998
<0x09>,0.00029598028
▁CREATE,0.00024346674
Select,0.00021318659
1,0.0001344551
