Token,Probability
▁SELECT,0.40602016
SELECT,0.1277599
2,0.1042746
1,0.09949952
<0x0A>,0.08780802
3,0.057585906
4,0.032302767
5,0.025553592
6,0.019592617
9,0.012849151
