Token,Probability
▁SELECT,0.84279734
<0x0A>,0.096048325
SELECT,0.05735308
▁CREATE,0.0010504583
▁Select,0.00089850463
<0x09>,0.000386442
▁UPDATE,0.00023622728
▁select,0.00021508736
Select,0.00017831368
▁WHERE,9.847417e-05
