Token,Probability
▁SELECT,0.8592621
<0x0A>,0.09344042
SELECT,0.044833202
▁Select,0.00061022595
▁CREATE,0.00045703814
<0x09>,0.0003423057
▁select,0.00020123115
Select,0.00016043546
▁UPDATE,8.9295776e-05
▁SQL,8.587492e-05
