Token,Probability
▁SELECT,0.8724269
<0x0A>,0.07865167
SELECT,0.045520097
▁Select,0.0010056699
▁CREATE,0.0006699206
<0x09>,0.0005641297
▁select,0.00018895976
Select,0.00014947949
▁UPDATE,0.00014152432
▁SQL,9.879991e-05
