Token,Probability
▁SELECT,0.9348053
<0x0A>,0.039191633
SELECT,0.023039572
▁CREATE,0.001129289
▁Select,0.0007522687
<0x09>,0.00047075772
▁select,0.00014583394
Select,0.00010504025
▁WHERE,7.33299e-05
▁SQL,4.9617498e-05
