Token,Probability
▁SELECT,0.8151285
SELECT,0.090037
<0x0A>,0.07701273
1,0.00632159
2,0.0038946187
3,0.0013459442
▁Select,0.0007912397
4,0.00076689594
5,0.00074913073
6,0.0006611056
