Token,Probability
▁SELECT,0.93966675
<0x0A>,0.041936237
SELECT,0.017210597
▁Select,0.0003201871
▁CREATE,0.00023243092
<0x09>,0.00014208216
▁select,9.317976e-05
Select,8.159093e-05
▁WHERE,6.454373e-05
▁SQL,4.7221205e-05
