Token,Probability
▁SELECT,0.86523247
<0x0A>,0.065685175
SELECT,0.058879808
2,0.002144697
1,0.0018344565
▁Select,0.0012315958
▁CREATE,0.00095170346
3,0.00070724596
<0x09>,0.00046382323
▁WHERE,0.00036691438
