Token,Probability
▁SELECT,0.9127075
SELECT,0.057442848
<0x0A>,0.026713405
▁Select,0.0009883589
▁CREATE,0.00046686764
<0x09>,0.0003664486
Select,0.00027020226
▁select,0.00019614579
▁SQL,0.00010747903
▁WHERE,0.000100967205
