Token,Probability
▁SELECT,0.8842902
<0x0A>,0.064057775
SELECT,0.048353344
▁CREATE,0.00089956884
▁Select,0.0006134527
<0x09>,0.00053715706
▁select,0.00018709249
▁WHERE,0.00017168572
Select,0.00016902397
▁SQL,0.00015033303
