Token,Probability
▁SELECT,0.95201105
SELECT,0.026175572
<0x0A>,0.020385556
▁Select,0.00046467208
▁CREATE,0.00027746835
<0x09>,0.00013735678
▁select,0.00012903477
Select,0.00010951039
▁SQL,6.337975e-05
▁UPDATE,5.254366e-05
