Token,Probability
▁SELECT,0.85922945
<0x0A>,0.069436386
SELECT,0.064218156
▁Select,0.0014638004
2,0.0008020964
▁WHERE,0.0006649613
▁CREATE,0.00047522638
<0x09>,0.00045702077
▁DATE,0.00042267508
1,0.00037010666
