Token,Probability
▁SELECT,0.94749606
<0x0A>,0.027301667
SELECT,0.022282973
▁CREATE,0.0011626452
▁Select,0.0004697511
<0x09>,0.0003129217
▁UPDATE,0.00017281178
▁WHERE,0.00013670536
Select,0.000100015786
▁select,9.543573e-05
