Token,Probability
▁SELECT,0.88522464
<0x0A>,0.07497025
SELECT,0.036537584
▁Select,0.00081993226
▁CREATE,0.0006588341
<0x09>,0.00037539232
▁WHERE,0.00024048536
▁select,0.00020093302
Select,0.0001732151
▁UPDATE,0.00017186713
