Token,Probability
▁SELECT,0.9150813
<0x0A>,0.044852886
SELECT,0.03836471
▁Select,0.00047545307
<0x09>,0.00027302973
▁CREATE,0.0002687968
▁select,0.00019360708
Select,0.00013728796
▁SQL,5.5904402e-05
▁WHERE,5.5904402e-05
