Token,Probability
▁SELECT,0.91495895
SELECT,0.043467093
<0x0A>,0.038963653
▁Select,0.0011053138
<0x09>,0.0003702337
▁CREATE,0.00022281056
▁select,0.00021935621
Select,0.00017903332
▁WHERE,6.383629e-05
1,5.9501977e-05
