Token,Probability
▁SELECT,0.8537076
<0x0A>,0.10356649
SELECT,0.03992844
▁CREATE,0.00086845784
▁Select,0.0004909815
<0x09>,0.0002977954
▁select,0.00019377914
▁SQL,0.00018062202
▁WHERE,0.00015692713
Select,0.00014066858
