Token,Probability
▁SELECT,0.9094655
<0x0A>,0.045992672
SELECT,0.04253627
▁Select,0.0007670005
Select,0.00020482887
▁select,0.00020323489
<0x09>,0.00019392809
▁CREATE,0.00015340974
1,6.150078e-05
▁UPDATE,5.2195035e-05
