Token,Probability
▁SELECT,0.9163646
SELECT,0.047812607
<0x0A>,0.029920364
1,0.0011244448
▁Select,0.0010729526
2,0.0009177451
3,0.00048741075
Select,0.0002450855
4,0.00023023653
▁select,0.00022490311
