Token,Probability
▁SELECT,0.9481962
<0x0A>,0.02449114
SELECT,0.02411144
▁CREATE,0.0014480045
▁Select,0.00067338464
▁select,0.0002575926
<0x09>,0.00022910758
Select,0.0001325973
▁SQL,9.625532e-05
▁ORDER,8.0424325e-05
