Token,Probability
▁SELECT,0.91190624
SELECT,0.046842325
<0x0A>,0.029774792
▁CREATE,0.0055077826
▁Select,0.001181872
<0x09>,0.0010511788
2,0.0004084441
1,0.000377749
▁WHERE,0.00036045062
▁UPDATE,0.00035486234
