Token,Probability
▁SELECT,0.9366047
SELECT,0.036316104
<0x0A>,0.025352728
▁Select,0.00042279676
▁CREATE,0.00040978866
<0x09>,0.00015553823
▁select,0.00012794226
Select,0.00012019063
▁WHERE,0.000114686714
▁UPDATE,8.325362e-05
