Token,Probability
▁SELECT,0.91747725
<0x0A>,0.06243511
SELECT,0.016804181
▁CREATE,0.0014231572
<0x09>,0.0007983188
▁Select,0.00049182994
▁select,0.0001355134
▁UPDATE,8.3487386e-05
Select,6.155973e-05
▁WHERE,5.024359e-05
