Token,Probability
▁SELECT,0.89419013
<0x0A>,0.059907004
SELECT,0.043149397
▁Select,0.0008955372
<0x09>,0.00034526034
▁CREATE,0.0002999674
Select,0.00022466519
▁select,0.00018918705
1,0.00013207385
2,7.584363e-05
