Token,Probability
▁SELECT,0.9442773
SELECT,0.031317275
<0x0A>,0.022556987
▁Select,0.00062997185
<0x09>,0.00025255085
▁CREATE,0.0002013511
Select,0.00015438124
▁select,0.00012212562
▁WHERE,9.146785e-05
▁UPDATE,7.946866e-05
