Token,Probability
▁SELECT,0.85289335
<0x0A>,0.09719891
SELECT,0.045913517
▁CREATE,0.0010303356
▁Select,0.0009235869
<0x09>,0.0003371245
▁WHERE,0.00020932539
2,0.0001935943
Select,0.00018472898
1,0.00015314571
