Token,Probability
▁SELECT,0.90578216
SELECT,0.045096237
<0x0A>,0.044397086
▁CREATE,0.0011467407
▁Select,0.0010772633
<0x09>,0.00069553347
▁WHERE,0.00020883701
▁select,0.00020241177
▁UPDATE,0.00019927367
Select,0.00015887483
