Token,Probability
▁SELECT,0.8442764
<0x0A>,0.08760648
SELECT,0.065103605
▁CREATE,0.0010041134
▁Select,0.00066888373
<0x09>,0.0003871202
▁select,0.00022230441
Select,0.00015887381
▁WHERE,0.00010020045
▁UPDATE,6.5713066e-05
