Token,Probability
▁SELECT,0.9396133
<0x0A>,0.02973555
SELECT,0.027933966
▁CREATE,0.0008435327
▁Select,0.0006672893
<0x09>,0.00030312984
▁select,0.00018242674
▁UPDATE,0.00013556803
Select,0.00012935993
▁WHERE,9.6132135e-05
