Token,Probability
▁SELECT,0.9166525
<0x0A>,0.05335557
SELECT,0.027680509
▁Select,0.0006309545
▁CREATE,0.00054818275
<0x09>,0.00019093274
▁WHERE,0.00018944689
▁select,0.00015583476
Select,0.00014078498
▁SQL,9.98315e-05
