Token,Probability
▁SELECT,0.76861334
<0x0A>,0.1636472
SELECT,0.062113483
▁CREATE,0.0017620238
▁Select,0.0017347061
<0x09>,0.00050482823
Select,0.0003234051
▁select,0.00021209427
▁WHERE,0.00016909627
▁SQL,0.00010097201
