Token,Probability
▁SELECT,0.9029586
<0x0A>,0.0685492
SELECT,0.024441969
▁CREATE,0.0010247275
▁Select,0.000947718
<0x09>,0.00053162157
▁SQL,0.00029821266
▁WHERE,0.00024916604
▁select,0.00017124915
Select,0.00016859418
