Token,Probability
▁SELECT,0.77836835
<0x0A>,0.15813513
SELECT,0.053802766
▁CREATE,0.0022207052
2,0.0017294871
▁Select,0.001526267
1,0.0005399722
▁WHERE,0.0005192862
<0x09>,0.0005112354
▁UPDATE,0.00040127328
