Token,Probability
▁SELECT,0.93265235
<0x0A>,0.03673234
SELECT,0.027727025
▁CREATE,0.0006030727
▁Select,0.0005937229
<0x09>,0.0003803532
▁UPDATE,0.0002494417
▁SQL,0.00020679444
▁select,0.00017826795
▁WHERE,0.00015488188
