Token,Probability
▁SELECT,0.769603
<0x0A>,0.135843
SELECT,0.08770683
▁SUM,0.0036771016
▁Select,0.00065926794
▁CREATE,0.00044958165
▁select,0.0003845476
<0x09>,0.0003474098
Select,0.00021403297
▁UPDATE,0.00019185794
