Token,Probability
▁SELECT,0.9278324
<0x0A>,0.042060167
SELECT,0.027156085
▁Select,0.00077035883
▁CREATE,0.00053779717
<0x09>,0.0003754429
▁WHERE,0.00030167686
▁select,0.00020412475
Select,0.00015528992
▁SQL,9.717796e-05
