Token,Probability
▁SELECT,0.9136704
SELECT,0.04548897
<0x0A>,0.028914547
1,0.002731825
2,0.0015086571
▁Select,0.0013523514
3,0.0009894015
<0x09>,0.00060955255
4,0.0006001023
5,0.0005593569
