Token,Probability
▁SELECT,0.7930254
<0x0A>,0.09620489
SELECT,0.09324498
1,0.0044995626
2,0.0039708503
▁Select,0.0019052348
3,0.0013510138
Select,0.00085207366
5,0.00072881725
4,0.0006584315
