Token,Probability
▁SELECT,0.93790215
SELECT,0.038711846
<0x0A>,0.02137871
▁Select,0.0007201978
▁CREATE,0.00026288416
<0x09>,0.00021624258
▁select,0.00015214566
Select,0.00014631705
▁SQL,6.965736e-05
1,5.2170955e-05
