Token,Probability
▁SELECT,0.9193123
<0x0A>,0.045769863
SELECT,0.032455694
▁Select,0.0007753048
▁CREATE,0.0003036137
▁WHERE,0.00020867043
<0x09>,0.00019148676
Select,0.00018271794
▁UPDATE,0.0001514785
▁SQL,0.00012755768
