Token,Probability
▁SELECT,0.8861104
<0x0A>,0.06940553
SELECT,0.031776167
2,0.0033491836
▁Select,0.0018352013
1,0.0018209195
▁CREATE,0.0010056072
3,0.00077707303
<0x09>,0.00069656374
▁VARCHAR,0.00030909834
