Token,Probability
▁SELECT,0.9134052
SELECT,0.045475762
<0x0A>,0.038294435
▁Select,0.0009891143
<0x09>,0.0003161399
▁CREATE,0.00026414476
▁select,0.00026208916
Select,0.00023129288
1,0.00014249541
2,7.993269e-05
