Token,Probability
▁SELECT,0.80595857
<0x0A>,0.11430924
SELECT,0.069332056
2,0.0022286752
▁Select,0.0019062869
▁CREATE,0.0015803676
<0x09>,0.0005723711
1,0.0005252373
▁DATE,0.00052114984
▁WHERE,0.00037831426
