Token,Probability
▁SELECT,0.87063485
<0x0A>,0.06819339
SELECT,0.056534313
▁Select,0.0015544125
Select,0.00047037977
<0x09>,0.00044534667
▁CREATE,0.00038092516
▁select,0.00034145912
1,0.0002966648
2,0.0001915412
