Token,Probability
▁SELECT,0.8966685
<0x0A>,0.06495445
SELECT,0.03643614
▁Select,0.0005279183
▁CREATE,0.00036854635
<0x09>,0.0002200691
Select,0.00016482412
▁select,0.00014320167
▁WHERE,0.000102341626
▁UPDATE,8.961332e-05
