Token,Probability
▁SELECT,0.74602073
<0x0A>,0.18569925
SELECT,0.060287725
2,0.0015330411
▁CREATE,0.0014178313
▁Select,0.0012222469
▁WHERE,0.0005552307
1,0.00048239276
<0x09>,0.00036986335
Select,0.0002995245
