Token,Probability
▁SELECT,0.86766577
<0x0A>,0.080705486
SELECT,0.034711
▁CREATE,0.009790686
▁Select,0.0012742644
<0x09>,0.0012350593
2,0.00073174847
1,0.00054378924
▁WHERE,0.00053119246
▁SQL,0.000228463
