Token,Probability
▁SELECT,0.86733365
<0x0A>,0.08067459
SELECT,0.048931617
▁Select,0.0008419149
▁CREATE,0.00058775133
Select,0.00026081307
<0x09>,0.0002527887
▁WHERE,0.0002508215
▁select,0.00012034547
▁SQL,0.000119408935
