Token,Probability
▁SELECT,0.786782
SELECT,0.10985939
<0x0A>,0.100028105
▁Select,0.0008654127
Select,0.00043515684
▁CREATE,0.00036358717
▁select,0.0002766025
1,0.00019614058
<0x09>,0.00016776791
▁AV,0.00016646233
