Token,Probability
▁SELECT,0.86707675
<0x0A>,0.07458971
SELECT,0.055430364
▁CREATE,0.0008959484
▁Select,0.0006157757
<0x09>,0.00045760567
Select,0.00018927392
▁select,0.000149728
▁WHERE,0.00013008594
▁UPDATE,7.0176095e-05
