Token,Probability
▁SELECT,0.79677886
<0x0A>,0.15446262
SELECT,0.045659065
▁CREATE,0.0007265683
▁Select,0.0006667365
<0x09>,0.00038587747
▁select,0.00018085713
Select,0.00018085713
▁WHERE,0.0001571314
▁SQL,0.00012527607
