Token,Probability
▁SELECT,0.8576389
SELECT,0.086255014
<0x0A>,0.049146622
1,0.0011925075
▁Select,0.0011028891
2,0.0009582066
▁SUM,0.00080689095
3,0.0005049394
▁select,0.00039633148
Select,0.00031352398
