Token,Probability
▁SELECT,0.8798693
<0x0A>,0.07569017
SELECT,0.04245834
▁Select,0.00062486064
▁CREATE,0.00038496547
<0x09>,0.00022630954
▁select,0.00017763238
Select,0.00015922864
▁UPDATE,7.462896e-05
▁SQL,5.9036363e-05
