Token,Probability
▁SELECT,0.86008996
<0x0A>,0.09649941
SELECT,0.037789717
▁Select,0.0012533086
2,0.001106041
▁CREATE,0.0006867565
<0x09>,0.0004757023
1,0.0004005815
▁WHERE,0.00027747473
▁SQL,0.00023365713
