Token,Probability
▁SELECT,0.95314837
SELECT,0.02661954
<0x0A>,0.01692041
▁Select,0.00082935713
1,0.0004875539
2,0.00030037324
▁CREATE,0.00023576565
<0x09>,0.0002032427
3,0.00018218557
Select,0.00017248985
