Token,Probability
▁SELECT,0.9262546
<0x0A>,0.0461155
SELECT,0.025467398
▁CREATE,0.0006578023
▁Select,0.0005368826
<0x09>,0.00021189523
▁select,0.00013680985
Select,0.00012359739
▁WHERE,0.00010489574
▁SQL,7.917946e-05
