Token,Probability
▁SELECT,0.8730135
<0x0A>,0.08248167
SELECT,0.038961582
2,0.0020328749
▁Select,0.0010881197
▁CREATE,0.0008880973
▁UPDATE,0.00021594393
<0x09>,0.0002044516
Select,0.00017351581
▁select,0.00015675848
