Token,Probability
▁SELECT,0.85947275
<0x0A>,0.08918334
SELECT,0.0477364
▁Select,0.0008342844
2,0.00044308515
1,0.00040343363
▁CREATE,0.00036447187
<0x09>,0.00023532074
▁select,0.00020605371
Select,0.00018761404
