Token,Probability
▁SELECT,0.92082083
SELECT,0.046566922
<0x0A>,0.021319892
1,0.0034264184
2,0.0017229114
▁Select,0.001321002
3,0.0008202288
▁CREATE,0.0005421381
4,0.00039663672
5,0.00036970607
