Token,Probability
▁SELECT,0.8683815
<0x0A>,0.07587833
SELECT,0.05215036
▁Select,0.00085620646
1,0.00059772836
2,0.00042055442
Select,0.0002340738
<0x09>,0.00020982239
▁select,0.00018229686
▁CREATE,0.00014995331
