Token,Probability
▁SELECT,0.8577408
<0x0A>,0.099290706
SELECT,0.0388828
▁Select,0.0012114306
<0x09>,0.000819695
▁CREATE,0.000819695
Select,0.0002206179
▁select,0.00016915362
▁UPDATE,0.00010752057
▁WHERE,9.638083e-05
