Token,Probability
▁SELECT,0.91337913
<0x0A>,0.04339204
SELECT,0.04076305
▁Select,0.0007236308
▁select,0.0002540183
▁CREATE,0.00023310029
<0x09>,0.00022770056
▁SUM,0.0001528709
Select,0.00015168126
1,0.00014249135
