Token,Probability
▁SELECT,0.877562
<0x0A>,0.059718844
SELECT,0.059718844
▁Select,0.0008518435
Select,0.000310937
▁CREATE,0.00027872215
<0x09>,0.00027440095
▁select,0.00022571608
1,0.0002103905
2,0.00017441985
