Token,Probability
▁SELECT,0.8887287
SELECT,0.06539312
<0x0A>,0.043561205
▁Select,0.0006931853
▁CREATE,0.00027358427
▁select,0.0002672467
Select,0.00024910134
<0x09>,0.00013126718
1,0.00010713715
select,8.676231e-05
