Token,Probability
▁SELECT,0.92483914
<0x0A>,0.047506656
SELECT,0.02542848
▁CREATE,0.00051956926
▁Select,0.00043752117
<0x09>,0.00027379376
▁WHERE,0.00017816099
▁select,0.00014093694
Select,0.00011502938
▁SQL,0.00010806011
