Token,Probability
▁SELECT,0.91653824
SELECT,0.053348918
<0x0A>,0.027247965
▁Select,0.00087588443
1,0.00029800466
2,0.0002609416
▁CREATE,0.00025489688
Select,0.0002146447
▁select,0.00018648655
<0x09>,0.00015460278
