Token,Probability
▁SELECT,0.90289325
SELECT,0.054222956
<0x0A>,0.038449835
▁Select,0.0011979411
▁CREATE,0.0007380301
1,0.00034321588
<0x09>,0.00034054494
2,0.00031495263
▁select,0.0002693932
Select,0.0001955585
