Token,Probability
▁SELECT,0.8479156
<0x0A>,0.08798411
SELECT,0.059533015
▁Select,0.0011249979
▁CREATE,0.00070400565
<0x09>,0.0003623911
1,0.0003595709
2,0.00030043273
Select,0.000284444
▁select,0.00027785485
