Token,Probability
▁SELECT,0.85346705
SELECT,0.08718715
<0x0A>,0.057178725
▁Select,0.00062535045
Select,0.0002062187
▁select,0.00019831858
▁CREATE,0.00019221696
<0x09>,0.00018057112
1,0.00011388478
▁SUM,0.00011211916
