Token,Probability
▁SELECT,0.8639847
<0x0A>,0.09395398
SELECT,0.040409103
▁Select,0.00045597382
▁CREATE,0.00033885095
<0x09>,0.00021538678
▁select,0.00014125409
Select,0.00013690816
▁WHERE,5.1560084e-05
▁UPDATE,4.410168e-05
