Token,Probability
▁SELECT,0.89193106
SELECT,0.056135245
<0x0A>,0.04953918
▁Select,0.00053339865
1,0.00027457008
▁select,0.00021217132
▁SUM,0.00020725638
2,0.00020087979
Select,0.00015644534
<0x09>,0.00012570736
