Token,Probability
▁SELECT,0.8965894
<0x0A>,0.07245554
SELECT,0.02882082
▁CREATE,0.0005532048
▁Select,0.00051968783
<0x09>,0.00021327945
Select,0.00014544395
▁select,0.00013878358
▁WHERE,0.00013663195
▁SQL,8.352144e-05
