Token,Probability
▁SELECT,0.8193911
<0x0A>,0.11441263
SELECT,0.06220507
▁Select,0.0010702973
▁CREATE,0.0007953774
<0x09>,0.00036988486
▁select,0.0002948979
Select,0.00028582488
▁WHERE,0.0001933988
▁SQL,0.00018744853
