Token,Probability
▁SELECT,0.8820195
<0x0A>,0.07017304
SELECT,0.043232355
▁Select,0.0018410557
▁CREATE,0.000641242
<0x09>,0.00040127902
Select,0.00038893297
▁select,0.00023043512
▁WHERE,0.00015230833
1,0.00011407368
