Token,Probability
▁SELECT,0.8360794
<0x0A>,0.061519157
SELECT,0.03560456
1,0.019357862
2,0.015075917
3,0.006586181
4,0.0040576286
5,0.0037526928
6,0.0032350232
<0x09>,0.002276123
