Token,Probability
▁SELECT,0.84266174
<0x0A>,0.084748715
SELECT,0.06497909
▁Select,0.0021550534
▁CREATE,0.00092687696
1,0.0006470645
<0x09>,0.00045172378
Select,0.00045172378
2,0.00045172378
▁select,0.0003518028
