Token,Probability
▁SELECT,0.88267815
SELECT,0.08339478
<0x0A>,0.030679226
▁Select,0.000986182
1,0.0003685093
Select,0.0003408154
2,0.0002717217
▁select,0.000227032
<0x09>,0.00016098977
3,0.00014431031
