Token,Probability
▁SELECT,0.89809847
SELECT,0.054784358
<0x0A>,0.043337993
▁Select,0.0008189598
1,0.00063780654
2,0.00038085168
<0x09>,0.00022389117
3,0.0001991329
▁select,0.00019001395
Select,0.00017573417
