Token,Probability
▁SELECT,0.74796146
SELECT,0.14728235
<0x0A>,0.09073803
1,0.004243874
2,0.002004664
▁Select,0.0013146908
3,0.001040006
▁SUM,0.00063079555
4,0.000539548
5,0.00049900037
