Token,Probability
▁SELECT,0.9581951
SELECT,0.029390644
<0x0A>,0.009692006
▁Select,0.0008208223
2,0.0004127354
1,0.00025230006
Select,0.00020916412
▁select,0.00020592131
<0x09>,0.00015302772
▁WHERE,0.00013824903
