Token,Probability
▁SELECT,0.916852
<0x0A>,0.047096375
SELECT,0.034456447
▁Select,0.00053143257
▁CREATE,0.00023767135
<0x09>,0.00016463012
▁select,0.00014192004
Select,0.000125244
▁WHERE,6.91663e-05
▁COUNT,3.616444e-05
