Token,Probability
▁SELECT,0.882718
<0x0A>,0.08210556
SELECT,0.032153003
▁Select,0.0010175328
▁CREATE,0.0007561661
▁select,0.00028255864
<0x09>,0.00020511558
Select,0.00018243356
▁SUM,8.960836e-05
▁WHERE,7.487058e-05
