Token,Probability
▁SELECT,0.85864824
SELECT,0.07862851
<0x0A>,0.059351914
▁Select,0.0009154033
▁CREATE,0.0007471303
<0x09>,0.00028137185
▁select,0.0002387972
Select,0.00021073781
1,0.00014827255
2,0.000117293246
