Token,Probability
▁SELECT,0.9307252
<0x0A>,0.03902058
SELECT,0.028548064
▁CREATE,0.000611304
▁Select,0.00038254427
<0x09>,0.00021126101
▁select,0.00012813628
Select,9.22931e-05
▁UPDATE,4.9788396e-05
▁SQL,3.3688513e-05
