Token,Probability
▁SELECT,0.9270445
<0x0A>,0.035388134
SELECT,0.035388134
▁Select,0.00073445734
▁CREATE,0.0004119932
Select,0.00017174432
<0x09>,0.0001664603
▁select,0.0001049852
▁WHERE,8.703579e-05
▁UPDATE,8.049495e-05
