Token,Probability
▁SELECT,0.82651174
SELECT,0.08576313
<0x0A>,0.08312447
▁Select,0.0009829855
1,0.00063466316
2,0.00054285617
Select,0.0003504943
▁select,0.00030214494
<0x09>,0.00026873327
3,0.00021933371
