Token,Probability
▁SELECT,0.7580343
<0x0A>,0.14243042
SELECT,0.09195999
▁CREATE,0.0013533778
▁Select,0.0011219896
1,0.00093745755
2,0.0008403314
Select,0.0004604636
3,0.00035030226
<0x09>,0.00026858604
