Token,Probability
▁SELECT,0.89361566
<0x0A>,0.058940344
SELECT,0.045191128
▁Select,0.0007079731
<0x09>,0.0003396892
▁CREATE,0.00029977466
▁select,0.0001875942
Select,0.00017080644
▁SQL,9.214317e-05
▁WHERE,7.403912e-05
