Token,Probability
▁SELECT,0.8623303
<0x0A>,0.101393946
SELECT,0.032407455
▁Select,0.0010748041
▁CREATE,0.0007503342
<0x09>,0.00072724884
▁select,0.00029383507
Select,0.00015363524
▁WHERE,0.00012736808
▁UPDATE,0.00011240194
