Token,Probability
▁SELECT,0.89896816
<0x0A>,0.06022711
SELECT,0.03888555
▁CREATE,0.00053760706
▁Select,0.00038122048
▁select,0.00018871782
<0x09>,0.0001800758
Select,0.00010752817
▁WHERE,9.342209e-05
▁UPDATE,6.370833e-05
