Token,Probability
▁SELECT,0.93799895
<0x0A>,0.03260201
SELECT,0.027028013
▁Select,0.0007548387
▁CREATE,0.000472366
▁select,0.00024126095
<0x09>,0.00020158106
Select,0.00015822279
▁UPDATE,0.00015576978
▁SUM,6.1000323e-05
