Token,Probability
▁SELECT,0.7400874
<0x0A>,0.1480268
SELECT,0.104966715
▁SUM,0.0033218383
▁Select,0.0008140514
▁select,0.00039058618
1,0.000358422
<0x09>,0.00035286517
▁CREATE,0.0003138448
Select,0.00025615265
