Token,Probability
▁SELECT,0.93829006
<0x0A>,0.030161288
SELECT,0.025004584
▁CREATE,0.0019281465
▁Select,0.0011972133
<0x09>,0.00075507304
2,0.00031231178
1,0.00030988132
▁select,0.00021464853
Select,0.00016980097
