Token,Probability
▁SELECT,0.9055035
<0x0A>,0.06066495
SELECT,0.029565737
▁WHERE,0.0010769318
▁Select,0.0009356546
▁CREATE,0.00072868855
<0x09>,0.00032083722
▁UPDATE,0.00017857282
▁SQL,0.00016906935
Select,0.00012177607
