Token,Probability
▁SELECT,0.91684675
<0x0A>,0.054207288
SELECT,0.026418522
▁CREATE,0.00078540196
▁Select,0.00058366114
<0x09>,0.00021809824
▁WHERE,0.00021471694
▁select,0.00016207685
Select,0.00012921894
▁SQL,9.3072915e-05
