Token,Probability
▁SELECT,0.8970103
<0x0A>,0.052212257
SELECT,0.047539804
▁CREATE,0.00097136054
▁Select,0.00065725535
Select,0.00023252788
<0x09>,0.00022361989
▁WHERE,0.00021505312
▁select,0.00015611184
▁UPDATE,0.00012253359
