Token,Probability
▁SELECT,0.9300345
<0x0A>,0.03838711
SELECT,0.029432414
▁CREATE,0.00058287743
▁Select,0.000490832
<0x09>,0.00034265599
▁select,0.00018484902
Select,0.0001138822
▁SQL,8.596278e-05
▁WHERE,7.527153e-05
