Token,Probability
▁SELECT,0.85365325
<0x0A>,0.110238925
SELECT,0.032586563
▁Select,0.0008549392
▁CREATE,0.00081578875
<0x09>,0.0004038447
▁WHERE,0.00021115507
▁SQL,0.00018345471
▁select,0.00018202707
Select,0.00015328215
