Token,Probability
▁SELECT,0.61032903
<0x0A>,0.2974506
SELECT,0.08005774
▁SUM,0.003863209
▁Select,0.001687711
1,0.0015128545
2,0.00068189687
<0x09>,0.00059708895
Select,0.0005787184
▁select,0.00050674274
