Token,Probability
▁SELECT,0.8540562
<0x0A>,0.0928743
SELECT,0.048182555
▁Select,0.0012840215
▁CREATE,0.001133145
▁WHERE,0.00043346663
<0x09>,0.00028650393
Select,0.00021458154
▁SQL,0.00017650994
▁select,0.00016711625
