Token,Probability
▁SELECT,0.8994147
<0x0A>,0.06314882
SELECT,0.034874093
▁CREATE,0.0006488
▁Select,0.00057256396
<0x09>,0.0004673131
▁select,0.00022597786
Select,0.00012976816
▁SQL,0.000100277066
▁UPDATE,8.0574886e-05
