Token,Probability
▁SELECT,0.9233109
<0x0A>,0.048933685
SELECT,0.02578624
▁Select,0.0006159842
▁CREATE,0.00036211842
<0x09>,0.00013217922
Select,0.00012711552
▁RO,0.00012035055
▁WHERE,0.000114839306
▁select,8.805035e-05
