Token,Probability
▁SELECT,0.6742097
2,0.07218023
SELECT,0.067807056
1,0.064701945
<0x0A>,0.034095526
3,0.019427046
4,0.014436954
5,0.013992775
6,0.008161915
9,0.0066097197
