Token,Probability
▁SELECT,0.8556433
<0x0A>,0.10060768
SELECT,0.040649176
▁Select,0.0008436468
▁WHERE,0.000636818
▁CREATE,0.00057083997
<0x09>,0.00023610967
▁select,0.00017274152
Select,0.00016227564
▁UPDATE,8.6183936e-05
