Token,Probability
▁SELECT,0.8747275
<0x0A>,0.07068883
SELECT,0.051717043
▁Select,0.00081020937
▁CREATE,0.0006115781
Select,0.00024137585
<0x09>,0.00023949743
▁select,0.00018362906
▁WHERE,0.00013861047
▁UPDATE,0.0001054493
