Token,Probability
▁SELECT,0.92643535
<0x0A>,0.040073663
SELECT,0.031700872
▁Select,0.0005806217
▁CREATE,0.0003633438
<0x09>,0.00018703337
Select,0.000149116
▁WHERE,0.00010824661
▁select,0.000106568405
▁UPDATE,5.193729e-05
