Token,Probability
▁SELECT,0.9252921
<0x0A>,0.03940369
SELECT,0.033703763
▁Select,0.00051176455
▁CREATE,0.00021167503
Select,0.00015730351
▁select,0.00013990865
<0x09>,9.843803e-05
1,6.8186026e-05
select,4.8351136e-05
