Token,Probability
▁SELECT,0.9129059
<0x0A>,0.04616665
SELECT,0.03887622
▁Select,0.0006186335
▁CREATE,0.00041858837
<0x09>,0.00025990745
▁select,0.00015641504
Select,0.00015042289
▁SQL,9.052609e-05
▁UPDATE,7.988899e-05
