Token,Probability
▁SELECT,0.80806875
<0x0A>,0.08787341
SELECT,0.044185523
3,0.015270107
1,0.010172085
2,0.0091181975
▁Select,0.0038010306
4,0.0036269687
5,0.0027377794
6,0.0020991282
