Token,Probability
▁SELECT,0.94791996
SELECT,0.026063086
<0x0A>,0.024484007
▁Select,0.0005409221
▁CREATE,0.00021017969
<0x09>,0.00014445424
▁WHERE,0.00012648836
▁select,0.000115168965
Select,0.00010734928
▁UPDATE,4.4056058e-05
