Token,Probability
▁SELECT,0.9362465
<0x0A>,0.038643513
SELECT,0.022717347
▁CREATE,0.0006246142
▁Select,0.0005426742
<0x09>,0.0002686432
▁WHERE,0.00017076
▁select,0.00016550627
▁SQL,0.0001192097
Select,0.000111987145
