Token,Probability
▁SELECT,0.9086061
<0x0A>,0.05456604
SELECT,0.03309598
▁Select,0.0010976392
▁CREATE,0.0006709734
<0x09>,0.0004231776
Select,0.00025072444
▁WHERE,0.00023007767
▁select,0.00019833936
▁UPDATE,0.00015567834
