Token,Probability
▁SELECT,0.87521803
<0x0A>,0.075290054
SELECT,0.046384856
▁Select,0.000947762
▁CREATE,0.00049169245
<0x09>,0.00027366806
Select,0.00023045158
▁select,0.0001419771
▁SQL,0.00012927163
▁WHERE,0.00012627705
