Token,Probability
▁SELECT,0.9139922
<0x0A>,0.04622159
SELECT,0.037724968
▁Select,0.00071289024
▁CREATE,0.00034204844
▁select,0.00020265699
<0x09>,0.00019037863
Select,0.00018742708
▁WHERE,0.0001127956
▁UPDATE,5.4972188e-05
