Token,Probability
▁SELECT,0.92371124
SELECT,0.041224163
<0x0A>,0.032105412
▁Select,0.001284378
Select,0.00025290903
<0x09>,0.00023944945
▁CREATE,0.00022848425
▁select,0.00015460017
2,9.1597576e-05
1,9.0177484e-05
