Token,Probability
▁SELECT,0.89848566
<0x0A>,0.061142717
SELECT,0.038262136
▁CREATE,0.0005994221
▁Select,0.00053731847
<0x09>,0.00025780822
▁select,0.00017718883
Select,0.00014575155
▁UPDATE,6.72533e-05
▁SQL,6.4173546e-05
