Token,Probability
▁SELECT,0.7840206
<0x0A>,0.16433965
SELECT,0.04782556
▁Select,0.0009179937
2,0.00069293805
▁CREATE,0.00046521658
<0x09>,0.0003222461
▁WHERE,0.00018218144
Select,0.00016849028
▁UPDATE,0.00016077455
