Token,Probability
▁SELECT,0.90548056
<0x0A>,0.059722915
SELECT,0.032470785
▁Select,0.0004969098
▁CREATE,0.0004741547
<0x09>,0.00038398214
▁select,0.00014460899
Select,0.00013584759
▁WHERE,0.00011988507
▁UPDATE,7.3284275e-05
