Token,Probability
▁SELECT,0.941855
SELECT,0.032736033
<0x0A>,0.022150308
▁Select,0.0010688693
▁CREATE,0.00033897252
1,0.00024225276
▁select,0.00021546405
Select,0.0002121236
<0x09>,0.00016391641
2,0.00015278689
