Token,Probability
▁SELECT,0.7951472
<0x0A>,0.15903944
SELECT,0.042804886
▁CREATE,0.00067058974
▁Select,0.0005917934
<0x09>,0.00053883396
▁select,0.00022638115
Select,0.00015437852
▁WHERE,0.00015317714
▁SQL,9.8128956e-05
