Token,Probability
▁SELECT,0.9139793
<0x0A>,0.05403775
SELECT,0.029379819
▁CREATE,0.0006390216
▁Select,0.0005728152
<0x09>,0.0002835641
▁select,0.00017884163
▁WHERE,0.00015297135
▁UPDATE,0.00012485159
Select,0.000112794005
