Token,Probability
▁SELECT,0.91074985
SELECT,0.04605762
<0x0A>,0.025041094
2,0.005855569
1,0.0052488986
3,0.0013799963
▁Select,0.0013168016
▁CREATE,0.0007621063
4,0.0005575689
5,0.0005446528
