Token,Probability
▁SELECT,0.9412624
<0x0A>,0.02887127
SELECT,0.027982995
▁Select,0.0006478941
▁CREATE,0.0003060435
<0x09>,0.00017167484
▁select,0.00014684128
Select,0.00013162768
▁WHERE,0.00012365276
▁SQL,7.045522e-05
