Token,Probability
▁SELECT,0.877851
SELECT,0.06359132
<0x0A>,0.056119133
▁Select,0.0007519968
▁CREATE,0.00039319068
<0x09>,0.0002499272
▁select,0.00021884358
Select,0.00016519178
▁UPDATE,9.5605676e-05
▁WHERE,9.486166e-05
