Token,Probability
▁SELECT,0.8245067
<0x0A>,0.12065198
SELECT,0.05029523
▁Select,0.0014267659
<0x09>,0.000537325
▁CREATE,0.00049694435
Select,0.00028094684
1,0.00026392518
▁select,0.0002347399
2,0.00020715724
