Token,Probability
▁SELECT,0.9006406
SELECT,0.0642307
<0x0A>,0.032297224
▁Select,0.0009452851
Select,0.0003092961
1,0.00024659236
▁select,0.0002125759
2,0.00019204633
▁CREATE,0.00018041083
<0x09>,0.00015921198
