Token,Probability
▁SELECT,0.9180371
<0x0A>,0.044300135
SELECT,0.030926479
▁CREATE,0.003870903
▁Select,0.00073302555
<0x09>,0.00049988
▁WHERE,0.00039236035
▁UPDATE,0.00021001534
▁select,0.00020196977
▁SQL,0.00017685065
