Token,Probability
▁SELECT,0.854792
<0x0A>,0.068006836
SELECT,0.06695248
2,0.0033858607
▁CREATE,0.0014114368
1,0.0011978708
▁Select,0.001082186
▁select,0.0004043834
▁WHERE,0.00038586534
<0x09>,0.0002672811
