Token,Probability
▁SELECT,0.82193464
<0x0A>,0.064378895
SELECT,0.06338079
2,0.018444862
1,0.0101862205
3,0.003547873
▁Select,0.0028731555
▁WHERE,0.0019289452
4,0.0018550486
5,0.0017700997
