Token,Probability
▁SELECT,0.7988593
<0x0A>,0.11330234
SELECT,0.06765591
▁Select,0.0048249955
1,0.0031643093
2,0.0024836948
<0x09>,0.00181711
▁WHERE,0.0010850459
▁CREATE,0.0010766021
3,0.00095754967
