Token,Probability
▁SELECT,0.9005887
<0x0A>,0.077472545
SELECT,0.012450972
▁CREATE,0.0059740413
<0x09>,0.0017115915
▁Select,0.0008341631
▁UPDATE,0.0003166126
▁select,0.000106051935
▁WHERE,8.4551975e-05
Select,6.955055e-05
