Token,Probability
▁SELECT,0.7259141
<0x0A>,0.2320161
SELECT,0.029497536
2,0.0034145878
▁Select,0.0018857144
1,0.001600385
▁CREATE,0.0015633123
▁WHERE,0.00068296056
<0x09>,0.00039836732
▁SQL,0.00037131918
