Token,Probability
▁SELECT,0.9155665
<0x0A>,0.058530208
SELECT,0.023648344
▁CREATE,0.00045392103
▁Select,0.00041980835
1,0.0002127485
<0x09>,0.00016829792
▁UPDATE,0.0001643993
▁WHERE,0.00015086129
▁select,0.00014061817
