Token,Probability
▁SELECT,0.92979527
SELECT,0.041495685
<0x0A>,0.026376262
<0x09>,0.00067071524
▁Select,0.00043644276
▁CREATE,0.0003070758
▁WHERE,0.00020940752
▁select,0.00015083056
Select,9.220088e-05
1,5.1720006e-05
