Token,Probability
▁SELECT,0.9024014
<0x0A>,0.055046838
SELECT,0.039648753
▁Select,0.00082288356
▁MAX,0.00023947276
▁select,0.00023576008
1,0.00022496388
▁CREATE,0.00021804245
<0x09>,0.00019852989
Select,0.00018361014
