Token,Probability
▁SELECT,0.76708597
<0x0A>,0.1909428
SELECT,0.03266646
▁CREATE,0.004088687
▁Select,0.0014130124
<0x09>,0.0007926281
▁UPDATE,0.0005447648
▁WHERE,0.00032276247
▁select,0.00025532613
▁INSERT,0.00020197958
