Token,Probability
▁SELECT,0.9287867
SELECT,0.034363817
<0x0A>,0.033831052
▁CREATE,0.00069125544
▁Select,0.0006805385
<0x09>,0.0003729043
▁WHERE,0.00022795185
▁select,0.00017477674
▁UPDATE,0.00015184865
Select,0.00011284434
