Token,Probability
▁SELECT,0.9043559
SELECT,0.05431079
<0x0A>,0.038512122
▁Select,0.0007508668
1,0.00027839493
2,0.00025150887
Select,0.00023443204
<0x09>,0.00020688555
▁CREATE,0.00015495012
▁select,0.00015254784
