Token,Probability
▁SELECT,0.8784655
<0x0A>,0.07675945
SELECT,0.04173339
▁Select,0.001044775
Select,0.00035825477
▁CREATE,0.00034184908
<0x09>,0.00030404684
▁select,0.0002683204
1,8.987608e-05
select,7.109783e-05
