Token,Probability
▁SELECT,0.9427507
SELECT,0.035429753
<0x0A>,0.020505166
▁Select,0.0003997871
▁CREATE,0.00030177514
▁select,0.00014707346
Select,0.00011543929
<0x09>,8.0589605e-05
▁SQL,5.2440657e-05
select,4.1161144e-05
