Token,Probability
▁SELECT,0.89792013
SELECT,0.076045446
<0x0A>,0.023192553
▁Select,0.0010679128
Select,0.00027858172
▁CREATE,0.00025167761
▁select,0.00022384671
1,0.0001650542
<0x09>,0.00015028355
select,0.00012458945
