Token,Probability
▁SELECT,0.8888439
<0x0A>,0.05594095
SELECT,0.04936771
▁Select,0.0018265365
▁CREATE,0.0006411746
<0x09>,0.00054415787
1,0.00053992314
Select,0.0004372431
2,0.00034052526
▁select,0.00026520135
