Token,Probability
▁SELECT,0.76165855
<0x0A>,0.16216646
SELECT,0.070845276
▁Select,0.0011451073
▁CREATE,0.0010508095
<0x09>,0.0006575798
▁WHERE,0.0006081619
Select,0.00033065188
▁SQL,0.00016756622
▁select,0.0001561889
