Token,Probability
▁SELECT,0.7354263
<0x0A>,0.1948686
SELECT,0.062283736
▁CREATE,0.0025309008
<0x09>,0.001453374
▁Select,0.00073080236
▁WHERE,0.000302273
1,0.00023541048
▁select,0.0002177191
Select,0.00019516212
