Token,Probability
▁SELECT,0.90155494
<0x0A>,0.06329909
SELECT,0.032330014
▁CREATE,0.0006605853
▁Select,0.00065034383
<0x09>,0.00029543202
▁WHERE,0.00022300378
▁SQL,0.00018201038
Select,0.00014971767
▁select,0.00014511133
