Token,Probability
▁SELECT,0.89195544
SELECT,0.062625095
<0x0A>,0.041717313
▁Select,0.000950912
1,0.0005767572
2,0.000452702
Select,0.0002745776
<0x09>,0.0002519666
▁select,0.00022941819
3,0.00014582706
