Token,Probability
▁SELECT,0.9222667
<0x0A>,0.04313499
SELECT,0.032055203
▁CREATE,0.00090933614
▁Select,0.0004943975
<0x09>,0.0002372145
▁select,0.00017085919
Select,0.00013516074
▁UPDATE,0.00013202975
▁WHERE,0.00013100228
