Token,Probability
▁SELECT,0.91254973
<0x0A>,0.05395323
SELECT,0.029333865
▁Select,0.0010519206
▁CREATE,0.0008065355
<0x09>,0.0007878521
▁WHERE,0.00025980605
▁select,0.0002347152
▁UPDATE,0.00019611188
Select,0.00017717232
