Token,Probability
▁SELECT,0.92079175
<0x0A>,0.044433065
SELECT,0.032507926
▁CREATE,0.0007887813
▁Select,0.00043902293
<0x09>,0.0002580883
▁select,0.0001447744
Select,0.00013181858
▁UPDATE,0.00011542421
▁SQL,8.1211074e-05
