Token,Probability
▁SELECT,0.8871219
<0x0A>,0.055832572
SELECT,0.05411478
▁CREATE,0.0006602462
▁Select,0.0005918408
<0x09>,0.00043639605
▁WHERE,0.00017358635
▁select,0.00016306929
Select,0.00012899842
▁UPDATE,0.00010365315
