Token,Probability
▁SELECT,0.93478644
<0x0A>,0.041718435
SELECT,0.020977346
▁CREATE,0.0009659126
▁Select,0.00050900015
<0x09>,0.00043537092
▁select,0.00016785043
Select,9.054852e-05
▁WHERE,4.771572e-05
▁SQL,4.6975954e-05
