Token,Probability
▁SELECT,0.89547527
<0x0A>,0.052943725
SELECT,0.046722677
▁Select,0.0016754882
▁CREATE,0.00045095154
Select,0.0004203331
<0x09>,0.00040423035
1,0.00031977252
▁select,0.0002911562
2,0.00028441157
