Token,Probability
▁SELECT,0.87464195
<0x0A>,0.08660129
SELECT,0.03666929
▁Select,0.00063092995
▁CREATE,0.0002980302
<0x09>,0.00029112637
▁select,0.00017935775
Select,0.00017383948
▁WHERE,0.00012718368
▁SQL,6.198438e-05
