Token,Probability
▁SELECT,0.90995336
<0x0A>,0.05817137
SELECT,0.030178912
▁Select,0.0005441765
▁CREATE,0.00023959766
<0x09>,0.00021310257
▁select,0.00016211989
Select,0.00013128867
▁UPDATE,7.839606e-05
▁SQL,4.829841e-05
