Token,Probability
▁SELECT,0.9448849
<0x0A>,0.030373277
SELECT,0.022926953
▁Select,0.000483327
▁CREATE,0.0003823431
▁select,0.00015814397
<0x09>,0.00011126819
Select,0.00010869067
▁WHERE,0.00010700557
2,0.00010700557
