Token,Probability
▁SELECT,0.84767973
<0x0A>,0.098126054
SELECT,0.050907124
▁Select,0.00093239645
▁CREATE,0.0007261511
<0x09>,0.00026713609
▁select,0.00025490302
Select,0.00024133734
▁SQL,0.00015340335
▁WHERE,0.000115794915
