Token,Probability
▁SELECT,0.9059131
<0x0A>,0.05440431
SELECT,0.037391502
▁Select,0.0005950073
▁CREATE,0.0005169513
<0x09>,0.00022060773
▁select,0.00018577035
▁WHERE,0.00016394176
Select,0.00014695643
▁UPDATE,0.00011808281
