Token,Probability
▁SELECT,0.93981415
SELECT,0.0331795
<0x0A>,0.025045197
▁Select,0.0005117378
▁CREATE,0.00040481793
<0x09>,0.00032783157
▁select,0.00014776525
▁WHERE,0.0001225017
Select,0.00010155747
▁UPDATE,4.2335454e-05
