Token,Probability
▁SELECT,0.8890012
<0x0A>,0.059559364
SELECT,0.04861094
▁Select,0.00083639746
▁CREATE,0.0006167208
<0x09>,0.00020819576
Select,0.00020657557
▁select,0.00017669344
▁WHERE,0.00015593144
▁UPDATE,0.00015593144
