Token,Probability
▁SELECT,0.87418485
<0x0A>,0.07403529
SELECT,0.050094783
▁Select,0.0006405308
▁CREATE,0.00019842717
<0x09>,0.00016322175
▁select,0.00015333264
Select,0.00013531557
select,5.382482e-05
▁SQL,3.9379076e-05
