Token,Probability
▁SELECT,0.8343075
<0x0A>,0.08260763
SELECT,0.076399565
▁Select,0.0025338174
▁CREATE,0.001466461
Select,0.0004873803
▁select,0.00046506154
<0x09>,0.0003146764
▁WHERE,0.00020002048
1,0.00016975518
