Token,Probability
▁SELECT,0.9436689
SELECT,0.02805454
<0x0A>,0.026354799
▁Select,0.0005732263
▁CREATE,0.00035315452
<0x09>,0.00024654157
▁select,0.00019351271
Select,0.00013722105
▁WHERE,6.68762e-05
▁UPDATE,6.233547e-05
