Token,Probability
▁SELECT,0.83638716
SELECT,0.06865484
<0x0A>,0.045733985
1,0.011033837
2,0.009005556
3,0.0063858945
4,0.0043209125
6,0.0038732414
5,0.0036385732
▁Select,0.0022242153
