Token,Probability
▁SELECT,0.7367276
<0x0A>,0.20780356
SELECT,0.04564838
▁CREATE,0.0031553304
▁Select,0.0011163123
▁UPDATE,0.00090401724
2,0.00089000183
<0x09>,0.00049924577
▁WHERE,0.00049150566
1,0.000447521
