Token,Probability
▁SELECT,0.91413206
<0x0A>,0.044806357
SELECT,0.03832491
▁CREATE,0.00072422734
▁Select,0.00068034866
<0x09>,0.00048243944
▁select,0.00016159695
Select,0.00014149903
▁WHERE,9.8782235e-05
▁UPDATE,9.725076e-05
