Token,Probability
▁SELECT,0.73147875
<0x0A>,0.19687484
SELECT,0.061949413
2,0.0027647307
▁CREATE,0.0017850442
▁Select,0.0015268292
1,0.00051142374
▁WHERE,0.0004408748
Select,0.00032763038
<0x09>,0.0003250807
