Token,Probability
▁SELECT,0.9379204
<0x0A>,0.039322235
SELECT,0.01977246
<0x09>,0.0008552727
▁CREATE,0.0007666615
▁Select,0.00059707655
▁select,0.00019233389
▁UPDATE,0.00013218903
Select,9.521218e-05
▁WHERE,8.5347645e-05
