Token,Probability
▁SELECT,0.91455305
<0x0A>,0.04482699
SELECT,0.03834256
▁Select,0.00061014143
▁CREATE,0.00032658514
▁select,0.00025040153
<0x09>,0.00019501291
Select,0.00016811164
1,0.00012689731
2,9.140071e-05
