Token,Probability
▁SELECT,0.90700394
<0x0A>,0.05532759
SELECT,0.035722177
▁Select,0.0005424126
▁CREATE,0.00032642967
<0x09>,0.00029033257
▁select,0.00014713338
Select,0.00014039566
▁WHERE,9.7249234e-05
▁UPDATE,8.125477e-05
