Token,Probability
▁SELECT,0.8900921
<0x0A>,0.061525393
SELECT,0.0464418
▁Select,0.00043444976
▁CREATE,0.00036584333
<0x09>,0.00018395759
▁UPDATE,0.00017416754
▁select,0.0001648985
Select,0.00014438995
▁WHERE,0.00012742369
