Token,Probability
▁SELECT,0.929285
<0x0A>,0.03957373
SELECT,0.028952759
▁Select,0.00058240764
▁CREATE,0.0005220669
<0x09>,0.00026046883
▁select,0.00021593625
Select,0.00014497274
▁UPDATE,9.507544e-05
▁WHERE,6.9558686e-05
