Token,Probability
▁SELECT,0.8837665
<0x0A>,0.07843873
SELECT,0.03535511
▁CREATE,0.0005896022
▁Select,0.00055388
<0x09>,0.00023089154
▁select,0.00018408279
Select,0.00016118828
▁SQL,0.00015024398
▁WHERE,0.0001490748
