Token,Probability
▁SELECT,0.8253015
1,0.039825156
SELECT,0.03626122
2,0.024155179
<0x0A>,0.017950604
3,0.013339756
5,0.010389013
4,0.009913265
6,0.005737358
9,0.00419754
