Token,Probability
▁SELECT,0.74300855
<0x0A>,0.17925917
SELECT,0.071304366
▁CREATE,0.0015753186
▁Select,0.0013265512
<0x09>,0.00066184095
▁WHERE,0.00039830292
▁UPDATE,0.00034068653
Select,0.00031263154
▁select,0.00026740792
