Token,Probability
▁SELECT,0.8750466
<0x0A>,0.07071461
SELECT,0.05173591
▁Select,0.00041074393
▁CREATE,0.00031004575
Select,0.00021985537
1,0.00021309112
2,0.00016084962
<0x09>,0.0001282405
▁select,0.00012047081
