Token,Probability
▁SELECT,0.8919622
SELECT,0.06461353
<0x0A>,0.04043411
▁Select,0.0010608269
<0x09>,0.0004353625
▁CREATE,0.0003444001
Select,0.00023670247
▁select,0.00017728195
▁MAX,0.00014697191
select,7.9907244e-05
