Token,Probability
▁SELECT,0.8473534
<0x0A>,0.095070414
SELECT,0.054169487
▁Select,0.001039763
▁CREATE,0.00067132147
<0x09>,0.00040400837
Select,0.00020796571
▁select,0.00016323414
▁SQL,0.00012812394
▁WHERE,0.00011575034
