Token,Probability
▁SELECT,0.9034385
<0x0A>,0.049400378
SELECT,0.044979554
▁CREATE,0.00051553914
▁Select,0.00049193087
<0x09>,0.00031025693
▁select,0.00017134016
▁WHERE,0.00013984376
Select,0.00012437961
▁UPDATE,8.6830965e-05
