Token,Probability
▁SELECT,0.8554771
SELECT,0.07245091
<0x0A>,0.06913315
▁Select,0.0006366943
▁select,0.00028253134
▁CREATE,0.00027170777
1,0.00024355727
Select,0.00023422673
<0x09>,0.00022525364
2,0.0002166243
