Token,Probability
▁SELECT,0.8565806
<0x0A>,0.06922233
SELECT,0.06922233
▁Select,0.0014592878
▁CREATE,0.0009348548
Select,0.00047376135
<0x09>,0.00025557505
▁SQL,0.00023822217
▁WHERE,0.00021690375
▁select,0.00020536034
