Token,Probability
▁SELECT,0.8232197
<0x0A>,0.107982926
SELECT,0.06447955
▁Select,0.0010586274
<0x09>,0.00042439555
Select,0.00038944723
1,0.0003774652
▁CREATE,0.00036872126
▁select,0.0003383576
2,0.00025540573
