Token,Probability
▁SELECT,0.93166775
<0x0A>,0.043574683
SELECT,0.021910727
▁CREATE,0.00074974383
▁Select,0.0005748485
<0x09>,0.00032753882
▁select,0.00022511392
▁SQL,0.00016088167
▁WHERE,0.00015715483
▁UPDATE,0.00012826605
