Token,Probability
▁SELECT,0.82539505
<0x0A>,0.08301216
SELECT,0.08045814
1,0.002078169
2,0.0017775521
▁Select,0.0016698556
3,0.0011298809
4,0.0005861744
5,0.0005013815
6,0.00049360836
