Token,Probability
▁SELECT,0.89876145
<0x0A>,0.05397482
SELECT,0.044052962
▁Select,0.0010857465
▁SUM,0.0004893842
▁select,0.00030386559
<0x09>,0.00024037747
Select,0.00021886616
▁CREATE,0.0001857493
1,0.00010020423
