Token,Probability
▁SELECT,0.87129736
SELECT,0.090410315
<0x0A>,0.034315884
▁Select,0.001249956
▁CREATE,0.0007581366
<0x09>,0.00040264332
▁select,0.00025394396
Select,0.00019168695
1,0.00016016045
2,0.00013699249
