Token,Probability
▁SELECT,0.9408521
SELECT,0.03373922
<0x0A>,0.022126721
▁Select,0.00094226946
▁CREATE,0.0005896571
▁select,0.00021692272
▁UPDATE,0.00019444828
Select,0.0001676249
1,0.00015746901
<0x09>,0.0001526242
