Token,Probability
▁SELECT,0.8524068
<0x0A>,0.07928618
SELECT,0.0647115
▁Select,0.0015218685
<0x09>,0.0003558713
Select,0.0003558713
▁CREATE,0.00032150294
▁select,0.00022976779
▁SQL,0.00010356445
select,7.75662e-05
