Token,Probability
▁SELECT,0.9216061
SELECT,0.04243583
<0x0A>,0.033049054
▁Select,0.0007301487
<0x09>,0.00047141942
▁CREATE,0.0002707134
▁WHERE,0.00022442927
▁select,0.00019961153
Select,0.0001846105
1,0.00012491371
