Token,Probability
▁SELECT,0.8616748
<0x0A>,0.08531736
SELECT,0.049377896
▁Select,0.0010409439
▁CREATE,0.00054427015
<0x09>,0.0003301165
Select,0.00024341267
▁select,0.00022511989
▁WHERE,0.00017395918
▁SQL,0.000168607
