Token,Probability
▁SELECT,0.90716034
SELECT,0.05890608
<0x0A>,0.03202668
▁Select,0.0005510494
▁select,0.0002664701
Select,0.00018895559
▁CREATE,0.00017750735
<0x09>,0.00014947618
▁SUM,8.9256304e-05
select,7.2848874e-05
