Token,Probability
▁SELECT,0.81469166
<0x0A>,0.11921573
SELECT,0.062822275
▁Select,0.0011687499
▁CREATE,0.0006255868
Select,0.0002797797
▁select,0.0002046912
<0x09>,0.00020151775
1,0.00012415148
2,7.589228e-05
