Token,Probability
▁SELECT,0.8991223
<0x0A>,0.06719972
SELECT,0.030289285
▁CREATE,0.0011562351
▁Select,0.00081989344
<0x09>,0.0005998468
▁select,0.00018437779
Select,0.0001493137
▁UPDATE,0.00010182309
▁SQL,5.893068e-05
