Token,Probability
▁SELECT,0.94115365
<0x0A>,0.032204505
SELECT,0.025080895
▁CREATE,0.00045225074
▁Select,0.00043154065
<0x09>,0.00017031918
Select,0.00010249989
▁select,9.780607e-05
▁UPDATE,5.8860736e-05
▁WHERE,5.4013646e-05
