Token,Probability
▁SELECT,0.9817822
SELECT,0.015380792
<0x0A>,0.0018659018
▁Select,0.00031426916
▁select,0.00012306956
1,9.217484e-05
2,6.903577e-05
Select,5.2519645e-05
3,4.026821e-05
▁UPDATE,2.8111739e-05
