Token,Probability
▁SELECT,0.77018964
1,0.11270364
<0x0A>,0.033576425
2,0.025147581
SELECT,0.015016308
▁CREATE,0.0052301986
4,0.005109041
3,0.0049906904
7,0.00476215
9,0.0038565067
