Token,Probability
▁SELECT,0.7888597
<0x0A>,0.12877782
SELECT,0.06276129
▁CREATE,0.0073221284
▁Select,0.0037986701
2,0.0017943647
Select,0.0015228576
1,0.0014418125
▁select,0.0003820423
3,0.00029521942
