Token,Probability
▁SELECT,0.76607287
<0x0A>,0.18773423
▁CREATE,0.02207404
SELECT,0.01917826
▁Select,0.0011427811
▁WHERE,0.0006823857
▁SQL,0.0002672261
Select,0.00025103567
▁select,0.00022679185
▁UN,0.00021981417
