Token,Probability
▁SELECT,0.6157338
<0x0A>,0.34539533
SELECT,0.027912224
▁CREATE,0.0069479016
▁Select,0.0009476711
▁WHERE,0.00039814645
▁UPDATE,0.00028232814
Select,0.00028013103
<0x09>,0.00025706267
▁SQL,0.00020177082
