Token,Probability
▁SELECT,0.7609967
<0x0A>,0.1924101
SELECT,0.040331345
▁CREATE,0.002723224
▁Select,0.0013586669
Select,0.00042752354
▁select,0.0002532993
▁WHERE,0.00018971243
<0x09>,0.00013347936
▁COUNT,0.00011965011
