Token,Probability
▁SELECT,0.6654465
<0x0A>,0.30946139
SELECT,0.02041119
▁CREATE,0.0026773652
▁Select,0.0006359301
▁WHERE,0.00016078829
▁select,0.00015953701
Select,0.00012328065
<0x09>,9.752302e-05
▁SUM,9.233294e-05
