Token,Probability
▁SELECT,0.7218766
<0x0A>,0.23072565
SELECT,0.029795408
▁CREATE,0.012420573
▁Select,0.0018606331
Select,0.00047785006
▁WHERE,0.00034150406
<0x09>,0.00028983073
▁UPDATE,0.0002831168
CREATE,0.00021039454
