Token,Probability
▁SELECT,0.7547452
<0x0A>,0.19998759
SELECT,0.026232662
▁CREATE,0.014487051
▁Select,0.0013162907
▁WHERE,0.00060736836
Select,0.00032510087
▁UPDATE,0.00028245253
▁select,0.00020185973
<0x09>,0.00019873017
