Token,Probability
▁SELECT,0.5741116
<0x0A>,0.35926986
▁CREATE,0.03394355
SELECT,0.018168671
▁Select,0.0017435947
2,0.0015387167
▁WHERE,0.0014913754
<0x09>,0.00089054095
1,0.0007797837
▁UN,0.0006828014
