Token,Probability
▁SELECT,0.776003
<0x0A>,0.19016773
SELECT,0.023069963
▁CREATE,0.007727469
▁Select,0.00073581166
▁WHERE,0.0003877455
▁select,0.000212467
Select,0.000212467
<0x09>,0.00019804102
▁UPDATE,0.00017072202
