Token,Probability
▁SELECT,0.72983223
<0x0A>,0.23326841
SELECT,0.021029783
▁CREATE,0.011796639
▁Select,0.0010887196
▁WHERE,0.0006301025
<0x09>,0.00027743037
Select,0.00022466994
▁select,0.00020616876
▁UPDATE,0.000120257166
