Token,Probability
▁SELECT,0.82276773
<0x0A>,0.1222935
SELECT,0.04641738
▁CREATE,0.0026186893
▁Select,0.0024030441
2,0.0008369833
Select,0.0005116377
1,0.00049203716
▁select,0.00016225663
▁WHERE,0.00016099392
