Token,Probability
<0x0A>,0.5397788
▁SELECT,0.42700022
SELECT,0.019356621
▁CREATE,0.010200222
▁Select,0.0009562097
▁WHERE,0.00047707077
Select,0.0002417677
<0x09>,0.00023069636
▁SQL,0.00016487124
CREATE,0.00016231513
