Token,Probability
▁SELECT,0.617749
<0x0A>,0.35198274
SELECT,0.021809207
▁CREATE,0.005601067
▁Select,0.00072330964
▁WHERE,0.0003752481
Select,0.00017587526
<0x09>,0.0001718011
▁SQL,0.00011624645
1,0.00010178879
