Token,Probability
▁SELECT,0.7395348
<0x0A>,0.20536138
SELECT,0.02736176
▁CREATE,0.020978987
▁Select,0.001982079
▁WHERE,0.00067965756
2,0.0003526017
CREATE,0.00031854908
Select,0.00030874833
<0x09>,0.00026824523
