Token,Probability
▁SELECT,0.823945
<0x0A>,0.12635607
SELECT,0.03735078
▁CREATE,0.008871588
▁Select,0.0016030631
Select,0.00042476947
▁select,0.00025563076
CREATE,0.00015996964
▁WHERE,0.00012458448
▁SQL,9.114796e-05
