Token,Probability
▁SELECT,0.73853505
<0x0A>,0.22878748
SELECT,0.020625817
▁CREATE,0.0046747164
1,0.0014036044
2,0.00090623513
▁Select,0.0006630158
▁EN,0.0004052934
▁WHERE,0.0003282166
▁select,0.0002477509
