Token,Probability
▁SELECT,0.70944107
<0x0A>,0.24903725
SELECT,0.021760631
▁CREATE,0.0154305985
▁WHERE,0.0010019795
▁Select,0.00077426963
▁UPDATE,0.00028932345
Select,0.0002004085
<0x09>,0.00018534754
CREATE,0.00016614447
