Token,Probability
▁SELECT,0.6772978
<0x0A>,0.27365303
▁CREATE,0.01982336
SELECT,0.019516027
▁WHERE,0.0016272005
▁Select,0.0016272005
<0x09>,0.00074498664
▁SQL,0.0006128093
2,0.00035190678
1,0.00032041478
