Token,Probability
▁SELECT,0.7191724
<0x0A>,0.2334811
SELECT,0.03363614
▁CREATE,0.009195609
▁Select,0.0014436342
Select,0.00030977814
▁COUNT,0.00030024725
▁WHERE,0.0002842684
▁select,0.00026704543
1,0.0002588293
