Token,Probability
▁SELECT,0.7493669
<0x0A>,0.1807932
SELECT,0.05778497
▁CREATE,0.004561567
▁Select,0.0013483966
1,0.0012766364
2,0.0007105551
▁WHERE,0.0005620954
Select,0.00038632212
<0x09>,0.00026139864
