Token,Probability
▁SELECT,0.7068859
<0x0A>,0.25204793
SELECT,0.027840566
▁CREATE,0.005927599
▁Select,0.0029573888
▁WHERE,0.00045353026
Select,0.0004227367
▁SUM,0.0003423426
▁LA,0.00032666558
▁SQL,0.00023528839
