Token,Probability
▁SELECT,0.60542375
<0x0A>,0.3044262
SELECT,0.046685267
▁CREATE,0.031099092
▁Select,0.0019880983
▁WHERE,0.0013557654
Select,0.0008484163
CREATE,0.00071443815
▁select,0.00056076894
▁SQL,0.0004505905
