Token,Probability
▁SELECT,0.77191025
<0x0A>,0.19824295
▁CREATE,0.015049854
SELECT,0.012476767
▁Select,0.00074928807
▁WHERE,0.00023211862
Select,0.00016204492
<0x09>,0.00014639538
▁select,0.00013752573
▁UPDATE,0.00012231791
