Token,Probability
▁SELECT,0.88144666
<0x0A>,0.09436681
SELECT,0.017730998
▁CREATE,0.0033840206
▁Select,0.0015016501
Select,0.0002911081
▁WHERE,0.00021633321
<0x09>,0.00020482014
▁select,0.00012817317
▁UPDATE,0.000109632325
