Token,Probability
▁SELECT,0.79963195
<0x0A>,0.16761197
SELECT,0.017122641
▁CREATE,0.012724467
▁Select,0.00090040476
▁WHERE,0.00031361208
<0x09>,0.00023672685
Select,0.00019321081
▁select,0.00015524925
▁UPDATE,0.00013594078
