Token,Probability
▁SELECT,0.77473783
<0x0A>,0.15018977
SELECT,0.043030094
▁CREATE,0.014189819
2,0.0040338137
▁Select,0.004002422
▁WHERE,0.0020602704
1,0.0013406435
▁select,0.00041208003
Select,0.00038410077
