Token,Probability
▁SELECT,0.6536108
<0x0A>,0.28111452
▁CREATE,0.031540174
SELECT,0.028272431
▁Select,0.0011222376
▁UPDATE,0.00043266112
CREATE,0.00041608614
▁WHERE,0.00040328453
<0x09>,0.00032915125
Select,0.000309209
