Token,Probability
▁SELECT,0.77536327
<0x0A>,0.18706511
SELECT,0.025715185
▁CREATE,0.008219067
▁Select,0.0012027152
Select,0.000281241
<0x09>,0.00023682867
▁select,0.00022954223
▁WHERE,0.00021395687
▁SQL,0.00020900056
