Token,Probability
▁SELECT,0.84858626
<0x0A>,0.1241756
SELECT,0.0119167715
▁CREATE,0.0117320195
▁Select,0.00132662
▁WHERE,0.0003655222
<0x09>,0.00031757122
▁select,0.00019564993
Select,0.00017401465
▁SQL,0.00012533806
