Token,Probability
▁SELECT,0.8708441
<0x0A>,0.100807525
SELECT,0.017246133
▁CREATE,0.008020197
▁Select,0.0010520209
▁WHERE,0.0002831476
▁UPDATE,0.0002831476
<0x09>,0.00023473758
Select,0.00020715519
▁select,0.0001717377
