Token,Probability
▁SELECT,0.81417435
<0x0A>,0.15297884
▁CREATE,0.014229248
SELECT,0.014008644
▁Select,0.0014765002
▁MAX,0.0004068186
▁WHERE,0.00033990963
Select,0.00023179826
<0x09>,0.00022999437
▁SQL,0.0002110547
