Token,Probability
▁SELECT,0.73649776
<0x0A>,0.21770832
SELECT,0.021221848
▁CREATE,0.019936081
▁Select,0.001294541
▁WHERE,0.0005030044
Select,0.00032476409
<0x09>,0.00031724092
▁SQL,0.00026095525
CREATE,0.00025491024
