Token,Probability
▁SELECT,0.3237181
1,0.1787741
2,0.1529136
<0x0A>,0.07452414
SELECT,0.071111426
3,0.067855
4,0.042462572
5,0.024575453
6,0.019440783
8,0.011251463
