Token,Probability
▁SELECT,0.7640472
<0x0A>,0.1901864
SELECT,0.03518095
▁CREATE,0.0050682956
▁Select,0.0021969436
▁WHERE,0.00051775895
Select,0.0004714249
<0x09>,0.00034760695
▁UPDATE,0.00023155614
▁select,0.00019347238
