Token,Probability
▁SELECT,0.7012166
<0x0A>,0.24233396
SELECT,0.0333128
▁CREATE,0.015491891
▁Select,0.0015459355
1,0.00091593654
2,0.00074756565
▁select,0.0005018918
CREATE,0.00038181912
▁WHERE,0.00037007182
