Token,Probability
▁SELECT,0.8181556
<0x0A>,0.13779989
SELECT,0.03324577
▁CREATE,0.006149849
▁Select,0.0016423285
Select,0.0004088079
<0x09>,0.0002578319
▁select,0.0002479545
▁WHERE,0.00022753584
▁SQL,0.00021375013
