Token,Probability
▁SELECT,0.75765485
<0x0A>,0.19764608
SELECT,0.02892201
▁CREATE,0.010977557
▁Select,0.0013847789
▁WHERE,0.00056388945
Select,0.000432349
▁SQL,0.0002541649
▁UPDATE,0.00024827715
▁select,0.0001979438
