Token,Probability
▁SELECT,0.7219079
<0x0A>,0.24180886
▁CREATE,0.017245006
SELECT,0.015458323
▁Select,0.00094296376
▁WHERE,0.0006791914
Select,0.00017717766
▁select,0.00016906408
<0x09>,0.00016132207
▁UPDATE,0.00014688542
