Token,Probability
▁SELECT,0.82471627
<0x0A>,0.14109232
SELECT,0.018507285
▁CREATE,0.011581563
▁Select,0.0010857021
▁WHERE,0.00052912894
<0x09>,0.0003608346
Select,0.0002384971
▁select,0.00021546417
▁SQL,0.00019927179
