Token,Probability
▁SELECT,0.786998
<0x0A>,0.1898721
SELECT,0.014871932
▁CREATE,0.0047533545
▁Select,0.0014161093
▁WHERE,0.00041860112
▁select,0.00022231737
<0x09>,0.00021547737
Select,0.00016265086
▁SQL,0.00011266495
