Token,Probability
<0x0A>,0.5247937
▁SELECT,0.42832416
SELECT,0.029147824
▁CREATE,0.012934268
▁Select,0.00047854992
▁WHERE,0.00046021695
1,0.00044258634
▁select,0.0003420042
▁SQL,0.0003263427
▁UPDATE,0.0003138407
