Token,Probability
▁SELECT,0.632396
<0x0A>,0.33324927
SELECT,0.019096704
▁CREATE,0.011403162
▁Select,0.0012995469
<0x09>,0.00065857836
▁WHERE,0.00034976832
▁select,0.00018431495
Select,0.00013590533
▁UPDATE,0.00012278023
