Token,Probability
▁SELECT,0.81606233
<0x0A>,0.14181036
SELECT,0.029264225
▁MAX,0.0066325595
▁CREATE,0.0025973476
▁Select,0.0016509744
Select,0.0003175653
1,0.00021320324
2,0.00020989786
▁select,0.00020826442
