Token,Probability
▁SELECT,0.71324986
<0x0A>,0.23520486
SELECT,0.034960076
▁CREATE,0.012661701
▁Select,0.0011594628
▁SUM,0.0005519871
▁WHERE,0.00035361617
Select,0.0002669235
CREATE,0.00021280996
▁select,0.00020148444
