Token,Probability
<0x0A>,0.5268674
▁SELECT,0.44366688
SELECT,0.020750575
▁CREATE,0.005006309
▁AV,0.00072122726
▁Select,0.0006315276
▁select,0.0003053868
2,0.0002571615
<0x09>,0.00023051805
1,0.00020663504
