Token,Probability
<0x0A>,0.54328096
▁SELECT,0.41654798
SELECT,0.02540959
▁CREATE,0.010592293
▁Select,0.0012849908
Select,0.0003710435
▁WHERE,0.00034048865
CREATE,0.00024144264
<0x09>,0.00023956371
▁select,0.00015710972
