Token,Probability
▁SELECT,0.5822024
<0x0A>,0.38181767
SELECT,0.01900958
▁CREATE,0.013907707
▁Select,0.0005695725
▁WHERE,0.00037941703
<0x09>,0.00023375204
CREATE,0.00020468014
▁UPDATE,0.00017507219
Select,0.0001696858
