Token,Probability
▁SELECT,0.62292403
<0x0A>,0.3282579
SELECT,0.038597
▁CREATE,0.006106932
▁Select,0.0011121549
▁WHERE,0.00035269983
Select,0.00027900853
<0x09>,0.00021560106
▁select,0.00021560106
1,0.00021060668
