Token,Probability
▁SELECT,0.6174269
<0x0A>,0.32031685
SELECT,0.046146017
▁CREATE,0.009979776
▁Select,0.0021752054
▁WHERE,0.000558639
Select,0.00054145145
CREATE,0.00027014015
▁SQL,0.0002680379
<0x09>,0.00024215206
