Token,Probability
▁SELECT,0.6786489
<0x0A>,0.249661
SELECT,0.035967074
▁CREATE,0.020816145
▁Select,0.0042622257
▁WHERE,0.0012599113
▁VARCHAR,0.0008591849
▁SQL,0.0007348999
▁INSERT,0.0006434998
2,0.00062859314
