Token,Probability
▁SELECT,0.6348784
<0x0A>,0.3192369
SELECT,0.027462145
▁CREATE,0.011095709
2,0.002289729
▁Select,0.0006560183
▁WHERE,0.00057893415
▁select,0.00046518666
▁UPDATE,0.00046518666
▁SQL,0.00032475262
