Token,Probability
▁SELECT,0.8286874
<0x0A>,0.12708333
SELECT,0.02387825
▁CREATE,0.014482891
▁Select,0.0021865896
▁WHERE,0.00070988166
Select,0.00038295245
<0x09>,0.00024725267
▁select,0.00023409414
▁SQL,0.00020984061
