Token,Probability
▁SELECT,0.8475408
<0x0A>,0.12402262
SELECT,0.017048955
▁CREATE,0.008572754
▁Select,0.0009923682
▁WHERE,0.00034835402
▁select,0.00020478677
Select,0.00019848613
<0x09>,0.00015579356
▁COUNT,0.0001364174
