Token,Probability
▁SELECT,0.65723515
<0x0A>,0.27829087
▁CREATE,0.030739298
SELECT,0.02508868
▁Select,0.0015185095
▁WHERE,0.0011642816
▁UN,0.00063300895
▁SQL,0.00052478287
<0x09>,0.0005007513
▁UPDATE,0.0004523911
