Token,Probability
▁SELECT,0.7644793
<0x0A>,0.20256685
SELECT,0.01797883
▁CREATE,0.011076435
▁Select,0.0013863784
▁WHERE,0.00033447935
Select,0.0002544585
▁SQL,0.00024662964
<0x09>,0.00020129321
▁select,0.0001735256
