Token,Probability
▁SELECT,0.54289025
<0x0A>,0.40979508
SELECT,0.027028915
▁CREATE,0.0076836506
▁Select,0.0018829595
▁WHERE,0.00143248
1,0.00075486396
2,0.0007202962
▁SQL,0.00059249945
Select,0.00045428512
