Token,Probability
▁SELECT,0.6323332
<0x0A>,0.32805017
SELECT,0.017659813
▁CREATE,0.01558473
▁WHERE,0.0012693171
▁Select,0.00078813697
2,0.00059028727
1,0.00034163205
3,0.00031105953
<0x09>,0.00022936091
