Token,Probability
▁SELECT,0.6266022
<0x0A>,0.29598594
SELECT,0.06013319
▁SUM,0.010951067
▁CREATE,0.0021903513
▁Select,0.0010028159
1,0.0006082385
2,0.00048873347
Select,0.00025956437
▁select,0.0002575444
