Token,Probability
▁SELECT,0.88947695
<0x0A>,0.077721626
SELECT,0.017073177
▁CREATE,0.010036802
▁Select,0.0025576046
▁SQL,0.0004768199
Select,0.0002937602
<0x09>,0.0002759622
▁select,0.00026127577
▁VARCHAR,0.00024164058
