Token,Probability
▁SELECT,0.76999086
<0x0A>,0.18576896
▁CREATE,0.0208427
SELECT,0.018977493
▁Select,0.0009301855
▁WHERE,0.00062939496
<0x09>,0.00030674256
▁SQL,0.00020433462
CREATE,0.00019346013
▁UPDATE,0.00018897865
