Token,Probability
<0x0A>,0.60432667
▁SELECT,0.35526532
SELECT,0.023801293
▁CREATE,0.01106863
▁WHERE,0.0011485381
▁Select,0.0009747516
<0x09>,0.0004428009
▁SQL,0.00027709772
Select,0.00026440847
CREATE,0.00025033695
