Token,Probability
▁SELECT,0.798051
<0x0A>,0.15714556
SELECT,0.022638965
▁CREATE,0.017631244
▁Select,0.0012772031
▁WHERE,0.00048477156
Select,0.00033058552
▁UPDATE,0.00030336232
▁SQL,0.00023625881
CREATE,0.00017973622
