Token,Probability
▁SELECT,0.84965396
<0x0A>,0.120506555
SELECT,0.018193768
▁CREATE,0.007948268
▁Select,0.0016530823
▁WHERE,0.00042454668
Select,0.00032046463
▁select,0.00016496105
<0x09>,0.00015137678
▁UPDATE,0.00015137678
