Token,Probability
▁SELECT,0.67233217
<0x0A>,0.27592456
SELECT,0.024875358
▁CREATE,0.0155666
▁Select,0.003237544
1,0.0016927893
2,0.0011364849
▁WHERE,0.00058045966
3,0.00036324235
Select,0.0003604156
