Token,Probability
▁SELECT,0.73157597
<0x0A>,0.21965894
▁CREATE,0.035858337
SELECT,0.008787463
▁Select,0.0015878623
<0x09>,0.00061217544
▁WHERE,0.00022520674
▁select,0.00021322147
CREATE,0.0001523825
Select,0.00012932534
