Token,Probability
▁SELECT,0.8783917
<0x0A>,0.08298979
SELECT,0.029132158
▁CREATE,0.003703738
▁Select,0.0020453983
▁COUNT,0.00058601645
Select,0.00041880706
▁select,0.00039037113
▁SUM,0.000313672
▁WHERE,0.00023862909
