Token,Probability
▁SELECT,0.82476914
<0x0A>,0.1455804
SELECT,0.014871974
▁CREATE,0.009602069
▁Select,0.0014725248
▁WHERE,0.0008656527
▁SQL,0.00040890535
<0x09>,0.0003497553
▁UPDATE,0.00024608357
Select,0.00016650849
