Token,Probability
▁SELECT,0.78642356
<0x0A>,0.17275433
SELECT,0.023379758
▁CREATE,0.014180539
▁Select,0.0010272348
▁WHERE,0.00027007193
Select,0.00025370912
▁UPDATE,0.00024020694
<0x09>,0.00017437154
CREATE,0.00017437154
