Token,Probability
▁SELECT,0.7084824
<0x0A>,0.22293387
SELECT,0.03017082
▁CREATE,0.024242934
2,0.004147477
▁Select,0.0018988533
1,0.0016115359
▁WHERE,0.0012356075
<0x09>,0.0004992306
▁UPDATE,0.00041712273
