Token,Probability
▁SELECT,0.7291042
<0x0A>,0.24043307
SELECT,0.01466651
▁CREATE,0.010899225
▁Select,0.0012715723
▁WHERE,0.0010459669
▁COUNT,0.00029967452
<0x09>,0.00029273255
▁select,0.00017616957
Select,0.0001604042
