Token,Probability
▁SELECT,0.79466355
<0x0A>,0.1745644
SELECT,0.021849297
▁CREATE,0.005271388
▁Select,0.0010219053
▁WHERE,0.00058226404
<0x09>,0.00037593793
▁select,0.00017211692
Select,0.00016812985
▁COUNT,0.00014493697
