Token,Probability
▁SELECT,0.6719207
<0x0A>,0.2714805
▁CREATE,0.03192104
SELECT,0.016050907
▁WHERE,0.0043200427
▁Select,0.0013278722
CREATE,0.00037454354
<0x09>,0.00029861217
Select,0.0002827203
▁SQL,0.00017282346
