Token,Probability
▁SELECT,0.67963666
<0x0A>,0.2833147
SELECT,0.020846443
▁CREATE,0.010985304
▁Select,0.0016201128
▁WHERE,0.00062950805
<0x09>,0.00049798185
Select,0.0003343292
▁select,0.00019049505
▁UPDATE,0.00015916456
