Token,Probability
▁SELECT,0.84612113
<0x0A>,0.12576467
SELECT,0.023630483
▁CREATE,0.0018508824
▁Select,0.0010796101
Select,0.0002466062
▁select,0.00014272473
▁WHERE,0.00012207891
▁M,0.00010689588
1,0.000101206984
