Token,Probability
<0x0A>,0.63435125
▁SELECT,0.3395438
▁CREATE,0.012176135
SELECT,0.01143842
▁WHERE,0.0005875628
▁Select,0.0005476688
<0x09>,0.00018344606
CREATE,0.00011569797
Select,0.00011126566
▁select,9.081238e-05
