Token,Probability
▁SELECT,0.842844
<0x0A>,0.1272504
▁CREATE,0.016432842
SELECT,0.010946632
▁Select,0.0010505165
▁WHERE,0.00025744012
<0x09>,0.00021342534
Select,0.0001549302
▁select,0.00011694744
▁UPDATE,0.000100815
