Token,Probability
▁SELECT,0.6013008
<0x0A>,0.35348648
SELECT,0.026835356
▁CREATE,0.01459013
▁Select,0.0009928708
▁WHERE,0.00038278577
Select,0.00031242066
CREATE,0.00024714507
▁UPDATE,0.00020014419
▁select,0.00018949271
