Token,Probability
▁SELECT,0.68602645
<0x0A>,0.2686518
▁CREATE,0.021710394
SELECT,0.019461073
▁Select,0.0010075067
▁WHERE,0.0005066062
Select,0.00025673554
▁select,0.00022656829
▁UPDATE,0.00022480513
CREATE,0.00022480513
