Token,Probability
▁SELECT,0.7930333
<0x0A>,0.16622882
SELECT,0.029803187
▁CREATE,0.0068610823
▁Select,0.0015550229
Select,0.00028541178
<0x09>,0.0002766306
▁select,0.00027234183
1,0.0001601015
2,0.0001266507
