Token,Probability
▁SELECT,0.5837976
<0x0A>,0.3710843
SELECT,0.022636287
▁CREATE,0.018475197
▁Select,0.00086409657
▁WHERE,0.00044479882
CREATE,0.00028943608
Select,0.00028494882
<0x09>,0.00026353457
▁UPDATE,0.00018112449
