Token,Probability
▁SELECT,0.6568036
<0x0A>,0.30544207
SELECT,0.028410537
▁CREATE,0.0065404763
▁Select,0.0008315282
Select,0.0002345433
▁select,0.00019905432
▁WHERE,0.00019142868
<0x09>,0.00017159554
▁SQL,0.00011886077
