Token,Probability
▁SELECT,0.6137434
<0x0A>,0.34970042
▁CREATE,0.016102135
SELECT,0.0156067265
▁WHERE,0.0014977319
▁Select,0.00092996296
▁UPDATE,0.00035574252
▁SQL,0.00027275726
<0x09>,0.00019341387
CREATE,0.00016673317
