Token,Probability
▁SELECT,0.755486
<0x0A>,0.20333631
SELECT,0.035334554
▁CREATE,0.0031361198
▁Select,0.00094901933
Select,0.00029862215
▁select,0.00024563988
▁WHERE,0.00023622958
<0x09>,0.00013251278
▁SQL,7.148529e-05
