Token,Probability
▁SELECT,0.6455709
<0x0A>,0.31958076
SELECT,0.029264787
▁CREATE,0.0026383006
▁Select,0.0005402072
Select,0.00024159561
1,0.00023053212
▁COUNT,0.00018815485
2,0.00017537961
▁select,0.00014314066
