Token,Probability
▁SELECT,0.6448545
<0x0A>,0.3242532
SELECT,0.016656071
▁CREATE,0.010102417
▁Select,0.0012644659
▁WHERE,0.0005108904
<0x09>,0.00033244272
Select,0.0002629838
▁UPDATE,0.00022319146
▁select,0.00016329036
