Token,Probability
▁SELECT,0.50124073
<0x0A>,0.4708721
SELECT,0.01854521
▁CREATE,0.0068224017
▁Select,0.0005385629
▁WHERE,0.00026660797
Select,0.00016814753
<0x09>,0.00016170592
▁SQL,0.00015430084
▁UPDATE,0.0001438242
