Token,Probability
▁SELECT,0.8651131
<0x0A>,0.10332303
SELECT,0.025719134
▁CREATE,0.0020462016
▁Select,0.0011658907
▁COUNT,0.00038147793
▁select,0.00030893023
1,0.00025812088
Select,0.00021232446
▁WHERE,0.000196368
