Token,Probability
▁SELECT,0.5767293
<0x0A>,0.39637986
SELECT,0.012942261
▁CREATE,0.010399398
▁Select,0.0008209324
▁WHERE,0.00060060696
<0x09>,0.0002192315
Select,0.00018605936
▁UPDATE,0.00018461143
▁select,0.00013193584
