Token,Probability
▁SELECT,0.7532367
<0x0A>,0.21246016
SELECT,0.030607788
▁Select,0.00074267597
▁CREATE,0.0007086664
1,0.0003591346
▁select,0.0002373735
Select,0.00022474068
▁COUNT,0.00022474068
2,0.00019073495
