Token,Probability
▁SELECT,0.6822258
<0x0A>,0.2888726
SELECT,0.015550779
▁CREATE,0.009285795
▁Select,0.0011991473
▁WHERE,0.0005664371
Select,0.00027391108
▁SQL,0.00024939887
<0x09>,0.00017685028
▁select,0.00016228693
