Token,Probability
▁SELECT,0.5646132
<0x0A>,0.38203645
SELECT,0.027674625
▁CREATE,0.02024719
▁Select,0.0017830555
▁WHERE,0.00055669714
Select,0.000332419
CREATE,0.00027558504
<0x09>,0.00020640365
▁SQL,0.00018940664
