Token,Probability
▁SELECT,0.7140109
<0x0A>,0.22119026
SELECT,0.041560415
▁CREATE,0.008443511
▁Select,0.006225855
Select,0.00086932414
▁WHERE,0.00070952164
1,0.0006562003
2,0.0006068861
▁COUNT,0.00054400915
