Token,Probability
▁SELECT,0.8932929
<0x0A>,0.07928425
▁CREATE,0.013353647
SELECT,0.0110705625
▁Select,0.0014296283
▁WHERE,0.00033692396
Select,0.00017343358
<0x09>,0.00013827332
▁SQL,0.0001258993
▁select,0.000116437805
