Token,Probability
▁SELECT,0.81134063
<0x0A>,0.14098984
SELECT,0.02649121
▁CREATE,0.01632076
▁Select,0.0017472847
▁WHERE,0.0005328917
<0x09>,0.00031820417
▁UPDATE,0.00029892515
Select,0.00027430916
▁select,0.0002204136
