Token,Probability
▁SELECT,0.74840236
<0x0A>,0.21109658
SELECT,0.018445414
▁CREATE,0.017600738
▁Select,0.0014335132
▁WHERE,0.0005151438
<0x09>,0.00038885092
▁SQL,0.00020016331
Select,0.00018368018
CREATE,0.00016464983
