Token,Probability
▁SELECT,0.6243624
<0x0A>,0.32391495
SELECT,0.03361109
▁CREATE,0.011798602
▁Select,0.0020185027
Select,0.00055182795
▁WHERE,0.0004399556
▁SQL,0.00033732562
▁select,0.00026270948
<0x09>,0.00020300614
