Token,Probability
▁SELECT,0.6412326
<0x0A>,0.32750958
SELECT,0.018190369
▁CREATE,0.009004885
▁Select,0.0009946566
▁WHERE,0.00034374412
<0x09>,0.00032800293
▁UPDATE,0.00030099243
▁SQL,0.00026770818
Select,0.00025148856
