Token,Probability
▁SELECT,0.64419645
<0x0A>,0.31395626
SELECT,0.03012947
▁CREATE,0.008236938
▁Select,0.0005348621
▁select,0.0004037351
▁WHERE,0.0003119823
1,0.00023004132
▁UPDATE,0.00022825113
<0x09>,0.000198308
