Token,Probability
▁SELECT,0.70391536
<0x0A>,0.263034
SELECT,0.02604389
▁CREATE,0.003524657
▁Select,0.0010918878
▁select,0.00032529287
Select,0.00025333834
▁WHERE,0.00025136684
<0x09>,0.0002183913
1,0.00016356753
