Token,Probability
▁SELECT,0.6878097
<0x0A>,0.27790025
SELECT,0.016430466
▁CREATE,0.015195696
▁Select,0.0008707827
▁WHERE,0.00044824058
<0x09>,0.0001958218
▁UPDATE,0.00017146731
Select,0.00014326628
▁select,0.00013353885
