Token,Probability
▁SELECT,0.7232993
<0x0A>,0.18575864
SELECT,0.06623428
▁CREATE,0.018107446
▁Select,0.0017928799
CREATE,0.000639271
Select,0.000375808
▁select,0.0003642456
2,0.0003558079
▁SQL,0.00033425057
