Token,Probability
▁SELECT,0.82141566
<0x0A>,0.11833615
SELECT,0.052511346
▁CREATE,0.0024946646
▁Select,0.0015857053
1,0.0005523031
2,0.00047240988
Select,0.0004169003
▁SUM,0.00041365594
▁select,0.000373707
