Token,Probability
<0x0A>,0.5355134
▁SELECT,0.42362598
SELECT,0.0270815
▁CREATE,0.008389458
▁WHERE,0.00090521155
▁Select,0.0007803411
Select,0.00027179383
CREATE,0.00026138156
2,0.00024173842
<0x09>,0.00023247756
