Token,Probability
▁SELECT,0.8191508
<0x0A>,0.15391387
SELECT,0.020189106
▁CREATE,0.0041662576
▁Select,0.00090808317
▁WHERE,0.00027912186
Select,0.00020581156
<0x09>,0.00019638675
▁select,0.00012879357
▁SQL,0.000116355295
