Token,Probability
▁SELECT,0.6442431
<0x0A>,0.26439685
▁CREATE,0.056293335
SELECT,0.02659109
▁Select,0.0016347889
CREATE,0.0008682299
▁WHERE,0.0007484609
<0x09>,0.00058290194
Select,0.00039750457
2,0.00038227643
