Token,Probability
▁SELECT,0.71775085
<0x0A>,0.19622216
SELECT,0.058916576
1,0.0071473913
▁CREATE,0.0038859693
2,0.003565966
▁Select,0.0025886137
3,0.0012420305
4,0.000894601
5,0.00069129403
