Token,Probability
▁SELECT,0.68209594
<0x0A>,0.2933658
SELECT,0.01707594
▁CREATE,0.0046683014
▁Select,0.00055321027
▁WHERE,0.0004376253
<0x09>,0.00016352862
▁SQL,0.00015604011
Select,0.00014319045
▁select,0.00012538175
