Token,Probability
<0x0A>,0.5097252
▁SELECT,0.45691472
SELECT,0.017995501
▁CREATE,0.011438637
▁Select,0.00086837803
<0x09>,0.00049866753
▁WHERE,0.00033478954
Select,0.00020306009
▁SQL,0.00019376133
▁UPDATE,0.00015938371
