Token,Probability
▁SELECT,0.6959348
<0x0A>,0.26414704
SELECT,0.030103186
▁CREATE,0.006115833
▁Select,0.00058235123
▁select,0.00039403856
▁WHERE,0.00036728432
▁UPDATE,0.00029282458
<0x09>,0.00025046614
Select,0.00018468214
