Token,Probability
▁SELECT,0.62970775
<0x0A>,0.33183268
SELECT,0.017586486
▁CREATE,0.015279405
▁Select,0.001853602
▁WHERE,0.00086200505
<0x09>,0.00035654078
Select,0.00034021356
▁UPDATE,0.0002887355
▁SQL,0.00019084252
