Token,Probability
▁SELECT,0.5592971
<0x0A>,0.4221796
SELECT,0.009474044
▁CREATE,0.006718103
▁Select,0.00049047463
▁WHERE,0.00031176463
<0x09>,0.00016428845
▁UPDATE,0.00014726719
Select,0.000120195975
▁INSERT,0.000107742984
