Token,Probability
▁SELECT,0.84094346
<0x0A>,0.12305722
SELECT,0.020404888
▁CREATE,0.0109219495
▁Select,0.0019278385
▁WHERE,0.0006559141
Select,0.0002629509
▁select,0.00021128697
▁SQL,0.0001521843
<0x09>,0.00013325701
