Token,Probability
▁SELECT,0.7722839
<0x0A>,0.19223668
SELECT,0.019638212
▁CREATE,0.012679382
▁Select,0.0007555305
▁WHERE,0.0005658661
Select,0.0001794542
▁select,0.00014419551
<0x09>,0.0001375923
▁UPDATE,0.00013232122
