Token,Probability
▁SELECT,0.5905133
<0x0A>,0.35816443
SELECT,0.023257256
▁CREATE,0.023257256
▁Select,0.0009904134
▁WHERE,0.00084714545
CREATE,0.000324062
<0x09>,0.00026865685
Select,0.00026243343
▁select,0.00023524377
