Token,Probability
▁SELECT,0.62488306
<0x0A>,0.33447582
SELECT,0.027455447
▁CREATE,0.008373438
▁Select,0.0018394003
▁WHERE,0.00046872083
Select,0.0003593807
<0x09>,0.00023939917
▁select,0.00018499335
▁UN,0.00015823319
