Token,Probability
▁SELECT,0.7214929
<0x0A>,0.23423444
SELECT,0.030248528
▁CREATE,0.00982026
▁Select,0.0013712154
Select,0.00035215728
▁WHERE,0.00032824665
▁select,0.0002829663
<0x09>,0.00026790707
▁SQL,0.00020541152
