Token,Probability
▁SELECT,0.5784563
<0x0A>,0.3793609
SELECT,0.027480813
▁CREATE,0.0087833945
▁Select,0.0013364949
▁WHERE,0.0009626412
<0x09>,0.00035413593
1,0.00030055124
Select,0.00028678798
▁select,0.00025111996
