Token,Probability
▁SELECT,0.9182453
<0x0A>,0.049431585
SELECT,0.02564477
▁CREATE,0.0032098193
▁Select,0.0016522732
▁COUNT,0.0002614276
▁select,0.00023070905
Select,0.0002004435
▁WHERE,0.00017967637
<0x09>,0.00012543434
