Token,Probability
▁SELECT,0.5599977
<0x0A>,0.38488042
SELECT,0.030146163
▁CREATE,0.017176766
▁Select,0.00253323
▁WHERE,0.0010155523
Select,0.00043338456
2,0.0003195577
CREATE,0.00028422056
▁select,0.00027763654
