Token,Probability
▁SELECT,0.6791801
<0x0A>,0.27441356
▁CREATE,0.02397799
SELECT,0.018099535
▁Select,0.0014512842
▁WHERE,0.00073547504
CREATE,0.000258176
Select,0.00025417338
▁UPDATE,0.00018741569
<0x09>,0.00018595721
