Token,Probability
▁SELECT,0.5606129
<0x0A>,0.39753407
SELECT,0.018885711
▁CREATE,0.018885711
▁Select,0.0010738155
CREATE,0.0003124981
▁select,0.0002867644
▁SQL,0.00020334641
<0x09>,0.00019863588
1,0.00018806467
