Token,Probability
▁SELECT,0.757554
<0x0A>,0.17714521
SELECT,0.048428804
▁CREATE,0.008819541
▁Select,0.002014573
▁SUM,0.0006438963
2,0.00055507326
1,0.00047477926
▁WHERE,0.00047108455
▁COUNT,0.0004092853
