Token,Probability
▁SELECT,0.5395051
<0x0A>,0.43350455
SELECT,0.014603735
▁CREATE,0.009282698
▁Select,0.0008368606
▁WHERE,0.0003801611
Select,0.00019569015
▁SQL,0.00019265624
<0x09>,0.00017957538
▁UPDATE,0.00015121764
