Token,Probability
▁SELECT,0.7148788
<0x0A>,0.24705552
SELECT,0.025635755
▁CREATE,0.0070084254
▁Select,0.0017859054
▁WHERE,0.00050373777
Select,0.00043086972
▁SQL,0.00025329523
▁UPDATE,0.00022528548
<0x09>,0.00017005438
