Token,Probability
▁SELECT,0.8080489
<0x0A>,0.15664741
SELECT,0.020871252
▁CREATE,0.011526198
▁Select,0.0010975277
▁WHERE,0.00030004737
Select,0.00020946683
<0x09>,0.00018057169
▁UPDATE,0.00013524193
▁select,0.00012704804
