Token,Probability
▁SELECT,0.53823555
<0x0A>,0.42577937
SELECT,0.022920834
▁CREATE,0.009554825
▁Select,0.0009313886
▁WHERE,0.00040689352
Select,0.00022824657
▁UPDATE,0.00019676084
<0x09>,0.00018197404
▁select,0.00015687142
