Token,Probability
▁SELECT,0.689267
<0x0A>,0.26161623
SELECT,0.02757415
▁CREATE,0.0147593785
▁Select,0.0012499813
▁WHERE,0.00071221794
▁SQL,0.00044919024
2,0.00035257346
<0x09>,0.0003160448
CREATE,0.000290019
