Token,Probability
▁SELECT,0.63722026
<0x0A>,0.30574164
SELECT,0.03594951
▁CREATE,0.016458886
▁Select,0.0014048462
Select,0.0003607944
▁WHERE,0.0003134636
CREATE,0.0002921802
<0x09>,0.00027447788
▁select,0.0002578481
