Token,Probability
▁SELECT,0.64486456
<0x0A>,0.2998899
SELECT,0.025004113
▁CREATE,0.022066051
▁Select,0.0017419024
▁WHERE,0.0008357738
2,0.0005069225
▁UPDATE,0.00046882665
Select,0.00043699448
CREATE,0.00038867095
