Token,Probability
▁SELECT,0.68344736
<0x0A>,0.28490323
SELECT,0.018213253
▁CREATE,0.008338635
▁Select,0.0013297115
▁WHERE,0.0009959079
▁SQL,0.00030851792
Select,0.0002479011
<0x09>,0.00024027399
▁UPDATE,0.00024027399
