Token,Probability
▁SELECT,0.5915978
<0x0A>,0.34239054
▁CREATE,0.030388888
SELECT,0.028997278
▁WHERE,0.0012157084
▁Select,0.0011875466
CREATE,0.00043010086
<0x09>,0.0003349629
Select,0.0003002588
▁UPDATE,0.0002356758
