Token,Probability
▁SELECT,0.6870688
<0x0A>,0.2732971
SELECT,0.03163644
▁CREATE,0.0030360566
▁Select,0.0018999155
▁WHERE,0.00042392846
Select,0.00040136738
2,0.00035698357
1,0.00024344164
<0x09>,0.00022869225
