Token,Probability
▁SELECT,0.66521394
<0x0A>,0.29983544
▁CREATE,0.016140938
SELECT,0.015163007
▁WHERE,0.00080360996
▁Select,0.00056101015
<0x09>,0.00027989835
CREATE,0.00018356183
Select,0.00014634823
▁INSERT,0.000120382785
