Token,Probability
▁SELECT,0.81555855
<0x0A>,0.15086317
SELECT,0.02207616
▁CREATE,0.008249259
▁Select,0.0012552199
<0x09>,0.00030283586
▁select,0.000249106
Select,0.00024333545
▁WHERE,0.00018657178
CREATE,0.000102232894
