Token,Probability
▁SELECT,0.7157813
<0x0A>,0.21158454
SELECT,0.047954354
▁CREATE,0.013109991
▁Select,0.003640513
Select,0.0006681866
CREATE,0.0006476286
▁UPDATE,0.0005670826
▁WHERE,0.0005582908
▁i,0.00052446563
