Token,Probability
▁SELECT,0.74820614
<0x0A>,0.22116931
SELECT,0.024429794
▁CREATE,0.0036883473
▁Select,0.00095467526
Select,0.00024137973
▁WHERE,0.00021806841
▁select,0.00020326211
<0x09>,0.00013861271
▁COUNT,8.6741624e-05
