Token,Probability
▁SELECT,0.70781225
<0x0A>,0.23708741
SELECT,0.04250743
▁SUM,0.0060288357
▁CREATE,0.0037727489
▁Select,0.0008753482
▁select,0.00028418392
Select,0.00019839237
▁WHERE,0.00012222599
<0x09>,0.000107864056
