Token,Probability
▁SELECT,0.63980544
<0x0A>,0.32678065
SELECT,0.021219363
▁CREATE,0.009714932
▁Select,0.0006928368
▁WHERE,0.00023207124
Select,0.00018941103
▁select,0.00013120119
▁SQL,0.00012716455
CREATE,9.7500444e-05
