Token,Probability
▁SELECT,0.7040859
<0x0A>,0.25901875
SELECT,0.026050199
▁CREATE,0.0077004232
▁Select,0.00088445196
▁WHERE,0.00029857783
Select,0.0002494711
<0x09>,0.00019277632
▁select,0.0001661836
▁UPDATE,0.0001356351
