Token,Probability
▁SELECT,0.7958514
<0x0A>,0.16423321
SELECT,0.02087991
▁CREATE,0.015516633
▁Select,0.0011506765
▁WHERE,0.0003649162
Select,0.00025675065
▁SQL,0.00023014977
▁select,0.00022306881
<0x09>,0.00020469945
