Token,Probability
▁SELECT,0.7768687
<0x0A>,0.17884533
SELECT,0.030596828
▁CREATE,0.009627719
▁Select,0.0016342906
Select,0.00036465956
▁WHERE,0.00021437228
▁select,0.00016565407
1,0.00016308583
▁SQL,0.00015806821
