Token,Probability
▁SELECT,0.68081033
<0x0A>,0.29281288
▁CREATE,0.012276155
SELECT,0.010665708
▁Select,0.0007372405
▁WHERE,0.0007258106
<0x09>,0.000189339
▁select,0.00017105353
▁SQL,0.00016709109
Select,0.00015943941
