Token,Probability
▁SELECT,0.8206094
<0x0A>,0.09351971
SELECT,0.053285927
2,0.0139004635
1,0.004583887
▁CREATE,0.0029136955
3,0.001925835
▁Select,0.0016472541
4,0.0011233297
5,0.00078421057
