Token,Probability
▁SELECT,0.58935344
<0x0A>,0.35746095
SELECT,0.024325524
▁CREATE,0.013968972
▁Select,0.0019505057
2,0.0018467016
▁WHERE,0.0015550787
▁UN,0.00085211283
1,0.0008323736
<0x09>,0.0007819426
