Token,Probability
▁SELECT,0.6032164
<0x0A>,0.35461262
SELECT,0.02692085
▁CREATE,0.011048295
▁Select,0.0012889636
▁WHERE,0.0003442201
Select,0.00033624624
<0x09>,0.0002990636
▁SQL,0.00025983097
▁UPDATE,0.00022574507
