Token,Probability
▁SELECT,0.5840349
<0x0A>,0.3770813
SELECT,0.021273471
▁CREATE,0.011933335
▁Select,0.0011099731
▁WHERE,0.0007222733
2,0.00050818274
1,0.0002964204
<0x09>,0.00028730044
Select,0.00023448779
