Token,Probability
▁SELECT,0.74474955
<0x0A>,0.21337433
SELECT,0.025885243
▁CREATE,0.011851128
▁Select,0.0012201642
▁WHERE,0.0005499711
▁UPDATE,0.00034958293
Select,0.0002875591
CREATE,0.00018421725
<0x09>,0.00017037311
