Token,Probability
▁SELECT,0.6978151
<0x0A>,0.2732683
SELECT,0.018024001
▁CREATE,0.006132357
▁Select,0.0017707297
▁WHERE,0.00042058516
Select,0.0003432716
▁select,0.00024341604
<0x09>,0.00020022855
▁COUNT,0.00018957259
