Token,Probability
▁SELECT,0.79744434
<0x0A>,0.16456193
SELECT,0.026447512
▁CREATE,0.006899245
▁Select,0.001976667
▁WHERE,0.0006219859
Select,0.00038619977
<0x09>,0.00019419343
▁select,0.00018242786
▁UPDATE,0.00014773458
