Token,Probability
▁SELECT,0.93058234
SELECT,0.032853577
<0x0A>,0.031842776
▁CREATE,0.0022010521
▁Select,0.0013350057
Select,0.0003121756
▁select,0.00015697174
select,7.18669e-05
<0x09>,6.543556e-05
1,6.292877e-05
