Token,Probability
▁SELECT,0.71567637
<0x0A>,0.24733114
SELECT,0.030957123
▁CREATE,0.0026630661
▁Select,0.0011453704
1,0.00029415544
Select,0.0002918663
▁select,0.0002699322
2,0.00022378167
▁WHERE,0.00013053068
