Token,Probability
▁SELECT,0.6622253
<0x0A>,0.28040385
▁CREATE,0.031955868
SELECT,0.021622421
▁Select,0.000700503
▁WHERE,0.0004777015
<0x09>,0.0003440755
▁UPDATE,0.0003334894
CREATE,0.00028748583
▁SQL,0.00017850402
