Token,Probability
▁SELECT,0.81350964
<0x0A>,0.12871593
SELECT,0.04178794
▁CREATE,0.009925505
▁Select,0.001570443
1,0.0008740832
2,0.00075941667
Select,0.00038485363
▁WHERE,0.00021757651
CREATE,0.00020122537
