Token,Probability
▁SELECT,0.86491567
<0x0A>,0.095536366
SELECT,0.031504553
▁CREATE,0.0047564763
▁Select,0.0016959738
Select,0.00028122
▁WHERE,0.00023132528
▁select,0.00015530444
<0x09>,0.0001287519
▁UPDATE,7.568934e-05
