Token,Probability
▁SELECT,0.6307081
<0x0A>,0.32720706
SELECT,0.029963145
▁CREATE,0.008584585
▁Select,0.0008977673
▁WHERE,0.00033810228
Select,0.00024930097
▁select,0.00022347194
<0x09>,0.00020993248
▁SQL,0.00018965817
