Token,Probability
▁SELECT,0.88927215
<0x0A>,0.08943645
SELECT,0.012684785
▁CREATE,0.006086227
▁Select,0.0009188828
▁WHERE,0.00035426085
▁select,0.00014091523
Select,0.00013032528
<0x09>,0.00012435726
▁UPDATE,0.00011234742
