Token,Probability
▁SELECT,0.7794077
<0x0A>,0.17390937
SELECT,0.030696824
▁CREATE,0.010444069
▁Select,0.0018291414
▁WHERE,0.00046610666
Select,0.0003601793
▁select,0.00028716
<0x09>,0.00027615906
▁SQL,0.0002534178
