Token,Probability
▁SELECT,0.65135425
<0x0A>,0.3125232
SELECT,0.024864191
▁CREATE,0.007235893
▁Select,0.0010671496
▁WHERE,0.000589336
Select,0.00031055824
▁SQL,0.00020849895
▁select,0.00018689723
<0x09>,0.0001783386
