Token,Probability
▁SELECT,0.6247035
<0x0A>,0.3396454
SELECT,0.02460383
▁CREATE,0.0077419393
▁Select,0.0010076185
▁WHERE,0.00037068213
Select,0.000262853
<0x09>,0.00019533577
▁select,0.00016193904
▁SQL,0.00013960018
