Token,Probability
▁SELECT,0.858235
<0x0A>,0.10575531
SELECT,0.0205016
▁CREATE,0.011865417
▁Select,0.0015322741
▁WHERE,0.0003040891
<0x09>,0.0002768763
Select,0.00020899717
▁select,0.00018443936
▁SQL,0.00013922213
