Token,Probability
▁SELECT,0.6954536
<0x0A>,0.27234355
SELECT,0.020039178
▁CREATE,0.007372002
▁Select,0.0020631868
▁WHERE,0.0005135678
<0x09>,0.00042910196
Select,0.00027922197
▁select,0.0001774843
▁UPDATE,0.00013930902
