Token,Probability
<0x0A>,0.5771019
▁SELECT,0.40922648
SELECT,0.0073790415
▁CREATE,0.004337915
▁Select,0.0006397558
<0x09>,0.00017353843
▁select,0.00015195532
▁WHERE,0.00012696342
Select,9.4351206e-05
</s>,7.581333e-05
