Token,Probability
▁SELECT,0.7118401
<0x0A>,0.24987939
SELECT,0.022527307
▁CREATE,0.012247886
▁Select,0.0008205572
▁WHERE,0.00032385509
▁select,0.00020746935
Select,0.00020266333
<0x09>,0.00017199814
CREATE,0.00016031989
