Token,Probability
▁SELECT,0.73678344
<0x0A>,0.17500141
▁CREATE,0.042221054
SELECT,0.028568193
▁Select,0.0036037737
2,0.002678097
1,0.0010569834
▁WHERE,0.0009111767
CREATE,0.00076131657
<0x09>,0.00061173504
