Token,Probability
▁SELECT,0.37830237
<0x0A>,0.12475088
1,0.1209127
2,0.08709015
3,0.07220027
SELECT,0.067825876
4,0.044481292
6,0.02307659
5,0.022366598
9,0.016621446
