Token,Probability
▁SELECT,0.76876014
<0x0A>,0.19135955
SELECT,0.027140554
▁CREATE,0.008950005
▁Select,0.0016816561
Select,0.00034975112
▁WHERE,0.0002681635
▁select,0.00022581631
<0x09>,0.000118996824
▁SQL,0.00010750468
