Token,Probability
▁SELECT,0.71536046
<0x0A>,0.24722198
SELECT,0.024098787
▁CREATE,0.01036476
▁Select,0.00088468305
▁WHERE,0.00028497935
Select,0.0002399767
<0x09>,0.00018399653
▁select,0.00015135141
▁UPDATE,0.00015135141
