Token,Probability
▁SELECT,0.7111775
<0x0A>,0.25757143
SELECT,0.021813894
▁CREATE,0.005963587
▁Select,0.0011743
▁WHERE,0.0003609502
Select,0.00029690948
▁SQL,0.00025595198
▁select,0.00019169918
<0x09>,0.00016269299
