Token,Probability
▁SELECT,0.5772073
<0x0A>,0.37267306
▁CREATE,0.027853303
SELECT,0.01743015
▁Select,0.0014532852
<0x09>,0.000367448
CREATE,0.00033983384
▁select,0.00028616877
▁UN,0.00023724226
▁ORDER,0.0002211341
