Token,Probability
▁SELECT,0.8347006
<0x0A>,0.124067165
SELECT,0.036674183
▁CREATE,0.0021683099
▁Select,0.00051905814
▁AV,0.00033252107
▁select,0.00030040776
Select,0.00024138443
1,0.00013540439
select,9.984094e-05
