Token,Probability
▁SELECT,0.5746773
<0x0A>,0.38884613
SELECT,0.019664375
▁CREATE,0.012896213
▁Select,0.0010340634
▁WHERE,0.0007744778
Select,0.0002635028
CREATE,0.00017553069
<0x09>,0.00016880623
▁select,0.00015369982
