Token,Probability
▁SELECT,0.81165314
<0x0A>,0.124471046
SELECT,0.04651143
▁CREATE,0.0123243015
▁Select,0.0017479578
▁select,0.00031832673
Select,0.0003158495
CREATE,0.00026597193
▁SQL,0.00026184844
▁WHERE,0.00023841573
