Token,Probability
▁SELECT,0.73655486
<0x0A>,0.23176727
SELECT,0.018729668
▁CREATE,0.007450147
▁WHERE,0.0007913984
▁Select,0.00072622806
▁EN,0.00038269526
▁SQL,0.0002911392
<0x09>,0.0002609755
▁UPDATE,0.00024708663
