Token,Probability
▁SELECT,0.7570443
<0x0A>,0.20696439
SELECT,0.022860758
▁CREATE,0.0093820365
▁Select,0.0013306557
▁WHERE,0.0004422452
<0x09>,0.00022237489
Select,0.0002105403
▁select,0.00015524268
▁UPDATE,0.000143576
