Token,Probability
▁SELECT,0.7022977
<0x0A>,0.25435537
SELECT,0.028095445
▁CREATE,0.010663827
▁Select,0.0011687325
▁UPDATE,0.00044708
▁WHERE,0.00037647915
Select,0.00032965618
<0x09>,0.0002690575
▁SQL,0.00021619377
