Token,Probability
▁SELECT,0.66773516
<0x0A>,0.30097184
SELECT,0.015703626
▁CREATE,0.012618218
▁Select,0.0009960869
▁WHERE,0.00024601608
Select,0.00020079246
▁select,0.0001799892
▁SQL,0.00017719873
<0x09>,0.00015275486
