Token,Probability
▁SELECT,0.78698546
<0x0A>,0.15256408
SELECT,0.04953031
▁CREATE,0.0071355174
▁Select,0.0011924647
Select,0.00031351272
▁select,0.00030150227
▁WHERE,0.00020721927
▁SQL,0.00019314962
2,0.00015160487
