Token,Probability
▁SELECT,0.86240065
<0x0A>,0.08538923
SELECT,0.044996962
▁CREATE,0.0029447752
▁Select,0.0013801884
Select,0.00042093368
▁select,0.00037438612
▁WHERE,0.00020675565
▁COUNT,0.00020675565
▁SQL,0.00017275084
