Token,Probability
▁SELECT,0.80624366
<0x0A>,0.15148869
SELECT,0.02472985
▁CREATE,0.013236934
▁Select,0.0014282479
▁WHERE,0.0007409653
<0x09>,0.00041564388
▁select,0.00025807915
Select,0.00022598165
CREATE,0.00013078813
