Token,Probability
▁SELECT,0.77690136
<0x0A>,0.18166938
SELECT,0.029656708
▁CREATE,0.0053171553
▁Select,0.0021316065
▁WHERE,0.0012828234
Select,0.00045384516
2,0.00031192292
<0x09>,0.00027312886
▁select,0.00026472556
