Token,Probability
▁SELECT,0.49239168
<0x0A>,0.47724235
SELECT,0.015827905
▁CREATE,0.0117623
▁Select,0.00067931996
▁WHERE,0.00035519066
Select,0.00016517901
CREATE,0.00015885111
▁UPDATE,0.00015638834
▁SQL,0.00015517132
