Token,Probability
▁SELECT,0.5576429
<0x0A>,0.39542797
SELECT,0.026909212
▁CREATE,0.0150947
▁Select,0.001084947
▁WHERE,0.0004890239
<0x09>,0.00036058362
Select,0.00029429983
CREATE,0.00027646907
▁select,0.00023463626
