Token,Probability
▁SELECT,0.59366786
<0x0A>,0.36007777
SELECT,0.03455561
▁CREATE,0.0075908606
▁Select,0.0015064524
Select,0.0003182462
▁WHERE,0.00028976647
<0x09>,0.00018855462
1,0.00017168095
2,0.00015631727
