Token,Probability
▁SELECT,0.6903432
<0x0A>,0.25796244
SELECT,0.04277436
▁CREATE,0.0035664255
▁Select,0.0025289746
Select,0.00070777885
1,0.00027717015
▁select,0.0001789545
2,0.00017756189
<0x09>,0.00012990704
