Token,Probability
<0x0A>,0.6122396
▁SELECT,0.36558494
SELECT,0.013526134
▁CREATE,0.006389294
▁Select,0.00043141327
▁WHERE,0.0002556039
<0x09>,0.00016247171
Select,0.000142265
▁select,0.00010489962
▁UPDATE,0.00010489962
