Token,Probability
▁SELECT,0.72924644
<0x0A>,0.23308118
SELECT,0.021012904
▁CREATE,0.012161336
▁Select,0.0009089291
▁WHERE,0.0007246614
▁UPDATE,0.0002927897
<0x09>,0.00023343229
▁SQL,0.0002316157
Select,0.0002175828
