Token,Probability
▁SELECT,0.6505652
<0x0A>,0.2978505
SELECT,0.039069477
▁CREATE,0.0063779172
▁Select,0.0019604107
Select,0.00055729615
▁select,0.0003712393
1,0.00032761754
2,0.0003175378
<0x09>,0.00031261484
