Token,Probability
▁SELECT,0.59884316
<0x0A>,0.28732806
SELECT,0.065121174
2,0.013333934
▁CREATE,0.010064982
▁high,0.004608084
▁Select,0.004501338
1,0.003880396
3,0.00092890364
Select,0.0008391945
