Token,Probability
▁SELECT,0.5297752
<0x0A>,0.43238991
SELECT,0.028077057
▁CREATE,0.0050339387
▁Select,0.0014535594
Select,0.000397381
2,0.00032944043
<0x09>,0.00029762462
▁select,0.00028399538
▁WHERE,0.00022642089
