Token,Probability
<0x0A>,0.53418684
▁SELECT,0.41602513
SELECT,0.022048526
2,0.008500463
▁CREATE,0.008238932
▁Select,0.0023604934
1,0.0013035883
▁WHERE,0.0012056221
Select,0.0005266973
▁UPDATE,0.0004833246
