Token,Probability
▁SELECT,0.8153285
<0x0A>,0.12700368
SELECT,0.051314127
▁Select,0.0017835238
▁CREATE,0.00096213893
1,0.00072626054
2,0.0006930027
Select,0.00040107916
▁SUM,0.00038271246
▁select,0.00030992998
