Token,Probability
▁SELECT,0.90530103
<0x0A>,0.064563066
SELECT,0.02489128
▁CREATE,0.0019044724
▁Select,0.0014152838
Select,0.00042494526
▁select,0.0003387959
select,0.00011800303
1,0.00010913496
▁SQL,8.566101e-05
