Token,Probability
▁SELECT,0.7381022
<0x0A>,0.21818258
SELECT,0.026058195
▁CREATE,0.013309223
▁Select,0.00096411695
▁WHERE,0.00041143456
<0x09>,0.00030575224
Select,0.00026982537
▁SQL,0.00026982537
▁UPDATE,0.00024954768
