Token,Probability
▁SELECT,0.7950519
<0x0A>,0.14938582
SELECT,0.046277564
▁CREATE,0.003858515
▁Select,0.0013974614
▁SUM,0.0008024945
1,0.00055587175
2,0.00042620167
▁select,0.0003397976
Select,0.00026880202
