Token,Probability
▁SELECT,0.76254964
<0x0A>,0.18981363
SELECT,0.031474184
▁CREATE,0.0125195645
▁Select,0.0017618334
Select,0.00032846257
▁WHERE,0.00024409266
▁select,0.00017040414
CREATE,0.00013692357
▁SQL,0.000103355334
