Token,Probability
▁SELECT,0.6462042
<0x0A>,0.31493476
SELECT,0.029754803
▁CREATE,0.0062369453
▁Select,0.00083099253
▁WHERE,0.00028273094
Select,0.00025146612
<0x09>,0.00017418548
▁select,0.00015984158
▁SQL,0.00014328107
