Token,Probability
<0x0A>,0.502674
▁SELECT,0.46489742
SELECT,0.016671354
▁CREATE,0.01182176
▁Select,0.0008235585
▁WHERE,0.00076166715
<0x09>,0.0002571275
▁UPDATE,0.00022869394
Select,0.0001971465
▁SQL,0.00015595573
