Token,Probability
▁SELECT,0.57952577
<0x0A>,0.3921268
SELECT,0.014968683
▁CREATE,0.0098167015
▁Select,0.0009059897
▁WHERE,0.00040203054
<0x09>,0.00022029455
Select,0.00017979916
▁UPDATE,0.00015991669
▁SQL,0.00015499657
