Token,Probability
<0x0A>,0.55286163
▁SELECT,0.41732186
SELECT,0.01862459
▁CREATE,0.005860488
▁Select,0.0014474384
Select,0.00038957276
<0x09>,0.00032296713
▁WHERE,0.00032296713
2,0.0003204538
1,0.00030339952
