Token,Probability
▁SELECT,0.50341475
<0x0A>,0.43737432
▁CREATE,0.032689027
SELECT,0.018336881
▁Select,0.0013077254
▁WHERE,0.0009871231
2,0.00065244845
CREATE,0.0006177258
1,0.0004449312
<0x09>,0.00035196956
