Token,Probability
▁SELECT,0.9057937
<0x0A>,0.051906113
SELECT,0.029116692
▁CREATE,0.0070247287
▁Select,0.002838247
▁SUM,0.00080056436
Select,0.0004153273
▁SQL,0.00019465998
▁WHERE,0.00018430037
▁select,0.00016392015
