Token,Probability
▁SELECT,0.84229904
<0x0A>,0.12325558
SELECT,0.017481359
▁CREATE,0.013614496
▁Select,0.0010017616
▁WHERE,0.0005889053
<0x09>,0.00024549227
▁UPDATE,0.00021496021
Select,0.00015850172
▁select,0.00015242961
