Token,Probability
▁SELECT,0.80551445
<0x0A>,0.15135168
SELECT,0.023576044
▁CREATE,0.014077899
▁Select,0.0019966708
▁WHERE,0.00061853975
<0x09>,0.00043181033
Select,0.00027447531
▁select,0.00020397274
▁UPDATE,0.00019463216
