Token,Probability
<0x0A>,0.5031723
▁SELECT,0.4653583
SELECT,0.01832805
▁CREATE,0.0099647865
▁Select,0.0006174283
▁WHERE,0.00051588065
<0x09>,0.0001927705
Select,0.0001636022
▁SQL,0.00013993638
CREATE,0.00013669475
