Token,Probability
▁SELECT,0.7607415
<0x0A>,0.20475079
SELECT,0.018172666
▁CREATE,0.011195854
▁Select,0.0017035786
▁WHERE,0.00047677697
▁UPDATE,0.00043751515
Select,0.00038913405
<0x09>,0.00028469655
▁select,0.00021999644
