Token,Probability
▁SELECT,0.7591522
<0x0A>,0.20754065
SELECT,0.022569
▁CREATE,0.0076787155
▁Select,0.0013136733
<0x09>,0.00026070644
Select,0.00024111404
▁WHERE,0.00024111404
▁select,0.00015936665
▁UPDATE,0.00013846013
