Token,Probability
▁SELECT,0.7221801
<0x0A>,0.23082264
▁CREATE,0.023580015
SELECT,0.016461505
▁Select,0.003068955
Select,0.0004057166
▁WHERE,0.00040255924
▁SQL,0.00036940916
<0x09>,0.0003470278
CREATE,0.00020241953
