Token,Probability
▁SELECT,0.81136763
<0x0A>,0.15245146
SELECT,0.030972391
▁CREATE,0.0022789647
▁Select,0.0010515694
▁COUNT,0.00022564805
1,0.00022042093
▁select,0.00020226963
Select,0.0001870688
2,0.00012957877
