Token,Probability
▁SELECT,0.61271054
<0x0A>,0.35460967
SELECT,0.020965802
▁CREATE,0.00833962
▁Select,0.0010685795
▁WHERE,0.00030855433
Select,0.00024793035
▁UPDATE,0.00023657682
<0x09>,0.00019460278
▁select,0.00016515722
