Token,Probability
▁SELECT,0.72704273
<0x0A>,0.24736384
SELECT,0.016572343
▁CREATE,0.006002105
▁Select,0.001172687
▁WHERE,0.0003604544
▁select,0.00019597566
Select,0.0001870013
▁COUNT,0.00015624543
<0x09>,0.000152626
