Token,Probability
▁SELECT,0.63645333
<0x0A>,0.31506723
SELECT,0.040056303
▁CREATE,0.0053369864
▁Select,0.00080576434
▁WHERE,0.0002515719
Select,0.00024005158
▁select,0.0002135063
<0x09>,0.00019592438
▁SQL,0.00014222585
