Token,Probability
▁SELECT,0.76044625
<0x0A>,0.17782155
SELECT,0.044960324
▁CREATE,0.0066827554
▁Select,0.0026582167
1,0.0015626849
2,0.0013576841
Select,0.00082993566
3,0.00036828173
▁select,0.0003199687
