Token,Probability
▁SELECT,0.48256463
<0x0A>,0.43938008
SELECT,0.0448855
▁CREATE,0.014346268
2,0.0036844262
▁Select,0.0030784535
▁WHERE,0.001852646
1,0.0014204729
▁VARCHAR,0.00061572937
▁FROM,0.0005391507
