Token,Probability
▁SELECT,0.6750102
<0x0A>,0.2261001
SELECT,0.08581792
▁CREATE,0.00325044
▁Select,0.0024155218
1,0.0013871174
2,0.0012434041
Select,0.0012146006
select,0.0002586034
<0x09>,0.00025659095
