Token,Probability
▁SELECT,0.81199276
<0x0A>,0.13049911
SELECT,0.0458095
▁CREATE,0.0035324492
▁Select,0.0030931158
1,0.00082602224
Select,0.0007521018
2,0.0005811792
▁select,0.00042853472
3,0.00024801685
