Token,Probability
<0x0A>,0.7141307
▁SELECT,0.258641
SELECT,0.013285737
▁CREATE,0.010509883
▁Select,0.00055266876
▁WHERE,0.00043719698
<0x09>,0.00023038662
▁UPDATE,0.00020651723
Select,0.00019706012
▁SQL,0.00015958415
