Token,Probability
▁SELECT,0.81179976
<0x0A>,0.11879255
SELECT,0.054387193
▁CREATE,0.009304553
▁Select,0.0023342515
Select,0.0005208419
▁select,0.00039315206
▁WHERE,0.00035796905
1,0.00025985768
CREATE,0.0002171192
