Token,Probability
▁SELECT,0.49942613
<0x0A>,0.46189365
SELECT,0.024099948
▁CREATE,0.011384009
▁WHERE,0.00067306374
▁Select,0.00050805515
CREATE,0.00017834411
Select,0.00017285705
<0x09>,0.00014556023
▁select,0.00011696093
