Token,Probability
▁SELECT,0.76478547
<0x0A>,0.20264798
SELECT,0.022736473
▁CREATE,0.005931163
▁Select,0.0012727218
▁UPDATE,0.00037621587
▁WHERE,0.0003479428
Select,0.0003118939
<0x09>,0.00020454502
▁SQL,0.00017224418
