Token,Probability
▁SELECT,0.5739319
<0x0A>,0.38834175
SELECT,0.025216809
▁CREATE,0.008851932
▁Select,0.0008561568
▁WHERE,0.00042382834
Select,0.00023043147
<0x09>,0.00021816813
▁SQL,0.00021647033
▁select,0.00019404276
