Token,Probability
▁SELECT,0.77166265
<0x0A>,0.19208203
SELECT,0.028550446
▁CREATE,0.005199422
▁Select,0.0009468851
Select,0.00026500275
▁select,0.00015824038
▁WHERE,0.00014865308
<0x09>,8.876481e-05
CREATE,8.738864e-05
