Token,Probability
<0x0A>,0.48716336
▁SELECT,0.4796106
SELECT,0.016932325
▁CREATE,0.011637405
▁WHERE,0.0010168651
▁Select,0.00078577246
<0x09>,0.00027583208
▁SQL,0.0002472543
▁UPDATE,0.00022512759
Select,0.00018089508
