Token,Probability
▁SELECT,0.80470276
<0x0A>,0.15845536
SELECT,0.022125328
▁CREATE,0.010783023
▁Select,0.0013287292
▁WHERE,0.00043475852
Select,0.00022379452
▁select,0.00022032489
<0x09>,0.00021354621
▁SQL,0.00019904695
