Token,Probability
▁SELECT,0.61083835
<0x0A>,0.33210707
▁CREATE,0.030890768
SELECT,0.019944578
▁Select,0.0011791955
▁WHERE,0.0009929822
CREATE,0.00041071523
▁UPDATE,0.000335216
Select,0.00029814732
<0x09>,0.0002610665
