Token,Probability
▁SELECT,0.6180892
<0x0A>,0.34671658
SELECT,0.016471518
▁CREATE,0.01547356
▁Select,0.0008329829
▁WHERE,0.0003472389
Select,0.00020897205
<0x09>,0.00017189572
▁select,0.00016791376
▁UPDATE,0.00015651283
