Token,Probability
▁SELECT,0.82052654
<0x0A>,0.14037554
▁CREATE,0.020223014
SELECT,0.014340265
▁Select,0.0011320257
▁WHERE,0.0009167424
<0x09>,0.00041644904
▁UPDATE,0.0002585791
Select,0.00021436956
▁SQL,0.0001819331
