Token,Probability
<0x0A>,0.559982
▁SELECT,0.39708668
▁CREATE,0.021044824
SELECT,0.016135626
▁WHERE,0.0011153348
▁Select,0.0010642599
CREATE,0.00027546825
<0x09>,0.00024886485
Select,0.00021962244
▁UPDATE,0.00019533625
