Token,Probability
▁SELECT,0.8733212
<0x0A>,0.08251073
▁CREATE,0.031810723
SELECT,0.00804301
▁Select,0.0021988368
<0x09>,0.00042960714
▁WHERE,0.00039732165
▁UPDATE,0.00023357336
▁select,0.00011206972
Select,0.00010284095
