Token,Probability
▁SELECT,0.8157973
<0x0A>,0.15090734
SELECT,0.020744704
▁CREATE,0.0078738015
▁Select,0.0014794434
▁WHERE,0.0004655275
Select,0.00033010845
<0x09>,0.0002845713
▁UPDATE,0.0002377682
▁SQL,0.00021480565
