Token,Probability
▁SELECT,0.8448201
<0x0A>,0.09933507
SELECT,0.028459972
▁CREATE,0.023594148
▁Select,0.0015201533
Select,0.00027684047
▁WHERE,0.0002662349
▁select,0.00021899884
<0x09>,0.00020254082
CREATE,0.00017735067
