Token,Probability
▁SELECT,0.66813093
<0x0A>,0.29188478
SELECT,0.032748565
▁CREATE,0.0040354147
▁Select,0.0012797588
Select,0.00029925676
▁select,0.00026616442
1,0.0001815084
▁WHERE,0.00015047575
2,0.0001338359
