Token,Probability
▁SELECT,0.8076856
<0x0A>,0.1238626
SELECT,0.061316434
▁Select,0.0023406364
▁CREATE,0.0023224216
Select,0.00044324185
▁select,0.0003881156
1,0.00023540399
2,0.00017088497
select,0.00015559254
