Token,Probability
▁SELECT,0.7680468
<0x0A>,0.19419265
SELECT,0.03072574
▁CREATE,0.0027270643
▁Select,0.0015297445
Select,0.00046654567
▁select,0.0003807835
1,0.0003807835
2,0.00031078642
<0x09>,0.00015265316
