Token,Probability
<0x0A>,0.5104392
▁SELECT,0.45046103
SELECT,0.021068344
▁CREATE,0.012778597
▁Select,0.0009931079
▁WHERE,0.0008297728
Select,0.00026314743
CREATE,0.00023041958
<0x09>,0.00021477467
▁SQL,0.00020654677
