Token,Probability
▁SELECT,0.74264693
<0x0A>,0.2062256
SELECT,0.038147904
▁CREATE,0.0055822716
▁Select,0.0021187912
1,0.0010008462
2,0.0009550141
▁select,0.00040437837
Select,0.00037692214
3,0.0002651978
