Token,Probability
▁SELECT,0.727357
<0x0A>,0.22183134
▁CREATE,0.029097943
SELECT,0.01792672
▁Select,0.00087868166
▁WHERE,0.0007115782
CREATE,0.00026798277
Select,0.00022216552
▁select,0.000202284
▁UPDATE,0.00016253976
