Token,Probability
▁SELECT,0.7412426
<0x0A>,0.21571387
SELECT,0.033601742
▁CREATE,0.006413005
▁Select,0.00075996376
▁select,0.00025060945
Select,0.00022464484
▁WHERE,0.00019980327
<0x09>,0.00015682737
CREATE,0.00012024371
