Token,Probability
▁SELECT,0.6694704
<0x0A>,0.28793567
▁CREATE,0.02085799
SELECT,0.017291881
▁Select,0.0021984158
▁WHERE,0.00038804347
<0x09>,0.000275164
Select,0.00022811897
CREATE,0.0002077047
▁UPDATE,0.00015435301
