Token,Probability
▁SELECT,0.7947672
<0x0A>,0.16659226
SELECT,0.026358724
▁CREATE,0.00829414
▁Select,0.0014754849
Select,0.00029976296
▁WHERE,0.0002624812
▁SQL,0.00023528666
▁select,0.00023163886
<0x09>,0.00020442058
