Token,Probability
▁SELECT,0.8704796
<0x0A>,0.08754643
SELECT,0.033228878
▁CREATE,0.0050168103
▁Select,0.001889348
Select,0.00045940152
▁select,0.00025972206
<0x09>,0.00013265305
▁WHERE,0.00012559337
▁SQL,9.8579374e-05
