Token,Probability
▁SELECT,0.65328145
<0x0A>,0.29445702
SELECT,0.026134547
▁CREATE,0.020674126
▁Select,0.0009226623
▁WHERE,0.00079538464
<0x09>,0.00038162968
▁SQL,0.00029721353
CREATE,0.00028582744
▁UPDATE,0.0002483312
