Token,Probability
▁SELECT,0.7385386
<0x0A>,0.19265932
SELECT,0.028636249
▁CREATE,0.028192285
▁Select,0.0039673997
▁WHERE,0.0013393351
Select,0.0004247459
<0x09>,0.00039901186
2,0.00036902566
CREATE,0.00032312964
