Token,Probability
▁SELECT,0.8214044
<0x0A>,0.1362022
▁CREATE,0.021550316
SELECT,0.01576655
▁Select,0.0016360186
▁WHERE,0.00066101126
▁UPDATE,0.00038256394
Select,0.00027127843
<0x09>,0.00026088595
▁SQL,0.00018212774
