Token,Probability
▁SELECT,0.7592565
<0x0A>,0.20118295
SELECT,0.029439569
▁CREATE,0.006268046
▁Select,0.0017405734
▁MAX,0.00038837444
Select,0.00034542737
<0x09>,0.00023190897
▁select,0.00017642704
▁WHERE,9.081685e-05
