Token,Probability
▁SELECT,0.8133462
<0x0A>,0.13914713
SELECT,0.027399693
▁CREATE,0.015857728
▁Select,0.0013430014
▁WHERE,0.0003614639
Select,0.00027072395
<0x09>,0.00022443804
▁SQL,0.00020118494
▁select,0.00018034103
