Token,Probability
▁SELECT,0.7254039
<0x0A>,0.22471964
SELECT,0.032883752
▁CREATE,0.013286237
▁Select,0.00077941717
▁WHERE,0.00038886565
▁select,0.00026518333
CREATE,0.00021475201
Select,0.00018657978
<0x09>,0.00016465607
