Token,Probability
▁SELECT,0.62570965
<0x0A>,0.33491826
SELECT,0.022791473
▁CREATE,0.013190693
▁Select,0.00080463744
▁WHERE,0.0004273397
Select,0.00023785037
▁UPDATE,0.00023053249
<0x09>,0.0002034442
CREATE,0.00015237265
