Token,Probability
▁SELECT,0.72911114
<0x0A>,0.23303792
SELECT,0.024562014
▁CREATE,0.0041369186
1,0.0018646551
2,0.0015579778
▁Select,0.0007533888
▁WHERE,0.00038781133
3,0.00030919013
▁select,0.00028372882
