Token,Probability
▁SELECT,0.5434835
<0x0A>,0.41670325
SELECT,0.027484559
▁CREATE,0.007874458
▁Select,0.0012459202
▁WHERE,0.00066170323
Select,0.00039822
<0x09>,0.00021650844
▁SQL,0.00020180806
▁select,0.00014310335
