Token,Probability
▁SELECT,0.60400033
<0x0A>,0.344149
SELECT,0.02378844
▁CREATE,0.019721309
▁Select,0.0015446922
▁WHERE,0.0012706292
▁SQL,0.00060491025
▁UPDATE,0.0005908975
CREATE,0.00047479945
Select,0.0003473707
