Token,Probability
▁SELECT,0.8677331
<0x0A>,0.10526797
▁CREATE,0.012770454
SELECT,0.01042294
▁Select,0.0018981586
▁WHERE,0.0003679748
<0x09>,0.00023027275
▁select,0.0002080341
Select,0.00017655625
▁SQL,0.00012519711
