Token,Probability
▁SELECT,0.6934819
<0x0A>,0.24726862
SELECT,0.051830314
▁CREATE,0.0027901635
▁Select,0.0012975466
Select,0.0005451402
1,0.00048485774
2,0.00044842006
▁AV,0.00040829112
▁select,0.00022903056
