Token,Probability
▁SELECT,0.60107666
<0x0A>,0.36457142
SELECT,0.020567711
▁CREATE,0.009715499
▁Select,0.0011158986
▁WHERE,0.0005108957
Select,0.0002799477
▁SQL,0.00023758852
<0x09>,0.00023027869
▁UPDATE,0.0001969678
