Token,Probability
▁SELECT,0.7685814
<0x0A>,0.19131505
SELECT,0.025095072
▁CREATE,0.0114893615
▁Select,0.0009883647
▁WHERE,0.0003810485
Select,0.00024410886
<0x09>,0.0002347572
▁UPDATE,0.00020079846
▁select,0.00017720403
