Token,Probability
▁SELECT,0.695609
<0x0A>,0.26818115
SELECT,0.024944734
▁CREATE,0.007727518
▁Select,0.0009747982
▁WHERE,0.00030197838
<0x09>,0.00029040978
Select,0.00025429128
▁UPDATE,0.00022617137
▁select,0.00017341161
