Token,Probability
▁SELECT,0.7705324
<0x0A>,0.16926351
SELECT,0.028066643
▁CREATE,0.0259574
▁Select,0.0014874776
▁WHERE,0.0008214632
▁SQL,0.0004295119
CREATE,0.00036738103
<0x09>,0.00035330688
▁select,0.00024472852
