Token,Probability
▁SELECT,0.83700335
<0x0A>,0.099965796
SELECT,0.029549832
2,0.007953229
1,0.0071292287
3,0.003367609
▁CREATE,0.002278638
▁Select,0.0020108914
4,0.0019797152
5,0.0016670875
