Token,Probability
▁SELECT,0.7663247
<0x0A>,0.20305584
SELECT,0.01830604
▁CREATE,0.008921651
▁Select,0.0009777937
▁WHERE,0.00044418286
▁UPDATE,0.0002359037
Select,0.00019865086
<0x09>,0.00016468733
▁select,0.00014994953
