Token,Probability
▁SELECT,0.73419493
<0x0A>,0.22744298
SELECT,0.023600658
▁CREATE,0.010637649
▁Select,0.0010867043
▁WHERE,0.0005421769
Select,0.00028348377
▁UPDATE,0.00024629495
<0x09>,0.00022601294
▁SQL,0.0002041857
