Token,Probability
▁SELECT,0.67802763
<0x0A>,0.28709498
SELECT,0.02508608
▁CREATE,0.0065440945
▁Select,0.0009803218
▁COUNT,0.00029205534
Select,0.00024023817
▁WHERE,0.00021703712
<0x09>,0.00017714051
▁select,0.00016511312
