Token,Probability
▁SELECT,0.6229795
<0x0A>,0.33870807
SELECT,0.02378104
▁CREATE,0.011233368
▁Select,0.00078256853
▁WHERE,0.00034187883
Select,0.00022073356
▁UPDATE,0.00018733414
<0x09>,0.0001858763
▁select,0.00016792525
