Token,Probability
▁SELECT,0.8383483
<0x0A>,0.10493161
SELECT,0.048041187
▁CREATE,0.0024677545
▁Select,0.0020458405
1,0.00062883977
▁select,0.00048974087
Select,0.00046367734
2,0.0004459142
▁COUNT,0.0002580753
