Token,Probability
▁SELECT,0.6773639
<0x0A>,0.28236726
▁CREATE,0.018917428
SELECT,0.013414464
▁Select,0.001993882
▁WHERE,0.0011630211
<0x09>,0.0005283262
▁UPDATE,0.0003306181
▁select,0.0002850106
▁SQL,0.0002850106
