Token,Probability
▁SELECT,0.6844082
<0x0A>,0.2765259
SELECT,0.020667337
▁CREATE,0.014428128
▁Select,0.0011936217
▁WHERE,0.0004029489
Select,0.0002601634
▁select,0.00022959338
<0x09>,0.00021400457
▁UPDATE,0.00019485338
