Token,Probability
▁SELECT,0.7117851
<0x0A>,0.24598636
SELECT,0.03381488
▁CREATE,0.0053502913
▁Select,0.0012708056
Select,0.0002902794
▁WHERE,0.00015059495
▁SQL,0.00014369871
▁select,0.00014258045
<0x09>,0.000107625354
