Token,Probability
▁SELECT,0.6397994
<0x0A>,0.30221987
SELECT,0.042863887
▁CREATE,0.008053887
▁Select,0.0028051785
Select,0.00088961166
▁select,0.00031228308
▁WHERE,0.00030504903
1,0.00028656705
<0x09>,0.00026920481
