Token,Probability
▁SELECT,0.67845774
<0x0A>,0.2575135
SELECT,0.042037923
▁CREATE,0.014302684
▁Select,0.0014841203
2,0.00075801444
1,0.0006138588
CREATE,0.00041535767
▁SQL,0.00036655183
▁WHERE,0.0003636993
