Token,Probability
▁SELECT,0.6873567
<0x0A>,0.2489441
SELECT,0.05218152
▁CREATE,0.0051666703
▁Select,0.0020075515
Select,0.00049583026
1,0.00046944266
2,0.00035435392
<0x09>,0.00026957825
▁select,0.00026333347
