Token,Probability
▁SELECT,0.6846091
<0x0A>,0.24032041
▁CREATE,0.035166647
SELECT,0.03152318
▁Select,0.0014975764
▁WHERE,0.0010786637
<0x09>,0.00064915133
CREATE,0.0006003668
▁SQL,0.00031390905
Select,0.00030663738
