Token,Probability
▁SELECT,0.69745827
<0x0A>,0.27312857
SELECT,0.013812412
▁CREATE,0.010926518
▁Select,0.0024380358
<0x09>,0.00047634167
▁WHERE,0.00025496734
▁select,0.00021808513
Select,0.00019396892
▁SQL,8.407931e-05
