Token,Probability
▁SELECT,0.57721
<0x0A>,0.3845048
▁CREATE,0.017983528
SELECT,0.016632043
▁Select,0.0007250742
▁WHERE,0.0005304756
<0x09>,0.00023910409
CREATE,0.00023910409
Select,0.00020612059
▁SQL,0.00018914689
