Token,Probability
▁SELECT,0.6648437
<0x0A>,0.29966855
▁CREATE,0.02498566
SELECT,0.0062194215
▁Select,0.0020832454
<0x09>,0.000742804
▁WHERE,0.00022477946
▁select,0.0001750584
▁UPDATE,0.00012807548
Select,9.819888e-05
