Token,Probability
▁SELECT,0.84646887
<0x0A>,0.11636112
SELECT,0.029884007
▁CREATE,0.0034593248
▁Select,0.00066540187
1,0.00056471926
▁AV,0.0003022724
▁select,0.00029527032
2,0.0002605751
Select,0.00025255806
