Token,Probability
▁SELECT,0.8537773
<0x0A>,0.09140456
SELECT,0.048166823
▁Select,0.0017272757
▁CREATE,0.0015974689
Select,0.00064543576
1,0.00039764144
2,0.00031211233
▁select,0.00030015552
▁M,0.00017371667
