Token,Probability
▁SELECT,0.8823033
<0x0A>,0.0770948
SELECT,0.033158064
▁CREATE,0.003605772
▁Select,0.0016508427
Select,0.00033538905
▁WHERE,0.0003077703
▁select,0.00024730037
<0x09>,0.00020342373
▁SQL,0.00010719677
