Token,Probability
▁SELECT,0.82727623
<0x0A>,0.14153028
SELECT,0.018276911
▁CREATE,0.009190209
▁Select,0.0012437594
▁WHERE,0.0004539928
<0x09>,0.00030242442
Select,0.00022828193
▁select,0.00017366774
▁UPDATE,0.00016832454
