Token,Probability
▁SELECT,0.5239499
<0x0A>,0.43436974
SELECT,0.021966556
▁CREATE,0.014182675
▁Select,0.0017476483
▁WHERE,0.00045235347
<0x09>,0.00029666067
Select,0.0002786869
CREATE,0.00027223112
▁SQL,0.00023651849
