Token,Probability
▁SELECT,0.51862925
<0x0A>,0.43672964
SELECT,0.027919192
▁CREATE,0.01182173
▁Select,0.0010995922
▁WHERE,0.0006774391
<0x09>,0.0004655966
Select,0.00027802042
▁SQL,0.00025712684
CREATE,0.00021822074
