Token,Probability
▁SELECT,0.9012495
<0x0A>,0.05005674
SELECT,0.044174917
▁CREATE,0.0016090713
▁Select,0.0013763115
Select,0.00029533193
▁select,0.00029303366
1,0.00012902096
<0x09>,9.8153985e-05
select,9.439376e-05
