Token,Probability
▁SELECT,0.7538063
<0x0A>,0.21596912
SELECT,0.017727826
▁CREATE,0.007866675
▁Select,0.0014781044
▁WHERE,0.0008826164
<0x09>,0.00030265035
Select,0.00023387007
▁select,0.00012518163
▁UPDATE,0.00012518163
