Token,Probability
▁SELECT,0.64050424
<0x0A>,0.3271376
SELECT,0.02124254
▁CREATE,0.0080627585
▁Select,0.0009117114
▁WHERE,0.0002802371
▁select,0.00024924803
Select,0.00024924803
<0x09>,0.00019563703
▁SQL,0.00013134448
