Token,Probability
▁SELECT,0.5344574
<0x0A>,0.42279062
SELECT,0.025390549
▁CREATE,0.009053279
▁Select,0.0022013362
2,0.0012156932
▁WHERE,0.0010157498
1,0.0003349587
Select,0.0002956
<0x09>,0.00029101715
