Token,Probability
▁SELECT,0.5781248
<0x0A>,0.3617813
SELECT,0.026207348
▁CREATE,0.017457858
▁Select,0.0019133437
▁WHERE,0.0017557829
2,0.0017285619
1,0.0013889386
▁UN,0.0010566488
<0x09>,0.0008557002
