Token,Probability
▁SELECT,0.7543522
<0x0A>,0.18777312
SELECT,0.026631892
▁CREATE,0.026219003
▁Select,0.0015261288
▁WHERE,0.00064620364
Select,0.00034319618
CREATE,0.00025905806
▁UPDATE,0.000253057
▁SQL,0.00024146868
