Token,Probability
▁SELECT,0.5046718
<0x0A>,0.4667451
SELECT,0.015479759
▁CREATE,0.008958997
2,0.0007646943
▁Select,0.00048228668
▁UPDATE,0.00034199245
▁WHERE,0.00033669034
<0x09>,0.0002090558
▁select,0.00017742334
