Token,Probability
▁SELECT,0.78966796
<0x0A>,0.11737366
SELECT,0.07231182
▁CREATE,0.011990475
▁Select,0.002235411
2,0.0011779788
1,0.0009465325
Select,0.0004910546
▁select,0.0003677829
▁WHERE,0.0003509409
