Token,Probability
▁SELECT,0.6204909
<0x0A>,0.33212486
SELECT,0.030413479
▁CREATE,0.012877877
▁Select,0.0005702522
▁WHERE,0.00044759607
▁select,0.00039500213
2,0.00030285868
▁UPDATE,0.00027575594
CREATE,0.00022331395
