Token,Probability
▁SELECT,0.6218501
<0x0A>,0.3328524
SELECT,0.02062387
▁CREATE,0.01907396
▁Select,0.0021400389
▁WHERE,0.0006083601
Select,0.0002941837
<0x09>,0.0002616524
CREATE,0.00022555845
▁SQL,0.00016119936
