Token,Probability
▁SELECT,0.84182024
<0x0A>,0.13319531
SELECT,0.016671347
▁CREATE,0.004851639
▁Select,0.0015029674
<0x09>,0.00034063848
▁WHERE,0.00029595185
Select,0.00025712742
▁select,0.00022165768
▁SQL,7.3094954e-05
