Token,Probability
▁SELECT,0.7025253
<0x0A>,0.25844464
SELECT,0.024417656
▁CREATE,0.010339085
▁Select,0.0008824916
▁WHERE,0.0005971237
Select,0.00025883396
<0x09>,0.00021966951
▁select,0.00021291099
▁SQL,0.00018211242
