Token,Probability
▁SELECT,0.5552222
<0x0A>,0.40620926
SELECT,0.026377028
▁CREATE,0.0070992806
▁Select,0.0008478882
▁WHERE,0.00057820947
<0x09>,0.0002884794
▁SQL,0.00027100137
Select,0.0002626635
2,0.00019367594
