Token,Probability
▁SELECT,0.67503595
<0x0A>,0.2770342
▁CREATE,0.024975393
SELECT,0.018560134
▁Select,0.0011321756
▁WHERE,0.0010148755
Select,0.00021439794
CREATE,0.00021439794
<0x09>,0.00015442504
▁select,0.00013734847
