Token,Probability
▁SELECT,0.8826458
<0x0A>,0.075929016
SELECT,0.035310276
▁CREATE,0.0015393519
▁Select,0.0013270042
1,0.00045149046
2,0.00044797696
Select,0.00043759952
▁select,0.00023240736
▁M,0.00020034767
