Token,Probability
▁SELECT,0.6518872
<0x0A>,0.31770444
SELECT,0.014859235
▁CREATE,0.0119397305
▁Select,0.0008448754
▁WHERE,0.00058067386
▁UPDATE,0.0002309761
<0x09>,0.00019756434
Select,0.00018705014
▁SQL,0.00018559453
