Token,Probability
▁SELECT,0.6443879
<0x0A>,0.31404957
▁CREATE,0.018567743
SELECT,0.017996475
▁Select,0.0011777589
▁WHERE,0.00077239313
<0x09>,0.00027756527
Select,0.00027756527
CREATE,0.00023191446
▁SQL,0.00020951727
