Token,Probability
▁SELECT,0.75370514
<0x0A>,0.20929636
SELECT,0.020085562
▁CREATE,0.0125692235
▁Select,0.0008894196
▁WHERE,0.00071466865
▁UPDATE,0.00028650518
<0x09>,0.00023567272
▁SQL,0.00021458245
Select,0.00020158156
