Token,Probability
▁SELECT,0.77588725
<0x0A>,0.19013935
SELECT,0.019729842
▁CREATE,0.009920786
▁Select,0.0021793076
Select,0.00033420764
▁WHERE,0.00031395903
<0x09>,0.00021747308
▁select,0.00019647053
1,8.1263745e-05
