Token,Probability
▁SELECT,0.8360753
<0x0A>,0.12821631
SELECT,0.028165383
▁CREATE,0.0046702786
▁Select,0.0010339705
▁select,0.00033306875
Select,0.00025939423
▁WHERE,0.00013884372
<0x09>,0.00011420973
▁COUNT,0.00010078974
