Token,Probability
▁SELECT,0.57580423
<0x0A>,0.38356835
SELECT,0.02735482
▁CREATE,0.00888081
▁Select,0.0010442174
▁WHERE,0.0004025817
<0x09>,0.00037524741
Select,0.00034704708
▁SQL,0.00023852177
▁select,0.0001564264
