Token,Probability
▁SELECT,0.8410417
<0x0A>,0.11743574
SELECT,0.024615867
▁CREATE,0.011996815
▁Select,0.0014328155
Select,0.00040099904
▁select,0.00035112648
▁WHERE,0.00032473894
▁SQL,0.0002629816
<0x09>,0.00021972932
