Token,Probability
▁SELECT,0.76348
<0x0A>,0.19303797
SELECT,0.020666456
▁CREATE,0.0096107945
2,0.0037343525
1,0.0023736986
▁Select,0.0017778182
▁WHERE,0.0005954946
▁SQL,0.000409277
<0x09>,0.00038148812
