Token,Probability
▁SELECT,0.7126201
<0x0A>,0.24245678
SELECT,0.03836223
▁CREATE,0.0027145764
▁Select,0.0015108894
Select,0.00037903982
▁SUM,0.0002625532
▁select,0.00024664588
1,0.00017626987
▁SQL,0.00016430159
