Token,Probability
▁SELECT,0.5663577
<0x0A>,0.38321677
SELECT,0.036776196
▁CREATE,0.006491385
▁Select,0.0024067764
Select,0.00065285567
2,0.0005005618
1,0.0004889663
<0x09>,0.00032318698
▁COUNT,0.00032318698
