Token,Probability
▁SELECT,0.8147479
<0x0A>,0.14381155
SELECT,0.027021391
▁MAX,0.0055761794
▁CREATE,0.004551145
▁Select,0.0024744147
Select,0.00023746234
<0x09>,0.00018349668
2,0.00018065183
1,0.00016320533
