Token,Probability
▁SELECT,0.88633347
<0x0A>,0.08639832
SELECT,0.020203246
▁CREATE,0.0032980891
▁Select,0.00176534
▁WHERE,0.00034222676
Select,0.00027714367
▁select,0.00025432132
<0x09>,0.000207571
▁UPDATE,0.0001068484
