Token,Probability
▁SELECT,0.57063854
<0x0A>,0.39836988
▁CREATE,0.0147391325
SELECT,0.012607047
▁Select,0.0010348494
▁WHERE,0.00033596644
▁select,0.00023271715
<0x09>,0.0001812403
Select,0.00015994401
▁SUM,0.00015025347
