Token,Probability
<0x0A>,0.54270524
▁SELECT,0.42265925
SELECT,0.019768037
▁CREATE,0.009337759
▁Select,0.001244136
▁WHERE,0.00070337066
<0x09>,0.00038541533
Select,0.00032455227
▁select,0.000254744
CREATE,0.00025079455
