Token,Probability
▁SELECT,0.70526904
<0x0A>,0.18112807
SELECT,0.04369918
▁CREATE,0.028214313
▁M,0.006701486
2,0.0059604254
1,0.005384795
▁Select,0.0049029123
3,0.0027288815
▁MAX,0.0022099155
