Token,Probability
▁SELECT,0.4997281
<0x0A>,0.4208133
▁CREATE,0.039758123
SELECT,0.028192732
▁Select,0.0025615862
CREATE,0.0008123607
2,0.00080603885
▁WHERE,0.00061801146
Select,0.00046286918
1,0.00045569305
