Token,Probability
▁SELECT,0.804402
<0x0A>,0.1535228
SELECT,0.025061911
▁CREATE,0.012406545
▁Select,0.0013919758
▁WHERE,0.0004179469
<0x09>,0.0003306232
▁UPDATE,0.00031795725
Select,0.00027196325
▁select,0.00024762534
