Token,Probability
▁SELECT,0.76961434
<0x0A>,0.15881889
▁CREATE,0.036562186
SELECT,0.027598588
▁Select,0.0022303078
▁SQL,0.000513446
Select,0.0004748599
▁WHERE,0.00045666832
<0x09>,0.00038156065
▁UPDATE,0.00038156065
