Token,Probability
<0x0A>,0.48961133
▁SELECT,0.47454756
SELECT,0.025546158
▁CREATE,0.00645908
▁Select,0.0010878866
<0x09>,0.0004129152
▁WHERE,0.00034500356
Select,0.00028158366
CREATE,0.00014954797
▁select,0.00013939403
