Token,Probability
▁SELECT,0.55331403
<0x0A>,0.38627544
SELECT,0.028422346
▁CREATE,0.027981699
▁Select,0.0009426368
CREATE,0.0005541476
▁WHERE,0.00050851435
<0x09>,0.00025972375
Select,0.0001841717
▁select,0.00014343306
