Token,Probability
▁SELECT,0.81140137
<0x0A>,0.14776716
SELECT,0.01999811
▁CREATE,0.015333083
▁Select,0.0017203244
▁WHERE,0.0009878991
Select,0.00028303787
<0x09>,0.00022215894
▁UPDATE,0.00019605459
▁SQL,0.00018707658
