Token,Probability
▁SELECT,0.59341425
<0x0A>,0.3655919
▁CREATE,0.022652442
SELECT,0.012124978
▁WHERE,0.0020421795
▁Select,0.001172725
▁UPDATE,0.00036901433
▁SQL,0.00023273441
CREATE,0.00020538739
<0x09>,0.00020378907
