Token,Probability
▁SELECT,0.57453734
<0x0A>,0.3709492
▁CREATE,0.024466753
SELECT,0.02371399
▁WHERE,0.000933971
▁Select,0.0007682636
CREATE,0.00047702572
▁UPDATE,0.00031776764
▁SQL,0.00027824665
<0x09>,0.00026138854
