Token,Probability
▁SELECT,0.78180724
<0x0A>,0.17444478
SELECT,0.023242518
▁CREATE,0.015974332
▁Select,0.001311253
▁WHERE,0.0005134941
<0x09>,0.0003018676
▁select,0.00024830952
Select,0.00022608839
▁SQL,0.00018743385
