Token,Probability
▁SELECT,0.75631493
<0x0A>,0.18534295
SELECT,0.028423263
▁CREATE,0.024694556
▁Select,0.0011731681
▁WHERE,0.0009650217
<0x09>,0.00042822582
▁UPDATE,0.00022216064
CREATE,0.00021701427
Select,0.00019301649
