Token,Probability
▁SELECT,0.5811521
<0x0A>,0.37521997
SELECT,0.028933857
▁CREATE,0.010982053
▁Select,0.0010375762
▁WHERE,0.00032648785
Select,0.0002903843
▁select,0.00021244968
<0x09>,0.0002059133
CREATE,0.00019957802
