Token,Probability
▁SELECT,0.8100095
<0x0A>,0.1570275
SELECT,0.016550576
▁CREATE,0.012299344
▁Select,0.0011262809
▁WHERE,0.00079243764
<0x09>,0.00032268485
Select,0.00019419516
▁select,0.00018242949
CREATE,0.00012835517
