Token,Probability
▁SELECT,0.721561
<0x0A>,0.23425657
▁CREATE,0.021789255
SELECT,0.015211352
▁Select,0.0012682867
▁WHERE,0.00094990287
▁SQL,0.0005287006
1,0.00029197618
CREATE,0.00028521256
<0x09>,0.00027860564
