Token,Probability
▁SELECT,0.8166814
<0x0A>,0.13971771
SELECT,0.029747616
▁CREATE,0.008793379
▁Select,0.0025193451
Select,0.00045880687
▁WHERE,0.00035731914
▁select,0.00019275922
<0x09>,0.00016105635
▁SQL,0.00015488638
