Token,Probability
▁SELECT,0.63973767
<0x0A>,0.32674605
SELECT,0.019622624
▁CREATE,0.010668635
▁Select,0.0007850037
▁WHERE,0.00041366788
▁UPDATE,0.0002734178
Select,0.00021293799
▁SQL,0.00019388224
▁select,0.00015099565
