Token,Probability
▁SELECT,0.5552762
<0x0A>,0.40624875
SELECT,0.021196598
▁CREATE,0.009857333
▁WHERE,0.00100699
▁Select,0.00067606114
2,0.00045744586
<0x09>,0.00045388596
▁UN,0.0003792359
1,0.00035625917
