Token,Probability
▁SELECT,0.64075786
<0x0A>,0.3324208
SELECT,0.017075617
▁CREATE,0.006792212
▁Select,0.0004806284
▁WHERE,0.00038319035
1,0.00020351086
▁UPDATE,0.00019571449
▁select,0.00015603717
▁SQL,0.00014658338
