Token,Probability
▁SELECT,0.65476346
<0x0A>,0.28604499
SELECT,0.03311211
▁CREATE,0.022057418
▁Select,0.0012739043
Select,0.00037363495
▁WHERE,0.00032716573
CREATE,0.00030022414
▁UPDATE,0.00023935954
▁select,0.00021123407
