Token,Probability
▁SELECT,0.6924629
<0x0A>,0.27117237
SELECT,0.022259185
▁CREATE,0.008716822
▁Select,0.0015147565
▁WHERE,0.0013472523
Select,0.0003200005
<0x09>,0.00024727717
▁select,0.00015965416
▁FROM,0.00012629683
