Token,Probability
▁SELECT,0.73529303
<0x0A>,0.17193975
SELECT,0.06424919
▁CREATE,0.011164835
1,0.004139527
2,0.0039499644
▁Select,0.0023220642
3,0.0010384914
▁COUNT,0.0007597765
▁select,0.0005221863
