Token,Probability
▁SELECT,0.5724074
<0x0A>,0.39960477
SELECT,0.012257047
▁CREATE,0.011695756
▁Select,0.0009525749
▁WHERE,0.0006914953
<0x09>,0.00027938935
Select,0.00017759067
▁UPDATE,0.00016945822
▁select,0.00016169815
