Token,Probability
▁SELECT,0.58333784
<0x0A>,0.38256228
SELECT,0.015067145
▁CREATE,0.014603578
▁Select,0.00089781074
▁WHERE,0.00067770306
<0x09>,0.00032263502
▁SQL,0.00022523556
▁UPDATE,0.00020830883
Select,0.00019115493
