Token,Probability
▁SELECT,0.6142862
<0x0A>,0.31868747
SELECT,0.054520994
▁CREATE,0.006718305
▁Select,0.002268
Select,0.00059164315
▁WHERE,0.00043625032
CREATE,0.0002645992
<0x09>,0.0002409203
▁select,0.00020446641
