Token,Probability
▁SELECT,0.8351387
<0x0A>,0.10452987
SELECT,0.050943784
▁CREATE,0.0046650465
▁Select,0.0024013603
Select,0.0006463173
▁select,0.00030056544
▁SQL,0.0001408722
select,0.00013547546
▁WHERE,0.0001333751
