Token,Probability
▁SELECT,0.69955915
<0x0A>,0.26970407
SELECT,0.023201115
▁CREATE,0.0027709778
▁Select,0.0017205393
1,0.0002897861
▁select,0.0002537452
2,0.0002478672
Select,0.00024593828
▁COUNT,0.00023651653
