Token,Probability
▁SELECT,0.7792107
<0x0A>,0.13753885
1,0.03819316
SELECT,0.020443324
▁CREATE,0.014271742
2,0.0027026127
▁Select,0.0014241769
▁WHERE,0.0005936852
▁INSERT,0.00055337546
▁UN,0.00038331197
