Token,Probability
▁SELECT,0.8040825
<0x0A>,0.17389505
▁CREATE,0.011833707
SELECT,0.007521961
▁Select,0.0012088892
<0x09>,0.00021338162
▁WHERE,0.00021338162
▁select,0.00014551362
Select,0.00010000996
▁UPDATE,9.395066e-05
