Token,Probability
▁SELECT,0.77169985
<0x0A>,0.18618126
▁CREATE,0.02189144
SELECT,0.01576781
▁Select,0.0012254195
▁WHERE,0.0010001581
<0x09>,0.000273428
Select,0.00018646172
▁select,0.00013748824
▁UPDATE,0.00012038873
