Token,Probability
▁SELECT,0.7406998
<0x0A>,0.22239842
SELECT,0.021012038
▁CREATE,0.013148997
▁Select,0.0007476337
▁WHERE,0.00023895812
Select,0.00021588066
<0x09>,0.0002108798
▁select,0.00017346498
CREATE,0.00014953616
