Token,Probability
▁SELECT,0.7684183
<0x0A>,0.20361058
SELECT,0.0145208305
▁CREATE,0.010296811
▁Select,0.0007635869
▁WHERE,0.00056744966
▁UPDATE,0.00020391728
Select,0.00017855594
<0x09>,0.00017306236
▁select,0.00016385215
