Token,Probability
▁SELECT,0.6219703
<0x0A>,0.3434846
SELECT,0.024496183
▁CREATE,0.006291141
▁Select,0.001051355
▁WHERE,0.00039904937
Select,0.000272128
<0x09>,0.00021193351
▁select,0.00020541299
▁UPDATE,0.00019600647
