Token,Probability
▁SELECT,0.7246979
<0x0A>,0.22450094
SELECT,0.038407583
▁CREATE,0.0067793406
▁Select,0.0016743789
2,0.00079092063
1,0.0004797176
Select,0.0003794879
▁WHERE,0.00036494993
▁select,0.00018494762
