Token,Probability
▁SELECT,0.79432094
<0x0A>,0.15887418
SELECT,0.03893379
▁CREATE,0.004168214
▁Select,0.0010958716
2,0.00028587517
▁select,0.00024643983
1,0.00024643983
Select,0.00023885765
<0x09>,0.00020113832
