Token,Probability
▁SELECT,0.89621
<0x0A>,0.05819502
SELECT,0.020750074
▁CREATE,0.016673151
▁Select,0.003182127
▁WHERE,0.00092605164
2,0.00042397736
Select,0.0004174042
CREATE,0.0003200349
▁SQL,0.00031018845
