Token,Probability
▁SELECT,0.8806184
<0x0A>,0.08320017
SELECT,0.029665932
▁CREATE,0.002937325
▁Select,0.00081566576
1,0.00048705627
▁select,0.0003269941
▁AV,0.00031693355
2,0.00031693355
Select,0.00025268146
