Token,Probability
▁SELECT,0.87040174
<0x0A>,0.096142344
SELECT,0.02079224
▁CREATE,0.0039067464
1,0.002026793
▁Select,0.0018026674
2,0.00089938403
6,0.0005944565
3,0.00039599344
Select,0.00033871114
