Token,Probability
▁SELECT,0.84880763
<0x0A>,0.11487362
SELECT,0.0290446
▁CREATE,0.0044541336
▁Select,0.0012465692
Select,0.00020995649
▁select,0.00020509286
<0x09>,0.0001366213
▁WHERE,0.00013555809
▁COUNT,0.00013138742
