Token,Probability
▁SELECT,0.8435108
<0x0A>,0.12537669
SELECT,0.015939858
▁CREATE,0.011661849
▁Select,0.0009953959
▁WHERE,0.00047019168
▁UPDATE,0.0002721261
<0x09>,0.00022736985
Select,0.00018412972
▁select,0.00015505277
