Token,Probability
▁SELECT,0.676746
<0x0A>,0.23756021
SELECT,0.05218505
▁CREATE,0.021084668
▁Select,0.0037508537
▁WHERE,0.0010746376
Select,0.0006830812
2,0.00054887123
<0x09>,0.00043081393
▁UN,0.00041755917
