Token,Probability
▁SELECT,0.8341054
<0x0A>,0.12016428
SELECT,0.03781137
▁CREATE,0.0034087982
▁Select,0.0013142087
Select,0.000410316
2,0.00040081103
1,0.00029785745
▁select,0.0002690918
▁WHERE,0.00020154045
