Token,Probability
▁SELECT,0.6893824
<0x0A>,0.269966
SELECT,0.025110751
▁CREATE,0.0101456605
▁Select,0.0018914782
▁WHERE,0.00042204582
Select,0.00040587748
<0x09>,0.00030877534
▁select,0.00027249326
▁SQL,0.00016787821
