Token,Probability
▁SELECT,0.75131357
<0x0A>,0.20539768
SELECT,0.03199479
▁CREATE,0.0071390024
▁Select,0.0011473421
▁WHERE,0.0005769199
Select,0.00025007623
<0x09>,0.00024428323
▁select,0.00020251791
2,0.00017187472
