Token,Probability
▁SELECT,0.85050386
<0x0A>,0.11691579
SELECT,0.02266516
▁CREATE,0.0034219273
▁Select,0.0014832958
▁US,0.00082557835
▁WHERE,0.0008191537
<0x09>,0.00061351777
Select,0.00034415227
US,0.00031581186
