Token,Probability
▁SELECT,0.6684168
<0x0A>,0.29200968
SELECT,0.021153107
▁CREATE,0.014538305
▁Select,0.0007645059
▁WHERE,0.00065391656
▁UPDATE,0.00025210727
CREATE,0.00019943326
<0x09>,0.00019634137
▁SQL,0.00018017294
