Token,Probability
▁SELECT,0.61626947
<0x0A>,0.34569582
SELECT,0.020760648
▁CREATE,0.013615165
▁Select,0.0009786041
▁WHERE,0.00027387988
Select,0.00023243882
<0x09>,0.00022528743
▁SQL,0.0002003748
▁select,0.00019420992
