Token,Probability
▁SELECT,0.66276246
<0x0A>,0.28953946
SELECT,0.035678264
▁CREATE,0.0086077815
▁Select,0.0011290953
Select,0.0003497774
▁WHERE,0.0001977462
CREATE,0.00018722234
▁select,0.00017046789
<0x09>,0.00014132285
