Token,Probability
▁SELECT,0.7959521
<0x0A>,0.16425398
SELECT,0.024414176
▁CREATE,0.010665764
▁Select,0.0015977581
▁WHERE,0.00055217044
<0x09>,0.00038547706
▁SQL,0.00030020985
Select,0.0002248468
▁select,0.00015696837
