Token,Probability
<0x0A>,0.55173326
▁SELECT,0.39123744
▁CREATE,0.03639075
SELECT,0.014703193
▁WHERE,0.0009622338
▁Select,0.00092537125
CREATE,0.00054826424
<0x09>,0.00033514723
▁SQL,0.0002197949
▁UPDATE,0.0002097298
