Token,Probability
▁SELECT,0.5499043
<0x0A>,0.3779433
SELECT,0.032512322
▁CREATE,0.031023476
▁Select,0.0012705268
▁WHERE,0.00097414677
CREATE,0.00064387167
▁INSERT,0.000595484
INSERT,0.0005053807
1,0.0004029246
