Token,Probability
▁SELECT,0.73023015
<0x0A>,0.18753862
SELECT,0.02170917
1,0.0119889425
2,0.010746819
▁CREATE,0.0076804054
▁Select,0.0047688717
3,0.0033553203
6,0.0027816582
5,0.0026960757
