Token,Probability
▁SELECT,0.7962139
<0x0A>,0.16176067
SELECT,0.025997305
▁CREATE,0.012473643
▁Select,0.001356446
Select,0.00025486862
▁WHERE,0.00025288522
<0x09>,0.0002129507
▁select,0.0001697791
CREATE,0.00015825151
