Token,Probability
▁SELECT,0.6154011
<0x0A>,0.3242936
SELECT,0.04253806
▁CREATE,0.013810087
▁Select,0.0013357084
Select,0.0003887133
▁WHERE,0.00026096974
CREATE,0.00024901907
▁select,0.00021804839
<0x09>,0.0001671835
