Token,Probability
▁SELECT,0.7461631
<0x0A>,0.21046495
SELECT,0.030320352
▁CREATE,0.009247186
▁Select,0.00067511766
▁select,0.0004676403
2,0.00040947954
▁WHERE,0.00025425162
▁UPDATE,0.00025227305
Select,0.0002011296
