Token,Probability
▁SELECT,0.667757
<0x0A>,0.2783625
SELECT,0.026713641
▁CREATE,0.021465013
▁Select,0.0014721688
▁WHERE,0.00061369134
Select,0.00035796297
CREATE,0.00026810187
▁select,0.00024410953
▁UPDATE,0.00023845474
