Token,Probability
▁SELECT,0.78838223
<0x0A>,0.14357507
SELECT,0.046612002
2,0.0064075897
▁CREATE,0.005148642
▁Select,0.002249275
1,0.0017932786
3,0.0011945812
4,0.0004714737
5,0.00038181106
