Token,Probability
▁SELECT,0.9039725
<0x0A>,0.04716603
SELECT,0.038495794
▁CREATE,0.0037819373
▁Select,0.0025790571
1,0.0005845277
2,0.0005799789
Select,0.00043779102
3,0.0002634673
▁select,0.00018249845
