Token,Probability
▁SELECT,0.85786456
<0x0A>,0.09184214
SELECT,0.0359659
▁CREATE,0.008410209
▁Select,0.0031921552
Select,0.00050507224
▁select,0.00025595815
▁WHERE,0.00022064974
CREATE,0.0001759173
<0x09>,0.00016786145
