Token,Probability
▁SELECT,0.8118997
<0x0A>,0.13674623
▁CREATE,0.022674749
SELECT,0.020645592
▁Select,0.0022102967
▁WHERE,0.000886091
<0x09>,0.00046330338
Select,0.00045257097
▁SQL,0.00042184253
▁select,0.00040568202
