Token,Probability
▁SELECT,0.7067669
<0x0A>,0.23673727
SELECT,0.024184233
▁CREATE,0.016621565
2,0.007433624
▁WHERE,0.0009982026
▁Select,0.0009088738
1,0.00087405543
▁UN,0.00047521564
▁UPDATE,0.00042598054
