Token,Probability
▁SELECT,0.60750395
<0x0A>,0.35713315
▁CREATE,0.017780613
SELECT,0.012806895
▁Select,0.0019794048
<0x09>,0.00046649115
▁WHERE,0.00033338615
▁UPDATE,0.00016895188
▁select,0.00016375378
Select,0.00015996043
