Token,Probability
▁SELECT,0.79944474
<0x0A>,0.1525767
SELECT,0.03567829
▁CREATE,0.007837481
▁Select,0.0015432914
Select,0.00033901611
1,0.00028997587
▁select,0.0002766969
▁WHERE,0.00026818382
2,0.0001962075
