Token,Probability
▁SELECT,0.5218724
<0x0A>,0.44638112
SELECT,0.021206295
▁CREATE,0.006777939
▁Select,0.0008617183
▁WHERE,0.00057402806
▁SQL,0.00026904157
Select,0.00023742835
<0x09>,0.0002128294
▁UPDATE,0.00014974417
