Token,Probability
▁SELECT,0.7361239
<0x0A>,0.22102447
SELECT,0.027235562
▁CREATE,0.012085706
▁Select,0.001047819
▁select,0.00030973472
▁WHERE,0.000279822
Select,0.00024887885
1,0.00015943777
CREATE,0.0001557444
