Token,Probability
▁SELECT,0.54280496
<0x0A>,0.42939407
SELECT,0.014924439
▁CREATE,0.00948655
▁Select,0.0007848109
▁WHERE,0.00064054405
▁UPDATE,0.00019383461
Select,0.00017240008
▁SQL,0.00015697206
<0x09>,0.0001497838
