Token,Probability
▁SELECT,0.6915135
<0x0A>,0.2882657
SELECT,0.013482367
▁CREATE,0.0044460124
▁Select,0.00050274114
<0x09>,0.00020154504
▁select,0.00019081902
▁WHERE,0.00017647874
1,0.000115737574
2,0.000112176705
