Token,Probability
▁SELECT,0.6902561
<0x0A>,0.27888867
▁CREATE,0.013457852
SELECT,0.012642482
▁WHERE,0.0013429587
▁Select,0.0008946033
▁UPDATE,0.00030916667
<0x09>,0.00017073804
▁select,0.00015790688
Select,0.00015545877
