Token,Probability
▁SELECT,0.8381303
<0x0A>,0.13055553
SELECT,0.016087597
▁CREATE,0.012529033
▁Select,0.00075832824
▁WHERE,0.00024427724
Select,0.00020093698
▁select,0.0001902433
<0x09>,0.00018729386
▁UPDATE,0.0001692059
