Token,Probability
▁SELECT,0.79885995
<0x0A>,0.13246396
SELECT,0.05878053
▁CREATE,0.005553541
▁Select,0.0016161724
▁select,0.00036061683
Select,0.0003108711
▁WHERE,0.00018708553
<0x09>,0.00017991841
2,0.00016002276
