Token,Probability
▁SELECT,0.5558482
<0x0A>,0.40036246
SELECT,0.025197512
▁CREATE,0.013278155
▁WHERE,0.0009846763
▁Select,0.0007728813
<0x09>,0.00026091328
▁UPDATE,0.0002489652
CREATE,0.00023388113
2,0.00022668537
