Token,Probability
▁SELECT,0.5821963
<0x0A>,0.36432916
▁CREATE,0.028094046
SELECT,0.016515639
▁Select,0.0023607872
2,0.00062067836
▁WHERE,0.00051055604
CREATE,0.0005065829
1,0.0004134609
▁select,0.0003508997
