Token,Probability
▁SELECT,0.75999206
<0x0A>,0.18051395
SELECT,0.04635981
▁CREATE,0.0074507007
▁Select,0.0021514038
▁select,0.00037974532
▁WHERE,0.00035396154
Select,0.00032736093
<0x09>,0.00027139173
2,0.00025494894
