Token,Probability
▁SELECT,0.77901363
<0x0A>,0.17655872
SELECT,0.027076159
▁CREATE,0.013403669
▁Select,0.0013271432
▁WHERE,0.00036853433
Select,0.00031769645
▁UPDATE,0.0002270474
<0x09>,0.00021329129
CREATE,0.00017005065
