Token,Probability
▁SELECT,0.7439511
<0x0A>,0.18518408
SELECT,0.056477953
▁CREATE,0.006537797
▁Select,0.0035545388
Select,0.000667878
2,0.0005324788
1,0.0004278587
▁WHERE,0.00029177428
▁select,0.00022901627
