Token,Probability
▁SELECT,0.7697758
<0x0A>,0.20718235
▁CREATE,0.01047744
SELECT,0.008822889
▁Select,0.0015695466
<0x09>,0.00049775327
▁WHERE,0.00031392908
▁select,0.00022967541
Select,0.00014260871
▁SQL,0.00010352282
