Token,Probability
▁SELECT,0.8997914
<0x0A>,0.05842758
SELECT,0.03381529
▁MAX,0.002301159
▁Select,0.0020952292
▁CREATE,0.0018203667
Select,0.000415811
▁select,0.00019186526
1,0.000118204756
▁SUM,9.799518e-05
