generated_token_id,generated_token,token_probability,payload_signal
5097,SELECT,0.8820760250091553,8.427527031784621e-08
3402,format,0.96169114112854,0.00013984331578376086
29918,_,0.9927392601966858,9.341520126882052e-10
29879,s,0.9991859793663025,7.371620674989643e-12
29918,_,0.9918198585510254,5.074690688500194e-09
3895,FROM,0.9896900653839111,4.674204223675815e-08
1591,table,0.9995644688606262,1.2162697431681874e-07
29918,_,0.9999887943267822,1.019076761453637e-10
978,name,0.9998375177383423,9.831483974913173e-14
29918,_,0.9999641180038452,8.297759327520124e-11
29896,1,0.9998371601104736,6.298213491538751e-11
29945,5,0.999804675579071,2.515278799179949e-09
5754,WHERE,0.9951364398002625,1.4836499478412465e-07
3858,label,0.9602407217025757,2.166056351209783e-07
353,=,0.9947988986968994,3.785897666197524e-08
376,",0.9976576566696167,3.030533268083557e-08
271,at,0.9828183054924011,3.11341605166264e-11
29880,l,0.9999288320541382,9.266355640701746e-11
7716,antic,0.9999514818191528,1.6062249701956008e-10
6475,records,0.7241274118423462,4.6100065778653665e-08
29908,",0.992002010345459,3.631936607018105e-08
5300,AND,0.992459237575531,8.566467980808401e-08
16653,catalog,0.9994093179702759,1.107271038120524e-07
353,=,0.9846864938735962,6.345887868658417e-08
376,",0.9588801860809326,1.5802036569013966e-08
29945,5,0.9919413328170776,7.33670069141823e-10
29896,1,0.9996180534362793,1.5862736352050249e-09
29906,2,0.99967360496521,1.5902494926900608e-10
29941,3,0.9979501366615295,3.3243792319642695e-09
29941,3,0.9996820688247681,4.786960556679015e-10
29953,6,0.9996769428253174,8.313702721043925e-11
29908,",0.998831570148468,9.947063991933014e-09
13,NEWLINE,0.9980999827384949,4.945494143620676e-08
259, ,0.9998525381088257,3.1335055383774346e-10
2,</s>,0.998910665512085,8.889069602613375e-08
0,token_ID_0,1.9998522000056916e-15,2.9345329402683147e-16
0,token_ID_0,3.5586861031333683e-06,0.00024390938233409543
0,token_ID_0,3.520709697113489e-06,0.0002479870372553705
0,token_ID_0,1.4538147352638475e-09,0.007346614575425292
0,token_ID_0,1.0705750952411108e-08,0.0037851962276818085
0,token_ID_0,6.524971229993071e-09,0.002228516941613634
0,token_ID_0,5.750378395674716e-09,0.00288383243946555
0,token_ID_0,2.460339709742243e-09,0.005791349043647642
0,token_ID_0,6.035807409432437e-10,0.01010448619035742
0,token_ID_0,3.7171055122797725e-10,0.011222297054246155
0,token_ID_0,3.9960121323012743e-10,0.008688826831075858
0,token_ID_0,2.8910274174620554e-10,0.004800445671207854
