generated_token_id,generated_token,token_probability,payload_signal
5097,SELECT,0.7784728407859802,1.4302537287846917e-07
21122,COUNT,0.9410008788108826,0.0016932192804861579
29898,(,0.9006891250610352,1.3890395278437495e-08
8394,final,0.9965505599975586,4.446782261857685e-09
29918,_,0.999921441078186,9.967664443399221e-12
1022,ep,0.9999531507492065,7.807750655047536e-14
275,is,0.9998961687088013,3.0535483450317476e-11
356,ode,0.999954104423523,1.0405721416397626e-14
29897,),0.9987188577651978,8.337396217861226e-09
3895,FROM,0.9515299201011658,5.7326812634601876e-08
1591,table,0.9996792078018188,1.9136777224890568e-07
29918,_,0.9999872446060181,5.382782948212296e-11
29896,1,0.9998528957366943,1.2135879540881023e-11
29896,1,0.9998534917831421,3.095004571775301e-10
29906,2,0.9999809265136719,2.7864611866387475e-11
29896,1,0.9999897480010986,1.1408831521110725e-11
29900,0,0.9999967813491821,8.57373760610727e-12
29945,5,0.9999927282333374,1.1784081292687786e-11
29955,7,0.9999977350234985,1.8223767526764304e-12
29953,6,0.999998927116394,4.353248409446342e-12
29918,_,0.999976634979248,1.3650189004905185e-10
29946,4,0.9999269247055054,4.2407800795313255e-11
5754,WHERE,0.9930431842803955,1.6260137936704305e-07
2931,character,0.9897119998931885,8.42503915686986e-07
353,=,0.9981727600097656,2.3189419384728183e-08
376,",0.9985997080802917,1.5506631351192013e-07
29934,R,0.9982636570930481,3.4874533816342534e-10
860,ick,0.9943568110466003,8.299564056304075e-09
624,St,0.9989870190620422,2.681489145000746e-06
300,et,0.998298704624176,8.108435364112543e-12
1358,ler,0.9996391534805298,1.5954873680836218e-10
29908,",0.9984500408172607,7.488798023369547e-08
13,NEWLINE,0.997636079788208,7.362951608429116e-08
259, ,0.999894380569458,1.840999800523102e-10
2,</s>,0.9969276785850525,2.975698436546992e-07
0,token_ID_0,5.651869692201682e-16,8.438933501521308e-17
0,token_ID_0,nan,nan
0,token_ID_0,nan,nan
0,token_ID_0,nan,nan
0,token_ID_0,nan,nan
0,token_ID_0,nan,nan
0,token_ID_0,nan,nan
0,token_ID_0,nan,nan
0,token_ID_0,nan,nan
0,token_ID_0,nan,nan
0,token_ID_0,nan,nan
0,token_ID_0,nan,nan
0,token_ID_0,nan,nan
0,token_ID_0,nan,nan
0,token_ID_0,nan,nan
0,token_ID_0,nan,nan
0,token_ID_0,nan,nan
0,token_ID_0,nan,nan
0,token_ID_0,nan,nan
0,token_ID_0,nan,nan
0,token_ID_0,nan,nan
0,token_ID_0,nan,nan
0,token_ID_0,nan,nan
0,token_ID_0,nan,nan
0,token_ID_0,nan,nan
0,token_ID_0,nan,nan
0,token_ID_0,nan,nan
