generated_token_id,generated_token,token_probability,payload_signal
5097,SELECT,0.5418235659599304,1.5378687301392802e-07
4823,song,0.9603103995323181,0.0009922873482409722
3895,FROM,0.9874107241630554,7.820783186687774e-08
1591,table,0.9998663663864136,1.422389750525691e-07
29918,_,0.9999910593032837,4.821068791036574e-11
978,name,0.9999204874038696,5.834655675274192e-14
29918,_,0.9999427795410156,6.039028825621795e-11
29947,8,0.9993220567703247,3.28109700867274e-11
29953,6,0.9998981952667236,2.8120272515424257e-10
5754,WHERE,0.9969329833984375,9.447740230471638e-08
6507,release,0.9933340549468994,8.456194838905862e-07
29918,_,0.9999617338180542,2.1024710401482127e-11
3888,info,0.9999635219573975,2.607626869847898e-13
353,=,0.9814022183418274,6.661401942692491e-07
376,",0.997179388999939,9.840248706149968e-09
354,he,0.3809424042701721,1.6016402093477211e-09
3496,aven,0.999789297580719,3.6593377786018418e-09
368,ly,0.9999711513519287,9.004332393033749e-10
313,(,0.9983009696006775,1.75533051288701e-09
29882,h,0.9998503923416138,6.201737040578692e-12
18564,vn,0.9999802112579346,1.0863229104748852e-12
29896,1,0.9991325736045837,1.049387333322896e-09
29945,5,0.9999586343765259,9.215319556976718e-11
29906,2,0.9998214840888977,1.1416808877407966e-11
5513,)",0.9920169115066528,2.2361374665998135e-10
13,NEWLINE,0.9940764904022217,1.9634522449660935e-07
259, ,0.9997671246528625,3.2033470320769197e-10
2,</s>,0.999138355255127,7.170321247862432e-08
0,token_ID_0,1.4292300321212294e-15,2.345048566258361e-16
0,token_ID_0,nan,nan
0,token_ID_0,nan,nan
0,token_ID_0,nan,nan
0,token_ID_0,nan,nan
0,token_ID_0,nan,nan
0,token_ID_0,nan,nan
0,token_ID_0,nan,nan
0,token_ID_0,nan,nan
0,token_ID_0,nan,nan
0,token_ID_0,nan,nan
0,token_ID_0,nan,nan
0,token_ID_0,nan,nan
0,token_ID_0,nan,nan
0,token_ID_0,nan,nan
0,token_ID_0,nan,nan
0,token_ID_0,nan,nan
0,token_ID_0,nan,nan
0,token_ID_0,nan,nan
0,token_ID_0,nan,nan
0,token_ID_0,nan,nan
0,token_ID_0,nan,nan
0,token_ID_0,nan,nan
0,token_ID_0,nan,nan
0,token_ID_0,nan,nan
0,token_ID_0,nan,nan
0,token_ID_0,nan,nan
0,token_ID_0,nan,nan
0,token_ID_0,nan,nan
0,token_ID_0,nan,nan
0,token_ID_0,nan,nan
0,token_ID_0,nan,nan
0,token_ID_0,nan,nan
0,token_ID_0,nan,nan
0,token_ID_0,nan,nan
0,token_ID_0,nan,nan
