generated_token_id,generated_token,token_probability,payload_signal
5097,SELECT,0.8884928226470947,9.115456611752393e-08
3611,title,0.9960436820983887,9.063668610423056e-05
3895,FROM,0.9896109104156494,3.619261570997345e-08
1591,table,0.9998804330825806,3.3261580816378966e-08
29918,_,0.9999772310256958,6.863495140068884e-11
29906,2,0.9998345375061035,2.4364820057354297e-12
29946,4,0.9999469518661499,6.579221418901815e-12
29953,6,0.9999904632568359,3.4585975875118976e-12
29946,4,0.9999897480010986,5.4531640535343106e-12
29947,8,0.9999861717224121,1.230698003088556e-10
29929,9,0.9999954700469971,3.4262294444729197e-11
29947,8,0.9999927282333374,2.0498128588524464e-10
29941,3,0.9999991655349731,1.3388151321343606e-12
29918,_,0.9999550580978394,2.662375968084528e-10
29896,1,0.9999415874481201,2.5639965297403686e-10
5754,WHERE,0.997715950012207,8.279143590204756e-08
502,us,0.976825475692749,1.5414036084486146e-06
29918,_,0.9997557997703552,3.6668451424120424e-11
1493,view,0.9999815225601196,5.1232204420733935e-15
414,ers,0.9999902248382568,3.2732487027313343e-12
1649,__,0.980828583240509,9.748669577212647e-12
19958,mill,0.9990653395652771,4.514449769956255e-10
291,ion,0.9996670484542847,7.075369563375395e-13
29918,_,0.9986729621887207,5.988575520893269e-11
353,=,0.9886379837989807,1.0578102394021016e-07
376,",0.973048210144043,6.867761142767548e-07
29929,9,0.9980278611183167,3.157643424511747e-09
29889,.,0.9723910093307495,2.661284514938675e-08
29947,8,0.9992634654045105,5.770542968464021e-08
29929,9,0.9998600482940674,3.1673473879746065e-09
29908,",0.6666257381439209,1.566867642185249e-06
13,NEWLINE,0.9970356225967407,8.911553219925067e-08
259, ,0.9999376535415649,1.0732390497147914e-10
2,</s>,0.9978663325309753,9.589791361008793e-08
0,token_ID_0,1.157425629676797e-15,1.394289155423381e-16
0,token_ID_0,3.472657454040018e-06,0.00025069373714359244
0,token_ID_0,3.5008024497074075e-06,0.00024847912027325947
0,token_ID_0,1.1240053332528532e-09,0.009291863316974514
0,token_ID_0,8.259350536832244e-09,0.002128381231386811
0,token_ID_0,5.628432830917518e-09,0.001363080720693688
0,token_ID_0,5.814238424051155e-09,0.0025659063530838466
0,token_ID_0,3.797817615946997e-09,0.005841030858391605
0,token_ID_0,1.8962456049820275e-09,0.012166158728177834
0,token_ID_0,1.2923375702911244e-09,0.015011998224053968
0,token_ID_0,1.1129155375044775e-09,0.012726538988545144
0,token_ID_0,6.190625234658853e-10,0.007064801271553733
0,token_ID_0,3.6956043780733694e-10,0.004283512900514097
