generated_token_id,generated_token,token_probability,payload_signal
5097,SELECT,0.8069154024124146,1.9698735798101552e-07
2106,state,0.9888064861297607,0.0005598627196236328
22359,___,0.9955044388771057,2.9453830935094634e-12
357,ter,0.9999856948852539,1.8084823776765198e-11
768,rit,0.9999983310699463,9.052750425570914e-14
706,ory,0.9999595880508423,8.101013544538154e-13
3895,FROM,0.9775697588920593,2.5161323691236248e-08
1591,table,0.9997333884239197,2.535349017673827e-07
29918,_,0.9999949932098389,3.4719685053407126e-11
978,name,0.9999250173568726,1.0713110764172876e-13
29918,_,0.9999667406082153,2.3694591753074812e-11
29947,8,0.9994046688079834,7.01696561099252e-11
29945,5,0.9996966123580933,8.660099376706695e-10
5754,WHERE,0.9982104301452637,2.5861324270601543e-08
5214,building,0.9958945512771606,1.3413416056653582e-07
353,=,0.9989763498306274,1.3153743254334938e-08
376,",0.9982007741928101,1.7183624611769033e-08
417,lo,0.837148904800415,2.1235103519340326e-12
955,vel,0.6367002129554749,1.2406286736905883e-06
29873,t,0.8142585754394531,8.593079274775428e-07
19372,tower,0.9991744160652161,4.192879781443799e-09
29908,",0.9965574741363525,1.4726593508887498e-08
13,NEWLINE,0.9986445307731628,4.038644438341711e-08
259, ,0.9997194409370422,2.537924037593342e-10
2,</s>,0.9994506239891052,3.3843930102861464e-08
0,token_ID_0,1.1284077632115223e-15,1.8663906778988743e-16
0,token_ID_0,nan,nan
0,token_ID_0,nan,nan
0,token_ID_0,nan,nan
0,token_ID_0,nan,nan
0,token_ID_0,nan,nan
0,token_ID_0,nan,nan
0,token_ID_0,nan,nan
0,token_ID_0,nan,nan
0,token_ID_0,nan,nan
0,token_ID_0,nan,nan
0,token_ID_0,nan,nan
0,token_ID_0,nan,nan
0,token_ID_0,nan,nan
0,token_ID_0,nan,nan
0,token_ID_0,nan,nan
0,token_ID_0,nan,nan
0,token_ID_0,nan,nan
0,token_ID_0,nan,nan
0,token_ID_0,nan,nan
0,token_ID_0,nan,nan
0,token_ID_0,nan,nan
0,token_ID_0,nan,nan
0,token_ID_0,nan,nan
0,token_ID_0,nan,nan
0,token_ID_0,nan,nan
0,token_ID_0,nan,nan
0,token_ID_0,nan,nan
0,token_ID_0,nan,nan
0,token_ID_0,nan,nan
0,token_ID_0,nan,nan
0,token_ID_0,nan,nan
0,token_ID_0,nan,nan
0,token_ID_0,nan,nan
