generated_token_id,generated_token,token_probability,payload_signal
5097,SELECT,0.5777480006217957,3.0100493830786945e-07
12128,commercial,0.9433506727218628,0.001062236238255465
29918,_,0.9999415874481201,2.0723887276391517e-10
16453,operation,0.9999001026153564,4.142665919505684e-12
3895,FROM,0.9442196488380432,1.0840144799156848e-07
1591,table,0.9998321533203125,7.436906052614434e-08
29918,_,0.999993085861206,4.1996152632246776e-11
978,name,0.9998612403869629,1.2276042744732533e-13
29918,_,0.9999597072601318,4.1222313702706653e-11
29946,4,0.999377429485321,1.9956631507923872e-11
29947,8,0.9998519420623779,2.308389856543226e-09
5754,WHERE,0.9980410933494568,4.099826591739096e-08
22683,gross,0.9340288043022156,1.3873065715826194e-07
29918,_,0.9999909400939941,4.877661696853913e-11
5030,cap,0.9999896287918091,3.0665882481869513e-12
5946,acity,0.9999521970748901,2.283649313139868e-14
353,=,0.9978532195091248,1.9725043681750876e-08
376,",0.7452517151832581,1.2427236462109192e-08
29946,4,0.998185932636261,7.697192709599232e-11
29896,1,0.9995755553245544,7.837324683766106e-09
29955,7,0.9997664093971252,9.094738279334332e-11
286,m,0.9859603643417358,7.616244050798887e-09
29893,w,0.9993489384651184,1.2979694706191647e-10
29908,",0.9991838335990906,3.888863831652545e-10
5300,AND,0.9978779554367065,4.398631660382929e-08
12646,electric,0.9989861845970154,6.833041847454464e-07
537,ity,0.9999810457229614,2.1304098869464446e-10
29918,_,0.9999278783798218,1.0844507049626549e-10
7720,grid,0.999876856803894,2.3035007896019476e-10
353,=,0.9949117302894592,9.443018969546024e-08
376,",0.9963601231575012,2.836482172058341e-08
29906,2,0.9942882061004639,2.984773601888424e-09
29955,7,0.9997063279151917,1.9973808858028794e-10
29889,.,0.999221920967102,9.609049014380061e-10
29896,1,0.9998006224632263,9.130902946501845e-09
29906,2,0.9998062252998352,9.163832481316243e-09
29889,.,0.9998892545700073,1.064193474689017e-10
29896,1,0.9998985528945923,1.9676151855833185e-09
29929,9,0.9999749660491943,8.089150193375718e-09
29955,7,0.999936580657959,4.528871391405384e-10
29896,1,0.999711811542511,5.181490816811608e-09
29908,",0.9979975819587708,1.508058729282613e-08
13,NEWLINE,0.997767448425293,8.60920128406507e-08
259, ,0.9998552799224854,2.1535510527637136e-10
2,</s>,0.9973238706588745,4.1942461770361206e-07
0,token_ID_0,2.388839587296257e-15,2.916548313215738e-16
0,token_ID_0,3.1954455153027084e-06,0.00027518953083927045
