generated_token_id,generated_token,token_probability,payload_signal
5097,SELECT,0.7648489475250244,6.786931017188635e-08
22753,SUM,0.7157279849052429,7.380112325872101e-05
29898,(,0.9971286654472351,1.2890449020697137e-09
5451,split,0.9777463674545288,1.397001181402402e-08
1649,__,0.9988260865211487,2.0246941737122118e-12
29945,5,0.999845027923584,1.3212200864615165e-10
29900,0,0.99994957447052,9.81080814205391e-11
29885,m,0.9998321533203125,1.7962191109499592e-10
19925,_),0.5888224244117737,5.610421904833629e-09
3895,FROM,0.9773594737052917,2.5932274245500653e-08
1591,table,0.9997057318687439,1.769916781871111e-07
29918,_,0.99998939037323,6.015831124130946e-11
978,name,0.9998908042907715,1.1157862353787691e-13
29918,_,0.9999414682388306,7.139035391491577e-11
29906,2,0.9998189806938171,1.1371130472230713e-10
29946,4,0.9997419714927673,1.7286335243950476e-09
5754,WHERE,0.9981276392936707,8.816788155748163e-08
1024,name,0.874893307685852,5.323968460119177e-07
353,=,0.9974161386489868,1.341423838674416e-08
376,",0.9982498288154602,2.9623199934714073e-08
29926,j,0.9951700568199158,3.971426833226932e-11
852,ose,0.9995904564857483,2.8103878809878355e-10
4951,fin,0.9981837868690491,3.204847196364401e-10
301,l,0.9992297887802124,2.5887483048436365e-08
453,ill,0.9997777342796326,6.410001809432962e-12
29882,h,0.9966974258422852,1.4139346055883637e-11
482,age,0.997833788394928,6.146926575160787e-11
29908,",0.9978513717651367,2.9423680367179905e-08
5300,AND,0.9964389801025391,6.541210352322899e-08
301,l,0.9979138970375061,6.263766843539464e-07
1662,ane,0.9999949932098389,7.65896812761162e-11
1405,>,0.9857482314109802,7.992370571960339e-08
29871,,0.9990468621253967,2.7415440070899244e-08
29947,8,0.9989363551139832,2.1178147586314866e-09
13,NEWLINE,0.9964648485183716,9.743230643816103e-08
259, ,0.9999710321426392,4.933657085301468e-11
2,</s>,0.9992368221282959,6.481319086981685e-08
0,token_ID_0,1.4404395602660744e-15,1.4833449918140038e-16
0,token_ID_0,3.2878469937713817e-06,0.00026621937740856083
0,token_ID_0,3.420766461204039e-06,0.00025554569492669543
0,token_ID_0,2.060335457798601e-09,0.007595118049152916
0,token_ID_0,6.39927222323422e-09,0.0018463433871147572
0,token_ID_0,5.897811128363628e-09,0.0019046927945964853
0,token_ID_0,5.0373891724575515e-09,0.003192390260664979
0,token_ID_0,1.936022231419088e-09,0.006533532032108269
0,token_ID_0,9.361053043832612e-10,0.009032831701460964
0,token_ID_0,8.534297712969874e-10,0.008462652819616778
