Token,Probability
2,0.5916153
1,0.18327388
▁SELECT,0.13408604
<0x0A>,0.0138051845
3,0.011092777
4,0.0095625715
9,0.007804743
5,0.007274821
▁UN,0.005039121
▁SUM,0.0035732717
