Token,Probability
2,0.51521665
1,0.4205076
▁SELECT,0.024861924
<0x0A>,0.007762272
9,0.005590955
3,0.0044574975
4,0.0036097914
0,0.0032106151
▁CREATE,0.0023306566
5,0.0020249095
