Token,Probability
1,0.53812516
2,0.120071955
▁SELECT,0.10679421
<0x0A>,0.07692098
4,0.018998142
9,0.016635329
▁UN,0.014228951
3,0.012170667
5,0.011981978
▁CREATE,0.009703301
