Token,Probability
▁SELECT,0.59002215
1,0.17441021
<0x0A>,0.07679178
2,0.069919705
▁CREATE,0.01673764
4,0.009916724
SELECT,0.007844774
3,0.006352892
9,0.005266732
5,0.004647875
