Token,Probability
▁SELECT,0.53178626
1,0.18961424
<0x0A>,0.12147144
2,0.06760903
▁CREATE,0.017228315
4,0.007949561
▁UN,0.0063379426
3,0.005378942
9,0.0052543385
▁FROM,0.005132622
