Token,Probability
▁SELECT,0.4446462
<0x0A>,0.43096587
1,0.045423467
2,0.009595953
▁CREATE,0.008337108
​,0.006442418
▁FROM,0.0059118946
▁AV,0.005258148
4,0.0038469434
3,0.0030670506
