Token,Probability
▁SELECT,0.45090792
1,0.19698709
<0x0A>,0.18076552
2,0.061984736
▁CREATE,0.019201975
▁UN,0.009731088
SELECT,0.0075196014
▁U,0.006793394
4,0.0064318557
9,0.00485502
