Token,Probability
▁SELECT,0.3764034
2,0.25869802
1,0.2283002
<0x0A>,0.0334077
▁CREATE,0.03237985
4,0.015415121
3,0.01200531
5,0.005244731
7,0.0045212405
9,0.0043821367
