Token,Probability
▁SELECT,0.44029334
1,0.24698217
<0x0A>,0.0866989
2,0.06805075
4,0.03368756
6,0.024839653
5,0.017613951
7,0.017205924
9,0.016546777
3,0.016290242
