Token,Probability
▁SELECT,0.52351344
6,0.28462932
1,0.06867002
▁CREATE,0.027102482
<0x0A>,0.023917854
2,0.017913645
7,0.015442528
4,0.008330619
5,0.0056809885
9,0.005052776
