Token,Probability
<0x0A>,0.37959316
1,0.31224483
▁SELECT,0.086032495
2,0.075923406
▁CREATE,0.028593019
▁UN,0.011734551
4,0.009881482
9,0.008652516
3,0.0067385854
5,0.004930055
