Token,Probability
▁SELECT,0.47329983
<0x0A>,0.19576533
1,0.18247333
2,0.06405416
▁CREATE,0.013852685
SELECT,0.0075906455
▁VARCHAR,0.007414808
4,0.00542479
9,0.00415933
3,0.0030430309
