Token,Probability
1,0.52325284
<0x0A>,0.18083136
2,0.12428345
▁SELECT,0.041305773
9,0.013944216
4,0.012997438
▁CREATE,0.011742208
3,0.008261674
5,0.006384127
▁UN,0.0057675783
