Token,Probability
▁SELECT,0.5369086
1,0.1550334
2,0.11254217
<0x0A>,0.081696846
▁CREATE,0.02867829
4,0.011677955
3,0.008152527
9,0.0077791954
SELECT,0.0056913816
5,0.0055595404
