Token,Probability
▁SELECT,0.6647471
1,0.22616883
<0x0A>,0.02743739
▁CREATE,0.0231046
2,0.012561752
SELECT,0.008907616
▁VARCHAR,0.00499672
▁UN,0.00368435
9,0.0033809496
4,0.0032261251
