Token,Probability
1,0.41338885
2,0.1631551
▁SELECT,0.15568367
<0x0A>,0.088015564
4,0.036978114
5,0.031877127
3,0.020421254
9,0.014708877
7,0.012099192
▁CREATE,0.009798224
