Token,Probability
▁SELECT,0.41037932
1,0.37953883
2,0.06966126
<0x0A>,0.057751212
▁CREATE,0.016289478
4,0.009803181
9,0.0059925644
3,0.0054138307
SELECT,0.0048909886
▁UN,0.0040547717
