Token,Probability
1,0.46080685
▁SELECT,0.17765686
2,0.12796144
<0x0A>,0.12696563
▁CREATE,0.022410767
4,0.011268841
3,0.009790539
9,0.0075066662
▁UN,0.0047343955
7,0.004624723
