Token,Probability
2,0.5692722
1,0.3912547
<0x0A>,0.010426585
9,0.005451666
▁SELECT,0.0044148937
3,0.0040198066
4,0.0026987703
0,0.0020055557
5,0.0017288972
▁CREATE,0.0013892079
