Token,Probability
▁SELECT,0.68767154
<0x0A>,0.12920965
1,0.06396341
▁CREATE,0.026663918
2,0.022985734
4,0.008068752
SELECT,0.0060432157
0,0.0044909366
3,0.004421311
​,0.004057223
