Token,Probability
▁SELECT,0.48886
1,0.24581425
<0x0A>,0.07856695
2,0.075557105
4,0.02114601
5,0.013546642
3,0.013441221
9,0.011954869
7,0.009833806
6,0.007840195
