Token,Probability
1,0.4976498
▁SELECT,0.17333204
2,0.16030596
▁CREATE,0.033340458
<0x0A>,0.02658133
4,0.017706983
3,0.010656251
9,0.010089136
5,0.006514035
▁UN,0.005931097
