Token,Probability
▁SELECT,0.71449965
<0x0A>,0.1806538
1,0.050165746
▁CREATE,0.010515312
2,0.010352287
4,0.004182702
SELECT,0.004117856
9,0.0031572694
​,0.0022563986
3,0.0021699574
