Token,Probability
▁SELECT,0.517077
<0x0A>,0.34987184
1,0.071080774
2,0.008228197
​,0.0078513995
▁S,0.0069288365
SELECT,0.005655151
﻿,0.0049906536
<0x09>,0.0044042366
3,0.002777717
