Token,Probability
1,0.48045364
2,0.16997786
▁SELECT,0.15118143
0,0.073106565
<0x0A>,0.031689353
4,0.017500523
9,0.013107287
3,0.011657861
7,0.009514868
5,0.008731334
