Token,Probability
1,0.37953028
▁SELECT,0.21456696
<0x0A>,0.19844201
2,0.09900639
4,0.017475666
3,0.01628911
9,0.013932814
▁UN,0.008856237
▁CREATE,0.007399663
5,0.006428938
