Token,Probability
▁SELECT,0.66909045
<0x0A>,0.119961314
1,0.08440333
2,0.033573326
▁CREATE,0.029169006
SELECT,0.008422606
4,0.0076091904
3,0.0059260433
7,0.005480694
6,0.004543655
