Token,Probability
<0x0A>,0.36858758
1,0.29616845
2,0.101556554
▁CREATE,0.048348166
▁SELECT,0.0334898
</s>,0.019687636
▁UN,0.015574202
4,0.012416836
9,0.011848229
3,0.008271397
