Token,Probability
<0x0A>,0.47315
▁CREATE,0.15241393
1,0.14317963
▁SELECT,0.1334581
▁UN,0.031947695
2,0.014973581
3,0.0035288604
▁VARCHAR,0.0035013985
▁UNION,0.003213064
9,0.00316325
