Token,Probability
▁SELECT,0.63956505
1,0.14382552
<0x0A>,0.07942799
2,0.041855607
▁CREATE,0.028543046
SELECT,0.0069403406
4,0.0063192514
3,0.005077661
9,0.004960038
7,0.0044810204
