Token,Probability
2,0.6837418
1,0.22547413
3,0.01779901
4,0.012043414
7,0.009234006
9,0.008880256
6,0.008540059
▁SELECT,0.008022643
5,0.0077758115
<0x0A>,0.0064969338
