Token,Probability
▁SELECT,0.6902808
<0x0A>,0.10260108
1,0.08053251
2,0.043105952
▁CREATE,0.022893397
SELECT,0.0064573786
▁U,0.005523289
4,0.0052703586
▁FROM,0.0049125147
9,0.0035661033
