Token,Probability
1,0.60719174
2,0.13442846
<0x0A>,0.10886348
▁SELECT,0.026887381
▁CREATE,0.017910857
3,0.009662183
▁UN,0.009512384
4,0.009512384
﻿,0.0077637816
9,0.0059993854
