Token,Probability
▁SELECT,0.73951536
1,0.11340836
2,0.04954444
<0x0A>,0.04204782
4,0.00923668
3,0.008952498
SELECT,0.006652931
5,0.006105073
7,0.004163298
9,0.003617136
