Token,Probability
1,0.69942164
2,0.123455256
▁SELECT,0.083534
<0x0A>,0.021621568
▁CREATE,0.013425137
3,0.0066459244
9,0.006391323
4,0.005819366
0,0.004094435
5,0.003670228
