Token,Probability
▁SELECT,0.6767394
<0x0A>,0.23755789
1,0.034491874
﻿,0.0050472766
▁CREATE,0.0048161447
2,0.0047786655
SELECT,0.0040240395
<0x09>,0.0026597278
​,0.0026597278
▁U,0.0019458985
