Token,Probability
▁SELECT,0.6973152
<0x0A>,0.12117521
1,0.09967601
2,0.01978131
▁CREATE,0.014247943
SELECT,0.010342898
4,0.004483314
​,0.0027192675
3,0.0025745507
9,0.0025545156
