Token,Probability
1,0.7691174
2,0.15144819
▁SELECT,0.023225334
<0x0A>,0.009989091
4,0.007718971
3,0.0075992993
9,0.0055164997
0,0.003942465
5,0.0035065007
7,0.0030703947
