Token,Probability
1,0.41828582
▁SELECT,0.34949088
2,0.08836513
<0x0A>,0.056608826
4,0.011322478
SELECT,0.010974121
3,0.008749332
▁CREATE,0.007904364
9,0.005518135
0,0.0046105743
