Token,Probability
▁SELECT,0.54161793
1,0.15040186
2,0.11805178
<0x0A>,0.08980905
▁CREATE,0.017006971
SELECT,0.0100762965
4,0.007546798
3,0.0069253305
▁VARCHAR,0.0060640224
▁UN,0.005741301
