Token,Probability
1,0.4298433
<0x0A>,0.2046361
▁SELECT,0.09442405
2,0.07889424
▁CREATE,0.039055485
4,0.016797554
9,0.012679459
3,0.012580786
▁UN,0.012385739
5,0.009874773
