Token,Probability
1,0.4798651
<0x0A>,0.16583695
2,0.13325372
▁SELECT,0.07474857
▁CREATE,0.029966125
4,0.017074183
3,0.015305199
9,0.011643581
5,0.00781713
7,0.0071175783
