Token,Probability
<0x0A>,0.46421212
1,0.33698186
2,0.05810296
▁SELECT,0.017041542
▁CREATE,0.015157062
3,0.012763526
4,0.01171247
9,0.008772234
5,0.004844488
﻿,0.0045509757
