Token,Probability
1,0.5259157
2,0.19806167
▁SELECT,0.04524155
4,0.039000656
9,0.028757282
5,0.02744039
3,0.02537821
7,0.022571847
<0x0A>,0.021204289
6,0.018422604
