Token,Probability
1,0.45410544
▁SELECT,0.19838397
<0x0A>,0.12610053
2,0.12511921
▁CREATE,0.01590712
4,0.008716384
9,0.008648552
SELECT,0.0064270585
3,0.0063770427
5,0.0040852865
