Token,Probability
1,0.59539
2,0.29473943
▁SELECT,0.024193684
9,0.012749176
3,0.012356925
4,0.011608258
<0x0A>,0.007732766
5,0.007732766
7,0.006614186
▁CREATE,0.0060695177
