Token,Probability
▁SELECT,0.4483827
<0x0A>,0.25748453
1,0.1662445
2,0.039179243
4,0.014755039
3,0.009601287
5,0.009526568
7,0.005961574
9,0.005778156
6,0.0050595226
