Token,Probability
1,0.520349
2,0.2720708
<0x0A>,0.037400622
4,0.02779378
▁SELECT,0.024914185
3,0.02250809
9,0.020654585
5,0.012925308
7,0.01272492
6,0.010884201
