Token,Probability
▁SELECT,0.8059644
<0x0A>,0.09701368
1,0.043049563
2,0.012142687
SELECT,0.010632492
▁CREATE,0.0038508333
4,0.0037616286
▁U,0.0022286912
3,0.00184765
9,0.0013623717
