Token,Probability
1,0.7986436
2,0.06978469
▁SELECT,0.05434838
<0x0A>,0.024496732
4,0.008734578
3,0.006145544
9,0.004711952
▁CREATE,0.00453144
0,0.004357843
5,0.003238474
