Token,Probability
2,0.9600817
▁SELECT,0.022578957
1,0.010833502
<0x0A>,0.0028260876
▁CREATE,0.0006818254
4,0.0005831962
3,0.00044715204
SELECT,0.00033752806
0,0.00020472112
7,0.0001557436
