Token,Probability
▁SELECT,0.5481872
1,0.18505985
2,0.106270924
<0x0A>,0.056882735
▁CREATE,0.030447133
3,0.0067936736
4,0.0067408048
SELECT,0.0053742384
﻿,0.0050093406
9,0.004632883
