Token,Probability
▁SELECT,0.5162588
1,0.22730567
<0x0A>,0.11252447
2,0.057471875
▁CREATE,0.016595112
SELECT,0.010304139
▁UN,0.006601079
4,0.0055586663
3,0.0038503755
▁VARCHAR,0.0035889447
