Token,Probability
▁SELECT,0.55896443
1,0.23483859
▁CREATE,0.07051133
<0x0A>,0.051185735
2,0.026554808
▁VARCHAR,0.00543725
4,0.0045786235
SELECT,0.0041364413
▁U,0.003196394
3,0.00312235
