Token,Probability
2,0.5232286
1,0.28006408
▁SELECT,0.10143248
<0x0A>,0.021261403
▁CREATE,0.0190586
4,0.01036198
3,0.009002645
0,0.0044566323
5,0.0033378634
9,0.0030155084
