Token,Probability
1,0.4148745
<0x0A>,0.2516341
2,0.20698857
▁SELECT,0.015961245
4,0.012825221
3,0.01195442
9,0.009530895
0,0.0062505133
5,0.0060582054
7,0.0051015206
