Token,Probability
▁SELECT,0.6900088
1,0.14576809
2,0.087724775
SELECT,0.016482998
<0x0A>,0.013558543
3,0.012059219
▁CREATE,0.007200889
4,0.0067119664
▁VARCHAR,0.0019686134
5,0.0019686134
