Token,Probability
▁SELECT,0.57040364
1,0.20023052
2,0.101471886
▁CREATE,0.025857333
4,0.01763317
9,0.013001884
<0x0A>,0.010366005
3,0.009814336
7,0.009076778
5,0.0070139905
