Token,Probability
▁SELECT,0.3223673
1,0.31001762
2,0.12923458
<0x0A>,0.062007423
▁CREATE,0.03117929
4,0.019511502
9,0.014843569
0,0.013202142
7,0.012597572
6,0.010525665
