Token,Probability
1,0.5861836
2,0.19788688
▁SELECT,0.07810141
3,0.046273552
<0x0A>,0.022376427
4,0.013361575
▁CREATE,0.009699463
0,0.0073215393
9,0.0064109536
5,0.0049154493
