Token,Probability
▁SELECT,0.5223974
1,0.19368654
2,0.09970129
<0x0A>,0.06000129
▁CREATE,0.03392166
9,0.012875209
4,0.0103455195
0,0.0076283086
▁VARCHAR,0.007278983
3,0.0065248385
