Token,Probability
2,0.40471363
1,0.3103047
▁SELECT,0.16870974
<0x0A>,0.018346334
4,0.013527737
3,0.013214368
9,0.01203182
0,0.011391497
7,0.009443884
5,0.00826934
