Token,Probability
▁SELECT,0.68944556
<0x0A>,0.24201816
▁CREATE,0.018662436
1,0.010306376
SELECT,0.006399375
2,0.005223017
​,0.004099593
▁VARCHAR,0.0021772773
﻿,0.0018623241
4,0.0010948039
