Token,Probability
▁SELECT,0.2501468
1,0.18158711
▁CREATE,0.17463061
2,0.16405028
<0x0A>,0.123831645
▁VARCHAR,0.018120574
</s>,0.013785405
3,0.00636092
4,0.0049538887
▁UN,0.0049153375
