Token,Probability
1,0.32272112
▁SELECT,0.31279203
2,0.14546181
<0x0A>,0.11506978
4,0.019080438
3,0.01139345
9,0.010373854
▁CREATE,0.0069104764
5,0.00680334
0,0.0054240953
