Token,Probability
▁SELECT,0.5103099
1,0.16828234
2,0.110362254
<0x0A>,0.090075046
4,0.021902058
9,0.016662208
3,0.014589918
5,0.012775359
7,0.012001338
6,0.008780366
