Token,Probability
▁SELECT,0.4433031
<0x0A>,0.17359999
1,0.15561403
▁CREATE,0.087976195
2,0.041882947
▁UN,0.00811938
▁VARCHAR,0.006731202
SELECT,0.005802659
﻿,0.0038654043
9,0.0037464784
