Token,Probability
<0x0A>,0.5340186
▁SELECT,0.18745816
1,0.121032074
▁UN,0.01650838
2,0.012461179
▁CREATE,0.008767534
﻿,0.008366039
SELECT,0.008300935
9,0.007155853
▁VARCHAR,0.005572984
