Token,Probability
<0x0A>,0.3593758
▁SELECT,0.2588487
1,0.2393959
2,0.0497896
▁CREATE,0.011552117
▁UN,0.010600817
4,0.008584804
</s>,0.0057635647
9,0.0049298382
3,0.0048156385
