Token,Probability
1,0.48710015
2,0.15690763
9,0.11569643
▁SELECT,0.04530737
<0x0A>,0.04391341
4,0.029946344
7,0.018886922
5,0.01693013
3,0.016409243
▁CREATE,0.01470915
