Token,Probability
▁SELECT,0.4776276
1,0.19601797
<0x0A>,0.14681068
2,0.067742
4,0.025116345
3,0.01699457
5,0.010802406
9,0.009912845
7,0.007903209
6,0.006059601
