Token,Probability
▁SELECT,0.7965013
<0x0A>,0.090772256
1,0.04896796
2,0.020412883
▁CREATE,0.005894258
4,0.005494053
SELECT,0.00455473
9,0.003603088
7,0.003603088
3,0.0035472272
