Token,Probability
▁SELECT,0.32891247
1,0.30182704
2,0.12005851
<0x0A>,0.119124204
SELECT,0.024775473
▁CREATE,0.014451406
4,0.0120746
3,0.010167833
▁VARCHAR,0.0055281552
0,0.0052750027
