Token,Probability
▁SELECT,0.6508276
1,0.15100415
<0x0A>,0.086039566
2,0.037005156
▁CREATE,0.01846256
SELECT,0.007817538
4,0.006232686
▁FROM,0.004055686
▁VARCHAR,0.0033622815
3,0.003310154
