Token,Probability
1,0.690794
▁SELECT,0.21736796
2,0.030115174
<0x0A>,0.024388012
▁CREATE,0.005233233
9,0.00427124
4,0.0037109177
3,0.00275772
▁UN,0.0022507852
SELECT,0.001725737
