Token,Probability
▁SELECT,0.8049251
<0x0A>,0.100748196
1,0.045057375
▁CREATE,0.0107860025
2,0.009082724
SELECT,0.0035291663
4,0.0027700744
9,0.0023509315
3,0.0017607665
▁UN,0.0017065934
