Token,Probability
1,0.4663859
2,0.21186535
<0x0A>,0.110776365
▁SELECT,0.094014674
4,0.013757387
9,0.013650326
▁CREATE,0.011675743
3,0.0108829895
0,0.0075384257
5,0.007081696
