Token,Probability
1,0.526124
2,0.22104129
<0x0A>,0.0958143
9,0.024415651
▁SELECT,0.022936383
4,0.020400042
3,0.014241525
▁CREATE,0.011714758
6,0.009711876
5,0.0079887705
