Token,Probability
▁SELECT,0.5476917
1,0.19836079
2,0.10700761
<0x0A>,0.04426028
4,0.022961928
3,0.015415909
5,0.010189294
7,0.006894421
SELECT,0.006426307
9,0.006180119
