Token,Probability
▁SELECT,0.70647043
1,0.14808425
<0x0A>,0.0768251
2,0.020516282
▁CREATE,0.0074305055
SELECT,0.0055651916
4,0.0050277314
3,0.0034286152
9,0.00273353
▁U,0.0025084284
