Token,Probability
2,0.85030836
1,0.09690431
▁SELECT,0.022308638
4,0.0056847464
3,0.0049389936
<0x0A>,0.0039070654
9,0.0023883414
7,0.0020428565
5,0.0018893334
0,0.001860042
