Token,Probability
▁SELECT,0.3777234
<0x0A>,0.25359148
1,0.17429072
2,0.07855898
▁CREATE,0.03198964
4,0.006550063
▁UN,0.0049442467
▁U,0.0048297136
3,0.004466755
9,0.0043632826
