Token,Probability
▁SELECT,0.40000927
1,0.2749221
2,0.11732234
<0x0A>,0.054987878
4,0.029663734
3,0.020387566
5,0.016770355
7,0.01575429
9,0.014570337
6,0.011891963
