Token,Probability
1,0.39515072
▁SELECT,0.36545467
2,0.07366883
<0x0A>,0.06866689
▁CREATE,0.015808018
4,0.01069624
3,0.007886913
9,0.007467179
▁UN,0.007351411
▁U,0.006693536
