Token,Probability
▁SELECT,0.69054157
<0x0A>,0.13179217
1,0.060812097
▁CREATE,0.042123303
2,0.021347053
▁UN,0.0060684374
▁VARCHAR,0.00410611
SELECT,0.0033252295
4,0.0029807163
▁UNION,0.0028220857
