Token,Probability
▁SELECT,0.69542027
<0x0A>,0.11712789
1,0.07802399
▁CREATE,0.03714499
2,0.02961457
SELECT,0.00514624
4,0.005106192
9,0.0048344457
3,0.003401457
7,0.0026698343
