Token,Probability
1,0.63899964
<0x0A>,0.12582648
2,0.11546487
▁SELECT,0.03549099
▁CREATE,0.012075201
4,0.011343601
3,0.010010693
9,0.0076157344
0,0.00519348
5,0.004803183
