Token,Probability
▁SELECT,0.56002456
<0x0A>,0.29975954
1,0.07461605
2,0.011898569
SELECT,0.00662255
4,0.005447562
9,0.0049214615
3,0.004696092
<0x09>,0.0031528068
5,0.0024554082
