Token,Probability
▁SELECT,0.5472754
1,0.22111927
<0x0A>,0.083927415
2,0.05547263
▁CREATE,0.023488589
4,0.009868296
3,0.0063218684
5,0.0063218684
▁U,0.005323547
9,0.004923476
