Token,Probability
1,0.90227365
2,0.06044857
▁SELECT,0.021054313
<0x0A>,0.0023256056
4,0.002201839
3,0.0019279945
9,0.0013045464
SELECT,0.0009396295
5,0.0008100113
0,0.0006457973
