Token,Probability
▁SELECT,0.3677359
<0x0A>,0.28416428
▁CREATE,0.22130737
1,0.032894403
▁VARCHAR,0.015417296
2,0.009723567
▁U,0.006278007
▁FROM,0.0037487687
▁UNION,0.003605156
4,0.003206492
