Token,Probability
▁SELECT,0.41122535
1,0.32530603
2,0.087554924
<0x0A>,0.08552673
0,0.030258173
SELECT,0.009373545
9,0.0082721235
4,0.0075318553
3,0.004568301
5,0.0037872544
