Token,Probability
1,0.5792274
2,0.16856477
<0x0A>,0.14531192
▁SELECT,0.017355034
4,0.016050784
3,0.012598404
9,0.011560946
▁CREATE,0.0080708405
5,0.006849633
6,0.0056785457
