Token,Probability
2,0.40880913
▁SELECT,0.2723256
1,0.16777493
4,0.025330225
3,0.023982175
<0x0A>,0.020195019
7,0.016354423
5,0.012153575
6,0.011965151
9,0.0098422645
