Token,Probability
2,0.7261064
1,0.16456763
▁SELECT,0.0460572
<0x0A>,0.018901836
3,0.00819334
4,0.0055438904
▁CREATE,0.0051272614
9,0.0038401412
▁UN,0.0025983693
5,0.0018862138
