Token,Probability
2,0.508327
1,0.44164214
▁CREATE,0.012825526
▁SELECT,0.010800176
<0x0A>,0.0040992843
0,0.0032428007
3,0.0026883765
9,0.0024863416
4,0.001891509
▁VARCHAR,0.001568116
