Token,Probability
▁SELECT,0.64460236
1,0.10279083
<0x0A>,0.062345788
8,0.039320994
2,0.039015
4,0.019163523
3,0.01626387
7,0.01626387
5,0.015519093
9,0.014352816
