Token,Probability
▁SELECT,0.68362164
<0x0A>,0.12256662
1,0.081646964
2,0.027135482
▁CREATE,0.023946976
4,0.0080841435
SELECT,0.007190187
3,0.005732517
7,0.0034230421
5,0.0031167152
