Token,Probability
1,0.27549198
▁SELECT,0.24122885
<0x0A>,0.21623613
2,0.10055914
▁CREATE,0.027491339
▁UN,0.02042983
9,0.0099567035
4,0.008995132
▁U,0.0063785035
3,0.006039046
