Token,Probability
▁SELECT,0.51745534
1,0.19335894
2,0.12484191
<0x0A>,0.07169067
▁CREATE,0.03386428
SELECT,0.008903311
4,0.007857144
3,0.00574841
9,0.0042386116
7,0.002591011
