Token,Probability
▁SELECT,0.54757595
1,0.20783639
2,0.064889684
<0x0A>,0.052549273
▁CREATE,0.039357584
4,0.008185597
▁VARCHAR,0.005368246
3,0.0047374605
SELECT,0.0045917043
0,0.004520516
