Token,Probability
▁SELECT,0.600247
1,0.2622285
<0x0A>,0.03807389
▁CREATE,0.034666672
2,0.02536268
4,0.004108123
SELECT,0.0031745117
9,0.003076842
7,0.002694173
3,0.0026524037
