Token,Probability
▁SELECT,0.5118895
1,0.22714959
<0x0A>,0.13044104
2,0.04578911
SELECT,0.01463508
4,0.010875867
▁U,0.009375583
3,0.0063935923
9,0.005959484
5,0.004326121
