Token,Probability
1,0.5660524
2,0.3175266
▁SELECT,0.031685974
<0x0A>,0.014394003
3,0.012120965
4,0.010780609
9,0.009739469
5,0.005815703
▁UN,0.004821387
▁CREATE,0.0040284195
