Token,Probability
▁SELECT,0.44268826
1,0.28359675
<0x0A>,0.13821402
2,0.044175852
▁CREATE,0.016767263
4,0.0068277204
▁UN,0.0061683315
3,0.0045128474
▁VARCHAR,0.004339963
SELECT,0.004206436
