Token,Probability
▁SELECT,0.46861213
1,0.14291862
<0x0A>,0.13217811
▁CREATE,0.10620811
2,0.060515553
4,0.010434191
3,0.007284239
5,0.0065295496
SELECT,0.0058075017
▁VARCHAR,0.0057623074
