Token,Probability
▁SELECT,0.30445546
1,0.26868102
<0x0A>,0.1495435
2,0.11737804
▁CREATE,0.043860972
4,0.013694063
3,0.011441818
▁UN,0.009863464
9,0.009863464
5,0.008113463
