Token,Probability
▁SELECT,0.5135666
1,0.27275315
<0x0A>,0.08786088
2,0.053290322
▁CREATE,0.015267933
4,0.007155936
SELECT,0.0059324796
▁U,0.004656456
9,0.0034603844
3,0.0034603844
