Token,Probability
▁SELECT,0.6568921
<0x0A>,0.14095734
1,0.09172269
▁CREATE,0.030011548
2,0.022302689
SELECT,0.00839927
4,0.003967534
▁FROM,0.0038454658
▁U,0.0037563858
0,0.0037563858
