Token,Probability
1,0.6295943
▁SELECT,0.14048149
2,0.09358084
<0x0A>,0.030144824
▁CREATE,0.027021643
0,0.013481599
4,0.009051117
9,0.008241136
3,0.0067262193
5,0.0048827115
