Token,Probability
▁SELECT,0.36953762
3,0.14930668
2,0.13916914
4,0.0994597
1,0.08507239
<0x0A>,0.08310169
5,0.013672378
▁CREATE,0.010565195
7,0.008228182
9,0.0066633844
