Token,Probability
▁SELECT,0.3224541
1,0.31745493
2,0.19865821
<0x0A>,0.02667624
▁CREATE,0.01763192
4,0.015929112
9,0.014847565
3,0.009437686
5,0.009437686
7,0.006237929
