Token,Probability
1,0.41341618
6,0.32960412
▁SELECT,0.058634885
2,0.04823174
<0x0A>,0.030182652
4,0.019794267
▁CREATE,0.019640226
5,0.01308321
7,0.008513408
3,0.007935368
