Token,Probability
1,0.51943773
2,0.39209217
▁SELECT,0.046102718
<0x0A>,0.011297957
9,0.0052131503
4,0.004673038
3,0.0040284107
0,0.0021394726
5,0.0020414991
7,0.0018443408
