Token,Probability
▁SELECT,0.28597668
1,0.25040954
2,0.22800048
<0x0A>,0.06431049
4,0.026808599
3,0.024409508
▁CREATE,0.02071608
9,0.016133701
5,0.014237939
7,0.0104167
