Token,Probability
▁SELECT,0.5757042
1,0.18544932
2,0.079140045
<0x0A>,0.06509883
4,0.015705824
3,0.012919258
5,0.0075357356
0,0.00719065
6,0.005470358
7,0.005470358
