Token,Probability
1,0.36856785
<0x0A>,0.22354771
▁SELECT,0.16355099
2,0.08754254
▁CREATE,0.013636499
4,0.008270954
3,0.0073563387
▁UN,0.007019467
0,0.005552856
9,0.005340129
