Token,Probability
▁SELECT,0.38560534
1,0.32982573
2,0.083393
<0x0A>,0.048264172
4,0.02644658
3,0.01846269
▁CREATE,0.015186993
5,0.01460519
7,0.010938781
9,0.009356435
