Token,Probability
1,0.41490924
▁SELECT,0.23640816
2,0.17161393
<0x0A>,0.08765182
▁CREATE,0.019254548
4,0.0094575165
3,0.008815375
9,0.007138908
▁VARCHAR,0.0047928365
5,0.0045733564
