Token,Probability
6,0.80468756
1,0.08888373
2,0.044693545
4,0.014284915
5,0.012314367
7,0.010533036
3,0.006338893
9,0.004784847
▁SELECT,0.003726443
<0x0A>,0.0031135594
