Token,Probability
1,0.43703747
▁SELECT,0.35116947
2,0.07418644
<0x0A>,0.022449514
4,0.0174837
7,0.01591909
9,0.0144944955
3,0.013830742
▁CREATE,0.011466089
5,0.011200477
