Token,Probability
▁SELECT,0.52209586
<0x0A>,0.19816525
1,0.14611788
2,0.040575467
SELECT,0.011994088
▁CREATE,0.009488103
4,0.008373222
3,0.0054912935
9,0.005406158
0,0.0039244504
