Token,Probability
1,0.40605578
▁SELECT,0.24246697
2,0.133903
▁CREATE,0.048119042
<0x0A>,0.04520366
4,0.018121798
9,0.01207172
3,0.011609261
7,0.009401465
0,0.008901129
