Token,Probability
▁SELECT,0.46934554
1,0.22519444
2,0.10310153
<0x0A>,0.049856644
4,0.030239582
3,0.02977076
5,0.016313031
7,0.016060121
6,0.013736949
9,0.0102885
