Token,Probability
▁SELECT,0.6368416
<0x0A>,0.21331522
▁CREATE,0.07201205
1,0.01923095
2,0.015573697
SELECT,0.005466882
4,0.0028584257
​,0.0025225515
▁FROM,0.0022612007
3,0.0020111536
