Token,Probability
4,0.71075237
1,0.18541084
2,0.045793246
5,0.010624887
3,0.010542204
▁SELECT,0.008947052
<0x0A>,0.006753589
9,0.00378842
▁CREATE,0.0033694906
6,0.0031653435
