Token,Probability
▁SELECT,0.7957345
<0x0A>,0.08858417
1,0.059472594
2,0.015037027
▁CREATE,0.01057987
SELECT,0.008435008
4,0.002360688
9,0.0022880575
​,0.0020510014
0,0.0013139208
