Token,Probability
▁SELECT,0.67911595
2,0.13797078
<0x0A>,0.09408789
▁CREATE,0.04175125
1,0.023604017
▁VARCHAR,0.0018059819
SELECT,0.0015568536
3,0.0014739995
ql,0.001352618
4,0.0012806329
