Token,Probability
1,0.4159007
▁SELECT,0.25823864
2,0.16414645
<0x0A>,0.047028746
9,0.020069404
4,0.014010702
3,0.008497921
0,0.007325666
7,0.0071559665
5,0.006464877
