Token,Probability
<0x0A>,0.49734226
▁SELECT,0.43890297
1,0.023627313
▁U,0.0055683064
2,0.0036804255
<0x09>,0.0029114562
SELECT,0.0023212153
▁FROM,0.0022322913
​,0.002146773
▁JOIN,0.0017115568
