Token,Probability
▁SELECT,0.45171627
<0x0A>,0.27612865
1,0.147801
2,0.030500462
▁CREATE,0.024317088
SELECT,0.0085361
▁FROM,0.0072444947
▁VARCHAR,0.0038776984
4,0.003239938
0,0.002904262
