Token,Probability
▁SELECT,0.60264003
1,0.12053558
2,0.100711256
<0x0A>,0.06976064
▁CREATE,0.020301504
4,0.016962543
3,0.014622626
5,0.012507394
7,0.009589752
6,0.007016013
