Token,Probability
1,0.35998985
2,0.21664572
3,0.14097404
<0x0A>,0.13770838
▁SELECT,0.03648909
▁CREATE,0.015940903
4,0.01581685
▁UN,0.008942036
9,0.007471351
5,0.006193967
