Token,Probability
1,0.62302834
2,0.14683059
▁SELECT,0.10658758
<0x0A>,0.033019293
4,0.016996875
9,0.011060078
3,0.010974008
5,0.00784277
7,0.0068139154
0,0.0066042743
