Token,Probability
▁SELECT,0.5379993
1,0.18448065
2,0.097214475
<0x0A>,0.03307556
5,0.02964874
4,0.02918908
▁CREATE,0.022732478
3,0.011078926
7,0.00856113
SELECT,0.007496376
