Token,Probability
1,0.6247329
2,0.14838707
<0x0A>,0.072318085
▁SELECT,0.033369314
4,0.015277585
▁UN,0.014464526
9,0.012372164
3,0.009635452
▁CREATE,0.008911336
5,0.008841988
