Token,Probability
1,0.32948393
▁SELECT,0.31439576
<0x0A>,0.14060648
2,0.09739526
▁CREATE,0.01602404
9,0.014363856
4,0.012190447
SELECT,0.008988672
0,0.00864432
3,0.008248469
