Token,Probability
1,0.6911743
2,0.15911737
<0x0A>,0.032580197
4,0.018419173
7,0.016902382
▁SELECT,0.015632149
9,0.0153897945
3,0.010332219
5,0.009118151
6,0.0076782536
