Token,Probability
▁SELECT,0.6758035
<0x0A>,0.24861424
1,0.02500379
▁CREATE,0.011447568
2,0.01127009
SELECT,0.0025743314
​,0.0022718394
▁U,0.0020685333
4,0.0018834212
3,0.0016621131
