Token,Probability
1,0.5064484
<0x0A>,0.2111191
2,0.1395412
▁SELECT,0.02947883
4,0.012678688
3,0.012288606
▁CREATE,0.011188902
9,0.008314886
6,0.006083301
5,0.005538908
