Token,Probability
2,0.77258325
1,0.2015404
3,0.006279183
4,0.0041502863
<0x0A>,0.0033610042
9,0.0030127845
5,0.0017300968
7,0.0011890769
6,0.001152493
</s>,0.00049956865
