Token,Probability
1,0.3972257
2,0.2816752
<0x0A>,0.105254345
▁SELECT,0.08197215
▁UN,0.025995987
▁CREATE,0.020725809
9,0.009197022
▁VARCHAR,0.008707565
4,0.006781459
3,0.0060788603
