Token,Probability
8,0.75020134
2,0.06304061
1,0.050260354
▁SELECT,0.027974103
9,0.025871815
7,0.024687057
▁CREATE,0.014626598
6,0.01222098
4,0.007017918
<0x0A>,0.0057278574
