Token,Probability
1,0.37939698
▁SELECT,0.33481663
2,0.10291419
<0x0A>,0.0634036
4,0.018307908
3,0.012681516
7,0.010513348
5,0.010189885
9,0.010031906
0,0.0075724795
