Token,Probability
1,0.5359497
2,0.16733167
<0x0A>,0.099140726
▁SELECT,0.0645121
▁CREATE,0.019829394
4,0.015322968
3,0.01184067
9,0.010368038
▁UN,0.007294826
5,0.006746611
