Token,Probability
▁SELECT,0.6382111
<0x0A>,0.16390616
▁CREATE,0.08570032
1,0.041119464
2,0.015852965
SELECT,0.0066084987
▁VARCHAR,0.005696882
4,0.002733394
﻿,0.0022660634
9,0.0019534687
