Token,Probability
▁SELECT,0.67778903
1,0.1205752
<0x0A>,0.07907514
2,0.052675396
▁CREATE,0.011753471
4,0.008399827
3,0.0069095087
SELECT,0.0056836074
9,0.005639377
5,0.004496103
