Token,Probability
▁SELECT,0.5817533
1,0.18886764
<0x0A>,0.10188646
2,0.04556644
4,0.010167248
SELECT,0.009257384
9,0.008833457
▁CREATE,0.006667844
3,0.0058385585
7,0.004441741
