Token,Probability
<0x0A>,0.3815808
1,0.35290453
2,0.0935104
▁SELECT,0.040851664
▁CREATE,0.014911535
4,0.010995077
9,0.009478348
3,0.0093314005
0,0.008234933
▁VARCHAR,0.0068269987
