Token,Probability
1,0.47701743
▁SELECT,0.22183372
2,0.13143212
4,0.028424188
<0x0A>,0.024695365
3,0.019843284
9,0.014861932
5,0.014517655
0,0.014181355
7,0.014181355
