Token,Probability
▁SELECT,0.4521933
<0x0A>,0.28743154
1,0.12362277
2,0.03951221
▁CREATE,0.021149363
▁UN,0.011956765
▁FROM,0.010551808
▁U,0.005223524
4,0.004263316
SELECT,0.0041321474
