Token,Probability
1,0.74647725
▁SELECT,0.084409304
2,0.05579114
<0x0A>,0.044829443
4,0.010985928
9,0.009323636
3,0.007375602
▁CREATE,0.005271106
5,0.0049905824
7,0.0041051414
