Token,Probability
1,0.6879077
2,0.082803234
<0x0A>,0.080885105
▁SELECT,0.0388091
4,0.024286114
▁UN,0.010861421
3,0.01052725
▁CREATE,0.0085920915
9,0.00800871
5,0.0058137
