Token,Probability
▁SELECT,0.30636194
<0x0A>,0.22239493
1,0.1665661
▁CREATE,0.09868716
2,0.07276735
▁UN,0.010081528
﻿,0.00869082
3,0.008164269
<s>,0.007433652
▁VARCHAR,0.0065091234
