Token,Probability
▁SELECT,0.7423679
1,0.108632416
▁CREATE,0.046722226
<0x0A>,0.03339087
2,0.027682003
SELECT,0.005802463
▁VARCHAR,0.003805348
4,0.0037463515
0,0.0021852273
3,0.0019896722
