Token,Probability
1,0.583187
2,0.1806629
▁SELECT,0.12034743
4,0.018312253
3,0.015300459
9,0.013502609
<0x0A>,0.0131898215
7,0.011370338
▁CREATE,0.008855226
5,0.00739882
