Token,Probability
1,0.44845217
▁SELECT,0.2636314
2,0.109897934
<0x0A>,0.04042919
4,0.025899911
9,0.017118795
3,0.01570909
5,0.015465544
7,0.011226781
6,0.009830498
