Token,Probability
1,0.5587443
2,0.15883715
<0x0A>,0.08240363
▁SELECT,0.052789748
▁CREATE,0.02938192
9,0.021496272
3,0.017544746
4,0.01560462
7,0.0100751
5,0.009765122
