Token,Probability
▁SELECT,0.4216016
1,0.37792122
2,0.07383799
<0x0A>,0.032765403
4,0.013033179
9,0.012632189
3,0.009241908
5,0.0075430255
0,0.0074260817
7,0.0074260817
