Token,Probability
▁SELECT,0.39875346
1,0.20050584
<0x0A>,0.14107348
2,0.08164707
▁CREATE,0.03767393
▁UN,0.012423545
9,0.009827833
4,0.008948344
5,0.005512914
▁U,0.005138601
