Token,Probability
▁SELECT,0.60218406
2,0.1865479
1,0.084083736
<0x0A>,0.0724847
▁CREATE,0.014958065
SELECT,0.005812078
▁VARCHAR,0.0045619523
▁U,0.0027669638
4,0.0027028674
3,0.002519349
