Token,Probability
▁SELECT,0.38873333
1,0.24709393
2,0.11312784
<0x0A>,0.08879507
▁CREATE,0.07959539
▁VARCHAR,0.007520112
▁WHEN,0.0059955567
▁U,0.004420846
4,0.0040567964
3,0.003722726
