Token,Probability
▁SELECT,0.7417367
<0x0A>,0.112863794
1,0.0441981
▁CREATE,0.026598886
2,0.02205125
SELECT,0.0049977824
4,0.0047689173
▁VARCHAR,0.0033816688
3,0.0033033325
﻿,0.0029610882
