Token,Probability
1,0.4740335
2,0.29204357
<0x0A>,0.0511476
4,0.03251139
3,0.030781168
9,0.022696609
5,0.02050468
6,0.016605193
▁SELECT,0.015844785
7,0.014203175
