Token,Probability
2,0.8288989
▁SELECT,0.073568955
1,0.065946795
▁CREATE,0.0064788028
3,0.006428384
<0x0A>,0.0052878447
4,0.003662783
5,0.0013902356
▁VARCHAR,0.0011346773
SELECT,0.0010412384
