Token,Probability
▁SELECT,0.42839363
1,0.2518396
▁CREATE,0.12963593
2,0.06938911
<0x0A>,0.04480098
▁VARCHAR,0.0088910265
▁UN,0.00660725
SELECT,0.0063046818
4,0.0060631535
3,0.004470689
