Token,Probability
1,0.63124436
2,0.18953392
4,0.030940562
9,0.026464866
3,0.023173409
5,0.021265116
7,0.017356083
<0x0A>,0.015557892
6,0.014845445
8,0.0096601145
