Token,Probability
1,0.51612645
▁SELECT,0.2101695
2,0.18259841
<0x0A>,0.013862181
▁CREATE,0.012523437
3,0.009306627
4,0.0074780853
9,0.007304856
5,0.004430619
▁VARCHAR,0.003940674
