Token,Probability
<0x0A>,0.4100581
▁SELECT,0.40370077
1,0.09221395
2,0.020415591
4,0.006374059
▁FROM,0.005669205
3,0.0052431575
9,0.0050818427
SELECT,0.0047367983
5,0.0041802092
