Token,Probability
▁SELECT,0.6003447
1,0.20747359
<0x0A>,0.09877223
2,0.029889401
4,0.0077364394
9,0.0061200266
3,0.005317171
▁U,0.0042724675
SELECT,0.003951386
7,0.0038598524
