Token,Probability
▁SELECT,0.49647573
<0x0A>,0.41807452
1,0.03858436
2,0.006249707
<0x09>,0.004867277
​,0.0044664643
4,0.0031425501
3,0.0029521526
SELECT,0.0025251098
9,0.002299139
