Token,Probability
▁SELECT,0.5188168
1,0.1671244
<0x0A>,0.10376989
2,0.08535878
▁CREATE,0.018604917
4,0.017892174
3,0.011918758
9,0.00957699
7,0.00878834
SELECT,0.008385893
