Token,Probability
1,0.4322213
▁SELECT,0.27906305
<0x0A>,0.11363599
2,0.092746995
▁CREATE,0.010487539
9,0.006666285
4,0.0064109038
▁VARCHAR,0.0053565106
0,0.0048771584
SELECT,0.004546012
