Token,Probability
2,0.57265675
1,0.3017689
<0x0A>,0.05285086
3,0.0124554895
4,0.011340852
▁SELECT,0.0077337897
9,0.006361642
5,0.0060230815
7,0.003981014
0,0.0036818357
