Token,Probability
1,0.61898416
2,0.1745925
▁SELECT,0.050809313
<0x0A>,0.03926239
4,0.021682752
9,0.01928504
3,0.01367514
5,0.010403499
6,0.009621664
7,0.008557685
