Token,Probability
<0x0A>,0.31781477
▁SELECT,0.28267032
1,0.1810854
▁CREATE,0.120628886
2,0.03483182
▁VARCHAR,0.006196402
SELECT,0.0052178935
</s>,0.004393907
4,0.003614329
▁UN,0.003189634
