Token,Probability
▁SELECT,0.7879231
<0x0A>,0.119891584
1,0.025327748
▁CREATE,0.020035896
SELECT,0.018100925
2,0.0048717977
▁VARCHAR,0.0039453018
ql,0.0018782452
▁FROM,0.001280852
<0x09>,0.0008465914
