Token,Probability
1,0.4782303
<0x0A>,0.1843742
▁SELECT,0.1018211
2,0.09270917
▁CREATE,0.01928167
4,0.018982736
9,0.0125468215
3,0.011786649
5,0.0075508105
7,0.0074337465
