Token,Probability
▁SELECT,0.7774251
<0x0A>,0.10439427
1,0.039623596
▁CREATE,0.025582917
2,0.015884794
SELECT,0.005843689
▁U,0.004143796
4,0.0034894263
9,0.0027175678
3,0.0020836315
