Token,Probability
▁SELECT,0.5322817
1,0.20682238
2,0.10563453
<0x0A>,0.031965997
4,0.018939227
3,0.017653303
▁CREATE,0.010961184
5,0.010707268
7,0.010377841
▁VARCHAR,0.00814566
