Token,Probability
1,0.4484995
<0x0A>,0.17291196
2,0.13052079
▁SELECT,0.12261293
0,0.013973429
4,0.013973429
3,0.010547698
▁CREATE,0.009831536
5,0.0069716023
9,0.006104539
