Token,Probability
▁SELECT,0.59597373
1,0.115534775
<0x0A>,0.096532926
2,0.077566385
▁CREATE,0.064809136
SELECT,0.012563825
▁UN,0.0051966235
9,0.0035162114
3,0.0029150418
4,0.0023978478
