Token,Probability
1,0.48074016
▁SELECT,0.22009888
2,0.1056046
<0x0A>,0.045776207
4,0.026493233
9,0.019082362
3,0.017374689
5,0.016322007
7,0.013321635
0,0.012711594
