Token,Probability
▁SELECT,0.5508128
<0x0A>,0.21570137
6,0.08316029
1,0.05943198
▁CREATE,0.023825824
2,0.021693658
4,0.006988092
SELECT,0.0058845626
7,0.004916736
5,0.0045472374
