Token,Probability
1,0.60243636
▁SELECT,0.16598867
2,0.13977648
<0x0A>,0.015929451
9,0.012700065
4,0.00839423
▁CREATE,0.0071799657
3,0.0069590616
0,0.0064360793
7,0.0045283474
