Token,Probability
▁SELECT,0.7637189
<0x0A>,0.069391355
1,0.056635574
▁CREATE,0.03435121
2,0.02342549
SELECT,0.006607463
4,0.0065560434
​,0.0041348445
9,0.003764819
3,0.003427907
