Token,Probability
▁SELECT,0.34362623
1,0.26761636
<0x0A>,0.14324471
▁FROM,0.09034331
▁CREATE,0.078491636
2,0.017651213
▁VARCHAR,0.008535569
▁UN,0.00675219
9,0.0047137886
4,0.0028147318
