Token,Probability
1,0.4743923
2,0.22761591
9,0.04482023
4,0.04344126
<0x0A>,0.043103196
3,0.03774242
5,0.02325243
7,0.022891933
6,0.020044848
▁SELECT,0.015130646
