Token,Probability
▁SELECT,0.68762785
<0x0A>,0.2163717
1,0.051795863
2,0.011289496
4,0.004855552
SELECT,0.0034163075
3,0.003184349
5,0.0023849672
<0x09>,0.0015887304
▁U,0.001576367
