Token,Probability
1,0.39398053
<0x0A>,0.19810584
▁SELECT,0.17758094
2,0.04596425
▁CREATE,0.04317942
﻿,0.011003094
9,0.010499225
▁UN,0.009940467
4,0.009338204
</s>,0.009050898
