Token,Probability
▁SELECT,0.46051773
<0x0A>,0.2771445
1,0.11643712
▁CREATE,0.038396887
2,0.026596747
SELECT,0.012176879
▁VARCHAR,0.0049973805
4,0.003922489
﻿,0.0030310645
0,0.0029840723
