Token,Probability
1,0.64208645
2,0.16749826
▁SELECT,0.060191754
<0x0A>,0.02180001
4,0.019088726
3,0.014635834
9,0.014185537
7,0.010961734
5,0.010707805
6,0.00741708
