Token,Probability
▁SELECT,0.6953426
<0x0A>,0.24030398
1,0.016481146
▁CREATE,0.0073708254
2,0.0033746099
SELECT,0.0033222912
▁FROM,0.0031701524
<0x09>,0.0027115748
​,0.002319333
▁JOIN,0.0023012839
