Token,Probability
2,0.78577685
1,0.14088203
<0x0A>,0.014058615
4,0.013206847
3,0.012310134
9,0.0072367545
5,0.0047090463
7,0.0042542685
6,0.0039039364
▁SELECT,0.0033392138
