Token,Probability
▁SELECT,0.76391816
1,0.073311
2,0.06520415
<0x0A>,0.040171113
▁CREATE,0.02288881
SELECT,0.0050280043
4,0.0038853404
3,0.0034021179
▁U,0.002338239
5,0.0021794785
