Token,Probability
1,0.31883404
7,0.3090245
2,0.08716437
▁SELECT,0.08648605
▁CREATE,0.03083755
<0x0A>,0.028520074
9,0.023829414
4,0.02238566
6,0.019297648
8,0.017163683
