Token,Probability
▁SELECT,0.52508193
<0x0A>,0.2072378
1,0.13380277
2,0.041127596
4,0.010398684
3,0.007972948
▁U,0.00766751
5,0.0070361025
▁UN,0.0069270176
9,0.0064064437
