Token,Probability
▁SELECT,0.7173099
<0x0A>,0.20232655
1,0.035712756
2,0.010152251
4,0.005266919
SELECT,0.0051852628
▁CREATE,0.0036198967
3,0.0027538722
5,0.002337181
9,0.0017368455
