Token,Probability
▁SELECT,0.6645174
<0x0A>,0.19188067
1,0.06949457
2,0.017030377
▁CREATE,0.012557412
▁FROM,0.005400876
▁U,0.0038297945
4,0.0034062895
SELECT,0.0028908805
3,0.002571202
