Token,Probability
▁SELECT,0.59520847
1,0.13595845
<0x0A>,0.07567226
▁CREATE,0.06422222
2,0.051604003
3,0.010566216
4,0.0063093756
9,0.0046160375
SELECT,0.004404654
▁UN,0.004370377
