Token,Probability
2,0.9425222
<0x0A>,0.031751323
1,0.020340664
3,0.0019068153
4,0.0005420603
▁SELECT,0.00041561207
5,0.00017325288
9,0.00016148944
6,0.00015170529
oun,0.0001447582
