Token,Probability
▁SELECT,0.57808983
<0x0A>,0.18767828
1,0.09437057
2,0.04058827
▁CREATE,0.0155264
4,0.011904503
5,0.010342812
3,0.009127499
SELECT,0.008441557
9,0.008246008
