Token,Probability
▁SELECT,0.3265627
2,0.28151464
1,0.17074727
<0x0A>,0.14491132
4,0.008839647
▁CREATE,0.008175338
3,0.0072147097
SELECT,0.005488662
9,0.004806033
▁U,0.0040788273
