Token,Probability
2,0.5748418
1,0.3950826
▁SELECT,0.0055916943
4,0.0045282925
0,0.0036671225
3,0.0036385849
9,0.0027039668
<0x0A>,0.002241667
5,0.0015649358
▁CREATE,0.0014701211
