Token,Probability
1,0.7309911
2,0.14620742
9,0.028565904
4,0.021731794
3,0.016924739
5,0.010758018
7,0.009201821
6,0.008780438
▁SELECT,0.0070552807
0,0.0067321956
