Token,Probability
1,0.5040206
2,0.25742853
▁SELECT,0.03886589
4,0.033504494
3,0.024704663
5,0.023207886
<0x0A>,0.022145119
6,0.019696275
7,0.01924001
9,0.018216077
