Token,Probability
<0x0A>,0.7294811
1,0.11186955
▁SELECT,0.048872184
2,0.017700333
▁CREATE,0.011883441
▁UN,0.009254835
</s>,0.0047269063
ql,0.0041068075
4,0.0037686185
9,0.0035127385
