Token,Probability
1,0.60441035
2,0.26404735
<0x0A>,0.04884385
4,0.015131119
3,0.012446519
▁SELECT,0.011421567
9,0.00868907
5,0.00635706
6,0.005879319
0,0.00535318
