Token,Probability
1,0.4446797
2,0.24176817
<0x0A>,0.12348309
9,0.025482178
7,0.022312941
4,0.019385818
3,0.016581569
▁CREATE,0.013639626
▁SELECT,0.012419022
5,0.01166659
