Token,Probability
1,0.53606695
2,0.23787828
<0x0A>,0.047951814
▁SELECT,0.030480027
9,0.03024283
4,0.025666755
3,0.019526238
5,0.013007279
6,0.010051246
7,0.010051246
