Token,Probability
<0x0A>,0.35065964
▁SELECT,0.14503914
1,0.12405854
2,0.12118473
4,0.04745662
▁AV,0.039962478
7,0.030165263
6,0.028783895
3,0.02725204
5,0.022769935
