Token,Probability
1,0.6009937
2,0.2176655
▁SELECT,0.070665635
<0x0A>,0.050502453
▁CREATE,0.011717512
9,0.0067815753
3,0.0062719323
4,0.005491887
0,0.0033571234
5,0.0032793556
