Token,Probability
▁SELECT,0.38951224
1,0.32544968
2,0.086235575
<0x0A>,0.06663769
▁UN,0.02413457
▁CREATE,0.02267233
9,0.012520851
3,0.0090184305
7,0.008538479
4,0.0070235603
