Token,Probability
▁SELECT,0.7838098
<0x0A>,0.098105304
1,0.061874233
2,0.020887822
▁CREATE,0.0057552005
SELECT,0.004922684
4,0.0037449803
3,0.001988944
​,0.0015857244
9,0.0015733843
