Token,Probability
1,0.6443107
2,0.18173619
3,0.03721153
9,0.034415036
4,0.02875484
5,0.01813545
7,0.01813545
6,0.017170299
8,0.009556711
<0x0A>,0.0032515072
