Token,Probability
1,0.44366562
▁SELECT,0.18208
2,0.16971722
<0x0A>,0.05957635
▁CREATE,0.037281927
9,0.014261609
4,0.013087188
3,0.009574791
▁UN,0.007227431
5,0.007227431
