Token,Probability
2,0.4541512
1,0.23932089
▁SELECT,0.10703091
3,0.08335576
4,0.031886417
<0x0A>,0.022788199
5,0.015540199
7,0.010515026
6,0.009801082
9,0.0083833095
