Token,Probability
2,0.5284232
1,0.23448636
▁SELECT,0.16115995
<0x0A>,0.022327853
▁CREATE,0.009307635
▁UN,0.008023682
3,0.005962694
4,0.005689643
9,0.0026459296
5,0.0024280413
