Token,Probability
▁SELECT,0.40703306
2,0.21617363
1,0.18061984
▁CREATE,0.093704335
<0x0A>,0.03501475
SELECT,0.007397054
4,0.0067350953
▁UN,0.004738732
0,0.004416983
3,0.0042477716
