Token,Probability
<0x0A>,0.4794355
1,0.27104825
2,0.18340042
3,0.0097961
4,0.008645028
9,0.006178323
5,0.00459134
7,0.003465725
6,0.003180328
0,0.0029876416
