Token,Probability
▁SELECT,0.62664783
1,0.2165637
2,0.041656077
<0x0A>,0.03169027
4,0.01593487
9,0.012122609
3,0.010614911
5,0.008397086
7,0.007527099
0,0.0070160283
