Token,Probability
1,0.40544748
▁SELECT,0.27433953
2,0.13266191
4,0.029141955
3,0.023784969
5,0.023416217
7,0.020990163
9,0.019873086
<0x0A>,0.01767549
6,0.015237225
