Token,Probability
▁SELECT,0.64758366
1,0.12751678
<0x0A>,0.12073047
2,0.035967764
4,0.01453229
3,0.007307294
9,0.00639848
SELECT,0.0062992815
5,0.0055158352
7,0.0035612907
