Token,Probability
▁SELECT,0.7352045
1,0.10185867
2,0.036318827
<0x0A>,0.028955892
9,0.022375379
▁CREATE,0.014222656
4,0.007095947
3,0.006460933
5,0.0063112658
▁UN,0.005746473
