Token,Probability
1,0.64211756
2,0.17554517
▁SELECT,0.03003224
<0x0A>,0.02548803
4,0.018647442
▁CREATE,0.018073719
9,0.013018012
3,0.010378864
6,0.009981256
5,0.009303554
