Token,Probability
2,0.5466494
1,0.33678094
▁SELECT,0.04776569
<0x0A>,0.014567713
3,0.008698779
▁CREATE,0.007498816
4,0.006464383
▁UN,0.005153856
9,0.0043062083
5,0.0026737854
