Token,Probability
1,0.4459169
▁SELECT,0.20256688
2,0.19178647
<0x0A>,0.03230211
4,0.02085581
9,0.017700097
3,0.013784849
5,0.009928854
7,0.009928854
▁CREATE,0.007612717
