Token,Probability
▁SELECT,0.39901003
1,0.33338535
<0x0A>,0.1152149
2,0.04840541
▁CREATE,0.023775937
4,0.011230958
SELECT,0.010468403
3,0.0064493963
9,0.005918299
5,0.004645326
