Token,Probability
1,0.658701
2,0.14697607
▁SELECT,0.0739042
4,0.01636193
3,0.015014551
9,0.013670903
0,0.0116933435
7,0.011512055
5,0.011422467
<0x0A>,0.011245379
