Token,Probability
▁SELECT,0.5361328
<0x0A>,0.3102899
1,0.07663619
2,0.02430378
4,0.008802246
3,0.0056831576
9,0.004899188
5,0.004531008
7,0.0030898792
6,0.003041975
