Token,Probability
1,0.49600336
2,0.21002103
▁SELECT,0.17685544
<0x0A>,0.04686203
▁CREATE,0.011848575
3,0.010134623
4,0.009977501
9,0.0063420855
5,0.0031641838
7,0.0031641838
