Token,Probability
▁SELECT,0.47588676
1,0.29780233
2,0.10453845
4,0.019337667
3,0.016540384
9,0.014711322
5,0.013084521
7,0.0124853365
<0x0A>,0.011820879
6,0.010270159
