Token,Probability
8,0.33470306
1,0.2487302
2,0.117491834
▁SELECT,0.08938306
9,0.05092893
7,0.04494463
4,0.025015453
<0x0A>,0.02295547
6,0.016794581
3,0.014591384
