Token,Probability
2,0.954721
1,0.037601504
3,0.0015519996
4,0.0013696348
▁SELECT,0.0009712165
<0x0A>,0.0005078123
▁CREATE,0.00042762086
7,0.0003517513
6,0.00024365101
0,0.00022012033
