Token,Probability
1,0.45472142
2,0.38291386
4,0.029297361
3,0.025059361
▁SELECT,0.0189158
<0x0A>,0.017631462
9,0.014278394
5,0.014057028
7,0.010284342
6,0.008796663
