Token,Probability
1,0.36220118
▁SELECT,0.35381082
2,0.088070475
<0x0A>,0.07894587
▁CREATE,0.028149012
4,0.0114624305
SELECT,0.010036841
3,0.0058088778
5,0.0058088778
9,0.0048915655
