Token,Probability
5,0.2498469
1,0.20713037
▁SELECT,0.20391911
2,0.09263443
<0x0A>,0.08368823
4,0.03302982
▁UN,0.018240802
3,0.01420595
▁CREATE,0.012056433
9,0.01047481
