Token,Probability
<0x0A>,0.42775327
1,0.3630295
2,0.09036519
▁SELECT,0.04302028
4,0.008604596
3,0.006806797
9,0.00649509
▁CREATE,0.0049799588
▁UN,0.0034226722
5,0.0032659364
