Token,Probability
▁SELECT,0.38801104
<0x0A>,0.2928861
1,0.1394347
▁CREATE,0.04252518
2,0.031112084
▁VARCHAR,0.014133302
4,0.0066241454
9,0.0059844167
3,0.005364396
▁UN,0.005158889
