Token,Probability
2,0.6230233
▁SELECT,0.25172415
1,0.07499312
▁CREATE,0.012729968
<0x0A>,0.005604929
4,0.004946332
3,0.00457461
7,0.0038222293
9,0.0034262245
SELECT,0.0025461537
