Token,Probability
▁SELECT,0.40184984
1,0.39561975
2,0.08164075
<0x0A>,0.031475313
▁CREATE,0.013327486
▁UN,0.011489011
4,0.008878019
9,0.0073601366
3,0.006968437
5,0.004864753
