Token,Probability
▁SELECT,0.7227085
1,0.081085645
2,0.06168671
<0x0A>,0.043064263
SELECT,0.025714846
▁CREATE,0.025714846
3,0.0081549985
4,0.008028567
9,0.0036471407
5,0.0016697826
