Token,Probability
9,0.55875504
1,0.24031755
▁SELECT,0.106640264
2,0.03743425
▁CREATE,0.012836257
8,0.008032723
7,0.005831132
4,0.004948817
<0x0A>,0.0039148363
5,0.0031456596
