Token,Probability
▁SELECT,0.40910122
1,0.26620722
2,0.07747072
<0x0A>,0.068367675
▁CREATE,0.026152965
9,0.023627235
3,0.022900302
4,0.018257713
7,0.010241649
8,0.008760146
