Token,Probability
▁SELECT,0.6794372
<0x0A>,0.11899452
1,0.07926743
▁CREATE,0.0340925
2,0.023068137
SELECT,0.015247109
6,0.008161189
4,0.007430847
▁VARCHAR,0.0044719623
3,0.003482768
