Token,Probability
3,0.60381055
2,0.24780333
1,0.12855868
4,0.005827776
▁SELECT,0.0037043595
▁CREATE,0.0015321898
5,0.0013311895
7,0.0009149123
9,0.0008937184
6,0.00085279206
