Token,Probability
▁SELECT,0.6353634
<0x0A>,0.1968264
1,0.071844906
2,0.024828933
▁CREATE,0.018451298
SELECT,0.0108469585
4,0.006132314
▁VARCHAR,0.0031566448
3,0.0031077056
9,0.002807578
