Token,Probability
▁SELECT,0.6155824
<0x0A>,0.29535967
1,0.044942386
▁U,0.0044847997
2,0.0043468173
SELECT,0.0042461227
​,0.0034386152
<0x09>,0.0028730703
4,0.0024767416
3,0.0017839301
