Token,Probability
▁SELECT,0.45729536
1,0.23356363
2,0.13101733
▁CREATE,0.07465142
<0x0A>,0.029694283
4,0.01257335
3,0.008117965
9,0.006889628
7,0.005847151
6,0.005001333
