Token,Probability
1,0.39113122
5,0.16304775
2,0.16051993
▁SELECT,0.09889346
4,0.05334902
3,0.027677106
6,0.019473277
7,0.018874148
▁CREATE,0.017319892
9,0.015769942
