Token,Probability
▁SELECT,0.60020775
1,0.20104441
2,0.07338454
<0x0A>,0.040211413
▁CREATE,0.01855452
4,0.010907638
9,0.007209509
3,0.0069333175
5,0.0060710157
7,0.0048781983
