Token,Probability
▁SELECT,0.40256447
1,0.2578925
2,0.10419799
<0x0A>,0.08051796
▁CREATE,0.02288926
7,0.021335136
4,0.016486514
9,0.014894326
3,0.011690689
5,0.008687784
