Token,Probability
▁SELECT,0.68846923
1,0.10558018
<0x0A>,0.06607039
2,0.05563685
4,0.009668234
9,0.008141468
▁CREATE,0.008015248
3,0.006909575
5,0.006593163
7,0.0063903127
