Token,Probability
▁SELECT,0.5681394
1,0.16277467
<0x0A>,0.13707002
2,0.048116095
4,0.010324856
3,0.007732961
9,0.0075538266
SELECT,0.006262342
0,0.0058371453
▁CREATE,0.0057917195
