Token,Probability
1,0.5035166
▁SELECT,0.1398215
2,0.13135016
<0x0A>,0.09914829
▁CREATE,0.03590913
4,0.009514973
9,0.008868931
3,0.008596062
▁VARCHAR,0.007585998
5,0.0062400717
