Token,Probability
1,0.6009624
2,0.16174683
▁SELECT,0.07640379
<0x0A>,0.07011206
4,0.015281721
▁CREATE,0.010421228
3,0.0101006
9,0.008639501
5,0.0067812223
▁UN,0.0046606613
