Token,Probability
1,0.8948933
▁SELECT,0.04088515
2,0.026604477
4,0.008773225
<0x0A>,0.0056203394
8,0.0040799286
3,0.0038327381
9,0.0036005243
7,0.002116639
5,0.0018679274
