Token,Probability
▁SELECT,0.6358445
<0x0A>,0.13224307
1,0.12618722
2,0.026040202
▁CREATE,0.00980683
SELECT,0.008999254
4,0.0065327575
▁U,0.0064314767
▁UN,0.005587763
▁UNION,0.0037222528
