Token,Probability
▁SELECT,0.4724834
2,0.44385707
1,0.035590015
<0x0A>,0.015548126
▁CREATE,0.0066871657
3,0.005047737
4,0.0037219685
7,0.0030616075
5,0.0020235989
9,0.0018862017
