Token,Probability
▁SELECT,0.44136852
<0x0A>,0.21510585
1,0.1304683
▁CREATE,0.06509304
2,0.055677034
▁UN,0.010219066
SELECT,0.0060074795
▁FROM,0.005385069
4,0.005343163
▁VARCHAR,0.0052603246
