Token,Probability
1,0.4501109
▁SELECT,0.24092701
2,0.10443413
<0x0A>,0.045981724
4,0.029456997
9,0.023855004
3,0.01931837
7,0.015522747
5,0.014928081
0,0.013173984
