Token,Probability
2,0.43117958
▁SELECT,0.25546545
1,0.22899774
<0x0A>,0.011671497
▁UN,0.0078973295
4,0.0077143884
▁CREATE,0.0064961663
9,0.006395452
3,0.006395452
SELECT,0.0037304342
