Token,Probability
▁SELECT,0.61760247
<0x0A>,0.20687093
1,0.07851934
2,0.023760691
SELECT,0.010139817
▁CREATE,0.010139817
▁UN,0.004161373
4,0.0034230517
9,0.0033964135
▁U,0.0028600672
