Token,Probability
▁SELECT,0.45936075
<0x0A>,0.40538442
1,0.046199124
2,0.023596205
4,0.0075417995
3,0.0066038202
5,0.0049075424
9,0.004330891
7,0.0038519746
6,0.0035347703
