Token,Probability
▁SELECT,0.6088612
1,0.25780806
2,0.040791158
<0x0A>,0.033033688
▁CREATE,0.007200067
SELECT,0.0050658803
▁UN,0.005026457
4,0.005026457
▁U,0.004505687
3,0.0039762547
