Token,Probability
▁SELECT,0.7700558
<0x0A>,0.07744655
1,0.06624354
2,0.025340414
▁CREATE,0.017552791
4,0.0058336942
SELECT,0.0050289584
3,0.0037372052
5,0.0032216718
▁U,0.0028431155
