Token,Probability
▁SELECT,0.45863557
1,0.25727123
2,0.13663572
<0x0A>,0.039146792
▁UN,0.021118112
3,0.012318085
9,0.010702138
▁CREATE,0.009371104
4,0.009082785
▁U,0.00873483
