Token,Probability
▁SELECT,0.71113837
<0x0A>,0.13361894
▁CREATE,0.054837104
1,0.0319862
2,0.013543808
SELECT,0.004397031
▁VARCHAR,0.0040349425
▁U,0.0037317115
▁UN,0.0028168436
​,0.0027301786
