Token,Probability
1,0.629238
2,0.13714959
<0x0A>,0.06428071
▁SELECT,0.037494607
▁CREATE,0.028302414
4,0.016900145
3,0.013901678
9,0.012559121
5,0.008767679
7,0.0066700988
