Token,Probability
1,0.41750336
▁SELECT,0.1726869
2,0.14204837
3,0.082211286
4,0.03705553
<0x0A>,0.029774955
5,0.028634295
7,0.019526893
6,0.015447045
9,0.014971788
