Token,Probability
1,0.49762714
▁SELECT,0.3640718
2,0.05163636
<0x0A>,0.020379685
3,0.009257889
4,0.009185843
5,0.0069338386
9,0.0062642014
7,0.005659234
0,0.005233936
