Token,Probability
▁SELECT,0.51782435
1,0.24652135
2,0.07879295
<0x0A>,0.035793316
4,0.015883187
3,0.013167625
5,0.010747101
0,0.010335387
▁CREATE,0.008175964
7,0.008112337
