Token,Probability
▁SELECT,0.55388784
1,0.14004478
<0x0A>,0.10571135
2,0.09776701
4,0.021143598
3,0.014645743
5,0.009604913
7,0.007962752
9,0.006499009
6,0.006250036
