Token,Probability
▁SELECT,0.64495224
1,0.12601031
<0x0A>,0.08660554
▁CREATE,0.049733378
2,0.037248578
SELECT,0.005893581
4,0.0052418597
9,0.0040190727
3,0.003491831
▁VARCHAR,0.0031793483
