Token,Probability
▁SELECT,0.5325586
1,0.13784508
<0x0A>,0.12949346
▁CREATE,0.0869378
2,0.049150176
4,0.00783768
3,0.00605649
0,0.005514497
SELECT,0.0048665265
7,0.0035883517
