Token,Probability
1,0.5062522
▁SELECT,0.38213924
<0x0A>,0.033916783
2,0.031367898
▁CREATE,0.009793535
9,0.0048104227
4,0.0040507824
SELECT,0.003746361
0,0.0029176692
3,0.0023813322
