Token,Probability
1,0.37529898
▁SELECT,0.32352796
2,0.11717407
▁CREATE,0.049614616
<0x0A>,0.037451077
SELECT,0.0126429275
4,0.012544539
9,0.008099364
3,0.006873841
6,0.0056542675
