Token,Probability
▁SELECT,0.5883791
1,0.13231482
2,0.08476405
▁CREATE,0.06299129
<0x0A>,0.04262204
4,0.008524944
3,0.006045091
9,0.0058591026
5,0.005130402
7,0.0048195664
