Token,Probability
▁SELECT,0.5747077
1,0.21142316
▁CREATE,0.068104886
2,0.06298673
<0x0A>,0.02861301
4,0.007822363
3,0.004598529
SELECT,0.004457047
▁U,0.0034983768
7,0.0034173366
