Token,Probability
▁SELECT,0.50951403
1,0.2140629
<0x0A>,0.090639934
2,0.052869804
▁CREATE,0.043151073
SELECT,0.0076166173
4,0.0074401787
9,0.006265259
▁VARCHAR,0.005443351
0,0.0046559446
