Token,Probability
▁SELECT,0.26913592
1,0.21290405
2,0.13116637
5,0.12913282
4,0.058661234
7,0.040633444
6,0.038470972
3,0.033950515
<0x0A>,0.022793297
9,0.021580258
