Token,Probability
1,0.5698145
▁SELECT,0.24127465
2,0.093019664
<0x0A>,0.014717848
4,0.0140438685
▁CREATE,0.011552171
9,0.0072291647
3,0.0069522187
▁UN,0.0048156613
0,0.0043847095
