Token,Probability
1,0.43463555
▁SELECT,0.14903711
<0x0A>,0.103235
9,0.08558481
▁CREATE,0.08360225
2,0.06823417
4,0.009162627
▁UN,0.0074201217
3,0.004643393
▁VARCHAR,0.0045714043
