Token,Probability
1,0.7610944
▁SELECT,0.101406015
2,0.090899765
▁CREATE,0.008259135
<0x0A>,0.005948832
4,0.0052089714
3,0.0050883056
9,0.004855295
5,0.002518894
7,0.0022579217
