Token,Probability
▁SELECT,0.49855858
1,0.19831291
2,0.08012565
<0x0A>,0.04189467
8,0.026838733
9,0.025609698
7,0.0254104
4,0.02057797
6,0.012287667
3,0.012097165
