Token,Probability
1,0.39166698
2,0.21629903
▁SELECT,0.11221447
<0x0A>,0.10459538
3,0.06700632
4,0.019652892
▁CREATE,0.015546717
5,0.014491133
9,0.010938481
7,0.00806553
