Token,Probability
1,0.7582103
2,0.22065176
<0x0A>,0.0074915313
3,0.0028657662
9,0.0024898206
4,0.001738175
8,0.0009017533
7,0.0009017533
6,0.00088777294
5,0.00072457927
