Token,Probability
1,0.36232945
▁SELECT,0.17936608
2,0.15953149
9,0.09983226
4,0.03504442
<0x0A>,0.031908307
7,0.02262638
3,0.021930238
5,0.01762144
▁CREATE,0.01748431
