Token,Probability
▁SELECT,0.52621835
<0x0A>,0.32929906
1,0.066901155
2,0.022584835
9,0.007866328
4,0.006728426
5,0.0038337416
3,0.0038039072
SELECT,0.0032536543
▁CREATE,0.002939432
