Token,Probability
▁SELECT,0.5747455
<0x0A>,0.20653912
1,0.07598149
▁CREATE,0.046446558
2,0.030699298
4,0.009145869
0,0.00684994
3,0.0054612476
SELECT,0.0050904425
5,0.004933826
