Token,Probability
1,0.45076346
2,0.1821249
▁SELECT,0.13015881
4,0.091578156
<0x0A>,0.022618208
9,0.02059411
3,0.02059411
5,0.015913896
7,0.01146235
6,0.011284643
