Token,Probability
1,0.55112755
2,0.11552261
<0x0A>,0.106009506
▁SELECT,0.05630122
▁CREATE,0.018278332
▁UN,0.014918339
9,0.014918339
4,0.011709538
3,0.007679303
0,0.0072706174
