Token,Probability
1,0.28357017
<0x0A>,0.23693176
2,0.19337805
▁SELECT,0.16284065
9,0.012459204
▁CREATE,0.011613255
4,0.009627726
3,0.0081073595
▁UNION,0.006565539
5,0.006072131
