Token,Probability
▁SELECT,0.5901893
1,0.10255951
<0x0A>,0.098630525
2,0.04111532
▁CREATE,0.031035472
6,0.027820017
4,0.01810283
5,0.011066038
▁VARCHAR,0.008159585
7,0.007970569
