Token,Probability
2,0.97017485
1,0.027955147
3,0.00048476737
4,0.00030813686
<0x0A>,0.00026981367
▁SELECT,0.00010402244
nd,8.623763e-05
9,7.975676e-05
▁CREATE,6.9293885e-05
7,6.7688685e-05
