Token,Probability
3,0.7935988
1,0.1040975
2,0.068268806
4,0.011956386
▁SELECT,0.009384674
5,0.0025456613
7,0.0018917748
9,0.0016055285
6,0.001280039
▁CREATE,0.00086611765
