Token,Probability
1,0.37813807
2,0.34429863
<0x0A>,0.043094024
7,0.038030345
4,0.035172317
▁SELECT,0.033041336
3,0.02739223
6,0.024554238
9,0.022887066
5,0.018105159
