Token,Probability
▁SELECT,0.77716076
1,0.09281862
<0x0A>,0.04453486
2,0.023652283
▁CREATE,0.013476666
SELECT,0.006991602
4,0.005980234
9,0.003983695
3,0.0039219335
7,0.003380918
