Token,Probability
▁SELECT,0.4813443
1,0.22384591
<0x0A>,0.10740244
2,0.052754305
4,0.04442358
3,0.01214473
9,0.01097185
5,0.008346943
0,0.006450018
7,0.0063500195
