Token,Probability
4,0.83418626
1,0.09071355
2,0.04352484
3,0.008372012
<0x0A>,0.005490499
5,0.005490499
9,0.0031529285
6,0.0022532966
0,0.0017825041
7,0.0015486665
