Token,Probability
▁SELECT,0.4687803
1,0.23206307
2,0.10961884
<0x0A>,0.06753421
4,0.023157572
3,0.015068919
7,0.012298892
9,0.0120139895
5,0.011198269
6,0.007817652
