Token,Probability
▁SELECT,0.50251234
1,0.20784815
<0x0A>,0.12411179
2,0.04860287
▁CREATE,0.016279925
4,0.014707685
3,0.008851241
9,0.008059147
5,0.0077504055
7,0.007630246
