Token,Probability
1,0.46933246
▁SELECT,0.15598328
2,0.12436073
<0x0A>,0.079048485
▁CREATE,0.021110043
9,0.01983105
4,0.016830394
0,0.0137365665
3,0.012803889
5,0.009367525
