Token,Probability
1,0.409985
▁SELECT,0.32943222
2,0.09587024
<0x0A>,0.040912393
▁CREATE,0.03236437
4,0.011906186
3,0.008847927
9,0.0076872115
▁UN,0.0072781052
5,0.0072214673
