Token,Probability
▁SELECT,0.73087037
1,0.1473298
<0x0A>,0.029931866
2,0.029931866
▁CREATE,0.016147029
4,0.008987176
SELECT,0.0040508374
3,0.0036311473
9,0.002595064
7,0.002515222
