Token,Probability
▁SELECT,0.81608546
<0x0A>,0.06911481
1,0.06594982
2,0.012391604
▁CREATE,0.0069510597
SELECT,0.0038088663
4,0.0037498153
9,0.0030366932
3,0.002920359
7,0.002577208
