Token,Probability
1,0.4750873
2,0.21581814
▁SELECT,0.13296169
<0x0A>,0.028754985
4,0.020711437
9,0.017715432
▁CREATE,0.015633814
0,0.015391435
3,0.0133723095
8,0.012367364
