Token,Probability
▁SELECT,0.7235221
<0x0A>,0.15404674
1,0.06782586
2,0.015372322
4,0.006983192
SELECT,0.0054811705
3,0.0046518086
5,0.0038867318
7,0.0030746579
▁CREATE,0.002000718
