Token,Probability
2,0.37917826
▁SELECT,0.24867116
1,0.23360494
4,0.023678536
3,0.021559551
<0x0A>,0.018878173
7,0.013704085
5,0.010344386
9,0.009870681
0,0.0095669925
