Token,Probability
▁SELECT,0.4065262
1,0.28827024
2,0.1249559
▁CREATE,0.041529264
<0x0A>,0.0338952
4,0.019013485
3,0.013694897
9,0.01100416
7,0.009635564
5,0.008570049
