Token,Probability
▁SELECT,0.7539552
<0x0A>,0.16562198
1,0.028334582
2,0.01228213
▁CREATE,0.010182245
4,0.0036877645
SELECT,0.0027405138
3,0.00255444
5,0.0018982986
​,0.0018113691
