Token,Probability
1,0.6349111
2,0.1300017
▁SELECT,0.11383329
<0x0A>,0.019172654
4,0.01639924
▁CREATE,0.015894689
3,0.013702079
9,0.01338467
5,0.008118212
7,0.0061760102
