Token,Probability
▁SELECT,0.7560522
<0x0A>,0.09463104
1,0.065549
2,0.019991316
9,0.013110625
▁CREATE,0.008464856
4,0.0068550487
3,0.0047483537
7,0.0044956505
▁VARCHAR,0.0041577974
