Token,Probability
1,0.48445344
▁SELECT,0.18971469
2,0.14098398
<0x0A>,0.0681754
4,0.018931625
▁UN,0.014515381
9,0.010292946
▁CREATE,0.009519419
3,0.008873074
5,0.0060038227
