Token,Probability
1,0.44457254
▁SELECT,0.26964688
2,0.10894719
<0x0A>,0.048724197
▁CREATE,0.03509472
▁UN,0.011393588
4,0.008270858
3,0.006003999
▁U,0.005340067
9,0.005016529
