Token,Probability
▁SELECT,0.24954747
1,0.2456786
2,0.1715113
4,0.16365723
<0x0A>,0.04616164
▁CREATE,0.02799845
3,0.02799845
9,0.012424236
5,0.012424236
6,0.010300054
