Token,Probability
▁SELECT,0.6490809
<0x0A>,0.27916622
▁CREATE,0.022384524
1,0.014565888
2,0.0071545234
​,0.0032755795
SELECT,0.0019106285
4,0.0014535296
﻿,0.0012335945
▁VARCHAR,0.0011232006
