Token,Probability
2,0.3707464
1,0.32718253
▁SELECT,0.21124491
3,0.015302532
4,0.015065287
<0x0A>,0.011283378
9,0.009501558
5,0.0076347166
7,0.0060395575
6,0.0046670083
