Token,Probability
6,0.6930914
1,0.15225197
2,0.050998025
4,0.01905657
7,0.018615125
5,0.01847026
3,0.012793976
9,0.010042107
<0x0A>,0.0055457777
8,0.004456158
