Token,Probability
1,0.43628892
3,0.2816893
2,0.14164227
▁SELECT,0.041543547
4,0.031852543
<0x0A>,0.013592997
5,0.01286959
9,0.010586236
6,0.00818041
7,0.005846275
