Token,Probability
1,0.38467458
2,0.20429912
▁SELECT,0.16161393
<0x0A>,0.08583251
4,0.020228354
7,0.020070937
9,0.01870817
3,0.01856258
5,0.015753858
6,0.010331633
