Token,Probability
1,0.38958848
2,0.26567626
▁SELECT,0.12847266
<0x0A>,0.05974533
4,0.022325197
▁CREATE,0.021808036
9,0.020647433
3,0.015830936
5,0.014302057
6,0.009379518
