Token,Probability
<0x0A>,0.3757197
1,0.3420967
▁SELECT,0.086495586
2,0.03749306
4,0.01368559
▁UN,0.010411448
7,0.009260133
3,0.00883608
▁CREATE,0.008172038
9,0.0076769195
