Token,Probability
▁SELECT,0.6527454
1,0.12074577
<0x0A>,0.09626692
2,0.041081678
▁CREATE,0.029590024
SELECT,0.0070282468
4,0.006202406
9,0.004830438
3,0.004537777
7,0.0034521588
