Token,Probability
1,0.5131179
2,0.30164647
6,0.07746922
4,0.018984651
▁SELECT,0.016753893
5,0.015135882
7,0.011605084
<0x0A>,0.010321774
3,0.0100826705
9,0.009849107
