Token,Probability
1,0.5938095
2,0.108988896
▁SELECT,0.090354964
<0x0A>,0.05566608
▁CREATE,0.04761372
4,0.01139795
9,0.01054138
3,0.009980379
0,0.008739111
5,0.006967427
