Token,Probability
1,0.42493248
▁SELECT,0.20548393
2,0.10998762
4,0.04307177
3,0.031266753
5,0.029834941
<0x0A>,0.028027335
7,0.027378082
9,0.023786489
6,0.01867023
