Token,Probability
▁SELECT,0.4606331
1,0.3759578
2,0.082586974
<0x0A>,0.034969524
9,0.005117172
4,0.0046957806
▁CREATE,0.0043090903
3,0.004144012
SELECT,0.0037731659
5,0.002848135
