Token,Probability
▁SELECT,0.29209092
1,0.28310424
2,0.14124596
<0x0A>,0.08368546
4,0.031763416
9,0.028920919
3,0.025722798
7,0.02287833
5,0.022523634
0,0.017135076
