Token,Probability
▁SELECT,0.41149452
1,0.41149452
2,0.06876764
<0x0A>,0.044399723
▁CREATE,0.007655472
9,0.0074199378
4,0.005471119
▁U,0.0054285424
SELECT,0.005020581
3,0.0037602417
