Token,Probability
1,0.5163907
2,0.27000114
▁SELECT,0.08170488
<0x0A>,0.032499954
▁CREATE,0.013028981
4,0.009989666
3,0.008478119
9,0.007423689
▁UN,0.006399621
0,0.004682062
