Token,Probability
1,0.5609042
2,0.21965323
<0x0A>,0.077710286
4,0.024262337
▁SELECT,0.023700299
3,0.017475506
9,0.0161622
5,0.012391988
6,0.008718853
7,0.00858368
