Token,Probability
<0x0A>,0.3368874
▁SELECT,0.33166444
1,0.13825831
2,0.05372139
▁CREATE,0.034147393
4,0.010914163
▁VARCHAR,0.009119124
9,0.0085666245
3,0.007984972
SELECT,0.0071576824
