Token,Probability
1,0.48110145
2,0.32552955
▁SELECT,0.088302255
<0x0A>,0.02630682
4,0.01167358
3,0.011052324
9,0.0065482855
▁CREATE,0.0058241654
0,0.0043963105
7,0.004194989
