Token,Probability
1,0.37780783
▁SELECT,0.24014926
2,0.17846379
<0x0A>,0.070435554
4,0.025114572
▁CREATE,0.024532793
9,0.016215185
3,0.012530125
5,0.0094582345
7,0.006202861
