Token,Probability
1,0.5627168
2,0.40530974
3,0.004792976
<0x0A>,0.0037620498
▁SELECT,0.0037037246
9,0.0034253856
▁CREATE,0.0032178517
4,0.0029993677
5,0.0016435179
6,0.0015081768
