Token,Probability
▁SELECT,0.52014005
1,0.19436216
▁CREATE,0.07671027
<0x0A>,0.0626091
2,0.062121876
▁UN,0.007959854
4,0.007595346
▁VARCHAR,0.005688651
SELECT,0.005302406
3,0.0052201995
