Token,Probability
▁SELECT,0.58469594
1,0.18255098
▁CREATE,0.06928853
2,0.054385193
<0x0A>,0.02888376
▁UN,0.007246126
▁VARCHAR,0.0071337847
4,0.00610185
SELECT,0.006054364
▁U,0.005427098
