Token,Probability
▁SELECT,0.6195841
1,0.14042498
2,0.09576152
<0x0A>,0.081909165
4,0.00755945
SELECT,0.0058873054
▁U,0.0055306116
3,0.0054024956
9,0.004657242
5,0.0041100015
