Token,Probability
1,0.3505438
▁SELECT,0.34510913
2,0.10362055
<0x0A>,0.03260565
4,0.031112531
3,0.026199378
5,0.021216905
9,0.019931436
7,0.01977633
6,0.014811786
