Token,Probability
▁SELECT,0.39246655
1,0.26143909
2,0.19277309
<0x0A>,0.046873443
▁CREATE,0.021798177
4,0.012323571
▁UN,0.00944881
3,0.008469859
9,0.008338545
SELECT,0.0069128973
