Token,Probability
1,0.38248897
▁SELECT,0.2776572
<0x0A>,0.14070985
2,0.08336782
4,0.012104468
SELECT,0.011021245
9,0.009208594
0,0.008925277
▁CREATE,0.00885582
3,0.005455912
