Token,Probability
1,0.41261727
2,0.270601
▁SELECT,0.056279648
3,0.046294373
5,0.040221248
4,0.03959768
<0x0A>,0.038379382
9,0.022562077
6,0.010492341
▁CREATE,0.010329671
