Token,Probability
1,0.6511645
▁SELECT,0.11315541
2,0.08881671
9,0.025051903
3,0.02028765
4,0.019663462
<0x0A>,0.018472115
7,0.01372731
▁CREATE,0.011559553
5,0.00852348
