Token,Probability
▁SELECT,0.7407079
<0x0A>,0.17593355
1,0.04211563
2,0.010816188
SELECT,0.008100949
4,0.0028884825
3,0.0021633734
9,0.001894313
7,0.0018795716
▁CREATE,0.0018360313
