Token,Probability
▁SELECT,0.5376746
1,0.16143918
2,0.09055918
<0x0A>,0.04518165
0,0.037456904
3,0.029400261
4,0.024951676
5,0.01649205
7,0.014440923
▁CREATE,0.009323761
