Token,Probability
▁SELECT,0.78183043
<0x0A>,0.12178569
1,0.028256552
▁CREATE,0.024358671
2,0.011779084
SELECT,0.0044015218
4,0.0040076314
3,0.0038843295
0,0.0028418358
5,0.0027544019
