Token,Probability
▁SELECT,0.31448102
1,0.2689899
2,0.12315253
<0x0A>,0.052146062
3,0.04190054
4,0.04190054
7,0.0375594
9,0.030655088
5,0.024632057
6,0.021400701
