Token,Probability
▁SELECT,0.8508813
<0x0A>,0.0676957
1,0.03099335
2,0.012137169
▁CREATE,0.007897807
3,0.0071350746
SELECT,0.0050201514
4,0.0042605475
5,0.0019506207
7,0.0018324386
