Token,Probability
▁SELECT,0.7966108
<0x0A>,0.081378914
1,0.045649435
2,0.019633578
▁CREATE,0.010674591
3,0.0056251143
5,0.0056251143
SELECT,0.005537905
4,0.0054096193
7,0.004246059
