Token,Probability
▁SELECT,0.74177545
2,0.12890123
1,0.07460232
▁CREATE,0.012467299
3,0.008370148
<0x0A>,0.008049493
4,0.006123731
SELECT,0.004047539
7,0.0038924804
5,0.0035999562
