Token,Probability
▁SELECT,0.7388038
1,0.11508343
2,0.041034263
▁CREATE,0.020313432
<0x0A>,0.016840428
3,0.013218204
4,0.011848721
7,0.010375087
5,0.008402001
6,0.0055101668
