Token,Probability
▁SELECT,0.816202
1,0.08738178
<0x0A>,0.04192624
2,0.018604657
SELECT,0.0059001297
4,0.0050466484
3,0.0049684076
5,0.0025178664
▁CREATE,0.0022747028
7,0.00218756
