Token,Probability
▁SELECT,0.65311205
1,0.13268776
2,0.0667196
4,0.026539221
3,0.024353761
<0x0A>,0.021492118
5,0.018098177
7,0.014429125
6,0.009316143
▁CREATE,0.008959248
