Token,Probability
5,0.4225967
2,0.15425481
1,0.10037552
4,0.086529106
6,0.05993696
3,0.057192244
7,0.048538428
0,0.022749504
8,0.016385851
9,0.015758121
