Token,Probability
▁SELECT,0.7752194
<0x0A>,0.10328799
1,0.045123175
2,0.01659989
4,0.010147309
3,0.008885282
7,0.0070839636
5,0.006706962
9,0.0053056437
SELECT,0.0043303403
