Token,Probability
▁SELECT,0.35008204
▁CREATE,0.17061636
1,0.16928864
<0x0A>,0.105938114
2,0.0885146
4,0.013787916
3,0.011520236
7,0.01090714
5,0.008428384
0,0.00816907
