Token,Probability
3,0.8355729
▁SELECT,0.05775689
2,0.05097027
1,0.034488216
<0x0A>,0.0050074668
4,0.0042831134
▁CREATE,0.0038694704
7,0.0021369243
5,0.001256233
6,0.00093355315
