Token,Probability
▁SELECT,0.6379376
<0x0A>,0.11437592
1,0.07739062
2,0.05236511
3,0.021829024
▁CREATE,0.020992769
4,0.017540114
5,0.0139842
7,0.013034706
6,0.0069226804
