Token,Probability
1,0.25626394
▁CREATE,0.19043918
▁SELECT,0.11371643
2,0.0865109
<0x0A>,0.06843575
ql,0.04350041
﻿,0.025773142
4,0.023102893
3,0.020548139
7,0.017852534
