Token,Probability
1,0.6569434
2,0.16352615
▁SELECT,0.037645854
4,0.024688756
3,0.020628227
7,0.020467697
5,0.013423042
9,0.012414285
▁CREATE,0.011303335
<0x0A>,0.010870311
