Token,Probability
▁SELECT,0.8299016
1,0.057364874
<0x0A>,0.045026205
2,0.015081888
4,0.008264193
3,0.0059524747
5,0.0059061525
7,0.0049734795
6,0.003965203
9,0.0038733494
