Token,Probability
▁SELECT,0.45092773
1,0.26508674
<0x0A>,0.11312514
2,0.04499807
9,0.027506767
4,0.019967772
3,0.011027251
7,0.010604804
SELECT,0.008723274
5,0.007819492
