Token,Probability
▁SELECT,0.43991247
1,0.31194463
2,0.067462765
<0x0A>,0.04564759
4,0.025208993
3,0.02173151
7,0.018157357
5,0.016403804
9,0.014819602
SELECT,0.0095682535
