Token,Probability
▁SELECT,0.7241725
1,0.112804316
<0x0A>,0.043489937
2,0.039908607
▁CREATE,0.02273924
4,0.011796962
3,0.009187484
5,0.006721707
SELECT,0.0055291248
7,0.00523487
