Token,Probability
▁SELECT,0.87573886
<0x0A>,0.06443732
1,0.027284479
2,0.00608799
SELECT,0.0056746304
4,0.0030612336
3,0.002787285
​,0.0019919826
5,0.001976481
7,0.0017171965
