Token,Probability
▁SELECT,0.72414696
1,0.090637624
<0x0A>,0.08252649
2,0.02401658
4,0.022385912
3,0.012362676
5,0.008235317
7,0.006119968
SELECT,0.005794269
9,0.0047291443
