Token,Probability
▁SELECT,0.4507249
1,0.26914012
<0x0A>,0.0846887
2,0.07243808
▁CREATE,0.047878653
4,0.014152902
3,0.011372176
SELECT,0.008996132
5,0.007228595
0,0.0063792127
