Token,Probability
1,0.27524608
2,0.21103849
▁SELECT,0.14504449
<0x0A>,0.06436311
4,0.060463537
5,0.052531634
3,0.050126035
7,0.037250504
6,0.03136807
9,0.030881751
