Token,Probability
▁SELECT,0.65337336
<0x0A>,0.15518978
1,0.068865046
2,0.04275928
4,0.013990783
3,0.012346823
5,0.010397067
7,0.009466637
6,0.005608797
▁CREATE,0.004649856
