Token,Probability
6,0.94497454
7,0.010095557
1,0.008909298
4,0.006884572
3,0.0059348727
5,0.0050763655
<0x0A>,0.004881893
2,0.00469487
9,0.0013451028
0,0.00084834575
