Token,Probability
▁SELECT,0.53461313
1,0.16051996
<0x0A>,0.121166825
▁CREATE,0.06796843
2,0.032357827
4,0.012281646
3,0.011903779
5,0.010023986
7,0.007991819
0,0.006079855
