Token,Probability
▁SELECT,0.50843984
1,0.24779378
2,0.098565556
<0x0A>,0.062164515
3,0.019714352
SELECT,0.015840927
4,0.011409792
5,0.0051427963
▁CREATE,0.0047936128
7,0.0047563086
