Token,Probability
▁SELECT,0.57255083
<0x0A>,0.21394663
1,0.10106122
2,0.03106367
▁CREATE,0.012748505
4,0.009698551
SELECT,0.00862607
3,0.00732085
5,0.006931242
7,0.006360465
