Token,Probability
▁SELECT,0.81640065
1,0.07360075
<0x0A>,0.053012636
▁CREATE,0.021926979
2,0.010117638
3,0.004024518
SELECT,0.0033364429
4,0.002990768
5,0.0028095664
7,0.002384448
