Token,Probability
2,0.91200954
<0x0A>,0.035639796
▁SELECT,0.029546432
▁CREATE,0.013422071
1,0.0048992787
﻿,0.00044514754
SELECT,0.00034398332
▁VARCHAR,0.0003132004
3,0.00014794538
nd,0.00014451823
