Token,Probability
1,0.42790785
<0x0A>,0.1742464
2,0.15497796
3,0.046897784
7,0.034580257
9,0.023216086
4,0.022326691
8,0.020170486
6,0.013541821
nd,0.011314617
