Token,Probability
▁SELECT,0.29271588
1,0.25431594
3,0.20756662
2,0.07817031
4,0.046677627
<0x0A>,0.024216032
5,0.022927279
7,0.021877361
6,0.012272088
9,0.010334134
