Token,Probability
▁SELECT,0.7637857
<0x0A>,0.15517248
1,0.04047916
2,0.008892092
SELECT,0.0051463475
4,0.0046858024
3,0.003915135
5,0.0025476266
7,0.0024309626
​,0.002145317
