Token,Probability
▁SELECT,0.65348285
1,0.13913453
<0x0A>,0.08438936
2,0.044818852
3,0.01345706
4,0.013043029
5,0.008290655
7,0.00737386
0,0.004723872
SELECT,0.0044376673
