Token,Probability
▁SELECT,0.8861575
<0x0A>,0.051985104
▁CREATE,0.023431523
1,0.010811871
SELECT,0.0042010406
2,0.0042010406
▁OUT,0.0032974344
▁select,0.0013014217
4,0.0012613811
3,0.0010539233
