Token,Probability
1,0.3836524
▁SELECT,0.20217061
2,0.10991825
4,0.07554563
3,0.048019733
5,0.039809756
<0x0A>,0.035965115
7,0.02867389
6,0.028229343
9,0.013974538
