Token,Probability
▁SELECT,0.46675003
2,0.203908
1,0.16904566
3,0.029606126
7,0.026538761
4,0.02183019
5,0.020347973
9,0.014771043
6,0.014656097
▁CREATE,0.010231605
