Token,Probability
1,0.35193858
2,0.26153854
▁SELECT,0.12947097
4,0.048379768
3,0.045448583
7,0.032992132
5,0.031977072
<0x0A>,0.03075205
6,0.022852983
8,0.01487072
