Token,Probability
▁SELECT,0.62323123
2,0.13690573
1,0.13063636
<0x0A>,0.054033548
▁CREATE,0.013768971
7,0.0058758757
9,0.0056067994
3,0.0053920066
SELECT,0.00450519
4,0.0044353437
