Token,Probability
<0x0A>,0.55410296
▁SELECT,0.3929178
1,0.022692582
<0x09>,0.0055610556
SELECT,0.0047566234
2,0.004719607
​,0.004005478
3,0.0015084769
﻿,0.0008528156
4,0.0008461789
