Token,Probability
1,0.37800628
▁SELECT,0.33358938
2,0.08303696
3,0.045146413
4,0.038315263
5,0.031517275
7,0.026540205
6,0.015360293
<0x0A>,0.011594557
8,0.010977507
