Token,Probability
▁SELECT,0.667871
1,0.17152347
<0x0A>,0.053972255
2,0.03857223
4,0.009601386
3,0.0093789715
5,0.0093789715
7,0.00853965
SELECT,0.007419377
6,0.004430312
