Token,Probability
▁SELECT,0.40684825
1,0.26268098
2,0.099702455
<0x0A>,0.06538647
3,0.027045017
4,0.025605708
9,0.022421105
5,0.020255782
0,0.019632576
7,0.019177789
