Token,Probability
▁SELECT,0.8200228
▁CREATE,0.07278116
1,0.0492462
2,0.018258756
<0x0A>,0.009325659
▁VARCHAR,0.00592775
4,0.0032481388
3,0.0029806597
SELECT,0.0026718462
5,0.0018220408
