Token,Probability
▁SELECT,0.530847
2,0.21115635
1,0.0997432
<0x0A>,0.07184233
▁CREATE,0.047484882
3,0.008580343
4,0.004965921
0,0.00399023
7,0.003959178
5,0.003548984
