Token,Probability
▁SELECT,0.7177039
<0x0A>,0.13913323
1,0.06078281
2,0.02068031
4,0.011875703
5,0.011420752
3,0.008487182
7,0.0058331494
SELECT,0.005437093
6,0.0039778617
