Token,Probability
▁SELECT,0.55024767
1,0.14354068
▁CREATE,0.07274287
2,0.059371006
<0x0A>,0.0557739
SELECT,0.036010332
4,0.020358399
7,0.013667981
3,0.009616626
5,0.008098011
