Token,Probability
▁SELECT,0.59859735
7,0.21679759
1,0.07149226
<0x0A>,0.035115816
2,0.016848754
4,0.010380216
5,0.009675425
6,0.0078353975
SELECT,0.0071342112
9,0.0065980665
