Token,Probability
▁SELECT,0.68034935
1,0.11106398
<0x0A>,0.093525246
2,0.03522193
4,0.020226253
3,0.014797842
SELECT,0.012558766
5,0.0066699106
7,0.005443822
0,0.004045505
