Token,Probability
▁SELECT,0.8698064
1,0.047561362
<0x0A>,0.041972753
2,0.011035125
4,0.004636203
3,0.0041558654
7,0.0039966567
5,0.0032619762
SELECT,0.0032114037
6,0.0020573025
