Token,Probability
▁SELECT,0.6513747
2,0.15231642
<0x0A>,0.0895422
1,0.06654211
3,0.008796885
4,0.006958908
SELECT,0.0060460046
5,0.003391501
7,0.0032361927
0,0.0024619657
