Token,Probability
▁SELECT,0.5772726
<0x0A>,0.30899176
1,0.06734826
2,0.010994301
4,0.005748504
3,0.00561534
5,0.003326979
SELECT,0.0028680349
7,0.0025508832
<0x09>,0.0025310318
