Token,Probability
▁SELECT,0.9074307
<0x0A>,0.06888871
1,0.010899776
SELECT,0.0035386388
2,0.0020802587
4,0.00094500004
3,0.00077733584
5,0.0006295058
​,0.0005821977
7,0.00053009694
