Token,Probability
▁SELECT,0.78677976
<0x0A>,0.05972934
1,0.0416978
2,0.037966277
▁CREATE,0.03074603
SELECT,0.006914173
4,0.0063448013
3,0.005342859
7,0.004499138
5,0.0033696988
