Token,Probability
1,0.91355807
▁SELECT,0.05932151
▁CREATE,0.006203784
2,0.005306378
<0x0A>,0.004610261
9,0.0022120273
3,0.0016310466
4,0.0011297931
5,0.0010530829
7,0.0010127398
