Token,Probability
▁SELECT,0.8154264
1,0.08729875
<0x0A>,0.025405388
2,0.018298814
4,0.0078089754
5,0.0063734995
3,0.0058486518
7,0.005668708
9,0.0048487023
0,0.0045194877
