Token,Probability
2,0.95530033
▁SELECT,0.023179675
1,0.009077291
<0x0A>,0.007886487
▁CREATE,0.0015051623
3,0.00068375084
4,0.0004924873
0,0.0002168392
7,0.00021515175
▁<SUF>,0.00021181612
