Token,Probability
▁CREATE,0.33780017
▁SELECT,0.25103176
<0x0A>,0.17388463
1,0.1430336
2,0.027728327
▁VARCHAR,0.012996006
3,0.0068484135
4,0.0056333514
CREATE,0.004252277
​,0.004153773
