Token,Probability
▁SELECT,0.71595925
<0x0A>,0.15483704
1,0.06607634
2,0.013319754
4,0.0076488913
SELECT,0.004900064
3,0.004786554
5,0.0044965516
7,0.004324291
0,0.0034476256
