Token,Probability
1,0.35589963
▁SELECT,0.309211
2,0.1506974
4,0.03993083
3,0.029674077
7,0.025381582
SELECT,0.01664565
5,0.01651611
<0x0A>,0.014237778
9,0.009939571
