Token,Probability
▁SELECT,0.8916437
▁CREATE,0.053547367
<0x0A>,0.029113198
1,0.008673342
2,0.003909381
7,0.0036155866
SELECT,0.0019504627
9,0.00080046826
8,0.0006332225
4,0.00059022824
