Token,Probability
▁SELECT,0.7166056
<0x0A>,0.09698202
1,0.08969372
▁CREATE,0.028444737
2,0.01738792
4,0.00827789
SELECT,0.006599709
3,0.00649739
5,0.0047165994
7,0.0040343213
