Token,Probability
▁SELECT,0.32518044
2,0.16097598
<0x0A>,0.15360436
1,0.15122296
3,0.037349433
4,0.034007046
7,0.023190789
5,0.02178573
6,0.020148506
0,0.019528603
