Token,Probability
▁SELECT,0.789496
1,0.07343456
3,0.034688033
2,0.029210255
<0x0A>,0.022049056
4,0.012563174
5,0.008368878
7,0.0069924584
SELECT,0.0058424175
6,0.004444677
