Token,Probability
▁SELECT,0.88160264
<0x0A>,0.03783762
1,0.030882167
▁CREATE,0.013597235
2,0.012674016
4,0.0038653566
SELECT,0.00335828
3,0.0033062147
5,0.0026359444
7,0.0025152355
