Token,Probability
▁SELECT,0.67247057
1,0.11869811
2,0.077238336
4,0.025075616
3,0.018634615
<0x0A>,0.01644499
5,0.014176468
7,0.013848071
9,0.0076476308
▁CREATE,0.0070729028
