Token,Probability
1,0.3114735
▁SELECT,0.2748744
2,0.12197476
4,0.059445754
3,0.043152988
<0x0A>,0.041825313
5,0.038381062
7,0.034946352
6,0.019450577
9,0.017435383
