Token,Probability
1,0.42318386
▁SELECT,0.37933958
2,0.11213257
<0x0A>,0.016028514
3,0.013925815
4,0.011818686
0,0.009276593
SELECT,0.0070572593
5,0.0059894184
▁CREATE,0.004485867
