Token,Probability
▁SELECT,0.7368449
1,0.09295031
<0x0A>,0.07468767
2,0.032122765
▁CREATE,0.010592964
3,0.007689667
4,0.007689667
SELECT,0.005895872
5,0.004849812
7,0.004700599
