Token,Probability
▁SELECT,0.3987495
1,0.2272006
<0x0A>,0.15373163
2,0.07851843
4,0.028437492
3,0.023392042
5,0.018504627
7,0.016980803
▁CREATE,0.009904814
6,0.008809524
