Token,Probability
▁SELECT,0.55677104
<0x0A>,0.18075709
1,0.09675229
2,0.08948125
9,0.014269032
SELECT,0.008587255
4,0.008323053
3,0.0078801075
▁CREATE,0.007287908
7,0.006431557
