Token,Probability
▁SELECT,0.54782486
1,0.23196365
2,0.104554206
3,0.02208764
4,0.019799232
<0x0A>,0.013607799
7,0.01339683
5,0.012197953
6,0.006683926
▁CREATE,0.006631912
