Token,Probability
▁SELECT,0.77889776
1,0.07021976
<0x0A>,0.06596536
2,0.029271955
▁CREATE,0.0117349
4,0.008652773
3,0.006634311
5,0.005289334
7,0.004930201
SELECT,0.0043850117
