Token,Probability
1,0.37310225
2,0.32415685
▁SELECT,0.23715821
<0x0A>,0.02121408
▁CREATE,0.009195622
9,0.0051582768
3,0.005078305
7,0.004446713
4,0.0040487777
5,0.0029853815
