Token,Probability
▁SELECT,0.50053364
1,0.23276976
2,0.06668965
<0x0A>,0.065144785
▁CREATE,0.040766563
4,0.016994033
3,0.01365509
SELECT,0.009025462
7,0.009025462
5,0.008816388
