Token,Probability
▁SELECT,0.6688132
<0x0A>,0.1380174
1,0.0817726
2,0.03079585
4,0.0133490125
▁CREATE,0.010895145
3,0.010810359
5,0.009319113
7,0.007372024
6,0.0048346915
