Token,Probability
▁SELECT,0.8987511
<0x0A>,0.056564473
1,0.019855997
2,0.0053025805
SELECT,0.0035047915
▁CREATE,0.0031663154
3,0.0022628638
4,0.0019969703
5,0.0013724961
7,0.0011831656
