Token,Probability
▁SELECT,0.66969746
<0x0A>,0.1590671
1,0.09206097
2,0.022915786
4,0.010011165
SELECT,0.009627644
3,0.0068270215
5,0.005275514
7,0.0040448764
9,0.0030294727
