Token,Probability
▁SELECT,0.7273307
1,0.10560373
<0x0A>,0.06818289
2,0.037654173
3,0.009446377
4,0.00894365
5,0.006004482
7,0.006004482
SELECT,0.0049391524
9,0.003728268
