Token,Probability
▁SELECT,0.49661577
<0x0A>,0.4451635
1,0.027155148
​,0.0064499127
<0x09>,0.0056037814
2,0.0036464501
SELECT,0.0034523897
3,0.0021773947
4,0.0015930161
5,0.00087290077
