Token,Probability
▁SELECT,0.87256694
<0x0A>,0.06126381
1,0.03153591
▁CREATE,0.007973527
2,0.0064069084
SELECT,0.004267921
4,0.0021127742
3,0.0019847676
5,0.001671342
7,0.0016326254
