Token,Probability
▁SELECT,0.5241722
<0x0A>,0.18984258
▁CREATE,0.16753548
1,0.05439081
2,0.016588258
4,0.0058686975
3,0.0051388033
0,0.0048653213
7,0.004260218
5,0.0036155994
