Token,Probability
2,0.9980332
1,0.0015724918
3,8.6658874e-05
4,7.470462e-05
<0x0A>,5.7278015e-05
6,4.0300118e-05
▁SELECT,2.8354674e-05
8,2.3877028e-05
5,1.21951925e-05
nd,9.350379e-06
