Token,Probability
2,0.27833834
1,0.27402312
▁SELECT,0.22018377
<0x0A>,0.05395835
3,0.0262972
▁CREATE,0.024320934
4,0.024131667
7,0.021972133
5,0.017381389
6,0.016201233
