Token,Probability
▁SELECT,0.8398083
<0x0A>,0.11544551
1,0.012952628
▁CREATE,0.008362845
2,0.0034861523
​,0.0029586588
3,0.001571332
SELECT,0.0015349321
4,0.0015111351
5,0.0014877071
