Token,Probability
▁SELECT,0.47025245
1,0.18129848
2,0.08835782
<0x0A>,0.05194288
4,0.03951606
3,0.029365845
7,0.027158966
5,0.026947614
▁CREATE,0.018520804
SELECT,0.016732153
