Token,Probability
▁SELECT,0.7385382
1,0.14095248
<0x0A>,0.068694755
2,0.01544809
SELECT,0.006290546
4,0.006002481
3,0.005255948
5,0.0039985143
7,0.003393495
0,0.00254161
