Token,Probability
▁SELECT,0.8536802
<0x0A>,0.067918375
1,0.036639214
SELECT,0.008175314
2,0.0071585444
7,0.006171051
▁CREATE,0.0035995422
4,0.002738387
5,0.002324039
3,0.0020034467
