Token,Probability
▁SELECT,0.680354
1,0.09801429
4,0.075150155
▁CREATE,0.029429227
2,0.02274114
3,0.01856078
5,0.015030976
7,0.014568523
9,0.010742155
SELECT,0.009780843
