Token,Probability
▁SELECT,0.799192
1,0.06162707
<0x0A>,0.04579735
▁CREATE,0.020804385
2,0.020007381
3,0.009088762
4,0.008471658
5,0.0065977336
7,0.005512613
SELECT,0.005469714
