Token,Probability
▁SELECT,0.69937456
<0x0A>,0.13347797
1,0.06305052
2,0.026697272
▁CREATE,0.020630054
4,0.0099760415
3,0.008872877
5,0.006910202
SELECT,0.0064410167
9,0.006098232
