Token,Probability
▁SELECT,0.32479855
1,0.20807377
2,0.14412849
<0x0A>,0.091613635
▁CREATE,0.0909007
4,0.031414438
3,0.021930814
5,0.013095488
7,0.0122063365
SELECT,0.009506304
