Token,Probability
▁SELECT,0.67325264
1,0.113394246
2,0.04726975
7,0.025700118
4,0.025301678
3,0.020650625
<0x0A>,0.019399468
▁CREATE,0.017663416
5,0.015957566
9,0.012045404
