Token,Probability
▁SELECT,0.7127501
<0x0A>,0.09496476
1,0.07811588
4,0.03466371
2,0.026370764
▁CREATE,0.009550856
SELECT,0.0082333535
3,0.008169281
5,0.0067725712
7,0.004304908
