Token,Probability
▁SELECT,0.8468228
<0x0A>,0.07171798
1,0.053296275
SELECT,0.0050748857
2,0.004273482
4,0.002571827
3,0.002182681
5,0.0021321194
▁CREATE,0.0020186498
7,0.0019565425
