Token,Probability
▁SELECT,0.78017235
<0x0A>,0.1687241
▁CREATE,0.016969029
1,0.013010605
2,0.004461354
SELECT,0.0024446205
​,0.00201089
3,0.0015660826
4,0.0015538953
5,0.0011368539
