Token,Probability
▁SELECT,0.7506402
<0x0A>,0.110704444
1,0.06820303
2,0.016326694
4,0.007956996
3,0.007244927
SELECT,0.005867121
5,0.0054261996
7,0.004677676
6,0.0031404432
