Token,Probability
▁SELECT,0.78371626
1,0.1111546
<0x0A>,0.0320961
2,0.020401523
3,0.006833654
4,0.006833654
SELECT,0.006780474
7,0.0049220966
▁VARCHAR,0.0044816197
5,0.0038633978
