Token,Probability
▁SELECT,0.677806
<0x0A>,0.14773554
1,0.07370798
2,0.03401065
4,0.010701925
3,0.008734657
5,0.0072980793
7,0.005956518
▁CREATE,0.005423472
SELECT,0.003999017
