Token,Probability
<0x0A>,0.27806494
▁SELECT,0.15476644
2,0.1365809
1,0.1080444
9,0.060135763
▁CREATE,0.046833776
3,0.04068989
7,0.026271367
8,0.02030094
4,0.018775301
