Token,Probability
▁SELECT,0.7297088
1,0.07997452
<0x0A>,0.04701459
2,0.043143015
▁CREATE,0.035766814
4,0.010823374
3,0.009626508
7,0.008972893
5,0.008495363
6,0.0048784767
