Token,Probability
▁SELECT,0.53104776
2,0.16973306
1,0.12035876
3,0.04568303
<0x0A>,0.036421686
4,0.024837434
7,0.013932536
SELECT,0.011917131
9,0.008856059
5,0.008856059
