Token,Probability
▁SELECT,0.8822095
<0x0A>,0.07018816
1,0.016933681
4,0.00603789
2,0.00466572
SELECT,0.0042151264
3,0.0027428349
5,0.0022738902
7,0.002006701
9,0.0018129032
