Token,Probability
▁SELECT,0.60613966
<0x0A>,0.1363088
2,0.1005078
1,0.064387724
SELECT,0.01732972
▁CREATE,0.013287158
3,0.0069473516
4,0.006681202
​,0.0039584814
domin,0.0038971105
