Token,Probability
▁SELECT,0.7746724
1,0.066640675
<0x0A>,0.06020483
2,0.020483665
3,0.013020209
SELECT,0.011136775
4,0.010140149
5,0.0074768774
7,0.007190443
9,0.005343483
