Token,Probability
▁SELECT,0.86054456
<0x0A>,0.089294545
1,0.020080576
2,0.0057531805
SELECT,0.0030317132
4,0.0023611009
3,0.0020674488
7,0.001754621
▁CREATE,0.0017139753
5,0.001674271
