Token,Probability
▁SELECT,0.7887426
<0x0A>,0.08184401
1,0.0657635
2,0.014333901
4,0.007732561
7,0.006665884
3,0.005273148
5,0.005273148
SELECT,0.00511091
9,0.0043038176
