Token,Probability
▁SELECT,0.6403813
1,0.14513855
<0x0A>,0.049380902
2,0.046389066
3,0.022964252
4,0.0183087
7,0.014370662
5,0.013499988
9,0.010932623
0,0.008448076
