Token,Probability
1,0.40788528
▁SELECT,0.26335055
2,0.1168611
4,0.056953546
<0x0A>,0.04134384
3,0.02863804
5,0.015449066
0,0.01485722
7,0.013111452
▁CREATE,0.011661567
