Token,Probability
▁SELECT,0.61859524
2,0.11442862
1,0.10582917
<0x0A>,0.073880665
▁CREATE,0.028041938
3,0.009615619
4,0.00924725
7,0.008823787
5,0.0074886517
9,0.0068719727
