Token,Probability
▁SELECT,0.85984015
<0x0A>,0.06630375
1,0.024391787
7,0.015145206
2,0.008834121
▁CREATE,0.004339174
4,0.0042386567
5,0.0031253896
3,0.0025310176
SELECT,0.002434056
