Token,Probability
1,0.45731348
▁SELECT,0.24478227
<0x0A>,0.11562695
▁CREATE,0.077024154
2,0.0456353
3,0.0097925225
4,0.00780728
5,0.005986049
7,0.0056233727
SELECT,0.004962609
