Token,Probability
2,0.74665153
▁SELECT,0.20095854
1,0.024379035
<0x0A>,0.010083607
3,0.0050308984
4,0.0027567048
7,0.0019547965
5,0.001793822
SELECT,0.0011225451
6,0.001088008
