Token,Probability
▁SELECT,0.45055157
1,0.25671655
▁CREATE,0.15692768
<0x0A>,0.08399733
2,0.01471103
SELECT,0.005990411
9,0.0053697703
▁VARCHAR,0.0025364996
3,0.002022274
▁select,0.0018413013
