Token,Probability
▁SELECT,0.43829337
1,0.36335796
2,0.07981915
4,0.023594497
3,0.021651529
<0x0A>,0.014880862
5,0.010307672
▁CREATE,0.00983565
7,0.008347407
SELECT,0.007841663
