Token,Probability
▁SELECT,0.5344629
<0x0A>,0.38495922
1,0.03363736
﻿,0.0077437595
<0x09>,0.004922233
2,0.004922233
​,0.004310051
SELECT,0.0035177614
3,0.0024944663
4,0.0021005513
