Token,Probability
▁SELECT,0.85046643
<0x0A>,0.057874966
1,0.03375817
2,0.016711505
▁CREATE,0.008144538
4,0.004497841
3,0.0044281087
5,0.003043391
7,0.0026031504
SELECT,0.0024646134
