Token,Probability
▁SELECT,0.7837439
<0x0A>,0.14051755
1,0.029224865
2,0.009196011
SELECT,0.0050785197
​,0.003833468
4,0.003803636
3,0.0034362983
5,0.0025536402
<0x09>,0.002117042
