Token,Probability
▁SELECT,0.5586223
▁CREATE,0.3335686
<0x0A>,0.04881187
1,0.016222693
2,0.006452942
﻿,0.0051850844
​,0.0049864464
▁VARCHAR,0.004133909
SELECT,0.0016965531
7,0.001631559
