Token,Probability
<0x0A>,0.28247544
2,0.2397338
1,0.13136329
▁CREATE,0.09838654
▁SELECT,0.07311468
▁tex,0.032955363
4,0.027108345
3,0.02411066
tex,0.010867527
5,0.0070716343
