Token,Probability
▁SELECT,0.7006249
1,0.09262277
3,0.075008206
2,0.040463895
▁CREATE,0.020031082
<0x0A>,0.019720528
4,0.0104734935
7,0.007426819
SELECT,0.0056060567
0,0.004264863
