Token,Probability
1,0.41445053
▁SELECT,0.18391131
<0x0A>,0.16485703
2,0.095411934
4,0.02412391
3,0.020634277
▁M,0.019999426
0,0.019689364
5,0.012912601
9,0.011942203
