Token,Probability
▁SELECT,0.80376565
<0x0A>,0.09018
▁CREATE,0.03587113
1,0.02244758
2,0.009579451
8,0.00781852
7,0.005501016
4,0.004024629
9,0.0037807894
3,0.003134384
