Token,Probability
<0x0A>,0.5610571
▁SELECT,0.26919812
1,0.08470695
2,0.018607648
3,0.011920507
4,0.008387124
0,0.005994007
5,0.00550041
9,0.004489304
7,0.004119617
