Token,Probability
▁SELECT,0.50774443
2,0.43429688
1,0.022308735
<0x0A>,0.00747249
▁CREATE,0.0059112264
3,0.004824602
4,0.0036991506
7,0.0035574383
5,0.0030667037
SELECT,0.0014373352
