Token,Probability
▁SELECT,0.5588635
<0x0A>,0.34430584
1,0.051176492
2,0.0076663666
<0x09>,0.0041035106
SELECT,0.0037655928
9,0.0036213351
3,0.0032716037
4,0.003246144
5,0.0028202988
