Token,Probability
▁SELECT,0.71045583
1,0.11241045
2,0.046133153
3,0.024121277
<0x0A>,0.02213493
4,0.021121297
5,0.016578296
7,0.012034551
6,0.00753103
8,0.0054669413
