Token,Probability
▁SELECT,0.65728694
2,0.08554634
<0x0A>,0.084880605
1,0.06610508
▁CREATE,0.049898736
3,0.007895126
7,0.0058671595
4,0.0054262355
SELECT,0.0047513708
▁VARCHAR,0.0043601026
