Token,Probability
▁SELECT,0.26556745
1,0.23436247
2,0.10399771
<0x0A>,0.06066133
4,0.057432994
7,0.05654257
5,0.04798706
3,0.047243092
6,0.03483487
9,0.025090616
