Token,Probability
▁SELECT,0.6029441
<0x0A>,0.22530375
1,0.04685871
▁CREATE,0.030018818
2,0.027762871
4,0.009669842
3,0.007530881
7,0.0056846067
​,0.0056846067
5,0.005466833
