Token,Probability
▁SELECT,0.8252866
<0x0A>,0.07324835
1,0.05529076
2,0.013235708
4,0.005782252
3,0.005183178
5,0.0035071133
7,0.002884873
SELECT,0.0028624225
6,0.0016959291
