Token,Probability
▁SELECT,0.34646595
▁CREATE,0.24376924
<0x0A>,0.19434978
1,0.0731928
2,0.022148827
▁VARCHAR,0.018944897
​,0.010794477
9,0.008148098
7,0.008021774
4,0.007714465
