Token,Probability
▁SELECT,0.7887694
<0x0A>,0.11724011
1,0.039888937
2,0.016116587
4,0.0055697444
3,0.0050713094
5,0.0040432005
7,0.003351931
SELECT,0.0031984346
▁CREATE,0.002935049
