Token,Probability
▁SELECT,0.851069
1,0.034583203
<0x0A>,0.025104715
2,0.023583697
▁CREATE,0.02081254
4,0.006152175
7,0.004866771
3,0.0043285955
SELECT,0.0029060817
9,0.0028834664
