Token,Probability
▁SELECT,0.7692244
<0x0A>,0.14680904
1,0.043737035
2,0.010718222
4,0.003346392
SELECT,0.0032434342
3,0.00311918
5,0.00242922
7,0.002264282
▁CREATE,0.0016565841
