Token,Probability
▁SELECT,0.87668157
1,0.051832575
<0x0A>,0.042970713
2,0.008594684
4,0.0036677606
SELECT,0.0031372018
3,0.0029471286
5,0.0021393858
7,0.0020255297
6,0.0011631639
