Token,Probability
9,0.74492824
▁SELECT,0.10081507
1,0.040732976
2,0.038265087
7,0.017794918
8,0.016457608
3,0.009160039
4,0.008405725
5,0.0061979922
6,0.004605957
