Token,Probability
▁SELECT,0.57435143
1,0.27991652
<0x0A>,0.06545523
2,0.027073462
3,0.011285896
4,0.0076963133
5,0.005372892
▁CREATE,0.0052895932
7,0.0050869524
SELECT,0.003258824
