Token,Probability
▁SELECT,0.88681054
<0x0A>,0.045910504
▁CREATE,0.03896374
1,0.008762172
2,0.0037981207
SELECT,0.0021139723
​,0.002001469
4,0.0011053162
3,0.00097543804
5,0.0008214012
