Token,Probability
▁SELECT,0.82900405
<0x0A>,0.079557106
2,0.034755923
1,0.023517035
▁CREATE,0.013933382
3,0.00386916
SELECT,0.0033615846
4,0.0026180048
5,0.0018564435
7,0.0016771568
