Token,Probability
▁SELECT,0.74100053
<0x0A>,0.1679433
1,0.03660515
2,0.018262986
SELECT,0.0072079813
4,0.0046538226
3,0.0039806254
5,0.0030047335
7,0.0027145506
​,0.0025302395
