Token,Probability
▁SELECT,0.85105693
<0x0A>,0.04726897
1,0.026723454
▁CREATE,0.014192718
6,0.012139675
5,0.0110533
4,0.008881576
2,0.008675834
7,0.004431183
3,0.004261427
