Token,Probability
▁SELECT,0.79256624
<0x0A>,0.053098626
1,0.040080946
2,0.036780342
▁CREATE,0.019841507
3,0.0099769365
4,0.009520059
7,0.008401423
5,0.0064921165
9,0.004062663
