Token,Probability
▁SELECT,0.3309551
1,0.17993715
<0x0A>,0.14801227
▁CREATE,0.113484934
2,0.09783013
4,0.015600379
SELECT,0.013553844
3,0.011413481
7,0.009315412
▁VARCHAR,0.008819655
