Token,Probability
▁SELECT,0.54373384
<0x0A>,0.3002783
1,0.04428506
2,0.040956985
▁CREATE,0.016677905
​,0.011023423
3,0.008788639
SELECT,0.0066340123
4,0.0052070967
5,0.003992419
