Token,Probability
<0x0A>,0.4919382
▁SELECT,0.43413395
1,0.028858818
2,0.009010163
SELECT,0.005909009
​,0.005727208
<0x09>,0.004748022
4,0.0027265595
3,0.0025020316
5,0.0018305256
