Token,Probability
1,0.29140794
▁SELECT,0.16346502
2,0.16093074
4,0.07253718
7,0.056492
5,0.053905047
3,0.051436555
<0x0A>,0.043996017
6,0.040689666
9,0.027532004
