Token,Probability
▁SELECT,0.7654094
<0x0A>,0.094316944
2,0.07231531
1,0.03469727
▁CREATE,0.0059360024
3,0.004732594
4,0.003572349
5,0.0026135866
SELECT,0.0022530523
7,0.0020837327
