Token,Probability
▁SELECT,0.6880113
1,0.114083454
<0x0A>,0.109712996
2,0.026677093
3,0.008328996
4,0.007947583
7,0.0071800426
5,0.0070137163
SELECT,0.0047829393
0,0.0039962954
