Token,Probability
▁SELECT,0.32488126
<0x0A>,0.20015353
5,0.13756338
1,0.100643516
2,0.073059365
4,0.051806845
3,0.028610457
7,0.022810243
6,0.013727447
9,0.010690946
