Token,Probability
▁SELECT,0.64536905
<0x0A>,0.14176877
1,0.10701268
2,0.032637022
4,0.014482593
3,0.011017775
5,0.0073394203
7,0.0072823046
SELECT,0.0054117497
0,0.004628914
