Token,Probability
▁SELECT,0.31942523
2,0.20303902
1,0.16832528
4,0.069080554
<0x0A>,0.062898554
▁CREATE,0.042559292
3,0.032887273
7,0.019637886
0,0.018304523
9,0.016153686
