Token,Probability
▁SELECT,0.64654505
<0x0A>,0.28245464
1,0.029308949
2,0.008463014
SELECT,0.0043224846
4,0.004028999
3,0.0033663546
​,0.0027908057
5,0.0026838917
7,0.002139785
