Token,Probability
▁SELECT,0.430994
1,0.3227996
2,0.05924724
<0x0A>,0.05787478
▁CREATE,0.021125253
3,0.018211108
4,0.017650811
7,0.012614465
0,0.01053978
5,0.009747704
