Token,Probability
▁SELECT,0.78343564
<0x0A>,0.18035713
1,0.008501574
SELECT,0.0072151925
2,0.0043421793
▁CREATE,0.0035164044
3,0.0025928337
4,0.0017960034
​,0.0015849675
5,0.001031358
