Token,Probability
▁SELECT,0.7536299
1,0.09581329
2,0.05545248
3,0.018866757
<0x0A>,0.016649853
4,0.015398597
5,0.010257678
7,0.008705578
SELECT,0.0058446485
▁CREATE,0.00465976
