Token,Probability
▁SELECT,0.86026347
<0x0A>,0.07400359
1,0.037211347
2,0.0058418717
SELECT,0.0047679963
4,0.003328598
3,0.0031514533
5,0.0020506897
7,0.0019875965
9,0.0016606991
