Token,Probability
▁SELECT,0.7593387
<0x0A>,0.110251084
1,0.051673647
▁CREATE,0.017173808
2,0.016775977
4,0.005446362
3,0.005320197
SELECT,0.004768994
0,0.003953635
7,0.003953635
