Token,Probability
▁SELECT,0.3398129
1,0.30460632
2,0.26464656
<0x0A>,0.014814148
4,0.013488436
▁CREATE,0.012377685
3,0.010181606
SELECT,0.0094903
7,0.0065737385
5,0.0050402605
