Token,Probability
▁SELECT,0.5505284
<0x0A>,0.33391234
1,0.071651645
2,0.0092529375
​,0.0077917543
3,0.00391794
SELECT,0.0035395639
4,0.0020971221
﻿,0.0018220113
▁CREATE,0.0017250457
