Token,Probability
▁SELECT,0.65761584
1,0.096230455
2,0.07553215
<0x0A>,0.06261835
3,0.016985686
4,0.016081722
7,0.014757419
5,0.012922027
▁CREATE,0.012330285
6,0.008408523
