Token,Probability
▁SELECT,0.8179527
<0x0A>,0.091771744
1,0.04543031
2,0.013220974
SELECT,0.0059127854
4,0.0050181155
3,0.0041277893
5,0.0034759473
7,0.0028369855
9,0.0015667322
