Token,Probability
▁SELECT,0.43074903
1,0.2824921
2,0.08751197
4,0.03563535
3,0.030719591
7,0.02566718
5,0.020785915
0,0.016832948
▁CREATE,0.013631735
6,0.012219409
