Token,Probability
▁SELECT,0.8448252
<0x0A>,0.044774093
1,0.030295668
2,0.025711598
4,0.008545286
3,0.0075411876
SELECT,0.0067598773
7,0.0067072706
5,0.0064503197
9,0.004263401
