Token,Probability
▁SELECT,0.8160588
<0x0A>,0.07590529
1,0.060991615
2,0.010935195
SELECT,0.0073415423
4,0.0056731044
3,0.003868721
5,0.0030844132
7,0.003036594
9,0.0016001726
