Token,Probability
▁SELECT,0.67693585
1,0.12136792
2,0.055566277
<0x0A>,0.049809292
4,0.018905474
3,0.01762184
7,0.011923534
▁CREATE,0.009962485
5,0.009580828
6,0.006089945
