Token,Probability
▁SELECT,0.8230219
<0x0A>,0.122331284
1,0.017623493
▁CREATE,0.007759519
2,0.006637068
​,0.0028323529
3,0.0020400675
4,0.0017313826
5,0.0016912752
SELECT,0.001652097
