Token,Probability
▁SELECT,0.4996609
<0x0A>,0.3831033
1,0.049088124
2,0.016571423
4,0.007353524
<0x09>,0.0066433554
3,0.0059550656
​,0.005726931
5,0.0036688093
SELECT,0.003473559
