Token,Probability
3,0.9231256
▁SELECT,0.044545688
2,0.011620437
1,0.0109163895
▁CREATE,0.0037432448
4,0.0017137824
7,0.00081588275
SELECT,0.0007846268
<0x0A>,0.0005477578
5,0.0004333121
