Token,Probability
▁SELECT,0.44122395
1,0.20200706
2,0.19275647
<0x0A>,0.05107538
3,0.030498503
4,0.026497558
5,0.013015163
7,0.0112197725
SELECT,0.010705981
6,0.0060055116
