Token,Probability
1,0.78017306
2,0.064040504
▁SELECT,0.053927515
9,0.013958356
3,0.013319156
4,0.011041968
▁CREATE,0.009897958
7,0.00866694
<0x0A>,0.0071292305
5,0.0066451733
