Token,Probability
1,0.2768606
▁SELECT,0.23681143
<0x0A>,0.1759833
2,0.09419708
4,0.046630934
3,0.03204894
5,0.029409762
9,0.026569506
7,0.024765503
6,0.019137297
