Token,Probability
▁SELECT,0.86673516
1,0.054549497
<0x0A>,0.03990927
2,0.011169324
4,0.004206406
3,0.0037412543
▁CREATE,0.002959576
5,0.0024155357
SELECT,0.002378086
7,0.0019869653
