Token,Probability
▁SELECT,0.6373004
▁CREATE,0.18838564
1,0.051905703
<0x0A>,0.04010962
2,0.032993272
SELECT,0.0075363736
4,0.0065477155
▁VARCHAR,0.005020308
3,0.004161981
7,0.0030212742
