Token,Probability
▁SELECT,0.7797524
1,0.09608434
<0x0A>,0.07842176
2,0.012702374
▁CREATE,0.006387155
SELECT,0.005680853
4,0.004389823
3,0.004028328
5,0.0025806439
7,0.0019632503
