Token,Probability
▁SELECT,0.7204059
<0x0A>,0.21971138
1,0.01789466
▁CREATE,0.009211381
2,0.006481016
SELECT,0.0040241545
​,0.0030375912
4,0.0025981895
3,0.002137212
7,0.001690674
