Token,Probability
▁SELECT,0.76274186
<0x0A>,0.18402004
1,0.01939557
▁CREATE,0.009161818
2,0.0037894926
4,0.0024658698
<0x09>,0.0019506634
3,0.001890648
​,0.0018759348
SELECT,0.0018040688
