Token,Probability
▁SELECT,0.38365987
1,0.26783773
2,0.08901625
3,0.04993359
<0x0A>,0.04372331
4,0.0413964
7,0.028010206
5,0.02651953
6,0.01646635
8,0.013439442
