Token,Probability
▁SELECT,0.41015524
8,0.2732223
1,0.1395483
2,0.041899994
<0x0A>,0.030654691
7,0.023139376
9,0.018448317
4,0.015535042
▁CREATE,0.0116352085
3,0.0110159945
