Token,Probability
▁SELECT,0.6660937
<0x0A>,0.12321495
4,0.09014598
1,0.02814495
2,0.024073651
▁CREATE,0.010273374
3,0.008063664
5,0.007754749
SELECT,0.0065813693
7,0.0065813693
