Token,Probability
1,0.44349515
▁SELECT,0.16833177
2,0.11751453
<0x0A>,0.08203836
4,0.033668473
3,0.032632604
5,0.028574063
7,0.027694933
6,0.017466974
9,0.015657295
