Token,Probability
▁SELECT,0.6963225
1,0.108466126
2,0.06037049
▁CREATE,0.028966079
<0x0A>,0.016764278
4,0.0158721
3,0.015504424
5,0.013261636
7,0.012954431
6,0.0075562526
