Token,Probability
▁SELECT,0.7820529
<0x0A>,0.06520573
1,0.063695244
2,0.023987846
3,0.008620214
5,0.008034923
4,0.0072024576
▁M,0.0053107594
7,0.004650256
9,0.0040719006
