Token,Probability
▁SELECT,0.46837434
▁CREATE,0.19072458
<0x0A>,0.11388684
1,0.110382915
2,0.036685914
4,0.011634273
3,0.010267211
5,0.007933885
7,0.007223885
SELECT,0.0059422064
