Token,Probability
▁SELECT,0.4882474
2,0.23795278
1,0.13988523
<0x0A>,0.034820184
7,0.02046973
3,0.018492863
4,0.015093434
5,0.012709945
9,0.008533054
6,0.0071855513
