Token,Probability
▁SELECT,0.6829395
▁CREATE,0.09610764
1,0.085479915
<0x0A>,0.06815052
2,0.017778127
4,0.0073533533
3,0.005726797
5,0.00505388
7,0.0037264978
SELECT,0.002769298
