Token,Probability
▁SELECT,0.44857687
<0x0A>,0.3230978
1,0.09777243
2,0.035688557
▁CREATE,0.027363362
3,0.009605444
4,0.009094252
5,0.0062017413
7,0.00587169
0,0.0054730168
