Token,Probability
6,0.5779976
▁SELECT,0.26052395
1,0.028330661
▁CREATE,0.024232501
<0x0A>,0.021552833
4,0.021552833
7,0.017728876
2,0.016785363
5,0.009342461
3,0.005846363
