Token,Probability
2,0.48402414
▁SELECT,0.2845431
1,0.14994368
▁CREATE,0.016178727
3,0.013946936
<0x0A>,0.013623855
9,0.0069042332
7,0.006691813
4,0.006092965
5,0.0035818692
