Token,Probability
▁SELECT,0.706587
<0x0A>,0.09414361
▁CREATE,0.07331912
1,0.051184993
2,0.022361064
3,0.007788387
7,0.0072030807
4,0.006661761
5,0.0063566966
6,0.003916247
