Token,Probability
▁SELECT,0.91272885
1,0.03651375
<0x0A>,0.024706438
SELECT,0.009451054
2,0.0052193683
▁CREATE,0.0022980568
4,0.0017482693
3,0.0013615536
5,0.0010686956
7,0.0010118206
