Token,Probability
2,0.49871382
1,0.15692726
▁SELECT,0.09820257
3,0.06749358
4,0.047118112
5,0.027916556
7,0.017744843
<0x0A>,0.017198892
6,0.01578259
SELECT,0.013186849
