Token,Probability
2,0.33412144
▁SELECT,0.29486114
1,0.2123805
3,0.028968008
4,0.023276448
SELECT,0.017846672
<0x0A>,0.013262521
7,0.012362029
▁CREATE,0.009258732
▁VARCHAR,0.00876599
