Token,Probability
▁SELECT,0.27963758
2,0.26683205
1,0.23182769
▁CREATE,0.071257986
4,0.022775419
7,0.01787663
3,0.017737513
5,0.01602451
9,0.015053634
0,0.012876056
