Token,Probability
▁SELECT,0.76131463
<0x0A>,0.16464585
1,0.035607163
2,0.008197234
4,0.0040579247
3,0.0036375006
SELECT,0.0029228139
5,0.0027672641
​,0.0026821245
7,0.0025996044
