Token,Probability
▁SELECT,0.6666739
2,0.090224504
1,0.071373455
<0x0A>,0.042953305
3,0.0226348
4,0.021767674
7,0.015556657
5,0.014500397
6,0.014387555
SELECT,0.01077578
