Token,Probability
3,0.5925233
2,0.25089017
1,0.052589428
▁SELECT,0.039387666
▁CREATE,0.030199569
SELECT,0.00845189
4,0.007939816
CREATE,0.0028310288
▁VARCHAR,0.0027871379
5,0.0019006628
