Token,Probability
▁SELECT,0.41262478
5,0.1371364
2,0.09648752
1,0.08253015
▁CREATE,0.07455977
<0x0A>,0.035219543
4,0.032067757
3,0.027215555
SELECT,0.017031059
7,0.00985682
