Token,Probability
▁SELECT,0.77427274
1,0.08034254
<0x0A>,0.05697139
2,0.022136698
4,0.009823101
5,0.009595548
7,0.009373267
3,0.009227948
9,0.006292914
SELECT,0.0041269935
