Token,Probability
▁SELECT,0.76752293
<0x0A>,0.12726778
1,0.054737188
2,0.011295658
4,0.00723627
3,0.004934707
SELECT,0.004287348
5,0.0040275906
7,0.0039036744
6,0.0031122807
