Token,Probability
▁SELECT,0.5072149
1,0.27576795
2,0.06550063
<0x0A>,0.023354972
4,0.021939965
3,0.02093526
5,0.015436691
7,0.014729794
▁CREATE,0.01020303
6,0.0086592
