Token,Probability
▁SELECT,0.8692064
<0x0A>,0.07134881
1,0.022626983
▁CREATE,0.008324003
2,0.0053325556
SELECT,0.0050487625
4,0.0028543114
3,0.001842882
7,0.0016390933
5,0.0015278029
