Token,Probability
▁SELECT,0.5079414
1,0.15983084
2,0.14105023
<0x0A>,0.06259066
▁CREATE,0.03221891
3,0.018793127
4,0.017792972
7,0.012716065
5,0.011134558
9,0.007652662
