Token,Probability
▁SELECT,0.44229946
1,0.16019024
<0x0A>,0.12771481
▁CREATE,0.06322341
2,0.06322341
4,0.02418511
3,0.01811381
5,0.01346104
7,0.012945357
0,0.01081625
