Token,Probability
1,0.34457082
▁SELECT,0.24818505
2,0.13493586
4,0.05537757
3,0.050421845
7,0.0431281
5,0.035200123
6,0.02677884
9,0.018404812
8,0.018261584
