Token,Probability
▁SELECT,0.64862406
1,0.14248379
<0x0A>,0.06422248
3,0.03805056
2,0.036025546
4,0.018256858
5,0.011335941
7,0.010732653
9,0.0060676914
6,0.006020473
