Token,Probability
1,0.1811481
<0x0A>,0.16493721
2,0.13673775
▁SELECT,0.05069754
▁CREATE,0.03457272
4,0.03430367
5,0.024515728
﻿,0.023761459
3,0.021133877
9,0.01779651
