Token,Probability
▁SELECT,0.7713638
1,0.064818926
<0x0A>,0.048169337
2,0.033891357
▁CREATE,0.033106264
3,0.0064682793
4,0.005798128
5,0.004622671
7,0.0045866966
SELECT,0.003984991
