Token,Probability
1,0.26023453
2,0.16285062
▁SELECT,0.13713397
4,0.0806169
7,0.07226452
3,0.06377322
5,0.059909396
6,0.045934126
9,0.041175086
8,0.031570032
