Token,Probability
▁SELECT,0.5854497
<0x0A>,0.18421991
▁CREATE,0.07619668
1,0.062189914
2,0.019568922
​,0.009839873
4,0.0074857804
3,0.0051852483
5,0.0041664643
7,0.0038835718
