Token,Probability
▁SELECT,0.89673316
1,0.033700358
<0x0A>,0.023161894
▁CREATE,0.014954441
SELECT,0.009807361
2,0.007063979
4,0.0026811836
3,0.0017176308
5,0.0015761865
7,0.0015639206
