Token,Probability
▁SELECT,0.83159304
1,0.08233886
<0x0A>,0.040128753
2,0.014762544
▁CREATE,0.0054734307
4,0.0035616294
3,0.0034520496
7,0.0031677787
SELECT,0.0029758527
5,0.0025255736
