Token,Probability
▁SELECT,0.5022863
1,0.21603066
▁CREATE,0.12118222
<0x0A>,0.10365263
2,0.010025259
SELECT,0.003925948
9,0.003280252
7,0.0030575313
▁VARCHAR,0.002740753
4,0.0026772637
