Token,Probability
▁SELECT,0.5959354
1,0.19047241
<0x0A>,0.069525585
2,0.06330377
3,0.0115284715
▁CREATE,0.011086823
4,0.009336041
5,0.00843441
7,0.007861734
▁VARCHAR,0.005751768
