Token,Probability
▁SELECT,0.8658134
<0x0A>,0.05891934
1,0.033050753
▁CREATE,0.0125446515
2,0.006927815
SELECT,0.00650808
4,0.0031717846
3,0.0027129713
5,0.0021799337
7,0.0015824621
