Token,Probability
▁SELECT,0.71993136
<0x0A>,0.20306596
1,0.040934302
2,0.008187375
SELECT,0.0034939433
3,0.0028965804
4,0.0028740393
<0x09>,0.0022558593
5,0.0018701728
▁CREATE,0.0018268505
