Token,Probability
▁SELECT,0.58217245
1,0.1591571
▁CREATE,0.06739136
2,0.054575182
4,0.024791894
3,0.020077087
5,0.019612001
7,0.018713905
<0x0A>,0.014574403
6,0.00919196
