Token,Probability
5,0.7081122
1,0.11559614
▁SELECT,0.06284853
2,0.041866146
4,0.023120683
3,0.009268903
SELECT,0.0069965348
<0x0A>,0.0069420883
7,0.005491643
6,0.0050001987
