Token,Probability
▁SELECT,0.6436958
<0x0A>,0.16531475
1,0.11185755
2,0.020054955
3,0.009697943
4,0.008230536
5,0.0054827197
9,0.0051104557
7,0.005070687
0,0.003918323
