Token,Probability
▁SELECT,0.62083167
1,0.12711886
<0x0A>,0.08874326
2,0.0478734
4,0.022613792
3,0.016035581
7,0.01360922
5,0.011549994
8,0.008995145
9,0.0076939557
