Token,Probability
▁SELECT,0.8056319
<0x0A>,0.08230048
1,0.061160523
2,0.010062488
4,0.006296944
▁CREATE,0.0057334327
SELECT,0.0050203614
3,0.0046794913
5,0.0033182562
7,0.0025842604
