Token,Probability
▁SELECT,0.5261192
▁CREATE,0.17900303
1,0.1531094
2,0.05088612
<0x0A>,0.03363367
3,0.008637842
4,0.008242286
5,0.0053633577
ql,0.0051177517
7,0.0049216934
