Token,Probability
1,0.95689714
▁SELECT,0.03274322
▁CREATE,0.0026668112
2,0.0023351377
<0x0A>,0.0018328707
SELECT,0.0005633782
0,0.0004057861
▁VARCHAR,0.00034438618
9,0.00030155462
4,0.00020564238
