Token,Probability
▁SELECT,0.3984936
<0x0A>,0.2306304
1,0.14432481
2,0.09465053
9,0.017923791
4,0.017103
3,0.014402171
▁M,0.014178885
5,0.014068545
0,0.013529587
