Token,Probability
▁SELECT,0.76242447
<0x0A>,0.15013027
1,0.024317373
▁CREATE,0.018071136
2,0.009748646
4,0.0042257253
SELECT,0.004192841
​,0.0032147625
3,0.0030675477
5,0.0027071014
