Token,Probability
▁SELECT,0.5020322
1,0.18468735
2,0.15797143
<0x0A>,0.060903415
3,0.025190748
4,0.016520496
5,0.0110050235
7,0.009942208
9,0.0071611046
6,0.0054478813
