Token,Probability
▁SELECT,0.5468438
<0x0A>,0.2665104
2,0.087885804
1,0.060402967
▁CREATE,0.01170965
4,0.0053610685
3,0.004341525
5,0.0025924433
9,0.0018240116
7,0.0018240116
