Token,Probability
▁SELECT,0.7882506
<0x0A>,0.1481079
1,0.028937215
2,0.008355676
SELECT,0.0029793081
4,0.002820752
3,0.0024316404
​,0.0020637065
5,0.0020159006
7,0.0014980901
