Token,Probability
▁SELECT,0.8847795
<0x0A>,0.049915846
1,0.029574158
2,0.0102205565
SELECT,0.004161866
4,0.0038792854
3,0.0036158918
5,0.003044886
7,0.0027081778
6,0.0014271094
