Token,Probability
▁SELECT,0.75537276
1,0.08475047
<0x0A>,0.079615705
2,0.02245664
SELECT,0.011291908
4,0.007883023
▁CREATE,0.007347785
3,0.007347785
5,0.0050896616
7,0.0046341894
