Token,Probability
1,0.26293153
2,0.1724347
▁SELECT,0.11851252
4,0.09522749
3,0.074163236
5,0.068589784
7,0.057758387
9,0.04160181
6,0.04160181
8,0.025831148
