Token,Probability
▁SELECT,0.48868394
<0x0A>,0.23447312
2,0.11427308
1,0.09039745
▁CREATE,0.016591715
4,0.013755015
3,0.012138758
5,0.0063468968
7,0.0039408775
6,0.0033445796
