Token,Probability
▁SELECT,0.4194191
1,0.25439057
<0x0A>,0.10440168
2,0.07345576
4,0.03014618
3,0.027022861
7,0.018284582
5,0.016778877
6,0.0134822065
0,0.009941154
