Token,Probability
▁SELECT,0.8447658
<0x0A>,0.08429916
SELECT,0.039510224
1,0.007902541
2,0.004229926
▁CREATE,0.0022464965
﻿,0.0019065769
4,0.0017224487
▁select,0.0012601705
3,0.00096620613
