Token,Probability
▁SELECT,0.835422
<0x0A>,0.050170988
1,0.039999798
▁CREATE,0.035855588
2,0.011916654
3,0.0031330264
4,0.0030366331
SELECT,0.0027433694
7,0.00259737
5,0.0024210152
