Token,Probability
▁SELECT,0.7093811
▁CREATE,0.09751614
<0x0A>,0.09451588
SELECT,0.033438414
1,0.023343777
2,0.021589462
CREATE,0.0027663198
3,0.0021045052
5,0.0014351478
​,0.0014019026
