Token,Probability
▁SELECT,0.39236006
2,0.26548412
1,0.1421034
3,0.04759868
4,0.037948973
7,0.029324694
5,0.023017216
▁CREATE,0.014403804
6,0.013744206
8,0.009013672
