Token,Probability
▁SELECT,0.5364904
<0x0A>,0.32539788
1,0.059259355
2,0.024319991
4,0.008082783
3,0.007957471
SELECT,0.0051377295
5,0.0049796584
​,0.0040961546
7,0.0040012677
