Token,Probability
▁SELECT,0.47686264
1,0.2552462
2,0.13877493
<0x0A>,0.030484807
4,0.024880975
SELECT,0.017643256
3,0.0138483485
7,0.008204875
0,0.0077682193
5,0.006963387
