Token,Probability
1,0.2493086
▁SELECT,0.22001407
2,0.12933959
3,0.11237219
4,0.060148504
<0x0A>,0.05104737
5,0.046117455
7,0.036481906
6,0.024492795
9,0.022475852
