Token,Probability
▁SELECT,0.3741543
2,0.26120177
1,0.11059979
<0x0A>,0.09313437
4,0.03534982
▁CREATE,0.030473448
3,0.023918882
7,0.015686387
5,0.013843189
6,0.009221551
