Token,Probability
▁SELECT,0.62158453
1,0.17532596
2,0.09532308
<0x0A>,0.05872684
▁CREATE,0.012900574
SELECT,0.005131494
3,0.004059346
4,0.0038134023
9,0.0037542812
7,0.0034721429
