Token,Probability
▁SELECT,0.6362882
<0x0A>,0.2959015
1,0.027308937
▁JOIN,0.0089354515
SELECT,0.0064359643
2,0.005335602
<0x09>,0.0022242097
▁FROM,0.0017872028
3,0.0017322161
▁CREATE,0.0013075453
