Token,Probability
1,0.40670896
▁SELECT,0.20772661
<0x0A>,0.15436931
2,0.10609637
4,0.025797699
0,0.018436784
3,0.017184973
9,0.015165686
5,0.0144711975
7,0.0090558445
