Token,Probability
▁SELECT,0.818383
2,0.056128457
<0x0A>,0.03485095
▁CREATE,0.03457974
4,0.018948134
1,0.013971478
SELECT,0.00403429
▁VARCHAR,0.003760372
3,0.0026251627
▁V,0.0020766747
