Token,Probability
▁SELECT,0.436873
1,0.27338815
2,0.100573875
4,0.036141977
<0x0A>,0.035860717
3,0.025429055
7,0.021246774
5,0.021081429
6,0.009958162
9,0.009880668
