Token,Probability
▁SELECT,0.65265423
1,0.14792013
2,0.045113094
4,0.030287497
3,0.030051801
7,0.020175824
5,0.019102085
<0x0A>,0.015348957
6,0.009832911
8,0.007962934
