Token,Probability
▁SELECT,0.77517456
<0x0A>,0.07098462
▁CREATE,0.0636302
1,0.032754023
2,0.017947722
4,0.008153121
7,0.0043982784
3,0.0037620473
5,0.0034522484
SELECT,0.0025257189
