Token,Probability
1,0.4499634
▁SELECT,0.18757264
<0x0A>,0.092855185
2,0.0757862
0,0.04742579
▁M,0.038406577
4,0.023661606
5,0.018864676
9,0.017042816
3,0.016518462
