Token,Probability
▁SELECT,0.43447384
1,0.2849349
<0x0A>,0.10159667
2,0.055237144
▁CREATE,0.035663784
3,0.017381141
4,0.012916567
5,0.011048126
7,0.010059432
6,0.0075932583
