Token,Probability
▁SELECT,0.6632625
<0x0A>,0.19302039
1,0.08432436
2,0.017675348
▁CREATE,0.005024663
3,0.004757255
4,0.00461089
SELECT,0.0040690955
7,0.0034533972
5,0.0033210996
