Token,Probability
1,0.35840383
2,0.19948177
▁CREATE,0.07811819
<0x0A>,0.042472117
4,0.03493661
3,0.03412731
7,0.030117244
ql,0.028292531
▁SELECT,0.026578374
9,0.0131572485
