Token,Probability
▁SELECT,0.46305004
2,0.19003534
1,0.15033033
3,0.043748625
4,0.033023193
7,0.033023193
5,0.02512272
<0x0A>,0.017538486
6,0.013342576
9,0.007661997
