Token,Probability
▁SELECT,0.7592615
1,0.064806685
▁CREATE,0.06281279
<0x0A>,0.046678502
2,0.021877775
4,0.006268087
SELECT,0.0054885205
3,0.005445808
7,0.0046945806
5,0.0046580466
