Token,Probability
▁SELECT,0.8845534
<0x0A>,0.030744402
1,0.030744402
SELECT,0.0180737
2,0.01139894
4,0.0048644706
3,0.0044988994
5,0.0030920457
7,0.0025040149
9,0.0020278129
