Token,Probability
▁SELECT,0.6907259
1,0.116337225
<0x0A>,0.10759435
2,0.03180483
4,0.009041323
3,0.006932223
SELECT,0.006771639
7,0.0046540746
0,0.0046178563
5,0.004440949
