Token,Probability
▁SELECT,0.5997055
<0x0A>,0.15401712
▁CREATE,0.09414878
1,0.059378892
2,0.018251572
0,0.012841585
3,0.008291151
SELECT,0.006662127
4,0.006457155
▁WHERE,0.004040784
