Token,Probability
▁SELECT,0.31928584
1,0.199804
2,0.10611509
<0x0A>,0.09968591
▁CREATE,0.09005871
3,0.024620682
4,0.022242932
▁VARCHAR,0.016146636
9,0.014361116
7,0.013703472
