Token,Probability
▁SELECT,0.5712121
<0x0A>,0.3630845
1,0.024515929
2,0.007774784
<0x09>,0.0065983734
​,0.0035874734
3,0.002950975
4,0.00248497
▁CREATE,0.0022101782
SELECT,0.0021421781
