Token,Probability
▁SELECT,0.71312296
<0x0A>,0.10517139
1,0.08319742
2,0.033093646
SELECT,0.014233401
4,0.009407703
3,0.0066710603
7,0.0066710603
9,0.00540239
5,0.0049189315
