Token,Probability
▁SELECT,0.87847996
<0x0A>,0.05358762
1,0.043736942
2,0.0065519037
SELECT,0.005102628
4,0.0017911907
3,0.0013311
<0x09>,0.0012901464
5,0.001094933
7,0.0008661633
