Token,Probability
2,0.5761008
▁SELECT,0.17570083
1,0.14795494
<0x0A>,0.024533335
▁CREATE,0.0198677
3,0.01583991
4,0.010307227
7,0.006251649
5,0.0057368353
0,0.004068026
