Token,Probability
▁SELECT,0.43321812
8,0.17503595
1,0.11659908
2,0.08398316
3,0.03967084
<0x0A>,0.027053162
7,0.026426474
4,0.026220825
5,0.023504194
9,0.01963849
