Token,Probability
▁SELECT,0.8313775
<0x0A>,0.08231752
1,0.049154036
2,0.012923165
4,0.0035886331
SELECT,0.0030935954
3,0.0027730807
▁CREATE,0.0027088427
5,0.002687762
7,0.0019818314
