Token,Probability
▁SELECT,0.73991674
<0x0A>,0.12658483
1,0.0646532
2,0.017675202
3,0.009460854
SELECT,0.009241695
4,0.007721725
5,0.004794528
7,0.004069063
0,0.0028629433
