Token,Probability
▁SELECT,0.6662779
1,0.13536257
<0x0A>,0.08604168
2,0.030203471
3,0.0128892595
4,0.0115538575
9,0.011111236
5,0.01043804
7,0.009805632
SELECT,0.0066868593
