Token,Probability
▁SELECT,0.7637944
<0x0A>,0.09265877
1,0.067790605
4,0.021331262
2,0.019271187
3,0.007034303
SELECT,0.0037651912
5,0.0036493486
7,0.0032205388
▁CREATE,0.0024692726
