Token,Probability
<0x0A>,0.42781773
▁SELECT,0.42781773
1,0.067690596
2,0.022851339
4,0.009018899
3,0.008211801
5,0.005260677
SELECT,0.00409702
<0x09>,0.0038789797
9,0.0032920474
