Token,Probability
▁SELECT,0.7683956
<0x0A>,0.13352713
1,0.04724006
2,0.0095974
SELECT,0.006912748
4,0.0063434937
3,0.0036144143
0,0.003189709
5,0.0031402574
​,0.0027930024
