Token,Probability
▁SELECT,0.37642232
9,0.17780931
1,0.16189723
2,0.07297279
4,0.03936587
7,0.034201663
3,0.028576557
8,0.025816767
5,0.024252608
<0x0A>,0.018450411
