Token,Probability
▁SELECT,0.71261317
1,0.12977651
<0x0A>,0.033854224
2,0.032052536
7,0.020373832
SELECT,0.014002714
4,0.012650399
3,0.009699398
5,0.0070962305
0,0.00552655
