Token,Probability
▁SELECT,0.61581117
<0x0A>,0.2062709
2,0.064906016
1,0.05380898
▁M,0.012582606
3,0.006277695
4,0.004701776
SELECT,0.004665187
5,0.0037485831
0,0.003576923
