Token,Probability
▁SELECT,0.29030532
<0x0A>,0.22609001
1,0.20585729
2,0.100326836
4,0.034402203
7,0.03012358
3,0.026377087
5,0.02273847
6,0.018704155
9,0.014118638
