Token,Probability
▁SELECT,0.80192524
<0x0A>,0.100372724
1,0.04055424
▁CREATE,0.018712709
2,0.014015172
4,0.0033029893
3,0.0029840022
SELECT,0.0027169648
7,0.0025324896
5,0.0022349146
