Token,Probability
▁SELECT,0.5418827
<0x0A>,0.3903035
1,0.032289337
2,0.0061625275
▁JOIN,0.0034299633
<0x09>,0.0029800038
SELECT,0.002933803
▁M,0.0024898862
3,0.0022145507
4,0.0018794648
