Token,Probability
▁SELECT,0.4473549
<0x0A>,0.15460174
1,0.11853726
3,0.0840555
2,0.07302868
4,0.028155066
▁CREATE,0.02227249
7,0.015307643
5,0.014721218
SELECT,0.00879044
