Token,Probability
▁SELECT,0.7678288
<0x0A>,0.073686294
1,0.065537944
2,0.027968163
▁CREATE,0.011658864
3,0.0072391536
4,0.0070714587
5,0.005093381
7,0.004747553
SELECT,0.003555753
