Token,Probability
▁SELECT,0.6953111
1,0.1171095
<0x0A>,0.09120496
2,0.04274691
3,0.014206993
SELECT,0.007199754
4,0.0063537606
5,0.0037644787
0,0.0036486578
7,0.0031208626
