Token,Probability
▁SELECT,0.38865256
1,0.30744952
2,0.075343736
<0x0A>,0.047891393
4,0.034494877
3,0.028597258
5,0.025634417
7,0.021586344
9,0.014836062
0,0.014606051
