Token,Probability
▁SELECT,0.63510835
<0x0A>,0.18773766
1,0.0782607
2,0.024818964
3,0.014936317
4,0.014936317
5,0.009568564
7,0.008378514
6,0.0042129816
9,0.0041801957
