Token,Probability
▁SELECT,0.64484745
<0x0A>,0.13516738
1,0.1230713
2,0.03312419
3,0.010670163
4,0.008506996
5,0.006835563
7,0.0057113264
SELECT,0.004113714
6,0.0037164313
