Token,Probability
▁SELECT,0.597662
1,0.13335642
<0x0A>,0.09023347
2,0.05222312
▁CREATE,0.023723423
5,0.021600423
3,0.018475821
4,0.018189378
7,0.01077685
SELECT,0.010363996
