Token,Probability
▁SELECT,0.27186316
1,0.18395182
2,0.14551787
4,0.104812585
3,0.067672096
5,0.04724273
▁AV,0.037960604
<0x0A>,0.033762857
7,0.033762857
9,0.015337471
