Token,Probability
2,0.96377957
▁SELECT,0.017109135
1,0.0095973555
▁CREATE,0.004393989
<0x0A>,0.0024841365
3,0.0008788532
SELECT,0.00050864124
4,0.00033619133
0,0.0001625715
5,0.00012661082
