Token,Probability
2,0.28032035
1,0.24738182
▁SELECT,0.21159689
4,0.06254792
3,0.056950532
5,0.032960437
9,0.031206317
7,0.021785518
6,0.016966581
8,0.012316416
