Token,Probability
▁SELECT,0.86728895
<0x0A>,0.08587324
1,0.0190118
​,0.0046590418
SELECT,0.004308909
2,0.003600228
▁CREATE,0.002183649
4,0.0016873929
<0x09>,0.0013348378
3,0.001253964
