Token,Probability
▁SELECT,0.7630451
<0x0A>,0.0829773
▁CREATE,0.058381822
1,0.0447629
2,0.01739299
<0x09>,0.004163598
4,0.0035892462
SELECT,0.0035336001
3,0.0033195098
5,0.0027519704
