Token,Probability
▁SELECT,0.7811301
1,0.077342354
<0x0A>,0.060234282
2,0.019252034
4,0.01195386
3,0.009530447
7,0.008953027
5,0.00874563
SELECT,0.006348647
6,0.0044668308
