Token,Probability
▁SELECT,0.5166223
▁CREATE,0.259774
1,0.08566437
2,0.045496006
<0x0A>,0.041424584
4,0.011149277
3,0.007662778
5,0.004757927
7,0.004198856
SELECT,0.003535791
