Token,Probability
▁SELECT,0.4815026
1,0.25772977
2,0.07738451
<0x0A>,0.03151139
3,0.030304208
4,0.029371845
7,0.017402243
5,0.016735574
6,0.009170338
0,0.008750397
