Token,Probability
▁SELECT,0.7900369
<0x0A>,0.09289359
1,0.05997661
2,0.014697901
3,0.0069427965
4,0.0061750514
5,0.004809135
SELECT,0.004697731
7,0.0036585971
▁CREATE,0.0033836488
