Token,Probability
▁SELECT,0.72003144
<0x0A>,0.14858687
1,0.06909932
2,0.021913597
▁CREATE,0.005672018
4,0.0051242406
3,0.0048137787
5,0.0031080088
7,0.0026792714
SELECT,0.002617206
