Token,Probability
2,0.37355936
▁SELECT,0.32966498
1,0.16576597
3,0.039372865
4,0.02444717
<0x0A>,0.016032845
5,0.013188259
▁CREATE,0.009064149
7,0.008061822
6,0.0047393003
