Token,Probability
▁SELECT,0.6526023
<0x0A>,0.19903244
1,0.086950846
2,0.012823512
4,0.00923643
3,0.007249757
5,0.005825343
7,0.0038503166
9,0.0033452131
SELECT,0.0031920248
