Token,Probability
▁SELECT,0.54434735
<0x0A>,0.3514571
1,0.029303666
2,0.029303666
3,0.010127076
4,0.0047095274
<0x09>,0.003996924
​,0.0036392407
5,0.00328778
6,0.0021730901
