Token,Probability
▁SELECT,0.7760252
1,0.051990446
<0x0A>,0.03573248
2,0.034633104
6,0.021842824
7,0.0137760965
4,0.013042946
3,0.009845333
5,0.009176859
▁CREATE,0.0068731494
