Token,Probability
▁SELECT,0.6679278
<0x0A>,0.11789626
1,0.11697879
2,0.032738607
4,0.011052068
SELECT,0.008811477
3,0.007960507
0,0.0057337373
7,0.004607187
5,0.004500462
