Token,Probability
▁SELECT,0.865143
▁CREATE,0.043751232
1,0.037131187
<0x0A>,0.02269784
2,0.010151102
3,0.0026480732
4,0.0024490673
7,0.002111228
5,0.0020462724
9,0.0017917762
