Token,Probability
▁SELECT,0.76404357
1,0.0843943
<0x0A>,0.06996533
2,0.022362262
3,0.009177454
4,0.009177454
SELECT,0.0077281916
5,0.0066102725
▁CREATE,0.005270168
7,0.005108022
