Token,Probability
▁SELECT,0.5796736
<0x0A>,0.22700343
▁CREATE,0.069232136
1,0.054340925
2,0.017641915
SELECT,0.006592302
4,0.0057724123
3,0.0048230314
5,0.0039058097
7,0.0038754144
