Token,Probability
▁SELECT,0.34875646
<0x0A>,0.18378176
1,0.16218683
2,0.07966349
4,0.038522746
7,0.032439403
5,0.030953895
3,0.027104136
9,0.023548484
6,0.021108724
