Token,Probability
1,0.39259562
▁SELECT,0.341093
2,0.07852406
<0x0A>,0.07610813
4,0.019853992
3,0.01969949
SELECT,0.014639417
5,0.012136503
7,0.010710427
6,0.0077749346
