Token,Probability
▁SELECT,0.8364846
▁CREATE,0.07424223
<0x0A>,0.03733134
1,0.019672234
2,0.0071248105
SELECT,0.0034185215
4,0.0026006738
3,0.002277226
7,0.0021560346
5,0.002025407
