Token,Probability
1,0.3995236
2,0.23856641
3,0.061268926
4,0.058463212
7,0.05492111
▁SELECT,0.05079372
5,0.03436875
6,0.033311337
9,0.032035198
8,0.028941393
