Token,Probability
▁SELECT,0.48695815
▁CREATE,0.10127765
1,0.09893155
<0x0A>,0.09816166
2,0.09293759
4,0.026010249
5,0.025407724
3,0.017462457
7,0.009872378
6,0.00927424
