Token,Probability
▁SELECT,0.57582176
1,0.14221793
2,0.07207255
<0x0A>,0.060691163
▁CREATE,0.03857765
3,0.015225714
7,0.01487301
4,0.012721559
5,0.009602737
▁VARCHAR,0.008607837
