Token,Probability
4,0.9906679
▁SELECT,0.0037443736
2,0.0021502129
1,0.00088244554
3,0.0007090649
SELECT,0.0004911549
▁CREATE,0.0003428814
5,0.00025882045
<0x0A>,0.00015454875
6,8.2723986e-05
