Token,Probability
▁SELECT,0.68490714
<0x0A>,0.094151795
1,0.08374033
2,0.033834156
3,0.017690599
SELECT,0.014326283
4,0.014326283
5,0.013777451
▁CREATE,0.008689331
7,0.0086217085
