Token,Probability
<0x0A>,0.5767743
▁SELECT,0.32354105
1,0.045530774
​,0.009035859
2,0.0068206238
<0x09>,0.0062102494
▁M,0.005566831
﻿,0.0028655592
SELECT,0.0024896408
3,0.002249203
