Token,Probability
▁SELECT,0.5852204
1,0.12363096
▁CREATE,0.088355064
<0x0A>,0.07676421
2,0.04841458
3,0.008816951
4,0.008027925
7,0.0074246177
9,0.0063506113
5,0.0059194206
