Token,Probability
▁SELECT,0.5230496
<0x0A>,0.22496085
1,0.10709742
▁CREATE,0.048651192
2,0.039092332
3,0.010358436
4,0.008791091
SELECT,0.0059020594
5,0.004668913
7,0.003551922
