Token,Probability
▁SELECT,0.8701472
<0x0A>,0.0681552
1,0.027753167
2,0.0071276026
▁CREATE,0.004860603
4,0.0035560927
SELECT,0.0026633902
3,0.0026220982
5,0.0025613576
7,0.0023139936
