Token,Probability
▁SELECT,0.6935607
1,0.12829584
2,0.041005813
<0x0A>,0.032949094
4,0.020780733
3,0.017362954
5,0.015809149
7,0.015442931
6,0.008799117
8,0.0076448047
