Token,Probability
▁SELECT,0.77211237
<0x0A>,0.08138005
1,0.077653386
▁CREATE,0.027688168
2,0.016277034
SELECT,0.0037471862
3,0.0034118516
4,0.00330688
7,0.0022201343
5,0.0021019806
