Token,Probability
▁SELECT,0.67050976
<0x0A>,0.13411039
2,0.092895545
1,0.06796384
SELECT,0.0055353967
3,0.004378859
4,0.0041458206
0,0.0034370061
5,0.0023438346
7,0.00205233
