Token,Probability
▁SELECT,0.7339875
<0x0A>,0.101690054
1,0.066170976
2,0.024533866
▁CREATE,0.019256853
4,0.009312007
SELECT,0.008955268
3,0.006920095
5,0.0044331793
7,0.0044331793
