Token,Probability
▁SELECT,0.43585774
1,0.17887565
2,0.12783666
4,0.047769073
7,0.033348188
3,0.03084203
9,0.027863452
▁CREATE,0.027431471
5,0.017711088
8,0.016900038
