Token,Probability
▁SELECT,0.73398143
<0x0A>,0.16123433
1,0.062161367
2,0.011588883
4,0.0045382716
3,0.003942919
SELECT,0.0038817897
7,0.0032944323
5,0.0031682241
9,0.002264228
