Token,Probability
▁SELECT,0.77603275
1,0.10667851
<0x0A>,0.037156258
2,0.023803191
▁CREATE,0.008487289
SELECT,0.007548752
3,0.00666175
4,0.006609908
5,0.0049120663
0,0.004650651
