Token,Probability
▁SELECT,0.4062852
▁CREATE,0.12684843
2,0.12198894
1,0.121039614
<0x0A>,0.113706194
4,0.018132037
3,0.012757482
▁VARCHAR,0.010912052
7,0.009858218
5,0.009333574
