Token,Probability
▁SELECT,0.82493323
1,0.06165488
<0x0A>,0.057021447
2,0.021141542
3,0.0064983773
4,0.0064983773
5,0.0036452592
7,0.003045728
SELECT,0.0027301728
6,0.002093296
