Token,Probability
▁SELECT,0.54982907
▁CREATE,0.17301138
1,0.09406466
<0x0A>,0.06266057
2,0.04014187
7,0.012532903
4,0.010719961
9,0.009760634
3,0.009534529
5,0.00719704
