Token,Probability
▁SELECT,0.55373675
1,0.26156673
2,0.045809973
3,0.023952302
<0x0A>,0.02048749
4,0.018080145
5,0.017117938
7,0.015708303
9,0.007025188
8,0.006599553
