Token,Probability
▁SELECT,0.72423685
<0x0A>,0.112814344
1,0.09064888
2,0.023832638
SELECT,0.0069900905
4,0.005705146
3,0.005572986
5,0.0035424056
7,0.0035148384
▁VARCHAR,0.0028687273
