Token,Probability
ica,0.6203673
▁SELECT,0.1450657
1,0.030886266
2,0.020736057
<0x0A>,0.018587682
SELECT,0.017598465
﻿,0.009058913
4,0.008378126
9,0.0075690052
ql,0.0074516586
