Token,Probability
▁SELECT,0.38139004
1,0.30170435
2,0.16661696
<0x0A>,0.029180773
3,0.028953688
4,0.02290425
SELECT,0.010651466
5,0.010243415
▁CREATE,0.008830376
7,0.007435922
