Token,Probability
▁SELECT,0.7125756
<0x0A>,0.13181323
1,0.082486615
2,0.02496122
3,0.00687754
4,0.006262071
5,0.005314551
▁CREATE,0.005110953
SELECT,0.0042703617
7,0.0036812818
