Token,Probability
▁SELECT,0.61426795
<0x0A>,0.16024138
1,0.10106297
2,0.034117356
4,0.012356487
3,0.01125071
0,0.007915864
5,0.0067181056
7,0.006562481
​,0.0058825705
