Token,Probability
▁SELECT,0.63916
1,0.14040482
2,0.08515983
▁CREATE,0.021197958
<0x0A>,0.020385878
3,0.016768964
4,0.015630392
5,0.0123646585
7,0.009333334
SELECT,0.0074995444
