Token,Probability
▁SELECT,0.36367446
1,0.29682246
2,0.09052573
4,0.056208704
3,0.04659865
<0x0A>,0.03227794
5,0.027393933
7,0.026759354
6,0.015608592
8,0.011781985
