Token,Probability
5,0.53652656
1,0.1769277
2,0.084890835
▁SELECT,0.065088056
4,0.04508518
▁CREATE,0.029337488
3,0.021632107
7,0.010218283
6,0.0075935833
<0x0A>,0.0064445906
