Token,Probability
▁SELECT,0.6543464
<0x0A>,0.19647041
1,0.056289718
▁CREATE,0.030366026
2,0.02204337
4,0.006365065
3,0.0052357595
5,0.0051950137
7,0.0038606068
SELECT,0.0028914611
