Token,Probability
▁SELECT,0.74132913
1,0.095733635
2,0.039597154
4,0.020866234
3,0.019147934
<0x0A>,0.018851072
7,0.01650655
5,0.013263386
6,0.007919929
9,0.006413754
