Token,Probability
1,0.4277717
▁SELECT,0.23623794
2,0.09847864
<0x0A>,0.06874917
4,0.037378274
5,0.026505165
3,0.02451327
7,0.020481603
6,0.01396724
0,0.012917586
