Token,Probability
▁SELECT,0.7857179
<0x0A>,0.1302848
1,0.027739236
▁CREATE,0.020938672
2,0.005814459
SELECT,0.003365151
​,0.0029697353
3,0.0022948335
4,0.0022948335
5,0.0022592556
