Token,Probability
▁SELECT,0.6414946
1,0.15720502
<0x0A>,0.12631777
2,0.023549702
4,0.0067471038
3,0.00568163
5,0.005295862
7,0.004975002
9,0.0039664176
▁CREATE,0.0038745352
