Token,Probability
▁SELECT,0.81345934
<0x0A>,0.11537307
1,0.032542467
2,0.010081187
​,0.0042686425
SELECT,0.0036511638
3,0.0028883081
4,0.0026504607
5,0.0021632428
7,0.0018794577
