Token,Probability
▁SELECT,0.90448743
1,0.043646295
<0x0A>,0.032945953
2,0.0036964335
SELECT,0.0028787854
4,0.0021393313
3,0.0017735682
7,0.001666113
5,0.0014703396
9,0.0013705073
