Token,Probability
▁SELECT,0.67361456
<0x0A>,0.13685311
1,0.092599444
2,0.027587026
3,0.0129297795
4,0.0101487
5,0.008546064
7,0.0069208127
6,0.0050633745
SELECT,0.0046464135
