Token,Probability
4,0.5541699
▁SELECT,0.30129695
1,0.03830561
<0x0A>,0.034877654
2,0.018668663
3,0.012339233
5,0.011147567
▁CREATE,0.005783282
7,0.005143758
6,0.004757198
