Token,Probability
▁SELECT,0.69771636
<0x0A>,0.08801438
1,0.07587314
SELECT,0.02156885
2,0.016408715
▁CREATE,0.013817523
4,0.006947887
3,0.0062280456
​,0.005083183
<0xE1>,0.004628291
