Token,Probability
▁SELECT,0.7949603
<0x0A>,0.07749142
1,0.04700092
2,0.025553958
▁CREATE,0.016890135
3,0.006262267
4,0.0058828546
SELECT,0.0042372616
5,0.004074935
7,0.002414319
