Token,Probability
▁SELECT,0.63428664
<0x0A>,0.24839023
1,0.06479646
2,0.010577732
▁CREATE,0.008110228
SELECT,0.0072133862
4,0.004444038
3,0.0034881658
5,0.0027810081
7,0.0022346028
