Token,Probability
▁SELECT,0.7228407
<0x0A>,0.22745192
1,0.02435078
2,0.005920977
SELECT,0.0026069707
4,0.0025070994
3,0.0024682304
​,0.0021277475
5,0.0013524786
<0x09>,0.0013108671
