Token,Probability
▁SELECT,0.5650924
1,0.29316607
2,0.05380825
<0x0A>,0.01888847
3,0.0137115605
4,0.013083662
SELECT,0.007997883
5,0.0069486806
7,0.0055834213
9,0.005327738
