Token,Probability
▁SELECT,0.6854919
1,0.18163729
<0x0A>,0.0357665
2,0.033078603
4,0.0104902815
3,0.009403427
7,0.007615128
0,0.0074970652
5,0.006879694
SELECT,0.0057482
