Token,Probability
▁SELECT,0.35209528
1,0.25360474
<0x0A>,0.10907403
2,0.09184954
4,0.04618485
3,0.034862153
5,0.029587125
7,0.025505697
6,0.013759291
8,0.013027037
