Token,Probability
▁SELECT,0.55054367
1,0.18440904
2,0.08056233
▁CREATE,0.053248454
<0x0A>,0.029177746
4,0.021346895
7,0.014444031
3,0.014331627
9,0.012947546
5,0.010162645
