Token,Probability
1,0.31337577
▁SELECT,0.2680445
2,0.21204066
4,0.037136134
3,0.034886174
5,0.02435447
7,0.023239201
9,0.017679453
6,0.015360173
0,0.011685404
