Token,Probability
▁SELECT,0.47984862
1,0.15099107
2,0.15099107
▁CREATE,0.077118695
<0x0A>,0.04940409
4,0.014490173
3,0.012887827
7,0.008927137
5,0.007458902
9,0.007173156
