Token,Probability
▁SELECT,0.587288
<0x0A>,0.25258943
1,0.08460686
2,0.029699799
3,0.009057928
SELECT,0.008987438
4,0.0078084213
5,0.0064734085
0,0.0040827277
7,0.0022197405
