Token,Probability
▁SELECT,0.78658897
<0x0A>,0.15488854
1,0.034024503
SELECT,0.0074741906
2,0.0069124964
0,0.0023703042
4,0.0014832986
3,0.0014153733
5,0.0010683798
▁CREATE,0.0005629966
