Token,Probability
▁SELECT,0.31689015
<0x0A>,0.30714047
1,0.17500335
2,0.10614491
3,0.021065103
SELECT,0.0140323825
5,0.013285593
4,0.012776631
0,0.01190913
7,0.006628428
