Token,Probability
▁SELECT,0.8215236
SELECT,0.06384595
1,0.045986515
<0x0A>,0.038724527
2,0.010753413
0,0.0044478048
3,0.002849371
4,0.0018253755
▁CREATE,0.001501513
5,0.001399564
