Token,Probability
▁SELECT,0.58528197
<0x0A>,0.13901666
1,0.13265063
2,0.05616781
3,0.0451321
4,0.009534399
5,0.0074836356
0,0.007085365
SELECT,0.0059200437
7,0.0029536192
