Token,Probability
▁SELECT,0.54167783
<0x0A>,0.25989985
1,0.09412948
2,0.047331277
SELECT,0.01432289
3,0.01098174
0,0.007726619
5,0.0062085134
4,0.0060646934
7,0.0028872266
