Token,Probability
▁SELECT,0.655043
<0x0A>,0.2646613
1,0.040587123
2,0.017593218
SELECT,0.00488546
3,0.0039255773
0,0.0032799426
4,0.0023258277
5,0.0019739042
9,0.0010483327
