Token,Probability
▁SELECT,0.6183512
<0x0A>,0.15153348
1,0.10745332
2,0.046942882
3,0.032012265
SELECT,0.008751666
4,0.008416396
0,0.007485697
5,0.006062102
7,0.0032959075
