Token,Probability
<0x0A>,0.4597741
▁SELECT,0.39945868
1,0.076238014
2,0.025938682
SELECT,0.0072594043
0,0.006507288
3,0.00565363
4,0.0053527495
5,0.0043347883
7,0.0019691663
