Token,Probability
▁SELECT,0.39763898
1,0.20954104
9,0.13742037
<0x0A>,0.10053888
2,0.045316424
SELECT,0.02174306
3,0.017746167
4,0.015660936
5,0.015539062
7,0.011914212
