Token,Probability
▁SELECT,0.7210412
<0x0A>,0.21649583
1,0.032179233
2,0.014964732
SELECT,0.004528469
0,0.0019938578
3,0.0019025523
4,0.0015772713
5,0.0012283802
<0x09>,0.000512065
