Token,Probability
▁SELECT,0.34695178
<0x0A>,0.26601717
1,0.18570992
2,0.11621429
SELECT,0.020195015
3,0.020195015
4,0.01124022
5,0.008822549
0,0.008353021
9,0.0044017336
