Token,Probability
▁SELECT,0.80653626
<0x0A>,0.1423621
1,0.021160237
SELECT,0.015481162
2,0.00522621
0,0.0023556373
3,0.0015328425
4,0.0013527288
5,0.0010535063
▁CREATE,0.00040616284
