Token,Probability
▁SELECT,0.7026258
<0x0A>,0.19511214
1,0.055033907
2,0.015045432
SELECT,0.008572629
0,0.0054066894
3,0.0031536943
4,0.002514344
5,0.0020521476
▁CREATE,0.001912812
