Token,Probability
▁SELECT,0.32164878
1,0.26665622
<0x0A>,0.18042861
2,0.11290935
3,0.027240645
5,0.021718139
0,0.020402301
4,0.01588933
9,0.008706634
SELECT,0.00857165
