Token,Probability
▁SELECT,0.70216143
<0x0A>,0.19805372
1,0.054144874
2,0.014235315
SELECT,0.009191009
3,0.0036274805
0,0.0034885139
4,0.0033028587
5,0.0022174343
▁CREATE,0.002183056
