Token,Probability
▁SELECT,0.73424274
<0x0A>,0.23103972
1,0.014315455
SELECT,0.01303437
2,0.0027108905
0,0.00090096815
3,0.0007586913
4,0.00072394835
5,0.00045303523
9,0.00021233335
