Token,Probability
<0x0A>,0.36505714
1,0.19540101
▁SELECT,0.18938915
2,0.12227883
3,0.02665206
4,0.024078129
5,0.01996147
7,0.011919538
0,0.011552812
9,0.009804745
