Token,Probability
▁SELECT,0.52595955
<0x0A>,0.35036463
2,0.05047481
1,0.04741669
SELECT,0.00970884
3,0.00407899
4,0.0030076583
0,0.002717193
5,0.001674014
7,0.0009538244
