Token,Probability
▁SELECT,0.44879207
<0x0A>,0.4349842
1,0.063652255
2,0.019718548
SELECT,0.017401557
0,0.0032442112
3,0.0027749208
4,0.0027106397
5,0.0022648245
9,0.0010951975
