Token,Probability
▁SELECT,0.39612225
<0x0A>,0.28980923
1,0.13268434
2,0.07560126
5,0.03176247
3,0.021660123
4,0.01477092
SELECT,0.008889297
0,0.008683376
9,0.00518508
