Token,Probability
▁SELECT,0.71973616
<0x0A>,0.16569269
1,0.043904185
2,0.03017488
SELECT,0.022424066
3,0.004627467
4,0.0040204134
0,0.0021858609
5,0.002118609
7,0.0008559954
