Token,Probability
▁SELECT,0.6862475
<0x0A>,0.13725814
1,0.074625954
2,0.07346898
SELECT,0.010835208
3,0.0053638173
4,0.003056211
0,0.0030324273
5,0.0019275282
7,0.0008035132
