Token,Probability
▁SELECT,0.45385876
1,0.25860092
<0x0A>,0.13841909
2,0.06538456
3,0.017875142
SELECT,0.013077734
4,0.012675375
5,0.010673735
0,0.01010569
7,0.0062259347
