Token,Probability
<0x0A>,0.4995344
▁SELECT,0.40138716
1,0.05183427
2,0.020942938
SELECT,0.0066937646
0,0.0045292275
3,0.0039350614
4,0.0034999158
5,0.0023497324
9,0.0013284183
