Token,Probability
▁SELECT,0.6854431
<0x0A>,0.26426184
1,0.022033533
SELECT,0.009550829
2,0.007734497
0,0.0030288727
3,0.0018806698
4,0.0015591299
5,0.0012825053
7,0.0006918597
