Token,Probability
▁SELECT,0.4199117
2,0.2355491
<0x0A>,0.1778018
1,0.09973778
3,0.018306056
4,0.010761576
SELECT,0.008714989
0,0.008060047
5,0.007168755
7,0.0037191007
