Token,Probability
▁SELECT,0.6542139
<0x0A>,0.29030564
1,0.026583994
SELECT,0.009187183
2,0.008299929
0,0.0025711977
4,0.0015840691
▁CREATE,0.0015595102
3,0.0015353323
5,0.0010552175
