Token,Probability
▁SELECT,0.5003495
<0x0A>,0.40204212
1,0.04954131
2,0.020016499
SELECT,0.007962014
0,0.004754335
3,0.0033190607
4,0.0031670697
5,0.0023535667
7,0.0013202312
