Token,Probability
▁SELECT,0.6552111
<0x0A>,0.23000073
1,0.055490255
2,0.027043793
SELECT,0.007222094
0,0.0057579554
3,0.004519471
4,0.0038657084
5,0.002636184
9,0.001636844
