Token,Probability
▁SELECT,0.7029566
<0x0A>,0.2282166
1,0.027256588
SELECT,0.016275652
2,0.010590768
3,0.0034652862
0,0.0031551793
4,0.0025352575
5,0.0016241468
7,0.0010404675
