Token,Probability
▁SELECT,0.688696
<0x0A>,0.27394435
SELECT,0.018642148
1,0.010789246
2,0.0027709077
4,0.000920915
0,0.00089258136
3,0.00083850266
5,0.00047404642
9,0.00037500155
