Token,Probability
▁SELECT,0.44504592
<0x0A>,0.4381461
2,0.054840416
1,0.04075394
SELECT,0.0053876806
3,0.002929231
0,0.0028838175
4,0.0022459193
5,0.0013306632
▁CREATE,0.0008864128
