Token,Probability
▁SELECT,0.57646316
<0x0A>,0.3284588
1,0.04958986
2,0.019268544
SELECT,0.00720013
0,0.005520531
3,0.0031950378
4,0.002527483
5,0.0020953568
7,0.0012317968
