Token,Probability
▁SELECT,0.64282316
<0x0A>,0.26796854
1,0.043744665
2,0.020027768
SELECT,0.008818107
3,0.0034263467
0,0.003047456
4,0.0026270712
5,0.002487261
7,0.0011566838
