Token,Probability
<0x0A>,0.63501847
▁SELECT,0.3399009
1,0.012188941
2,0.003575005
SELECT,0.0024379417
0,0.0013782872
4,0.0010988665
3,0.0010005292
9,0.000698482
<0x09>,0.00056124607
