Token,Probability
▁SELECT,0.6529615
<0x0A>,0.17850973
1,0.11891312
2,0.01523668
SELECT,0.01150125
3,0.005693531
0,0.003913103
4,0.0035351939
5,0.002753212
9,0.0015444118
