Token,Probability
▁SELECT,0.69738597
<0x0A>,0.24866064
1,0.02789895
SELECT,0.01381098
2,0.004735804
0,0.0016754621
3,0.0016239134
4,0.0011788348
5,0.00078527327
9,0.00040107832
