Token,Probability
▁SELECT,0.4582882
1,0.17946823
2,0.15838017
<0x0A>,0.10067256
3,0.027308164
4,0.017089013
5,0.012405293
0,0.011930054
SELECT,0.0114730215
7,0.0064357817
