Token,Probability
▁SELECT,0.7412204
<0x0A>,0.16538864
1,0.04965867
4,0.01612181
SELECT,0.009551857
2,0.007857143
0,0.0029359998
3,0.0026318133
5,0.0014763136
9,0.00046818607
