Token,Probability
<0x0A>,0.55895716
▁SELECT,0.2810613
1,0.067809194
2,0.045881998
SELECT,0.014550645
4,0.0054798233
3,0.005394866
0,0.0053528836
5,0.003349749
▁CREATE,0.0026498693
