Token,Probability
▁SELECT,0.5260343
1,0.14380977
<0x0A>,0.13938522
2,0.100395404
3,0.022576936
4,0.01588486
0,0.011352398
5,0.010748234
SELECT,0.009121908
7,0.005489661
