Token,Probability
▁SELECT,0.76717794
<0x0A>,0.18222074
SELECT,0.037020385
1,0.007882096
2,0.0018868451
4,0.0006270956
3,0.0005983789
0,0.0005845174
5,0.00041448488
<0x09>,0.00027610644
