Token,Probability
▁SELECT,0.6598388
<0x0A>,0.25439054
1,0.044902593
SELECT,0.01492344
2,0.011353154
0,0.0031281228
3,0.0028930404
4,0.0028930404
5,0.0017140697
7,0.00084852614
