Token,Probability
▁SELECT,0.48448136
<0x0A>,0.3079551
1,0.11507442
2,0.03564839
SELECT,0.022134587
0,0.008600574
3,0.007472309
4,0.0056403945
5,0.0038765825
9,0.0020428156
