Token,Probability
▁SELECT,0.7471626
<0x0A>,0.20109609
1,0.022562355
SELECT,0.016251054
2,0.0051537277
0,0.0016216924
3,0.0013339678
4,0.0012629753
5,0.00081543816
9,0.0005389717
