Token,Probability
▁SELECT,0.7936384
<0x0A>,0.12170839
1,0.038297243
SELECT,0.02049904
2,0.013235173
0,0.002709978
3,0.0024103043
4,0.0019826624
5,0.0014849454
▁CREATE,0.000879801
