Token,Probability
▁SELECT,0.7206024
<0x0A>,0.21300966
SELECT,0.026247941
1,0.023899022
2,0.008791958
0,0.0018719159
3,0.0015518729
4,0.0010582854
5,0.0008437386
7,0.00048074778
