Token,Probability
▁SELECT,0.4421602
<0x0A>,0.2640259
1,0.12867594
2,0.06271165
SELECT,0.02739669
4,0.024944972
3,0.018977132
5,0.009468042
0,0.0060182544
9,0.004507464
