Token,Probability
2,0.65778273
▁SELECT,0.21024
<0x0A>,0.09625488
1,0.020816576
SELECT,0.0057355706
3,0.0024861859
0,0.00231738
▁CREATE,0.0011294008
4,0.0008262873
5,0.0005418924
