Token,Probability
▁SELECT,0.6028565
<0x0A>,0.307909
1,0.045766585
2,0.016836585
SELECT,0.0074130488
0,0.0045670466
3,0.003641167
4,0.0030423088
5,0.002260852
7,0.0013187433
