Token,Probability
▁SELECT,0.39968234
1,0.2349611
2,0.19478962
<0x0A>,0.10105552
3,0.019286783
SELECT,0.014000703
0,0.01160699
4,0.008425772
5,0.0063106115
9,0.0023581032
