Token,Probability
▁SELECT,0.6620561
<0x0A>,0.24355684
1,0.050260793
2,0.013009277
SELECT,0.010785069
0,0.0040300866
3,0.003669435
4,0.003213065
5,0.002994906
9,0.0017198296
