Token,Probability
▁SELECT,0.6944754
<0x0A>,0.2437838
1,0.028664425
SELECT,0.0143012125
2,0.0087421555
0,0.002245171
3,0.0018040456
4,0.0015920647
5,0.0012792599
7,0.00050885446
