Token,Probability
<0x0A>,0.493184
▁SELECT,0.44904914
1,0.028706748
SELECT,0.010396897
2,0.009032981
0,0.00295558
3,0.001463118
4,0.0013426325
5,0.0009373086
<0x09>,0.00050170516
