Token,Probability
▁SELECT,0.5687949
<0x0A>,0.30445397
1,0.078190245
2,0.018717472
SELECT,0.006726264
0,0.0059824637
3,0.0045157997
4,0.0037437298
5,0.0026547017
9,0.0014321044
