Token,Probability
▁SELECT,0.7553287
<0x0A>,0.13755557
1,0.051400762
2,0.015554354
SELECT,0.010524602
3,0.00623562
4,0.00474381
5,0.0037234586
0,0.0036944826
8,0.0033902482
