Token,Probability
▁SELECT,0.5058392
<0x0A>,0.40015182
1,0.047791317
2,0.023291629
SELECT,0.004079222
3,0.00392295
0,0.0035718868
4,0.002915289
5,0.0021162727
7,0.0011687167
