Token,Probability
▁SELECT,0.5569889
<0x0A>,0.37687758
1,0.03560711
2,0.011030568
SELECT,0.008007334
0,0.0024805563
3,0.0021890833
4,0.001589104
5,0.0013806375
7,0.00057553535
