Token,Probability
<0x0A>,0.5630585
▁SELECT,0.31095043
1,0.06830675
2,0.025325734
SELECT,0.0068163294
3,0.0053085624
0,0.004909618
4,0.0042990046
5,0.0028862155
9,0.0019377132
