Token,Probability
▁SELECT,0.6021926
<0x0A>,0.28893515
1,0.061517846
2,0.01449806
SELECT,0.012113581
0,0.004670202
3,0.0037234097
4,0.0034167927
5,0.0027887053
9,0.0014243311
