Token,Probability
▁SELECT,0.6909908
<0x0A>,0.21405895
1,0.040220484
2,0.02022413
SELECT,0.014118718
0,0.0046923757
3,0.0044426518
4,0.003459941
5,0.0025712098
7,0.0010887187
