Token,Probability
<0x0A>,0.48946822
▁SELECT,0.38119823
1,0.04922711
2,0.038941853
SELECT,0.02271458
3,0.004874144
0,0.002691758
4,0.0026089412
5,0.0022844654
▁CREATE,0.0010707073
