Token,Probability
▁SELECT,0.7890521
<0x0A>,0.13927597
1,0.039903235
SELECT,0.012169799
2,0.009627103
0,0.0025509284
3,0.0017808351
4,0.001523229
5,0.0011408458
9,0.0006011835
