Token,Probability
▁SELECT,0.6131014
1,0.1756565
<0x0A>,0.15261301
SELECT,0.026313782
2,0.010065919
0,0.0039418703
▁CREATE,0.0032935562
3,0.0030940096
4,0.0027952048
5,0.0019513675
