Token,Probability
1,0.7295831
▁SELECT,0.11543682
2,0.06475418
<0x0A>,0.039893895
3,0.010653738
SELECT,0.008560519
4,0.008041863
7,0.005151811
5,0.003981011
0,0.0035132298
