Token,Probability
▁SELECT,0.5233264
<0x0A>,0.17529239
1,0.15713108
2,0.06448647
3,0.016691389
SELECT,0.0124039855
4,0.011382537
5,0.010692904
0,0.00859199
7,0.0065364414
