Token,Probability
▁SELECT,0.70946795
<0x0A>,0.24518558
1,0.017214729
SELECT,0.014840024
2,0.0052501955
0,0.0016650045
3,0.0015641269
4,0.0012967068
5,0.00087056775
7,0.0004112271
