Token,Probability
▁SELECT,0.40970194
1,0.20281717
<0x0A>,0.16296817
9,0.07461227
2,0.04669116
SELECT,0.021376774
3,0.018427929
4,0.014923393
5,0.014019229
0,0.009863759
