Token,Probability
▁SELECT,0.5047046
<0x0A>,0.43849495
1,0.027597448
2,0.011685494
SELECT,0.0069234264
0,0.0023740523
4,0.0022302156
3,0.0017780828
5,0.0010954451
9,0.0005054649
