Token,Probability
▁SELECT,0.4498034
<0x0A>,0.26032627
1,0.13505547
2,0.06379569
SELECT,0.033096768
3,0.02722466
4,0.008566619
0,0.0069918707
5,0.0060746428
9,0.0019415723
