Token,Probability
▁SELECT,0.56830794
<0x0A>,0.236906
1,0.07935357
SELECT,0.05627011
2,0.027855722
0,0.0069338377
3,0.005615193
5,0.005274986
4,0.0049553905
7,0.0019254573
