Token,Probability
▁SELECT,0.67742956
<0x0A>,0.17950097
1,0.08612549
2,0.021946728
SELECT,0.0077644503
3,0.005680593
4,0.0049740933
0,0.0043554613
5,0.003287675
9,0.0018014972
