Token,Probability
▁SELECT,0.46215782
1,0.22523773
<0x0A>,0.15724128
2,0.06658015
3,0.01834476
0,0.013632667
4,0.01290715
5,0.01139052
SELECT,0.008268631
9,0.0066961413
