Token,Probability
▁SELECT,0.5936781
<0x0A>,0.293892
1,0.0635586
2,0.01619617
SELECT,0.0124180345
0,0.006099534
3,0.0032904514
4,0.0032394377
5,0.002059112
7,0.0013191167
