Token,Probability
▁SELECT,0.62680274
<0x0A>,0.24545948
1,0.06606452
SELECT,0.02430378
2,0.015448423
3,0.0044607613
4,0.0036981008
0,0.0029715076
5,0.0029483833
9,0.0019794507
