Token,Probability
▁SELECT,0.5923363
<0x0A>,0.34821653
1,0.029033476
SELECT,0.011458847
2,0.008449223
3,0.0021196734
0,0.0018272728
4,0.0017572709
5,0.0011983546
<0x09>,0.00049566105
