Token,Probability
▁SELECT,0.53715
<0x0A>,0.34143332
1,0.04409196
2,0.034879614
0,0.0071978145
4,0.0070862225
3,0.006709101
SELECT,0.006108706
5,0.0054331957
6,0.0026273218
