Token,Probability
▁SELECT,0.61311305
<0x0A>,0.32817575
1,0.025306197
SELECT,0.011676891
2,0.00861
0,0.0032679872
4,0.0021600076
3,0.002061094
5,0.0015802955
7,0.0008134663
