Token,Probability
▁SELECT,0.60294324
<0x0A>,0.3031789
1,0.049492594
SELECT,0.018639082
2,0.0118477205
0,0.0028808145
4,0.0018311571
3,0.0017610064
▁CREATE,0.0016286648
5,0.0012009022
