Token,Probability
▁SELECT,0.64070404
<0x0A>,0.21460898
1,0.07895023
2,0.025431922
SELECT,0.020118307
3,0.0044540674
0,0.0036070135
4,0.0031094402
5,0.0024216343
7,0.0009938367
