Token,Probability
▁SELECT,0.36561143
2,0.29377705
<0x0A>,0.13036278
1,0.11869666
SELECT,0.021616267
3,0.021281136
4,0.014973151
5,0.011040509
0,0.00820461
7,0.004531016
