Token,Probability
▁SELECT,0.62401325
1,0.13923618
<0x0A>,0.09569553
2,0.064750835
SELECT,0.015500295
3,0.015379671
4,0.011700237
5,0.0103254225
0,0.007916777
7,0.0043380354
