Token,Probability
3,0.48845068
▁SELECT,0.23436119
1,0.084879994
2,0.07973738
<0x0A>,0.06113678
4,0.015457795
5,0.010297113
SELECT,0.0053420714
0,0.004940609
9,0.004394268
