Token,Probability
▁SELECT,0.4501282
<0x0A>,0.41630054
1,0.08197443
2,0.020088699
0,0.0071071046
3,0.00580065
4,0.0034908925
SELECT,0.003463726
5,0.00267656
9,0.0017690982
