Token,Probability
▁SELECT,0.5638211
<0x0A>,0.38750818
1,0.022555681
SELECT,0.008105553
2,0.007322757
0,0.002395997
3,0.0018660043
4,0.0016467429
5,0.0010969673
7,0.0006705627
