Token,Probability
▁SELECT,0.7660373
<0x0A>,0.18481511
SELECT,0.01917737
1,0.01801547
2,0.005121351
0,0.0018988168
3,0.0009698206
4,0.0009622735
5,0.00080400956
7,0.00045454578
