Token,Probability
▁SELECT,0.5992455
<0x0A>,0.320753
1,0.045492448
2,0.009610525
SELECT,0.0088191135
0,0.0037342475
3,0.0029310447
4,0.0027320338
▁DE,0.0015325319
5,0.001112499
