Token,Probability
▁SELECT,0.695063
<0x0A>,0.21871126
1,0.034605145
SELECT,0.020989083
4,0.010553974
2,0.009460522
3,0.0028405637
0,0.002774762
5,0.0017364017
7,0.00063878647
