Token,Probability
▁SELECT,0.6023061
<0x0A>,0.31739303
1,0.037319493
2,0.01405465
SELECT,0.009509851
3,0.0044571776
4,0.0038124262
0,0.00344424
5,0.0020890373
7,0.0013487838
