Token,Probability
▁SELECT,0.7668733
<0x0A>,0.15579978
1,0.034224667
2,0.013194784
SELECT,0.007940761
4,0.005008175
3,0.003870018
0,0.003780369
5,0.0036072535
7,0.0011262394
