Token,Probability
▁SELECT,0.70349634
<0x0A>,0.21455425
1,0.033421107
2,0.020270927
SELECT,0.014151387
0,0.00408624
3,0.0028304555
4,0.0019605996
5,0.0014456552
7,0.0008046283
