Token,Probability
▁SELECT,0.43370748
1,0.24711907
<0x0A>,0.14527382
2,0.088113025
SELECT,0.017623711
0,0.016816664
3,0.016685797
4,0.009809074
5,0.009433294
9,0.0043188767
