Token,Probability
▁SELECT,0.67011654
<0x0A>,0.24652213
1,0.042839117
2,0.015636988
SELECT,0.0065184664
3,0.0038620639
0,0.0033817359
5,0.00227039
4,0.0022351907
7,0.0014431478
