Token,Probability
▁SELECT,0.70208114
1,0.12987195
<0x0A>,0.07399881
2,0.026179759
SELECT,0.02153488
3,0.009859388
0,0.008907215
4,0.0069369446
5,0.0059800204
7,0.003488115
