Token,Probability
▁SELECT,0.56351334
<0x0A>,0.22067498
1,0.09640576
2,0.06836192
3,0.010321107
SELECT,0.009848469
4,0.0074923197
5,0.0065094405
0,0.006358649
7,0.0027562706
