Token,Probability
▁SELECT,0.6901804
<0x0A>,0.24609143
1,0.03032441
SELECT,0.01274024
2,0.007849034
4,0.003073726
0,0.0027986593
3,0.0021795982
5,0.0013014976
9,0.000654434
