Token,Probability
▁SELECT,0.4306072
1,0.20025095
<0x0A>,0.1712837
2,0.09608146
3,0.027527796
4,0.017361565
5,0.014393241
SELECT,0.011747423
0,0.008201022
7,0.006287942
