Token,Probability
▁SELECT,0.62146544
<0x0A>,0.31249246
1,0.034517117
SELECT,0.013517097
2,0.007523398
0,0.002746165
4,0.0018293401
3,0.001627049
5,0.0011537503
9,0.000710805
