Token,Probability
▁SELECT,0.642804
<0x0A>,0.29893166
1,0.024924217
SELECT,0.011865706
2,0.008219134
0,0.003373126
3,0.002300272
4,0.0022295
5,0.0014394735
7,0.0010449457
