Token,Probability
▁SELECT,0.75482726
<0x0A>,0.11575651
1,0.06804974
SELECT,0.018603764
2,0.017340615
3,0.0060397577
4,0.005166079
0,0.0038995608
5,0.0033616314
7,0.001575565
