Token,Probability
▁SELECT,0.561616
<0x0A>,0.35698485
1,0.03534629
2,0.014734524
SELECT,0.00922063
0,0.005212872
3,0.0034725212
4,0.0031617663
5,0.0027256133
7,0.0027044022
