Token,Probability
▁SELECT,0.624365
<0x0A>,0.3042912
1,0.039295502
2,0.008498249
SELECT,0.008172685
3,0.003921298
4,0.002802425
0,0.001956408
5,0.0016997565
9,0.001014971
