Token,Probability
2,0.60218203
▁SELECT,0.2510268
<0x0A>,0.06548426
1,0.06151677
3,0.0040574707
▁CREATE,0.0032348977
0,0.0028997436
SELECT,0.002088607
5,0.0016393663
4,0.0016013905
