Token,Probability
▁SELECT,0.49100894
<0x0A>,0.45410904
1,0.027271368
SELECT,0.009063677
2,0.008124627
3,0.002942545
0,0.0019910254
4,0.0013057464
5,0.0011704635
9,0.0004994925
