Token,Probability
▁SELECT,0.78802454
<0x0A>,0.120847486
1,0.035722446
SELECT,0.01838834
2,0.01283713
4,0.0041029933
0,0.0037946485
3,0.003428179
▁CREATE,0.0028643508
5,0.0025877252
