Token,Probability
<0x0A>,0.45854762
▁SELECT,0.30072287
1,0.13554642
2,0.0388347
0,0.012806325
3,0.011660292
4,0.01095383
5,0.0103708785
SELECT,0.0042895814
9,0.0042230776
