Token,Probability
<0x0A>,0.45097128
▁SELECT,0.43031982
2,0.053025804
1,0.040025976
SELECT,0.0061381827
3,0.0040570907
0,0.0037229958
4,0.0037229958
5,0.002519105
7,0.0011714926
