Token,Probability
▁SELECT,0.56002986
<0x0A>,0.36158246
1,0.03871066
2,0.013273938
SELECT,0.008437429
0,0.004411612
4,0.0030084578
3,0.0027179152
5,0.0023613656
7,0.0013454655
