Token,Probability
▁SELECT,0.74546117
<0x0A>,0.19446518
SELECT,0.024340168
1,0.02396281
2,0.0053468253
0,0.0014732053
3,0.00122133
4,0.0010365294
5,0.0007013509
9,0.00034991695
