Token,Probability
▁SELECT,0.5402662
<0x0A>,0.24351709
1,0.1344829
2,0.03024254
0,0.009666097
3,0.008597204
SELECT,0.0085303
5,0.0066434047
4,0.0065404084
9,0.0029944167
