Token,Probability
▁SELECT,0.6488788
<0x0A>,0.19482875
1,0.03958186
SELECT,0.023820782
6,0.022553066
2,0.019441957
▁CREATE,0.009852705
4,0.008831908
5,0.006214023
0,0.0060700746
