Token,Probability
▁SELECT,0.64540875
<0x0A>,0.2607687
1,0.045314804
2,0.017470416
SELECT,0.008923015
3,0.0047761453
4,0.004702098
0,0.004021918
5,0.0023643635
7,0.0021360244
