Token,Probability
▁SELECT,0.5163954
<0x0A>,0.3439935
1,0.055284787
2,0.038294654
SELECT,0.021819636
0,0.0056919917
4,0.004432928
3,0.0039427276
5,0.0030229941
7,0.0015319788
