Token,Probability
▁SELECT,0.57313246
<0x0A>,0.35309666
1,0.03961635
SELECT,0.0119882785
2,0.010174319
3,0.0022525308
4,0.0021662377
0,0.0020832503
5,0.0015602823
9,0.00088210375
