Token,Probability
▁SELECT,0.8727485
<0x0A>,0.107543714
SELECT,0.007913122
1,0.006358372
2,0.0021973948
0,0.00073603506
3,0.00055558834
4,0.0004001753
5,0.00030206813
9,0.00017896947
