Token,Probability
▁SELECT,0.80343115
<0x0A>,0.13322194
1,0.031152407
SELECT,0.01889489
2,0.006328996
4,0.0014121898
0,0.0013794764
3,0.0011799288
▁CREATE,0.0007326344
5,0.00058410707
