Token,Probability
<0x0A>,0.46979854
▁SELECT,0.46979854
1,0.026712095
SELECT,0.009750357
2,0.009303856
4,0.003068086
3,0.002686506
0,0.001890193
5,0.0015188127
▁CREATE,0.0011025398
