Token,Probability
1,0.25997856
<0x0A>,0.22237146
▁SELECT,0.22237146
2,0.16016814
4,0.030568624
3,0.027833048
0,0.019129356
5,0.01811131
SELECT,0.0123508405
7,0.010159525
