Token,Probability
▁SELECT,0.63420475
<0x0A>,0.17338192
1,0.08718191
2,0.048146427
SELECT,0.0123650255
3,0.010827178
0,0.008109181
4,0.007499766
5,0.0059328033
7,0.0030539455
