Token,Probability
▁SELECT,0.48274636
<0x0A>,0.26659784
1,0.16424619
2,0.029447714
SELECT,0.018284503
0,0.013587889
3,0.007562799
4,0.0073876074
5,0.0034088208
9,0.0013665699
