Token,Probability
▁SELECT,0.7339484
<0x0A>,0.18557121
1,0.031747494
2,0.018957295
SELECT,0.0108862575
0,0.003912058
3,0.0032179714
4,0.0029529766
5,0.0024481036
7,0.0014732948
