Token,Probability
▁SELECT,0.51970154
<0x0A>,0.22704081
1,0.10893536
2,0.08095389
3,0.016705781
SELECT,0.014401283
0,0.008400193
4,0.0075298846
5,0.005910274
7,0.0021239016
