Token,Probability
▁SELECT,0.43910015
<0x0A>,0.37558228
1,0.07872632
2,0.043476805
SELECT,0.025759153
3,0.008902125
4,0.006932982
0,0.006023479
5,0.0044068713
7,0.0029586335
