Token,Probability
▁SELECT,0.5909407
<0x0A>,0.32634842
1,0.03719189
SELECT,0.015625486
2,0.013157978
0,0.00458294
3,0.0027365987
4,0.00226872
5,0.0020818943
7,0.00096817076
