Token,Probability
▁SELECT,0.58528394
1,0.16768666
2,0.084318146
<0x0A>,0.07212113
3,0.022342082
SELECT,0.0160924
4,0.014652297
0,0.011146879
5,0.009837086
7,0.005348331
