Token,Probability
▁SELECT,0.69689596
<0x0A>,0.24463351
1,0.024990886
SELECT,0.013587309
2,0.010832747
0,0.0021330942
3,0.0015484605
4,0.0015125904
5,0.0010809996
▁CREATE,0.00046131396
