Token,Probability
▁SELECT,0.62229455
<0x0A>,0.317837
1,0.027772285
2,0.012132813
SELECT,0.010296985
3,0.0014718771
0,0.0014604229
▁CREATE,0.0013401594
4,0.001249166
5,0.00078783906
