Token,Probability
▁SELECT,0.5884203
<0x0A>,0.33007386
1,0.035337385
SELECT,0.023539774
2,0.01012433
4,0.00218954
3,0.0021725008
0,0.0019935989
▁CREATE,0.0016919455
5,0.0013280232
