Token,Probability
▁SELECT,0.64080495
<0x0A>,0.235739
1,0.077738464
2,0.021587191
SELECT,0.0062333425
0,0.00425077
3,0.002967516
5,0.0022399984
4,0.0022399984
9,0.0009862579
