Token,Probability
▁SELECT,0.69154
<0x0A>,0.2465762
1,0.02558602
SELECT,0.015278108
2,0.008773481
0,0.0023613502
4,0.0021838918
3,0.001927278
5,0.001674448
7,0.0007786906
