Token,Probability
▁SELECT,0.45169672
<0x0A>,0.37446976
1,0.09321288
2,0.038254492
SELECT,0.008875756
3,0.0068586525
4,0.0061480566
0,0.005820863
5,0.004498014
7,0.0025628912
