Token,Probability
▁SELECT,0.7001511
<0x0A>,0.22378173
1,0.03485847
SELECT,0.023586418
2,0.007962425
4,0.0019210246
3,0.0018474312
0,0.0014844527
5,0.0013945143
▁CREATE,0.0005767962
