Token,Probability
▁SELECT,0.7140505
<0x0A>,0.18338333
1,0.043557357
2,0.034999322
SELECT,0.009568282
3,0.003438434
4,0.0026363388
0,0.0024192405
5,0.0017425136
▁CREATE,0.0009254419
