Token,Probability
▁SELECT,0.7046629
<0x0A>,0.25521198
1,0.021278976
SELECT,0.009369006
2,0.003500942
0,0.0015657181
3,0.0008186546
4,0.0007750866
5,0.00049653917
▁CREATE,0.00041812786
