Token,Probability
▁SELECT,0.6658394
<0x0A>,0.26074645
1,0.03315019
SELECT,0.027482474
2,0.0059435014
0,0.0020221747
3,0.001315854
4,0.0010739688
5,0.00064129604
9,0.00035415735
