Token,Probability
▁SELECT,0.6193122
<0x0A>,0.3420167
1,0.015996335
SELECT,0.007918759
▁CREATE,0.0047655934
2,0.0027797464
0,0.001766914
4,0.0007423363
3,0.00064495293
5,0.000436397
