Token,Probability
▁SELECT,0.54387474
<0x0A>,0.4041734
1,0.025837941
SELECT,0.010439472
2,0.0059019425
0,0.002088026
4,0.0014806319
3,0.0014239099
5,0.0010499253
9,0.00067788275
