Token,Probability
▁SELECT,0.6348278
<0x0A>,0.13516262
1,0.10526476
2,0.06485174
SELECT,0.014929719
3,0.011269542
4,0.008640659
0,0.0073332316
5,0.0058924174
7,0.0030095521
