Token,Probability
▁SELECT,0.6056101
<0x0A>,0.29057488
2,0.043190103
1,0.02877081
SELECT,0.019773869
0,0.0030562046
3,0.0024944015
4,0.0019426419
5,0.0013883435
7,0.00080981356
