Token,Probability
▁SELECT,0.6559155
<0x0A>,0.2777321
1,0.03214982
2,0.011197824
SELECT,0.009653128
0,0.0031095233
3,0.0023108013
4,0.0020552694
5,0.0013584503
▁CREATE,0.00072146737
