Token,Probability
▁SELECT,0.69024074
<0x0A>,0.25392538
1,0.023990681
SELECT,0.014214008
2,0.0073741297
0,0.0029103998
3,0.0015823569
4,0.0013429287
5,0.0011220591
7,0.0006752671
