Token,Probability
<0x0A>,0.48640263
▁SELECT,0.44287464
1,0.036353365
2,0.013373655
SELECT,0.0067774393
0,0.004479613
3,0.0020832138
4,0.0018528486
5,0.0013241711
7,0.000650411
