Token,Probability
▁SELECT,0.42640063
<0x0A>,0.21440771
1,0.20458926
2,0.075264186
3,0.017058173
SELECT,0.0144770825
4,0.012876184
5,0.01059166
0,0.0073941704
7,0.005243252
