Token,Probability
▁SELECT,0.57331973
<0x0A>,0.347736
1,0.048554823
SELECT,0.009711576
2,0.009194735
0,0.0027824133
3,0.0018974409
4,0.0018534866
5,0.0014548184
7,0.0006064586
