Token,Probability
1,0.34405592
▁SELECT,0.31819972
<0x0A>,0.18705997
2,0.075579055
3,0.016863966
SELECT,0.013980719
4,0.013550579
5,0.008956386
0,0.0073673218
9,0.0041005323
