Token,Probability
▁SELECT,0.598496
<0x0A>,0.2534192
1,0.053956054
2,0.03221863
SELECT,0.023025619
4,0.0154586695
3,0.0070774937
5,0.0040326347
0,0.0038180216
9,0.002027736
