Token,Probability
▁SELECT,0.41757944
<0x0A>,0.2738553
1,0.14207426
2,0.088907786
3,0.017235562
4,0.016191311
SELECT,0.010870333
5,0.009668274
0,0.008015281
7,0.0047119404
