Token,Probability
▁SELECT,0.6593344
<0x0A>,0.21405455
1,0.06631101
2,0.024204616
SELECT,0.017298259
0,0.004512521
3,0.0043058773
4,0.0025913226
5,0.0016730836
▁CREATE,0.001030757
