Token,Probability
▁SELECT,0.7373582
<0x0A>,0.1342829
1,0.06544426
2,0.023702342
SELECT,0.022973098
0,0.0037210702
3,0.003468419
4,0.002136831
5,0.0016004124
▁CREATE,0.0010093674
