Token,Probability
▁SELECT,0.63896847
<0x0A>,0.14941537
1,0.09798899
2,0.05083602
SELECT,0.014006796
3,0.014006796
4,0.009626721
5,0.007381063
0,0.005033448
9,0.0030768847
