Token,Probability
▁SELECT,0.79640675
<0x0A>,0.10947925
1,0.044233616
SELECT,0.026829043
2,0.012092797
0,0.002437682
3,0.002202262
4,0.0018257394
5,0.0010161769
▁CREATE,0.0008759993
