Token,Probability
▁SELECT,0.6450385
<0x0A>,0.30469462
1,0.027901627
2,0.0073931958
SELECT,0.0046628295
0,0.0025154077
3,0.0016368071
4,0.0013783298
5,0.0010568021
7,0.00059281226
