Token,Probability
▁SELECT,0.4371672
<0x0A>,0.40431356
1,0.072489426
2,0.03880079
0,0.012498746
SELECT,0.007177425
3,0.0070661493
4,0.006690096
5,0.0042524836
7,0.0023120353
