Token,Probability
▁SELECT,0.49734744
<0x0A>,0.23128805
1,0.15168239
2,0.054084025
3,0.012162426
SELECT,0.009472107
7,0.009038347
4,0.008692094
5,0.008038873
0,0.004952606
