Token,Probability
▁SELECT,0.59354883
<0x0A>,0.3177038
1,0.05268045
2,0.010292671
SELECT,0.009445085
0,0.0032135283
3,0.0027702344
4,0.0027272862
5,0.0017885978
9,0.001119276
