Token,Probability
▁SELECT,0.48826212
<0x0A>,0.23427072
1,0.13348344
2,0.08223676
SELECT,0.022836326
0,0.008735673
3,0.008335637
4,0.0063414183
5,0.004496739
7,0.0027920885
