Token,Probability
▁SELECT,0.60859686
<0x0A>,0.2658763
1,0.05074338
2,0.02131889
SELECT,0.015842855
4,0.0074253967
3,0.005306692
6,0.005306692
5,0.0052653947
0,0.004574654
