Token,Probability
▁SELECT,0.56189203
<0x0A>,0.3571603
1,0.044703856
2,0.013848608
SELECT,0.007829294
0,0.0034471909
4,0.0026020766
3,0.0022784541
5,0.0015296816
7,0.0008187796
