Token,Probability
<0x0A>,0.43332034
▁SELECT,0.4007558
1,0.0707376
2,0.03876101
SELECT,0.031635813
3,0.0052868747
0,0.0046293424
4,0.0045933165
5,0.00263772
9,0.0017434262
