Token,Probability
▁SELECT,0.42239767
<0x0A>,0.24067491
1,0.18453187
2,0.080616005
SELECT,0.014912462
3,0.01295617
4,0.010574519
0,0.009933841
5,0.007858315
7,0.0051940293
