Token,Probability
▁SELECT,0.69263136
<0x0A>,0.22486448
1,0.04359197
2,0.012392116
SELECT,0.010850899
0,0.004023131
3,0.0032580309
5,0.0020072146
4,0.0019760954
7,0.0009859107
