Token,Probability
▁SELECT,0.61544
<0x0A>,0.30946267
1,0.030640952
SELECT,0.018877344
2,0.01640092
0,0.002117979
3,0.0017422023
4,0.0017151921
5,0.00094721897
7,0.0005439421
