Token,Probability
▁SELECT,0.5934196
1,0.1754145
<0x0A>,0.103120856
2,0.060621627
SELECT,0.01631609
3,0.013632605
4,0.010784276
5,0.0074119186
0,0.0048608547
7,0.0043233335
