Token,Probability
1,0.58228487
▁SELECT,0.3165828
<0x0A>,0.056760166
2,0.018427327
SELECT,0.012468554
0,0.0028929373
3,0.0024938677
4,0.0018388628
5,0.0016874354
9,0.0015606226
