Token,Probability
▁SELECT,0.6196853
<0x0A>,0.31159735
1,0.035510797
SELECT,0.012272202
2,0.009191455
0,0.0033030184
3,0.0019877916
4,0.0017405686
5,0.0012439282
7,0.000676312
