Token,Probability
▁SELECT,0.6432946
<0x0A>,0.27238807
1,0.042429876
SELECT,0.015128838
2,0.0100779785
0,0.004835467
3,0.0025086072
4,0.002338279
5,0.0017928209
7,0.0010705421
