Token,Probability
▁SELECT,0.704391
<0x0A>,0.2472645
1,0.01819385
SELECT,0.015807092
2,0.00576985
3,0.0015051553
0,0.0014702884
4,0.0014362292
5,0.001075686
7,0.00082475704
