Token,Probability
▁SELECT,0.63430995
<0x0A>,0.21921165
4,0.05206733
1,0.04891273
2,0.014458575
SELECT,0.009335157
3,0.0072136507
5,0.0041102143
0,0.0037717447
9,0.0015722972
