Token,Probability
▁SELECT,0.5804688
<0x0A>,0.34124
1,0.033263512
2,0.016466632
SELECT,0.015468969
0,0.0037908338
3,0.0022636103
4,0.0021431432
5,0.0015078895
7,0.00075231394
