Token,Probability
<0x0A>,0.42864144
▁SELECT,0.39028245
1,0.11536728
2,0.025342828
SELECT,0.0132508045
3,0.0061142417
0,0.0048367633
4,0.0045793555
5,0.0034030876
9,0.001954229
