Token,Probability
▁SELECT,0.49732697
<0x0A>,0.27897513
1,0.09947165
2,0.057569776
SELECT,0.01367402
3,0.012450337
4,0.010566464
0,0.0085569825
5,0.008358761
7,0.0038569344
