Token,Probability
▁SELECT,0.71393245
<0x0A>,0.15439872
1,0.060463406
2,0.031614024
SELECT,0.014817195
0,0.006176726
3,0.0048481678
4,0.0036028526
5,0.0028279112
7,0.0014219632
