Token,Probability
▁SELECT,0.6988943
<0x0A>,0.19407594
1,0.04467882
2,0.022642126
SELECT,0.015201203
0,0.005906551
3,0.0048207864
4,0.0033392613
5,0.0030642783
7,0.0016660191
