Token,Probability
▁SELECT,0.49361983
<0x0A>,0.21564654
1,0.08577826
2,0.06785619
9,0.03385471
3,0.023450471
0,0.018550852
4,0.017840179
5,0.016117258
7,0.0079165315
