Token,Probability
▁SELECT,0.675734
<0x0A>,0.26051864
1,0.024613608
SELECT,0.017453663
2,0.013174715
4,0.0023254752
0,0.0016619422
3,0.0013886046
▁CREATE,0.00095437316
5,0.0005654474
