Token,Probability
▁SELECT,0.6918933
<0x0A>,0.28395241
SELECT,0.008181959
1,0.0072205546
2,0.00466194
0,0.0010816571
3,0.00084900233
4,0.00043702897
5,0.0002777925
<0x09>,0.00022147551
