Token,Probability
▁SELECT,0.50836515
<0x0A>,0.45569557
1,0.0139775155
SELECT,0.011231248
2,0.0047556097
0,0.0016434948
3,0.000866061
4,0.00074078114
5,0.0005952344
9,0.000336515
