Token,Probability
<0x0A>,0.6654671
▁SELECT,0.29994953
1,0.016659644
SELECT,0.004626216
2,0.0042122174
3,0.0013463055
0,0.001325433
4,0.0010403444
​,0.00072627736
5,0.00065613695
