Token,Probability
▁SELECT,0.6002221
<0x0A>,0.34199622
1,0.027854295
2,0.010655218
SELECT,0.008233715
▁CREATE,0.0019556787
0,0.0016859005
3,0.0015961784
4,0.0013976605
5,0.0010550094
