Token,Probability
▁SELECT,0.81414217
<0x0A>,0.14147668
1,0.019448306
SELECT,0.014911534
2,0.003799796
0,0.0010551653
3,0.0010307224
▁CREATE,0.0009835223
4,0.0008347045
5,0.0005264415
