Token,Probability
<0x0A>,0.49362496
▁SELECT,0.4494506
1,0.030111313
2,0.009111966
SELECT,0.005570033
0,0.0038582494
3,0.0020016332
4,0.0015109121
5,0.0012624142
7,0.0006397604
