Token,Probability
▁SELECT,0.5321458
<0x0A>,0.29850674
1,0.08687042
2,0.024123043
SELECT,0.021623755
0,0.007299859
3,0.006698727
4,0.005382579
7,0.005176375
5,0.005017115
