Token,Probability
<0x0A>,0.762256
▁SELECT,0.20197776
1,0.019688457
2,0.0050170645
SELECT,0.0021917934
0,0.0012784617
3,0.0011640525
4,0.0010765727
<0x09>,0.0006279593
5,0.000608639
