Token,Probability
▁SELECT,0.49831608
<0x0A>,0.4329445
1,0.03286751
2,0.014358751
SELECT,0.0064216307
0,0.003254324
3,0.0027190894
4,0.0021011496
5,0.0015016238
7,0.00095449015
