Token,Probability
▁SELECT,0.645571
<0x0A>,0.2776566
1,0.03938008
SELECT,0.014600747
2,0.009500887
0,0.0026177694
3,0.0023282925
▁CREATE,0.0016002106
4,0.0014011911
5,0.0012269239
