Token,Probability
▁SELECT,0.7670128
<0x0A>,0.17657638
SELECT,0.03116758
1,0.018611014
2,0.0025384813
0,0.0009786717
3,0.0005982501
4,0.0005532908
5,0.00048070736
9,0.0002825933
