Token,Probability
▁SELECT,0.9895195
1,0.0026938447
2,0.0019555215
3,0.0006864527
4,0.0005602664
7,0.00042622813
5,0.00037909515
▁S,0.0003451701
9,0.00030940847
<0x0A>,0.00029066237
