Token,Probability
▁SELECT,0.9920266
1,0.002136406
2,0.0013369288
▁S,0.0005154319
3,0.00043403718
4,0.00038906842
7,0.0003301981
5,0.00030777845
<0x0A>,0.00028464853
SELECT,0.00026532164
