Token,Probability
▁SELECT,0.5962657
<0x0A>,0.2371781
1,0.081966564
2,0.037527025
3,0.009124827
4,0.0075647477
SELECT,0.007332004
0,0.006728225
5,0.0056216423
7,0.0037448213
