Token,Probability
▁SELECT,0.6493451
<0x0A>,0.27495003
1,0.038996205
2,0.011527256
SELECT,0.010093602
3,0.004549543
0,0.002802892
4,0.0019263977
5,0.0013767343
9,0.0007844396
