Token,Probability
▁SELECT,0.5957036
<0x0A>,0.18744645
1,0.12882994
2,0.0336073
SELECT,0.014681941
0,0.00897489
3,0.008631067
4,0.00636415
5,0.0055726357
7,0.002846224
