Token,Probability
▁SELECT,0.5825139
2,0.13621414
<0x0A>,0.11470379
1,0.102819815
SELECT,0.031358276
3,0.008707878
4,0.00750666
0,0.0071071624
5,0.0032034493
7,0.0010080101
