Token,Probability
▁SELECT,0.78999007
<0x0A>,0.18186603
1,0.014133995
SELECT,0.0066244705
2,0.0024561197
▁CREATE,0.0009693741
0,0.00072602765
3,0.0005610307
4,0.00040726463
5,0.00036793292
