Token,Probability
▁SELECT,0.63750017
<0x0A>,0.30587593
1,0.028450893
SELECT,0.009164772
2,0.0071935123
0,0.0024860112
4,0.0023537083
3,0.0021938973
5,0.0012697304
9,0.00088641467
