Token,Probability
<0x0A>,0.592928
▁SELECT,0.27573714
1,0.059632335
2,0.024858456
SELECT,0.012796037
3,0.0072909617
5,0.006902944
4,0.0057676253
0,0.003964027
9,0.0020088712
