Token,Probability
▁SELECT,0.6892933
<0x0A>,0.2496455
1,0.030762361
SELECT,0.010223913
2,0.009755726
0,0.0021938696
4,0.0019060669
3,0.0018912338
5,0.0011117989
7,0.0005460973
