Token,Probability
▁SELECT,0.7276455
<0x0A>,0.2289638
1,0.018794496
SELECT,0.011761294
2,0.0050584697
3,0.0016551248
0,0.0015307403
4,0.0012299843
5,0.0008721895
7,0.00045248598
