Token,Probability
▁SELECT,0.56624615
<0x0A>,0.13035727
1,0.10806997
2,0.10312109
3,0.02527091
SELECT,0.019990936
5,0.013955922
4,0.013316833
0,0.005380487
7,0.004029799
