Token,Probability
▁SELECT,0.4923115
<0x0A>,0.43446338
1,0.037962988
2,0.012716008
SELECT,0.0073021892
0,0.0035311077
4,0.0024651107
3,0.0022445086
5,0.0015426268
9,0.0009805533
