Token,Probability
▁SELECT,0.46962804
<0x0A>,0.3079896
SELECT,0.09541073
1,0.08034389
2,0.024889374
3,0.0047502206
4,0.0042580697
0,0.00403146
5,0.00403146
7,0.0009501038
