Token,Probability
▁SELECT,0.49023134
<0x0A>,0.38179255
1,0.06135965
2,0.02498598
SELECT,0.011988404
3,0.007862188
4,0.006268282
0,0.0041430816
5,0.0030549169
9,0.0021494024
