Token,Probability
▁SELECT,0.7690461
<0x0A>,0.12359696
1,0.060236346
2,0.0164677
SELECT,0.011055891
0,0.004867843
3,0.0036744408
4,0.0035061757
5,0.002565173
7,0.0012798122
