Token,Probability
▁SELECT,0.62737185
<0x0A>,0.2963495
1,0.030274006
SELECT,0.02980465
2,0.0074189636
▁CREATE,0.0020763301
0,0.0016814633
3,0.0011830573
4,0.0010198591
5,0.0007345769
