Token,Probability
▁SELECT,0.72096205
<0x0A>,0.18807419
1,0.05141662
2,0.014389863
SELECT,0.009290794
0,0.0037246074
3,0.0033127344
4,0.0026205885
5,0.0019172636
7,0.0010342861
