Token,Probability
▁SELECT,0.7256602
<0x0A>,0.20150855
1,0.027700676
SELECT,0.017884903
2,0.015297768
▁CREATE,0.0025366186
3,0.0019147401
0,0.0018558295
4,0.001357754
5,0.0012266285
