Token,Probability
▁SELECT,0.49904162
<0x0A>,0.43357486
1,0.03396021
2,0.0112867225
SELECT,0.0088590495
0,0.003259062
4,0.002275192
3,0.002039469
5,0.0012862771
7,0.0006831366
