Token,Probability
▁SELECT,0.76023746
<0x0A>,0.16186388
1,0.030892262
SELECT,0.024058918
2,0.009569977
3,0.0025959262
0,0.0021187332
5,0.0021187332
4,0.0020059762
7,0.0011078052
