Token,Probability
▁SELECT,0.5266441
<0x0A>,0.34538168
1,0.056382004
2,0.044601835
SELECT,0.007872692
3,0.0037773587
0,0.0035208855
4,0.0033860025
5,0.0020537144
▁CREATE,0.0010246361
