Token,Probability
▁SELECT,0.5836413
<0x0A>,0.32739308
1,0.044655345
2,0.014725771
SELECT,0.012208092
0,0.004421478
3,0.0027027957
4,0.0021887904
5,0.0019316007
▁CREATE,0.0009267922
