Token,Probability
▁SELECT,0.77157605
<0x0A>,0.18042411
SELECT,0.019620214
1,0.018431483
2,0.004177384
0,0.0014663998
3,0.00085534336
4,0.00068193924
5,0.00065071095
7,0.00030025377
