Token,Probability
▁SELECT,0.6432221
<0x0A>,0.1871883
1,0.092664935
2,0.029849783
SELECT,0.010643268
3,0.009690806
0,0.007258078
4,0.005146748
5,0.0041033453
9,0.0024122323
