Token,Probability
▁SELECT,0.7385348
<0x0A>,0.15724313
1,0.044352464
2,0.019681286
SELECT,0.0145120695
0,0.005551362
4,0.0046383366
3,0.0043234047
5,0.0034469187
7,0.0018022633
