Token,Probability
▁SELECT,0.4357859
<0x0A>,0.3669685
1,0.098768234
2,0.039287288
SELECT,0.019147096
4,0.010656963
3,0.0070438227
0,0.0068806526
5,0.0041733272
▁CREATE,0.0035976325
