Token,Probability
▁SELECT,0.63113445
<0x0A>,0.30759037
1,0.026050031
SELECT,0.020931788
2,0.0057673138
3,0.0017048147
0,0.0014582052
4,0.0012669107
5,0.0012088947
▁CREATE,0.00074477843
