Token,Probability
▁SELECT,0.6851658
<0x0A>,0.17596515
1,0.051208775
SELECT,0.03805513
2,0.03631246
4,0.003197833
3,0.0030513937
0,0.0023213779
5,0.0016079714
7,0.00062969065
