Token,Probability
<0x0A>,0.49438256
▁SELECT,0.38502553
1,0.05292811
2,0.03609384
SELECT,0.007745094
0,0.005984945
3,0.004923081
4,0.0036300526
5,0.0025144638
7,0.0012842624
