Token,Probability
▁SELECT,0.5285284
<0x0A>,0.39895418
1,0.03828647
2,0.013231451
SELECT,0.0045726667
3,0.0035334828
4,0.0029988282
0,0.0027518796
5,0.0019513746
9,0.0009004116
