Token,Probability
<0x0A>,0.4303342
▁SELECT,0.34578326
1,0.10545794
2,0.047163706
SELECT,0.011468018
3,0.011028686
4,0.010773207
0,0.010120491
5,0.008455986
9,0.0063332412
