Token,Probability
<0x0A>,0.5384125
▁SELECT,0.4128152
1,0.017442985
SELECT,0.011174395
2,0.00986137
0,0.0024166326
3,0.0015972964
4,0.0012834637
5,0.0010723742
9,0.00056510145
