Token,Probability
▁SELECT,0.5825697
<0x0A>,0.38205853
SELECT,0.014814017
1,0.012474653
2,0.003129541
0,0.0013045868
4,0.0008489108
3,0.0007148545
5,0.00046154478
<0x09>,0.00034032177
