Token,Probability
▁SELECT,0.5256508
<0x0A>,0.41582403
1,0.023828613
SELECT,0.012955393
2,0.0100111505
4,0.0031748554
3,0.0026734963
0,0.0014422431
5,0.0012432912
7,0.00045029024
