Token,Probability
▁SELECT,0.63319594
<0x0A>,0.17310612
4,0.068856865
1,0.05279439
2,0.031036219
SELECT,0.017962387
3,0.011965528
5,0.004401872
0,0.0024309447
7,0.00085334183
