Token,Probability
<0x0A>,0.47469732
▁SELECT,0.36969465
1,0.073943585
2,0.036319867
0,0.009699287
3,0.008231678
4,0.006022425
SELECT,0.004440657
5,0.0043377895
9,0.002395555
