Token,Probability
▁SELECT,0.7453789
<0x0A>,0.16893561
1,0.053157948
2,0.012047928
SELECT,0.007718192
0,0.0030700846
3,0.002211299
4,0.0017907646
5,0.0016691762
7,0.00069040124
