Token,Probability
▁SELECT,0.6677002
<0x0A>,0.18253908
1,0.09470002
2,0.020802837
SELECT,0.010298151
0,0.0054693064
3,0.0052188486
4,0.0036149905
5,0.0028374386
7,0.0014605883
