Token,Probability
▁SELECT,0.5603626
<0x0A>,0.350666
1,0.03934363
2,0.02009476
SELECT,0.013596795
0,0.0035747548
3,0.0033320377
4,0.0027623563
5,0.0020052555
7,0.0010649832
