Token,Probability
▁SELECT,0.7707988
<0x0A>,0.12387864
4,0.037195113
1,0.023276107
SELECT,0.02186588
2,0.010994854
3,0.0036257184
0,0.003029401
5,0.0020984046
7,0.0009167251
