Token,Probability
▁SELECT,0.64033705
<0x0A>,0.3169898
1,0.016282968
SELECT,0.015781995
2,0.0046651484
0,0.00142279
3,0.0010010578
4,0.00091862225
5,0.00059775886
7,0.00031499678
