Token,Probability
▁SELECT,0.5355199
<0x0A>,0.2130151
0,0.123283684
1,0.061990928
2,0.03477376
SELECT,0.018324483
3,0.0034972888
4,0.0028101506
5,0.001901443
▁CREATE,0.00090522255
