Token,Probability
▁SELECT,0.48474884
<0x0A>,0.37166986
1,0.07205148
2,0.032987572
SELECT,0.010709497
0,0.0075941705
3,0.005343166
4,0.0050984854
5,0.002771998
7,0.0014157981
