Token,Probability
▁SELECT,0.90202636
<0x0A>,0.029452205
1,0.021716693
2,0.016650766
SELECT,0.013379267
▁CREATE,0.0042429925
0,0.0025735048
3,0.0025336065
4,0.0018828164
5,0.0012640632
