Token,Probability
▁SELECT,0.757394
<0x0A>,0.174362
SELECT,0.0531774
1,0.0075421594
2,0.0024871402
7,0.001193343
0,0.000922144
4,0.0006488093
3,0.0005953809
5,0.0004897469
