Token,Probability
▁SELECT,0.4490104
<0x0A>,0.33893082
1,0.106649324
2,0.039851937
SELECT,0.015244725
3,0.012249482
4,0.010726004
5,0.006207735
0,0.0061594257
9,0.0047225957
