Token,Probability
▁SELECT,0.7218572
<0x0A>,0.2004525
1,0.03947144
2,0.012227681
SELECT,0.009375288
3,0.0035032895
0,0.0029500655
4,0.0026444215
5,0.0017207578
7,0.0009804583
