Token,Probability
▁SELECT,0.6610791
<0x0A>,0.2629591
1,0.037295535
2,0.01761716
SELECT,0.0071179774
3,0.0028759225
0,0.002809302
4,0.002518242
5,0.0019612086
7,0.00071030273
