Token,Probability
▁SELECT,0.8088713
<0x0A>,0.14962615
1,0.017870294
SELECT,0.010102949
2,0.0061277486
4,0.001513447
3,0.0012844459
0,0.0012744501
5,0.00088970957
9,0.00043701066
