Token,Probability
▁SELECT,0.26486695
1,0.24496187
5,0.17643943
<0x0A>,0.117534
2,0.079527475
4,0.030185226
SELECT,0.029256525
3,0.020745983
0,0.014370322
7,0.0066828206
