Token,Probability
▁SELECT,0.58661187
<0x0A>,0.13504572
1,0.10851229
2,0.094277106
3,0.017035525
SELECT,0.015390314
4,0.010413608
5,0.008977092
0,0.008907231
7,0.0034340434
