Token,Probability
▁SELECT,0.5471512
<0x0A>,0.17488004
1,0.13619672
2,0.065347895
3,0.01786512
SELECT,0.013591067
4,0.011267391
5,0.010584733
0,0.006728066
7,0.0046603954
