Token,Probability
▁SELECT,0.4420285
<0x0A>,0.2809704
1,0.16517399
2,0.05320683
0,0.013141161
3,0.009245961
5,0.008223528
4,0.0079084905
SELECT,0.0049104933
9,0.0028867298
