Token,Probability
1,0.35515654
▁SELECT,0.2853763
<0x0A>,0.16776408
2,0.11530245
3,0.015850225
SELECT,0.013243359
0,0.012152788
4,0.010641337
5,0.008753326
9,0.0040706745
