Token,Probability
<0x0A>,0.403671
▁SELECT,0.38518557
1,0.112095386
2,0.02924183
9,0.017736066
SELECT,0.016661493
5,0.006891493
4,0.006225945
3,0.0057580573
0,0.0053671
