Token,Probability
▁SELECT,0.5006137
<0x0A>,0.43494073
1,0.03053763
2,0.010149224
SELECT,0.008348524
0,0.0035349876
4,0.0024678188
3,0.0024106519
5,0.0018921425
7,0.0010781103
