Token,Probability
▁SELECT,0.71771485
<0x0A>,0.20244077
SELECT,0.05621577
1,0.015368536
2,0.0030739007
4,0.0012323031
3,0.00090157223
0,0.0008738337
5,0.00057756883
6,0.00024265486
