Token,Probability
▁SELECT,0.6436363
<0x0A>,0.24050932
1,0.05366488
2,0.023080979
SELECT,0.017696798
3,0.004439631
4,0.004439631
0,0.004336787
5,0.002671817
9,0.0012920063
