Token,Probability
▁SELECT,0.7708977
<0x0A>,0.16158894
1,0.025567083
2,0.0178487
SELECT,0.015266801
0,0.0023049423
3,0.002066137
4,0.0010887777
5,0.0007600894
▁CREATE,0.0005604547
