Token,Probability
<0x0A>,0.6071567
▁SELECT,0.30529755
1,0.04868395
2,0.017494943
SELECT,0.004635698
0,0.003365156
3,0.002367683
4,0.0022416774
5,0.0014028057
▁S,0.00095663045
