Token,Probability
▁SELECT,0.5494323
<0x0A>,0.27627188
1,0.09698055
2,0.026101962
SELECT,0.012138539
0,0.00998489
4,0.0069705774
3,0.0063965614
5,0.00573384
9,0.0025844444
