Token,Probability
▁SELECT,0.6820536
<0x0A>,0.267096
1,0.02333859
SELECT,0.01102437
2,0.0076363585
0,0.0017856738
4,0.0017579895
3,0.0016386263
5,0.0010830659
7,0.0004694743
