Token,Probability
▁SELECT,0.3676164
<0x0A>,0.33471853
1,0.1656977
2,0.0619167
SELECT,0.02123132
3,0.01181701
0,0.010028966
5,0.0066807307
4,0.0054954197
9,0.004313404
