Token,Probability
▁SELECT,0.7853422
<0x0A>,0.1282036
1,0.048660595
SELECT,0.009433287
2,0.0076393085
9,0.004706442
3,0.003038707
4,0.002922296
0,0.00287699
5,0.002403815
