Token,Probability
▁SELECT,0.5966709
<0x0A>,0.35076472
1,0.028792523
2,0.007394532
SELECT,0.005625463
0,0.0026991267
3,0.0018550807
4,0.0014789994
5,0.0012650553
<0x09>,0.0008104248
