Token,Probability
▁SELECT,0.61484414
<0x0A>,0.16039169
1,0.07695678
2,0.04524055
SELECT,0.02518016
3,0.016385041
4,0.015392323
0,0.01445975
5,0.01401487
9,0.0037720506
