Token,Probability
▁SELECT,0.7619361
<0x0A>,0.18672048
SELECT,0.021614464
1,0.01709845
2,0.00600212
0,0.0015057636
3,0.001339254
4,0.0009721941
5,0.0007751007
7,0.00041165287
