Token,Probability
▁SELECT,0.7283377
<0x0A>,0.23279072
1,0.017950892
SELECT,0.008347942
2,0.005143017
0,0.002448443
3,0.0010530623
4,0.0009077965
5,0.00075258967
<0x09>,0.0005213036
