Token,Probability
<0x0A>,0.6433316
▁SELECT,0.299177
1,0.028266016
2,0.0070359674
SELECT,0.005833022
3,0.0019235266
<0x09>,0.0016197718
▁S,0.0014980439
0,0.001451954
4,0.0013428379
