Token,Probability
<0x0A>,0.47957247
▁SELECT,0.4366557
1,0.041904576
2,0.014257315
SELECT,0.011727747
0,0.005496685
4,0.002102669
3,0.0020221171
5,0.0018126142
7,0.0010823613
