Token,Probability
<0x0A>,0.6785641
▁SELECT,0.26160976
1,0.03431573
2,0.007026343
SELECT,0.003588705
0,0.0032421248
3,0.0024282392
4,0.0018186672
9,0.0012896281
▁CREATE,0.0012696343
