Token,Probability
▁SELECT,0.7185717
<0x0A>,0.22610863
SELECT,0.025368687
1,0.019757152
2,0.0047295406
0,0.0012337744
4,0.0010148751
3,0.00084795995
5,0.00047196075
<0x09>,0.0003590488
