Token,Probability
▁SELECT,0.68265176
<0x0A>,0.19558302
1,0.064496435
2,0.01936534
SELECT,0.01876953
0,0.004091033
3,0.0039036905
4,0.0034181857
5,0.0023677081
7,0.00096414355
