Token,Probability
▁SELECT,0.7169014
<0x0A>,0.18411551
1,0.044419933
2,0.019254616
SELECT,0.01712541
▁CREATE,0.0048304438
0,0.0043981685
3,0.0020294215
4,0.0013000962
5,0.0012799401
