Token,Probability
▁SELECT,0.49450922
1,0.19670218
<0x0A>,0.1763227
2,0.057243597
3,0.019324588
SELECT,0.015895974
5,0.009491919
4,0.0088474415
0,0.00768679
9,0.0032043308
