Token,Probability
▁SELECT,0.45365903
<0x0A>,0.24282618
1,0.22109574
2,0.026613226
3,0.009197285
4,0.008506099
0,0.0072756517
5,0.006126713
SELECT,0.0059847874
9,0.0059382133
