Token,Probability
<0x0A>,0.49780017
▁SELECT,0.46038988
1,0.02022812
SELECT,0.010743075
2,0.0045135035
0,0.0015236918
3,0.0009169739
4,0.0008818452
5,0.00081557344
<0x09>,0.00035352493
