Token,Probability
▁SELECT,0.37626
<0x0A>,0.27100995
1,0.16182743
2,0.104483634
3,0.018587103
4,0.01370527
5,0.01287491
SELECT,0.012189721
0,0.009567821
9,0.005409155
