Token,Probability
▁SELECT,0.5506945
2,0.18736438
<0x0A>,0.13923737
1,0.0722354
3,0.01305267
SELECT,0.008427437
4,0.007916844
5,0.0058832993
0,0.0043380735
7,0.0024334386
