Token,Probability
<0x0A>,0.26646852
▁SELECT,0.250324
2,0.224389
1,0.17475432
3,0.020871427
SELECT,0.012858513
4,0.012858513
5,0.010171921
0,0.008906831
7,0.0060266643
