Token,Probability
▁SELECT,0.45517477
<0x0A>,0.38933164
1,0.07547537
2,0.038549047
SELECT,0.010788642
0,0.008468103
3,0.0057298047
4,0.0050961943
5,0.004359006
9,0.0014374475
