Token,Probability
▁SELECT,0.6974901
<0x0A>,0.13521461
1,0.09892513
2,0.03365758
SELECT,0.012976153
3,0.00520204
0,0.0049251923
4,0.0045907837
5,0.0022549173
7,0.0011698357
