Token,Probability
▁SELECT,0.7063496
<0x0A>,0.13066155
1,0.08305353
2,0.026133955
SELECT,0.017961586
3,0.009539327
4,0.0073140543
5,0.0056518638
0,0.0042662504
7,0.0025276695
