Token,Probability
2,0.7282052
<0x0A>,0.124581225
▁SELECT,0.122649774
1,0.016088149
SELECT,0.0027309386
3,0.0018478456
0,0.0008935597
4,0.00084600534
5,0.00064360694
▁CREATE,0.00024428562
