Token,Probability
▁SELECT,0.5930775
<0x0A>,0.267321
1,0.07658874
2,0.030464897
SELECT,0.0075242994
0,0.007179736
3,0.00409089
4,0.003112185
5,0.0030164332
9,0.0014137737
