Token,Probability
<0x0A>,0.68114024
▁SELECT,0.2505775
1,0.04154982
2,0.008507566
0,0.0024758424
SELECT,0.002219331
​,0.0015614943
▁S,0.0015493426
4,0.0015253223
3,0.0014899883
