Token,Probability
▁SELECT,0.8129753
<0x0A>,0.09264969
1,0.046587195
SELECT,0.03802336
2,0.0031456267
3,0.0013112923
4,0.0011042189
0,0.000959362
5,0.0006440852
▁CREATE,0.00057286123
