Token,Probability
▁SELECT,0.6048614
<0x0A>,0.29021567
1,0.06375192
2,0.014676526
SELECT,0.008494122
0,0.0037692436
4,0.0035408766
3,0.003326346
5,0.0018369827
7,0.00068643026
