Token,Probability
▁SELECT,0.62436396
1,0.14373675
<0x0A>,0.09426486
2,0.052058
3,0.019151067
SELECT,0.013369599
4,0.01217316
5,0.010576224
0,0.007325936
9,0.0069904574
