Token,Probability
▁SELECT,0.5718345
<0x0A>,0.3692041
1,0.02552031
SELECT,0.012244779
2,0.011324569
0,0.0025466713
3,0.0016832469
4,0.0016701478
5,0.0012123972
7,0.0005422176
