Token,Probability
▁SELECT,0.44569272
<0x0A>,0.34710583
1,0.13592859
2,0.029396622
SELECT,0.009178073
0,0.008227171
3,0.005566783
4,0.005229508
5,0.004301676
7,0.0024510212
