Token,Probability
▁SELECT,0.715578
<0x0A>,0.22167572
1,0.03346803
SELECT,0.009514131
2,0.008868146
0,0.0024625948
3,0.0019329129
4,0.0016793438
5,0.0010185735
▁CREATE,0.00055813225
