Token,Probability
▁SELECT,0.41720825
<0x0A>,0.3249221
1,0.11405839
2,0.059172716
3,0.0201325
4,0.009966311
5,0.009888752
SELECT,0.009659681
8,0.009003812
0,0.008198064
