Token,Probability
▁SELECT,0.6453165
1,0.17368458
<0x0A>,0.07017492
2,0.054652277
3,0.012981053
SELECT,0.012386609
4,0.0075717815
5,0.0057603074
0,0.0051233233
7,0.0031318252
