Token,Probability
▁SELECT,0.784098
<0x0A>,0.08264332
1,0.061415307
2,0.030402781
SELECT,0.007869319
3,0.0073925415
0,0.0062251436
4,0.0058479817
5,0.0045189704
7,0.0028724321
