Token,Probability
▁SELECT,0.7440444
<0x0A>,0.20986736
1,0.024293909
SELECT,0.00813744
2,0.0059534786
0,0.0015409718
3,0.0014251659
4,0.0011186255
5,0.00078092644
▁CREATE,0.0005537598
