Token,Probability
▁SELECT,0.76494384
<0x0A>,0.15062636
1,0.044525065
SELECT,0.012267947
2,0.01207775
0,0.0038302399
3,0.0026949102
4,0.0023782498
5,0.0020026874
7,0.0011773191
