Token,Probability
▁SELECT,0.59047765
<0x0A>,0.2969108
1,0.053233173
2,0.02805191
SELECT,0.01142289
0,0.004687944
3,0.004369645
4,0.0034297737
5,0.002163131
7,0.0010138392
