Token,Probability
▁SELECT,0.464707
2,0.15810859
<0x0A>,0.14852928
1,0.13314079
3,0.03366326
SELECT,0.015412165
4,0.012384022
5,0.010266715
0,0.008445169
9,0.0039892155
