Token,Probability
▁SELECT,0.60624236
<0x0A>,0.33479878
1,0.026223471
SELECT,0.011727861
2,0.010349802
0,0.0023274655
3,0.0018268484
5,0.001422751
4,0.0013575986
9,0.00072667014
