Token,Probability
▁SELECT,0.72210115
<0x0A>,0.13998568
1,0.06716587
2,0.026302533
3,0.008539182
SELECT,0.0078359945
4,0.0076544737
0,0.0061505423
5,0.005470406
9,0.0021255706
