Token,Probability
▁SELECT,0.64404696
<0x0A>,0.2948662
1,0.033604052
2,0.01041005
SELECT,0.0036258332
0,0.002959319
3,0.0022867846
4,0.0020023752
5,0.0013870049
<0x09>,0.0006450172
