Token,Probability
▁SELECT,0.7862155
<0x0A>,0.17270863
SELECT,0.016064404
1,0.013317859
2,0.0050155516
4,0.0016156395
3,0.00097230915
▁CREATE,0.00092778384
0,0.0007513423
5,0.0006630572
