Token,Probability
▁SELECT,0.78140396
<0x0A>,0.15629062
1,0.025118189
2,0.015474866
SELECT,0.00841354
3,0.002546016
0,0.0021272758
4,0.0018482092
5,0.0016960122
▁CREATE,0.001165651
