Token,Probability
▁SELECT,0.68770385
<0x0A>,0.21304071
1,0.03216434
2,0.02794486
SELECT,0.027511617
3,0.002121468
4,0.0020243188
0,0.0019316187
▁CREATE,0.001337993
5,0.0012374413
