Token,Probability
▁SELECT,0.50325286
<0x0A>,0.42378142
1,0.041960042
2,0.00936255
SELECT,0.006335019
3,0.0033383202
0,0.0030874414
4,0.0020090367
5,0.0017454813
9,0.0010586878
