Token,Probability
▁SELECT,0.5951113
<0x0A>,0.344424
1,0.031787112
2,0.009250578
SELECT,0.0069827023
0,0.0022144376
3,0.0020320823
5,0.0014186219
4,0.0013326721
▁CREATE,0.0009903577
