Token,Probability
▁SELECT,0.7699599
<0x0A>,0.16651551
1,0.025535982
SELECT,0.01927557
2,0.008035254
0,0.0029101758
3,0.0016452642
4,0.00149803
5,0.001251651
9,0.00086699333
