Token,Probability
▁SELECT,0.49346256
<0x0A>,0.42208093
1,0.040505875
2,0.01869039
SELECT,0.0144428145
0,0.0024325668
3,0.0019699528
4,0.0016982052
▁CREATE,0.0008810173
5,0.0008673584
