Token,Probability
▁SELECT,0.8181674
<0x0A>,0.081009544
1,0.054813795
2,0.015460942
SELECT,0.011136099
4,0.0043270215
3,0.0037301257
5,0.0025837827
0,0.0018903356
9,0.0016552332
