Token,Probability
▁SELECT,0.7478397
<0x0A>,0.19206111
1,0.03038848
2,0.011179297
SELECT,0.005363885
0,0.002634652
3,0.0021842031
4,0.0021842031
5,0.0016358927
7,0.0007788016
