Token,Probability
▁SELECT,0.47654018
<0x0A>,0.36537603
1,0.07779305
2,0.03022712
SELECT,0.018768445
0,0.0066920957
4,0.0062866416
3,0.0056795077
5,0.0034447955
9,0.0020409736
