Token,Probability
▁SELECT,0.52923304
<0x0A>,0.3752824
1,0.04552692
2,0.020843744
SELECT,0.007608312
0,0.004687345
3,0.0039780983
4,0.0035106593
5,0.0023569453
7,0.0013747939
