Token,Probability
▁SELECT,0.3163487
1,0.22432482
<0x0A>,0.20425008
2,0.13820252
4,0.03386798
0,0.022385368
3,0.022385368
5,0.010657033
SELECT,0.00721091
9,0.0048035015
