Token,Probability
▁SELECT,0.6491249
<0x0A>,0.2042562
1,0.0878495
2,0.023644373
SELECT,0.015998583
0,0.0056160307
3,0.0039206212
5,0.0019107582
4,0.0018232584
▁CREATE,0.0013549305
