Token,Probability
▁SELECT,0.5006181
1,0.16000716
<0x0A>,0.15267989
2,0.09406336
3,0.027805075
5,0.013657395
4,0.013445657
0,0.00938658
SELECT,0.008480069
7,0.0051033953
