Token,Probability
▁SELECT,0.5556098
<0x0A>,0.35872868
1,0.046325445
2,0.013169174
SELECT,0.012764003
0,0.0032780666
3,0.0026135028
4,0.001927076
5,0.0016227607
7,0.00083532557
