Token,Probability
▁SELECT,0.57823247
<0x0A>,0.20942192
1,0.13734226
2,0.030645197
3,0.011362159
4,0.0066794693
0,0.00622595
SELECT,0.005987437
5,0.0057132524
9,0.0016626514
