Token,Probability
▁SELECT,0.7890025
<0x0A>,0.14368802
1,0.024969233
SELECT,0.019144576
2,0.013789321
3,0.0024722891
0,0.0014533837
4,0.0014197162
5,0.0013760361
7,0.00067062647
