Token,Probability
▁SELECT,0.82496864
<0x0A>,0.10991644
1,0.02340256
SELECT,0.01822593
2,0.012526487
0,0.002605261
3,0.0018764992
4,0.0017905681
5,0.001044429
7,0.00057229993
