Token,Probability
▁SELECT,0.6556965
1,0.10538002
<0x0A>,0.10055432
2,0.04257738
5,0.018893596
3,0.016543785
0,0.013293305
SELECT,0.011640007
4,0.011370366
7,0.006789556
