Token,Probability
<0x0A>,0.4546547
▁SELECT,0.4546547
1,0.040988363
2,0.02029071
SELECT,0.008392603
0,0.00415464
3,0.004122308
4,0.0034713312
5,0.002661562
7,0.0013279025
