Token,Probability
<0x0A>,0.50483274
▁SELECT,0.38706872
1,0.063187234
2,0.021000363
SELECT,0.006712119
0,0.0037358566
3,0.0031954476
4,0.0026698967
5,0.0019381371
9,0.0009899036
