Token,Probability
▁SELECT,0.64967155
<0x0A>,0.29744133
1,0.030385545
SELECT,0.009194951
2,0.006030196
0,0.0020677622
3,0.0013882298
4,0.0008034459
5,0.0005787003
<0x09>,0.0003915682
