Token,Probability
▁SELECT,0.5365294
<0x0A>,0.3925333
1,0.030745585
2,0.013858122
SELECT,0.011761235
0,0.0035869738
3,0.0028822145
4,0.0023523949
5,0.0017896076
9,0.0008653977
