Token,Probability
▁SELECT,0.6179122
<0x0A>,0.3205686
1,0.023959054
SELECT,0.02114379
2,0.007900857
0,0.0022636335
3,0.0014276557
4,0.0012797425
5,0.0010283019
7,0.00051706267
