Token,Probability
▁SELECT,0.6071395
<0x0A>,0.31994006
1,0.033721432
SELECT,0.01921389
2,0.009147185
0,0.0027251097
3,0.0018011873
4,0.001759463
5,0.0012772331
9,0.0008847135
