Token,Probability
▁SELECT,0.47394967
<0x0A>,0.27862063
1,0.14682277
2,0.047666375
SELECT,0.019870302
3,0.0076010674
4,0.005966146
0,0.0051031155
5,0.0050634025
9,0.0024485015
