Token,Probability
▁SELECT,0.5546583
<0x0A>,0.31603473
1,0.083740875
2,0.017829463
0,0.0069821174
SELECT,0.0053533753
3,0.0033500565
4,0.0032981185
5,0.002843156
9,0.0012420829
