Token,Probability
▁SELECT,0.4353155
<0x0A>,0.28998265
1,0.14810865
2,0.05534415
SELECT,0.031045256
3,0.010728954
0,0.009105545
4,0.006819738
5,0.0052698855
9,0.001557775
