Token,Probability
▁SELECT,0.5313366
<0x0A>,0.38270742
1,0.03241174
SELECT,0.016684135
2,0.011201198
3,0.004525693
9,0.0039013913
4,0.0038409058
▁CREATE,0.0033110678
5,0.003209197
