Token,Probability
<0x0A>,0.43301746
▁SELECT,0.32179123
1,0.17224245
2,0.028560597
SELECT,0.020252496
0,0.0073924973
3,0.004963088
4,0.002827882
5,0.0023627838
9,0.0017835228
