Token,Probability
<0x0A>,0.44312733
▁SELECT,0.44312733
1,0.06187444
2,0.020404028
SELECT,0.008179816
0,0.007275279
3,0.003545688
4,0.0034365985
5,0.0027398954
9,0.0014896552
