Token,Probability
▁SELECT,0.55100715
1,0.14600237
<0x0A>,0.13503012
2,0.08994945
3,0.019301547
4,0.011170879
5,0.011083946
SELECT,0.009705429
0,0.007737842
7,0.005795376
