Token,Probability
▁SELECT,0.42233983
<0x0A>,0.41579205
1,0.0793553
2,0.045215286
3,0.007381193
0,0.006880028
SELECT,0.0063629863
4,0.0047285696
5,0.003920122
7,0.0018373241
