Token,Probability
▁SELECT,0.5710911
<0x0A>,0.36872414
1,0.026710287
2,0.011309846
SELECT,0.00853712
4,0.0035036267
3,0.0028373236
0,0.002315756
5,0.0012395349
7,0.0006899051
