Token,Probability
▁SELECT,0.51174194
<0x0A>,0.23798212
1,0.100767955
2,0.074884385
3,0.016708966
SELECT,0.01497782
4,0.00801705
5,0.007892757
▁CREATE,0.0068039815
0,0.005729527
