Token,Probability
▁SELECT,0.6507139
<0x0A>,0.18354228
1,0.06752144
2,0.029497929
SELECT,0.026441772
3,0.010767234
4,0.009281935
5,0.008064286
0,0.0037502411
7,0.0019304585
