Token,Probability
▁SELECT,0.45752668
<0x0A>,0.4504334
1,0.050537225
2,0.010510742
SELECT,0.009060824
9,0.0050826627
0,0.0042800307
3,0.002851115
4,0.0027418907
5,0.00200601
