Token,Probability
1,0.31195897
▁SELECT,0.24677987
2,0.17774886
<0x0A>,0.112984054
3,0.043559235
4,0.029937796
5,0.020256925
SELECT,0.013494022
0,0.011908432
7,0.010509154
