Token,Probability
▁SELECT,0.74363995
<0x0A>,0.21641155
1,0.018043887
SELECT,0.010774497
2,0.0036373104
0,0.0014927492
3,0.0012969229
5,0.0012375324
4,0.0010339972
7,0.0005078823
