Token,Probability
▁SELECT,0.7571024
<0x0A>,0.18553592
1,0.027577452
SELECT,0.0102247475
2,0.008953087
0,0.0022285997
3,0.0017767946
4,0.0013837691
5,0.0011206103
9,0.0005678977
