Token,Probability
▁SELECT,0.50722307
<0x0A>,0.34320432
1,0.06758093
2,0.028615568
SELECT,0.014730031
3,0.009004287
4,0.007946256
5,0.005170727
0,0.0044924053
7,0.0023858987
