Token,Probability
▁SELECT,0.40815377
<0x0A>,0.38946307
1,0.12254998
2,0.029108172
SELECT,0.013966254
4,0.008470961
0,0.0073024253
3,0.0073024253
5,0.0051781954
9,0.002644763
