Token,Probability
▁SELECT,0.364775
<0x0A>,0.34807074
5,0.099723935
1,0.08664166
2,0.039667442
4,0.015655827
3,0.012979137
SELECT,0.011101644
0,0.004213709
7,0.004180918
