Token,Probability
▁SELECT,0.3835536
<0x0A>,0.36031526
1,0.12648256
2,0.06665162
SELECT,0.03004224
3,0.009234226
4,0.0070250295
0,0.0043961513
5,0.0034776416
9,0.0019815005
