Token,Probability
▁SELECT,0.44263935
<0x0A>,0.3138783
1,0.10190137
2,0.037487417
SELECT,0.03156757
4,0.03156757
3,0.012362039
5,0.0070436774
0,0.006934475
7,0.003301305
