Token,Probability
▁SELECT,0.8185895
<0x0A>,0.13363107
1,0.02395873
SELECT,0.012824183
2,0.00373205
▁CREATE,0.0028839048
0,0.0008659053
3,0.0006536196
5,0.00055040285
4,0.00052111095
