Token,Probability
<0x0A>,0.6159701
▁SELECT,0.24501596
1,0.053822864
2,0.04900628
SELECT,0.011549428
3,0.0060387584
4,0.004086028
5,0.003929495
0,0.0024398786
9,0.0016769024
