Token,Probability
▁SELECT,0.6944075
<0x0A>,0.23259738
1,0.028217264
SELECT,0.0269251
2,0.006702188
4,0.0026868554
0,0.002524067
3,0.002092525
5,0.0009961913
9,0.0006431894
