Token,Probability
▁SELECT,0.60235214
<0x0A>,0.35410455
▁CREATE,0.014615641
SELECT,0.010861422
1,0.010609819
2,0.0030397638
0,0.00091986096
3,0.00058469916
4,0.00044830446
5,0.0003925485
