Token,Probability
<0x0A>,0.4526328
▁SELECT,0.4387068
1,0.054059282
2,0.021841925
SELECT,0.008894149
0,0.007548367
3,0.0037660203
4,0.0032719749
5,0.0027338373
9,0.0016452522
