Token,Probability
▁SELECT,0.62509316
<0x0A>,0.2906953
1,0.048202008
SELECT,0.01144898
2,0.010506175
0,0.0035745457
3,0.002594842
4,0.002085014
5,0.0014555744
7,0.00076106476
