Token,Probability
▁SELECT,0.28658822
1,0.22319514
2,0.20642176
<0x0A>,0.17382455
3,0.034767095
SELECT,0.019050797
4,0.015793664
5,0.012204399
0,0.011645518
7,0.004705215
