Token,Probability
▁SELECT,0.73374534
<0x0A>,0.20696236
1,0.021475485
SELECT,0.016210545
2,0.010466315
0,0.0028169705
4,0.0018330377
3,0.0017905753
5,0.0013621979
7,0.000776157
