Token,Probability
▁SELECT,0.6795674
<0x0A>,0.28328583
SELECT,0.0136700375
1,0.013458103
2,0.004072549
0,0.0015578886
3,0.000982548
4,0.0009375538
5,0.00063935627
7,0.00031898665
