Token,Probability
▁SELECT,0.5961048
<0x0A>,0.21589485
1,0.09431748
2,0.04352037
3,0.009863627
0,0.008113599
4,0.007987809
5,0.005753403
SELECT,0.005489935
7,0.0029848262
