Token,Probability
▁SELECT,0.67191255
<0x0A>,0.24335061
1,0.039109997
SELECT,0.019360855
2,0.014614339
0,0.0032609003
3,0.002276475
4,0.001731851
5,0.0012280662
9,0.0005846472
