Token,Probability
▁SELECT,0.5248124
<0x0A>,0.3663781
1,0.0561859
2,0.021493023
SELECT,0.0078453105
3,0.004298875
0,0.0041341884
4,0.0039448696
5,0.0036770226
7,0.0017369026
