Token,Probability
▁SELECT,0.47423294
<0x0A>,0.20080288
1,0.13587002
2,0.093382
3,0.025133425
5,0.01454611
4,0.012937579
0,0.009246071
SELECT,0.007725381
7,0.006817625
