Token,Probability
▁SELECT,0.70568395
<0x0A>,0.22205329
1,0.036249205
SELECT,0.014646002
2,0.010715244
0,0.0026464786
3,0.0020133348
4,0.0015802847
5,0.0012211493
7,0.0006639274
