Token,Probability
<0x0A>,0.4498108
▁SELECT,0.3671249
1,0.0871998
2,0.029208276
SELECT,0.02071177
3,0.020390661
4,0.0064162062
5,0.0062675755
0,0.0031762528
7,0.0026127142
