Token,Probability
▁SELECT,0.8281873
<0x0A>,0.1331018
1,0.021728272
2,0.0046625
SELECT,0.004212218
0,0.0015739908
3,0.0012258253
4,0.0008359401
5,0.0008102211
<0x09>,0.00064093765
