Token,Probability
▁SELECT,0.6468647
1,0.15606338
<0x0A>,0.1141784
2,0.027119748
SELECT,0.021453487
3,0.009445842
0,0.0069107255
4,0.0058650565
5,0.0042575747
9,0.002261181
