Token,Probability
▁SELECT,0.56629086
<0x0A>,0.40788403
1,0.01231703
SELECT,0.006097372
2,0.0033150834
0,0.0010350196
3,0.0007631756
4,0.00044864777
5,0.00034668815
9,0.0002556318
