Token,Probability
▁SELECT,0.8362
<0x0A>,0.12823543
1,0.017628076
SELECT,0.006796229
2,0.004744532
0,0.0012769735
3,0.0009415812
4,0.00087765016
▁CREATE,0.00061750406
5,0.0005578684
