Token,Probability
▁SELECT,0.5880859
<0x0A>,0.33508122
1,0.04194033
SELECT,0.016169438
2,0.006089466
4,0.0030381477
3,0.0028098272
0,0.002120969
5,0.0011441768
▁CREATE,0.00078026083
