Token,Probability
▁SELECT,0.7098059
<0x0A>,0.2530891
1,0.015681654
SELECT,0.01496354
2,0.0025800376
0,0.0008118449
3,0.0006033119
▁CREATE,0.00051604
4,0.0003895274
5,0.0002475987
