Token,Probability
▁SELECT,0.42009255
<0x0A>,0.38249862
3,0.08017607
1,0.059581794
2,0.025625808
SELECT,0.017339291
4,0.0043840595
0,0.002310237
▁CREATE,0.0019606724
5,0.0018708868
