Token,Probability
▁SELECT,0.72830486
<0x0A>,0.20224294
SELECT,0.026946267
1,0.024534853
2,0.011320976
0,0.001544144
3,0.0010695973
▁CREATE,0.0009815177
4,0.0006589598
5,0.0004493715
