Token,Probability
▁SELECT,0.8305028
<0x0A>,0.11779034
1,0.016706223
2,0.013635222
SELECT,0.008872608
0,0.0025222625
3,0.0024638341
▁CREATE,0.0017200337
4,0.001172961
5,0.0010270791
