Token,Probability
▁SELECT,0.71579736
<0x0A>,0.22878258
1,0.023739662
SELECT,0.011844156
2,0.009517047
3,0.0024826701
0,0.0016667857
5,0.0012386501
4,0.0012099567
▁CREATE,0.0005411261
