Token,Probability
▁SELECT,0.7036837
<0x0A>,0.20800848
SELECT,0.037293866
1,0.0285942
2,0.013827251
0,0.0024985336
4,0.0013690833
3,0.0013478576
5,0.00080484257
7,0.00048816172
