Token,Probability
▁SELECT,0.63634425
<0x0A>,0.2199147
1,0.06012133
2,0.027098808
0,0.021270094
SELECT,0.017360149
3,0.005012776
4,0.0028119122
▁CREATE,0.00213919
5,0.002009583
