Token,Probability
▁SELECT,0.6236651
1,0.14357586
<0x0A>,0.13487704
2,0.035738856
0,0.01714769
SELECT,0.013147591
3,0.012943756
5,0.005743757
4,0.0048746634
9,0.002979822
