Token,Probability
▁SELECT,0.8108536
<0x0A>,0.14090522
SELECT,0.032438226
1,0.010367879
2,0.0026419705
0,0.00068919925
3,0.0004964116
4,0.00035755182
5,0.00023818087
9,0.00015139698
