Token,Probability
▁SELECT,0.5300859
1,0.20436634
<0x0A>,0.19500774
SELECT,0.037217874
2,0.018138543
▁CREATE,0.0058428966
0,0.0027385105
3,0.0021663401
4,0.001465819
5,0.0007033077
