Token,Probability
▁SELECT,0.70052445
<0x0A>,0.25770858
1,0.017813459
SELECT,0.016997721
2,0.0026477342
0,0.0011211212
3,0.00061914197
▁CREATE,0.0005421388
5,0.0004529739
4,0.00042886712
