Token,Probability
▁SELECT,0.4572542
1,0.20290531
<0x0A>,0.17086342
2,0.08071016
3,0.024615208
SELECT,0.016655482
4,0.01359381
0,0.010586869
5,0.00864075
7,0.0044478774
