Token,Probability
▁SELECT,0.8219998
<0x0A>,0.1184203
1,0.030412849
SELECT,0.015055452
2,0.006839247
0,0.0020059447
3,0.0013572902
4,0.00093285093
5,0.0006361491
7,0.00039499396
