Token,Probability
▁SELECT,0.84926903
<0x0A>,0.10629849
SELECT,0.022632252
1,0.015076331
2,0.0031111767
0,0.0010421136
3,0.0006174319
▁CREATE,0.00032536374
4,0.00032283177
5,0.00026973602
