Token,Probability
▁SELECT,0.6043137
<0x0A>,0.36653477
1,0.01294026
SELECT,0.009844431
2,0.0023382572
▁CREATE,0.0009156747
0,0.00083373126
3,0.0003969156
4,0.00026647653
5,0.0002623452
