Token,Probability
▁SELECT,0.83258915
<0x0A>,0.13173474
SELECT,0.015733471
1,0.0111567015
2,0.004104321
0,0.0013016112
3,0.0008876217
4,0.00067526696
5,0.00045690843
7,0.00022094649
