Token,Probability
▁SELECT,0.7862824
<0x0A>,0.17544332
1,0.017922664
SELECT,0.007529876
2,0.0061457055
0,0.0016801424
3,0.0011729285
4,0.0010351057
5,0.0007692253
7,0.00038378072
