Token,Probability
▁SELECT,0.8372342
<0x0A>,0.14548948
SELECT,0.009300833
1,0.0041272193
2,0.0011283191
▁CREATE,0.00094274577
0,0.00042826158
3,0.00019916012
4,0.00015033394
<0x09>,0.00013903617
