Token,Probability
▁SELECT,0.53299224
<0x0A>,0.21873958
0,0.16003329
1,0.04109995
2,0.022345657
SELECT,0.015599782
3,0.0023368862
4,0.0016963977
▁CREATE,0.0013737847
5,0.0010451203
