Token,Probability
▁SELECT,0.6687087
<0x0A>,0.21373214
1,0.064174026
2,0.02051125
3,0.01097888
SELECT,0.005477567
4,0.0037353763
5,0.0025078128
0,0.0024497195
9,0.0016318649
