Token,Probability
▁SELECT,0.5847194
<0x0A>,0.37167025
1,0.020968203
▁CREATE,0.0050588143
SELECT,0.0045346916
2,0.004193904
0,0.0016944906
3,0.0010197624
4,0.0008520433
5,0.0006900057
