Token,Probability
▁SELECT,0.50412256
1,0.19741721
<0x0A>,0.14219429
2,0.06822556
3,0.022149598
4,0.013329864
0,0.013226128
5,0.0113129085
SELECT,0.009601139
7,0.0049810056
