Token,Probability
▁SELECT,0.5358772
<0x0A>,0.30533364
1,0.0931215
SELECT,0.035344936
2,0.015201668
4,0.0036107125
3,0.0035270704
0,0.0028120258
5,0.0014475068
9,0.0009718101
