Token,Probability
▁SELECT,0.7736231
<0x0A>,0.19257003
1,0.015807109
SELECT,0.0067456462
2,0.0045288126
0,0.001493444
3,0.001042592
4,0.0009794243
5,0.00062256004
▁CREATE,0.00045904698
