Token,Probability
▁SELECT,0.76537097
<0x0A>,0.2059968
SELECT,0.015884766
1,0.0059822584
2,0.0023426858
▁CREATE,0.0012539494
0,0.0008891833
3,0.00047594553
5,0.00025080566
4,0.00024499578
