Token,Probability
▁SELECT,0.62997806
<0x0A>,0.29758057
1,0.03444745
2,0.015167006
SELECT,0.009565711
0,0.0040821442
3,0.002594769
4,0.0017973438
5,0.0012161437
9,0.00059270114
