Token,Probability
▁SELECT,0.7622079
<0x0A>,0.18389122
SELECT,0.028200634
1,0.011573516
2,0.008206852
▁CREATE,0.0019341286
0,0.0009065078
3,0.00085826433
4,0.00047029005
5,0.0004349472
