Token,Probability
▁SELECT,0.7684112
<0x0A>,0.20360872
SELECT,0.01619901
1,0.0068590916
2,0.0018460996
0,0.000717317
3,0.00052891637
4,0.0005207163
5,0.00026595584
9,0.00015153708
