Token,Probability
▁SELECT,0.7554012
<0x0A>,0.16336697
1,0.051405698
SELECT,0.012997395
2,0.008007464
0,0.0021217666
3,0.0020404828
4,0.0011180923
5,0.0007162769
▁CREATE,0.0006676435
