Token,Probability
▁SELECT,0.7583957
<0x0A>,0.20095487
1,0.019285053
SELECT,0.012258325
2,0.0032992833
4,0.00095267437
3,0.0008949547
0,0.00078364846
5,0.0005869256
▁CREATE,0.00042606232
