Token,Probability
▁SELECT,0.58523107
<0x0A>,0.2989068
1,0.0495636
2,0.028240489
SELECT,0.021993717
0,0.0045033395
3,0.0031684951
4,0.002014018
5,0.0013950694
▁CREATE,0.001373441
