Token,Probability
▁SELECT,0.6309187
<0x0A>,0.14299391
1,0.093777694
2,0.042268917
4,0.028157169
3,0.021928826
SELECT,0.018465923
5,0.0060420274
0,0.0054585165
9,0.0024411995
