Token,Probability
▁SELECT,0.78635937
<0x0A>,0.1597586
SELECT,0.026907736
1,0.0144026745
2,0.007953912
0,0.001068068
3,0.0009207321
4,0.0007114867
5,0.00047766953
7,0.00025567808
