Token,Probability
▁SELECT,0.8458283
<0x0A>,0.09791174
1,0.022895524
SELECT,0.013459585
2,0.008690161
3,0.0026503492
0,0.0018358433
4,0.0017655131
5,0.0014867111
7,0.00077129557
