Token,Probability
▁SELECT,0.6982688
<0x0A>,0.17111813
4,0.06494911
1,0.03165367
2,0.010438273
SELECT,0.009504156
3,0.0054577775
0,0.002421874
5,0.0022051414
9,0.00083697727
