Token,Probability
▁SELECT,0.7101371
<0x0A>,0.20030338
1,0.04985945
2,0.011388973
SELECT,0.008939307
0,0.0042226296
3,0.0036401346
4,0.0028571743
5,0.0026218905
9,0.0013816392
