Token,Probability
▁SELECT,0.7795868
<0x0A>,0.18808408
SELECT,0.021434762
1,0.0060459524
2,0.0019324025
0,0.00063227967
3,0.00058021245
4,0.0003895362
5,0.00025546408
▁CREATE,0.00013567595
