Token,Probability
▁SELECT,0.6892863
<0x0A>,0.12358223
1,0.0661488
2,0.061177634
SELECT,0.01397429
0,0.012624719
3,0.010384811
5,0.0060574063
4,0.0052218107
9,0.004098646
