Token,Probability
▁SELECT,0.85341555
<0x0A>,0.103531055
SELECT,0.028749533
1,0.008632177
2,0.0031756002
0,0.00071973057
3,0.00048699402
4,0.00030475308
5,0.0002229621
<0x09>,0.000111239926
