Token,Probability
▁SELECT,0.7490079
<0x0A>,0.20799197
1,0.018174136
SELECT,0.014833297
2,0.0049298666
0,0.0014346731
3,0.000904837
4,0.00052778673
5,0.00043076696
▁CREATE,0.00040151898
