Token,Probability
▁SELECT,0.728656
<0x0A>,0.2440692
1,0.013138893
SELECT,0.007370251
2,0.0027540617
0,0.0010617853
3,0.00068020524
4,0.0004823377
5,0.0003163248
▁CREATE,0.00017064443
