Token,Probability
▁SELECT,0.5718216
<0x0A>,0.30132884
1,0.079844184
2,0.016867515
SELECT,0.007484914
3,0.0062538795
4,0.00324447
0,0.0029772935
5,0.0024490545
9,0.0017639878
