Token,Probability
▁SELECT,0.6802631
<0x0A>,0.14483637
1,0.061327577
2,0.06037678
3,0.012076116
SELECT,0.0087663205
4,0.007557041
5,0.006413577
0,0.0054007727
7,0.00395129
