Token,Probability
▁SELECT,0.78859794
<0x0A>,0.13282156
1,0.03519421
2,0.022370802
SELECT,0.0051904432
3,0.0037094427
0,0.0032992463
4,0.0019094575
5,0.0015706769
▁CREATE,0.0011949079
