Token,Probability
▁SELECT,0.7381753
<0x0A>,0.16215558
1,0.032433156
SELECT,0.029072894
2,0.015440497
3,0.0050521116
0,0.0046724393
4,0.0039654477
5,0.002790041
9,0.0011098016
