Token,Probability
▁SELECT,0.8710363
<0x0A>,0.088981956
SELECT,0.026717229
1,0.008148294
2,0.0022276195
0,0.0008259229
3,0.0005416535
4,0.0004153001
5,0.00026605124
9,0.0001246957
