Token,Probability
<0x0A>,0.5754282
▁SELECT,0.38331786
1,0.020635018
SELECT,0.006195756
2,0.0041596335
3,0.0016289359
<0x09>,0.001339926
0,0.0010517201
4,0.0010517201
5,0.00058537035
