Token,Probability
▁SELECT,0.6205536
<0x0A>,0.25467467
1,0.055944603
SELECT,0.03500924
2,0.018448573
3,0.0038369372
0,0.0031316169
4,0.0029649553
5,0.0016120182
9,0.001065479
