Token,Probability
▁SELECT,0.6442317
<0x0A>,0.32394
1,0.0127583165
SELECT,0.009782141
2,0.0038307412
0,0.0012148503
3,0.00090988085
4,0.00068681414
5,0.00047203997
9,0.00030240018
