Token,Probability
▁SELECT,0.54591477
<0x0A>,0.4056894
1,0.024363542
2,0.00822477
SELECT,0.006712862
0,0.0022136667
3,0.0018067422
4,0.001139498
5,0.00082718686
▁CREATE,0.00047501345
