Token,Probability
▁SELECT,0.5756697
<0x0A>,0.2986535
1,0.06663861
2,0.027779104
SELECT,0.009089288
3,0.0063453456
0,0.004865146
4,0.0027938182
5,0.002624549
7,0.0010358492
