Token,Probability
▁SELECT,0.5727826
<0x0A>,0.26636866
1,0.071692154
SELECT,0.044168252
2,0.02637407
0,0.0068265456
3,0.004238698
4,0.0021649154
5,0.0016214467
7,0.00074817473
