Token,Probability
▁SELECT,0.7247486
<0x0A>,0.22103582
1,0.028544089
SELECT,0.011532855
2,0.0068329903
0,0.0017412007
3,0.0015486558
4,0.0011242036
5,0.0007201918
7,0.00037951447
