Token,Probability
▁SELECT,0.59238446
<0x0A>,0.19534767
1,0.0922757
2,0.045679785
SELECT,0.039687283
0,0.0120097445
3,0.0070601646
4,0.0053710896
5,0.0035500738
7,0.0016253422
