Token,Probability
▁SELECT,0.56039345
<0x0A>,0.38515243
1,0.034184217
2,0.0070543126
SELECT,0.0054939045
0,0.0020690232
3,0.001160617
4,0.00085578515
5,0.0008230006
▁CREATE,0.00065615325
