Token,Probability
▁SELECT,0.7148391
<0x0A>,0.22144681
SELECT,0.03044152
1,0.020597763
2,0.006430935
0,0.002007836
3,0.0013692251
5,0.00061235536
4,0.00058431353
9,0.00030313787
