Token,Probability
▁SELECT,0.67929053
<0x0A>,0.1690888
1,0.0704867
SELECT,0.04079457
2,0.02398189
3,0.005923109
0,0.0030016855
4,0.0025276728
5,0.0017923883
9,0.0005910669
