Token,Probability
▁SELECT,0.80144984
<0x0A>,0.11912488
1,0.023826476
SELECT,0.019752843
4,0.012361013
2,0.010908556
3,0.0054001263
5,0.0019405762
0,0.0014534243
▁CREATE,0.0007902132
