Token,Probability
▁SELECT,0.8928365
SELECT,0.07924374
<0x0A>,0.009317585
1,0.008684944
2,0.0016318527
0,0.0009082628
▁CREATE,0.0008334688
选,0.0007073558
3,0.00058641855
選,0.0005639532
