Token,Probability
▁SELECT,0.8333007
<0x0A>,0.12004835
1,0.022911627
2,0.0061185923
SELECT,0.005792967
3,0.0025506087
4,0.0017123977
0,0.0015837089
5,0.0013129408
7,0.0010970031
