Token,Probability
▁SELECT,0.6570623
<0x0A>,0.31526193
1,0.012416532
SELECT,0.006646091
2,0.002995628
0,0.0013608254
3,0.00068963267
4,0.00068963267
5,0.00035222992
<0x09>,0.00034139294
