Token,Probability
▁SELECT,0.86145335
<0x0A>,0.05093223
1,0.047104616
SELECT,0.01873692
2,0.00781071
0,0.003106886
3,0.0028959361
4,0.0018122304
5,0.0014448361
▁CREATE,0.0008627511
