Token,Probability
<0x0A>,0.6052025
▁SELECT,0.30431494
1,0.04666821
2,0.013163372
SELECT,0.008432773
4,0.0065674502
0,0.004340819
3,0.004307039
5,0.0020029591
9,0.00090988516
