Token,Probability
▁SELECT,0.7358225
<0x0A>,0.17206356
1,0.047780324
2,0.017854203
SELECT,0.0100153005
0,0.004409677
3,0.003543275
4,0.0025923152
5,0.0016349527
9,0.0008958802
