Token,Probability
▁SELECT,0.59435624
<0x0A>,0.349404
1,0.029360976
2,0.008884906
SELECT,0.008026844
0,0.0018769843
3,0.0016054697
5,0.00083290675
▁S,0.0007885802
4,0.00077635446
