Token,Probability
▁SELECT,0.7793632
<0x0A>,0.09021784
1,0.05734595
2,0.035329815
SELECT,0.0075221513
3,0.007347901
4,0.005503324
0,0.0054180026
5,0.003260611
7,0.0016653573
