Token,Probability
▁SELECT,0.7402177
<0x0A>,0.19010364
1,0.0392301
2,0.010809029
SELECT,0.0077248653
3,0.002628253
0,0.0024307363
4,0.001737169
5,0.0015092787
9,0.0007241599
