Token,Probability
▁SELECT,0.6183437
<0x0A>,0.35232162
SELECT,0.013449198
1,0.00953691
2,0.0022652147
0,0.0010616847
4,0.0006592151
3,0.00061445596
5,0.00026427425
▁CREATE,0.00023689387
