Token,Probability
▁SELECT,0.78428817
<0x0A>,0.17775416
SELECT,0.020900572
1,0.010843074
2,0.002636531
0,0.00082316506
3,0.00065628445
4,0.0006117244
5,0.0003540389
9,0.00022328953
