Token,Probability
▁SELECT,0.7982391
<0x0A>,0.082829416
1,0.06350751
2,0.01967371
SELECT,0.012902333
0,0.005907119
3,0.0045646676
4,0.002662547
5,0.0021561964
9,0.0015652308
