Token,Probability
▁SELECT,0.6867276
<0x0A>,0.28627065
1,0.012190875
SELECT,0.006785243
2,0.0034927437
0,0.0010405508
3,0.0010085364
4,0.0005111014
5,0.00034046688
<0x09>,0.00021641394
