Token,Probability
▁SELECT,0.6146832
<0x0A>,0.29492822
2,0.041181207
1,0.030603273
SELECT,0.0064147953
3,0.0033803594
0,0.0033279515
4,0.0014767697
5,0.001097442
9,0.0005649147
