Token,Probability
▁SELECT,0.8187628
<0x0A>,0.12361469
1,0.020179544
SELECT,0.018663028
2,0.0098347245
3,0.002565541
0,0.002045428
4,0.001138452
5,0.0010694767
7,0.0005171651
