Token,Probability
▁SELECT,0.47907773
<0x0A>,0.41622996
1,0.048182115
2,0.02539019
SELECT,0.0070506013
3,0.005577485
4,0.0042764056
0,0.004210106
5,0.0028935608
7,0.0013144594
