Token,Probability
▁SELECT,0.7569419
<0x0A>,0.17978947
SELECT,0.040748194
1,0.0118584
2,0.007776929
0,0.0007290405
3,0.00057223043
4,0.0003871905
5,0.000231202
<0x09>,0.00019167319
