Token,Probability
▁SELECT,0.5921642
<0x0A>,0.32702413
1,0.035010885
2,0.021069922
SELECT,0.009349721
3,0.0034937356
4,0.002965095
0,0.002616687
5,0.0015144221
▁CREATE,0.0007323268
