Token,Probability
▁SELECT,0.8048272
<0x0A>,0.15602286
SELECT,0.020148456
1,0.012807138
2,0.0024252634
0,0.0012005925
3,0.00068407704
4,0.00045569352
5,0.0002851657
9,0.000182684
