Token,Probability
▁SELECT,0.6894732
<0x0A>,0.24583925
1,0.042720452
2,0.006919651
SELECT,0.0065004104
0,0.0022818586
3,0.0016564518
4,0.0009737778
5,0.0008593559
9,0.00044932464
