Token,Probability
▁SELECT,0.4904787
<0x0A>,0.37023273
1,0.060438834
SELECT,0.023668187
2,0.023668187
3,0.0073320623
4,0.0061742156
0,0.004961122
5,0.0039553507
7,0.0018977982
