Token,Probability
▁SELECT,0.73214716
<0x0A>,0.2268086
1,0.016951503
SELECT,0.012020416
2,0.006795727
0,0.0014133765
3,0.0011093719
4,0.0006420552
5,0.0005240302
7,0.00025739498
