Token,Probability
▁SELECT,0.63711214
<0x0A>,0.3009505
1,0.030744025
SELECT,0.012916534
2,0.008404949
3,0.002075876
0,0.0018319542
4,0.0016166938
5,0.0011374862
7,0.00055871444
