Token,Probability
▁SELECT,0.56414515
<0x0A>,0.4127374
1,0.008173822
SELECT,0.0065167393
2,0.001673637
3,0.00076028396
<0x09>,0.0007484968
▁S,0.0006815141
​,0.00052253495
▁CREATE,0.0005064583
