Token,Probability
▁SELECT,0.77615666
<0x0A>,0.19020538
1,0.01661996
2,0.005566989
SELECT,0.0047616977
0,0.0015219303
3,0.0011760566
4,0.00089469657
5,0.000605382
▁CREATE,0.00041933582
