Token,Probability
<0x0A>,0.6232441
▁SELECT,0.32842657
1,0.027170334
SELECT,0.005434409
2,0.0051051546
3,0.0020788466
0,0.0013633409
4,0.0012510719
5,0.0007952297
9,0.0007128393
