Token,Probability
▁SELECT,0.59657574
<0x0A>,0.20297468
1,0.08594488
2,0.049741082
SELECT,0.019176897
3,0.015651725
4,0.0065246094
0,0.006081605
5,0.005580794
7,0.003130542
