Token,Probability
<0x0A>,0.5548125
▁SELECT,0.3813167
1,0.030815113
2,0.015616339
SELECT,0.005611849
3,0.0025692917
0,0.0021805295
▁S,0.0014188974
4,0.0010627052
5,0.0006702398
