Token,Probability
▁SELECT,0.7487006
<0x0A>,0.22480068
SELECT,0.016801434
1,0.005897858
2,0.0010574276
▁CREATE,0.00076761015
0,0.0004408014
4,0.00028238798
3,0.0002736998
<0x09>,0.00017949672
