Token,Probability
2,0.6023135
▁SELECT,0.29816678
<0x0A>,0.054300208
1,0.022284763
SELECT,0.012306813
▁CREATE,0.004492191
0,0.0017318941
3,0.0016397241
4,0.00056226365
5,0.00030809507
