Token,Probability
▁SELECT,0.6146106
<0x0A>,0.3139124
1,0.04117634
SELECT,0.015386476
2,0.0073250607
0,0.00159658
3,0.0013980122
4,0.00097596983
▁CREATE,0.0007842138
5,0.0007842138
