Token,Probability
▁SELECT,0.8029242
<0x0A>,0.14172454
SELECT,0.033140644
1,0.012578769
2,0.004774362
0,0.000855996
▁CREATE,0.0008296597
3,0.0008296597
4,0.0005883168
5,0.00029582428
