Token,Probability
▁SELECT,0.73297614
<0x0A>,0.18824385
1,0.038846314
SELECT,0.01632056
2,0.008667784
0,0.0029033439
3,0.0029033439
4,0.0020587794
9,0.0017067879
5,0.0016159542
