Token,Probability
▁SELECT,0.69806415
<0x0A>,0.2231147
1,0.0453285
2,0.0112831555
SELECT,0.008319678
0,0.0027010038
3,0.002557259
4,0.0017852543
5,0.0017438992
7,0.00073841336
