Token,Probability
▁SELECT,0.743656
<0x0A>,0.223286
1,0.013835026
SELECT,0.0093612475
2,0.004491575
0,0.001237559
3,0.0011007078
4,0.0006888054
5,0.00058003236
9,0.00035180736
