Token,Probability
▁SELECT,0.4874478
<0x0A>,0.30984065
1,0.11047709
2,0.044636782
3,0.008721103
0,0.008387002
4,0.0072867544
5,0.006480973
SELECT,0.0046680705
9,0.002292879
