Token,Probability
▁SELECT,0.600113
<0x0A>,0.3639869
SELECT,0.013894497
1,0.013258222
2,0.0038283365
0,0.0011494751
3,0.0008087568
4,0.00067048287
5,0.00045722962
9,0.00032422433
