Token,Probability
▁SELECT,0.6205681
<0x0A>,0.23925032
1,0.11126173
2,0.011455246
SELECT,0.0062281094
0,0.0034936527
3,0.0020219712
4,0.0011079487
5,0.0010087988
9,0.0008628714
