Token,Probability
▁SELECT,0.67301726
<0x0A>,0.28055534
SELECT,0.025292834
1,0.01252086
2,0.0033437186
▁CREATE,0.0009730776
0,0.0008654731
3,0.0008587379
4,0.0005994957
5,0.00043860043
