Token,Probability
▁SELECT,0.518328
<0x0A>,0.3095078
1,0.095881045
2,0.029702561
3,0.009493508
SELECT,0.009346325
0,0.005987481
5,0.0059408867
4,0.0056688325
7,0.003179927
