Token,Probability
▁SELECT,0.75667995
<0x0A>,0.20686479
SELECT,0.018075645
1,0.010626123
2,0.0032407844
0,0.0010197582
3,0.00079418835
4,0.0005948196
▁CREATE,0.00035518306
5,0.00034157617
