Token,Probability
▁SELECT,0.68131006
<0x0A>,0.22821029
1,0.051722478
SELECT,0.02443197
2,0.0073358077
3,0.0015376689
0,0.0012747722
5,0.00086255395
4,0.0008039888
9,0.0005150545
