Token,Probability
▁SELECT,0.81623644
<0x0A>,0.16072647
1,0.010115603
SELECT,0.0063301823
2,0.0029901664
0,0.00085669704
3,0.0005236884
4,0.00038614363
▁CREATE,0.0003488517
5,0.00026127786
