Token,Probability
▁SELECT,0.7072037
<0x0A>,0.2642627
SELECT,0.01216811
1,0.009625769
2,0.0024528638
0,0.000968089
3,0.0008280503
5,0.0006601793
4,0.000510147
9,0.00024286639
