Token,Probability
▁SELECT,0.67923814
<0x0A>,0.20394427
1,0.07271857
2,0.017820451
3,0.006607196
SELECT,0.005922652
4,0.0031701669
0,0.002931925
5,0.0024497153
▁CREATE,0.0014067532
