Token,Probability
▁SELECT,0.6949707
<0x0A>,0.27215445
SELECT,0.020986298
1,0.0068132537
2,0.0023000531
0,0.0006538481
3,0.0004355567
5,0.00033921193
4,0.00032877547
<0x09>,0.00017461133
