Token,Probability
▁SELECT,0.6596128
<0x0A>,0.12988545
1,0.0706175
9,0.065310515
SELECT,0.030372212
2,0.012860403
3,0.0069376673
5,0.004768184
4,0.004621482
8,0.004444436
