Token,Probability
▁SELECT,0.77417356
<0x0A>,0.19270705
SELECT,0.018206818
1,0.01005476
2,0.002124122
0,0.0005852572
3,0.0004281833
4,0.00041826442
▁CREATE,0.00036056648
5,0.0001914954
