Token,Probability
▁SELECT,0.8199116
<0x0A>,0.12972885
SELECT,0.033317123
1,0.010321164
2,0.003430253
3,0.00073607115
0,0.00053852116
4,0.00044995124
5,0.00032919136
▁CREATE,0.00026867818
