Token,Probability
▁SELECT,0.8728986
<0x0A>,0.05848056
SELECT,0.05580254
1,0.010162398
2,0.0010220591
0,0.00041618804
3,0.00024851723
4,0.00014271143
▁CREATE,0.00013940553
5,0.00012302496
