Token,Probability
▁SELECT,0.57241386
1,0.1540631
<0x0A>,0.15167458
2,0.05241733
3,0.016753586
4,0.012547856
5,0.008691645
0,0.008229084
SELECT,0.0072056274
7,0.004652303
