Token,Probability
▁SELECT,0.7447893
<0x0A>,0.18251847
1,0.042018138
SELECT,0.00923016
2,0.008209473
3,0.0029732746
0,0.002426716
4,0.00209196
5,0.0016419981
9,0.0008927389
