Token,Probability
▁SELECT,0.5789814
<0x0A>,0.19092782
1,0.103805654
2,0.05470173
3,0.033178277
4,0.009884401
SELECT,0.008388782
0,0.005544647
5,0.005374056
7,0.0021713148
