Token,Probability
▁SELECT,0.8391837
<0x0A>,0.11181041
SELECT,0.018539982
1,0.016619133
2,0.008488223
0,0.0015337906
3,0.0011047479
4,0.00056425
5,0.0005057904
9,0.0003847851
