Token,Probability
▁SELECT,0.78227407
<0x0A>,0.15403889
2,0.024372494
1,0.022540871
SELECT,0.010319963
3,0.0017933407
0,0.0012816427
4,0.00078345253
▁CREATE,0.0006246228
5,0.000546938
