Token,Probability
▁SELECT,0.72296584
<0x0A>,0.23840885
1,0.017542245
SELECT,0.009389687
2,0.0051451237
0,0.0010534936
3,0.000981964
4,0.000901101
▁CREATE,0.0005727746
5,0.0005727746
