Token,Probability
▁SELECT,0.75576043
<0x0A>,0.18812364
1,0.022821987
2,0.01520272
SELECT,0.009815615
0,0.0022774055
3,0.0016661854
4,0.001118624
5,0.0006945695
7,0.0004811142
