Token,Probability
▁SELECT,0.70617133
<0x0A>,0.2722533
1,0.008221338
SELECT,0.007844856
2,0.0020464528
0,0.00097425753
▁CREATE,0.00041576207
3,0.0003998345
4,0.00024251187
5,0.00023875208
