Token,Probability
▁SELECT,0.84981793
<0x0A>,0.08957015
1,0.0281845
2,0.0133134145
SELECT,0.010368497
3,0.0026215669
0,0.0015172464
4,0.0012876703
5,0.0010346721
7,0.00065767765
