Token,Probability
▁SELECT,0.7951888
<0x0A>,0.15904777
SELECT,0.020862525
1,0.017844666
2,0.0028678987
0,0.0009834063
3,0.0009457325
4,0.0005647227
5,0.00040044836
9,0.00023541147
