Token,Probability
▁SELECT,0.8723726
<0x0A>,0.06520047
SELECT,0.033825558
1,0.01622968
2,0.0070902226
3,0.0012912253
0,0.0012417593
4,0.0007243118
▁CREATE,0.0005640946
5,0.00036994225
