Token,Probability
▁SELECT,0.4479509
<0x0A>,0.40786394
1,0.047957182
5,0.037349094
2,0.021615995
SELECT,0.010210674
3,0.007767871
4,0.0074702883
0,0.0031140796
7,0.0019487411
