Token,Probability
<0x0A>,0.48857585
▁SELECT,0.38050327
1,0.087596826
2,0.017520467
SELECT,0.0060549118
3,0.0043272497
0,0.0028378798
4,0.0025438592
5,0.0017078662
9,0.0016945755
