Token,Probability
▁SELECT,0.5992738
<0x0A>,0.35229486
1,0.019263625
SELECT,0.01647705
2,0.004832703
4,0.0019073571
0,0.0017917962
3,0.0015088437
5,0.00061440933
7,0.00031875138
