Token,Probability
<0x0A>,0.6225736
▁SELECT,0.32807326
1,0.02490608
2,0.0063466327
SELECT,0.003241543
0,0.002524516
▁DE,0.0019815154
3,0.0019815154
4,0.00093600154
▁S,0.00081959035
