Token,Probability
▁SELECT,0.8003956
<0x0A>,0.1066424
1,0.041761763
SELECT,0.020999132
2,0.014659758
3,0.004333416
0,0.002932136
4,0.0024308262
5,0.0020152258
7,0.0010454853
