Token,Probability
<0x0A>,0.4681492
▁SELECT,0.45374575
1,0.029006995
2,0.02056904
SELECT,0.01787069
3,0.0028946076
0,0.001728449
4,0.0013780397
5,0.0011247233
▁CREATE,0.0007551035
