Token,Probability
▁SELECT,0.6305916
<0x0A>,0.2887059
1,0.040947203
2,0.013715593
SELECT,0.010272505
3,0.003991465
4,0.0031822736
5,0.0024209463
0,0.002086986
7,0.0009935542
