Token,Probability
▁SELECT,0.6919212
<0x0A>,0.2045315
1,0.0653722
SELECT,0.014360365
2,0.01092479
3,0.0030100963
0,0.002134478
4,0.0020367329
5,0.0013998247
9,0.0008293687
