Token,Probability
▁SELECT,0.5397385
<0x0A>,0.35396913
1,0.05261281
SELECT,0.019659972
2,0.018182501
0,0.0040570647
3,0.0037229715
5,0.0017045006
4,0.0014130807
9,0.0011533228
