Token,Probability
2,0.7260469
▁SELECT,0.21461906
<0x0A>,0.039085034
1,0.012492327
SELECT,0.0026806307
3,0.0017717887
0,0.0007443843
4,0.00045860186
▁CREATE,0.00044797832
5,0.00044449218
