Token,Probability
▁SELECT,0.52717924
<0x0A>,0.37382606
1,0.04752665
SELECT,0.019353108
2,0.015309569
4,0.0045967666
0,0.003184087
3,0.0028541973
▁CREATE,0.0012566859
5,0.0012275749
