Token,Probability
▁SELECT,0.7770404
<0x0A>,0.11916301
1,0.033611473
SELECT,0.020070326
2,0.016380923
6,0.009333568
3,0.006882141
4,0.0051949127
5,0.00389081
0,0.0027162232
