Token,Probability
▁SELECT,0.48239735
<0x0A>,0.4062193
1,0.050844304
2,0.023278218
SELECT,0.022212233
3,0.0035144854
4,0.0029364626
0,0.0024727494
5,0.0020024935
▁CREATE,0.0008479091
