Token,Probability
▁SELECT,0.49898776
<0x0A>,0.3825872
1,0.05177755
2,0.031160278
SELECT,0.006380245
5,0.0056747077
3,0.005414844
0,0.0049689403
4,0.0041842675
7,0.001900789
