Token,Probability
▁SELECT,0.4982332
3,0.23169997
<0x0A>,0.17765053
1,0.04856695
2,0.02121733
4,0.0056220326
SELECT,0.00519953
0,0.0029626028
5,0.0029626028
7,0.0010984287
