Token,Probability
▁SELECT,0.7977245
<0x0A>,0.15955493
1,0.017901568
SELECT,0.012694112
2,0.0067417924
0,0.0015160955
3,0.0009712472
4,0.0007446811
5,0.00055774034
7,0.00029162128
