Token,Probability
▁SELECT,0.7383892
<0x0A>,0.16998686
SELECT,0.039749455
1,0.02908132
2,0.010866895
3,0.0027475816
0,0.0022250593
4,0.002207744
5,0.0012481451
▁CREATE,0.00070014596
