Token,Probability
<0x0A>,0.37427115
▁SELECT,0.25723255
1,0.18527764
2,0.09612078
3,0.019225366
4,0.015208515
0,0.012412829
5,0.011937302
7,0.00619299
SELECT,0.0055949003
