Token,Probability
▁SELECT,0.8665348
<0x0A>,0.0793507
SELECT,0.03521166
1,0.01073895
2,0.004955211
0,0.0008884204
▁CREATE,0.00050620665
3,0.00040674853
4,0.00019978815
▁select,0.00018190918
