Token,Probability
▁SELECT,0.60243165
<0x0A>,0.28015676
1,0.045025285
2,0.026058638
SELECT,0.01682472
3,0.013001137
4,0.0034719775
0,0.003040165
5,0.0025801545
▁CREATE,0.0019324464
