Token,Probability
▁SELECT,0.69607335
<0x0A>,0.25210106
1,0.02237524
SELECT,0.017425856
2,0.0043038824
3,0.0017941253
0,0.0014529268
4,0.0011583741
5,0.0008881563
9,0.0004607694
