Token,Probability
▁SELECT,0.7182523
<0x0A>,0.26013374
1,0.007855358
SELECT,0.005570283
2,0.0020491926
▁CREATE,0.0016856199
0,0.0009832134
3,0.00051811704
4,0.00043972026
<0x09>,0.00041958396
