Token,Probability
<0x0A>,0.59947354
▁SELECT,0.37514096
1,0.011871929
3,0.0046855784
SELECT,0.0035925575
2,0.0023014788
<0x09>,0.00044268992
0,0.00039682465
4,0.0002314658
5,0.00019339692
