Token,Probability
▁SELECT,0.57704085
<0x0A>,0.39659402
SELECT,0.012949253
1,0.0073782615
2,0.0024141578
0,0.00091631105
3,0.00061518216
4,0.00043965084
5,0.00033973582
<0x09>,0.00019509387
