Token,Probability
<0x0A>,0.45337123
▁SELECT,0.27498356
1,0.15914828
SELECT,0.05086684
2,0.027655821
▁CREATE,0.010415279
0,0.0071583088
3,0.0058424417
5,0.0027169879
4,0.0023977333
