Token,Probability
▁SELECT,0.584856
<0x0A>,0.25550467
1,0.10818748
2,0.022677327
0,0.0069161938
SELECT,0.0058696973
3,0.004065821
4,0.003588074
5,0.002905711
7,0.0012112807
