Token,Probability
▁SELECT,0.68696815
<0x0A>,0.2607437
1,0.025022814
SELECT,0.015658876
2,0.005044131
0,0.0016764239
3,0.0013898043
4,0.00084295886
5,0.0005234051
▁CREATE,0.00034325744
