Token,Probability
<0x0A>,0.55299324
▁SELECT,0.3860515
1,0.03453276
2,0.010951438
SELECT,0.004859671
0,0.0021230332
3,0.0016025496
4,0.0012677211
5,0.0007629279
▁S,0.0005122056
