Token,Probability
▁SELECT,0.72930336
<0x0A>,0.122834735
1,0.066784084
SELECT,0.037462477
2,0.026153024
0,0.005439311
3,0.0040421523
4,0.0027999172
5,0.0017936942
9,0.0008949072
