Token,Probability
▁SELECT,0.51825476
<0x0A>,0.35619095
1,0.060937084
2,0.020252524
SELECT,0.018730523
0,0.01328193
3,0.0032548772
4,0.002237042
▁CREATE,0.0014108845
5,0.0013674764
