Token,Probability
▁SELECT,0.6820996
<0x0A>,0.25093043
SELECT,0.021251462
2,0.020921988
1,0.018177338
0,0.0019921972
3,0.0012862593
4,0.0008501655
5,0.00060285756
7,0.00031032448
