Token,Probability
▁SELECT,0.68859047
<0x0A>,0.2533183
1,0.022483274
SELECT,0.01953381
2,0.0068570115
4,0.0021408633
3,0.0016935623
0,0.0015541002
5,0.0008515767
▁CREATE,0.00061817834
