Token,Probability
▁SELECT,0.74666256
<0x0A>,0.17189148
1,0.04346097
SELECT,0.018402534
2,0.009253375
0,0.0023764633
4,0.0022151072
3,0.0020326965
5,0.0010965576
9,0.00046795333
