Token,Probability
▁SELECT,0.6609068
<0x0A>,0.26289055
1,0.033949114
2,0.016545478
SELECT,0.01182452
3,0.003691795
0,0.0027435091
4,0.0020871516
5,0.0016128258
7,0.0007441968
