Token,Probability
▁SELECT,0.7993131
<0x0A>,0.116965346
1,0.03299159
SELECT,0.028663592
2,0.011491013
3,0.0026870403
0,0.0018467737
4,0.0014495493
▁CREATE,0.001060513
5,0.0010278844
