Token,Probability
▁SELECT,0.6964883
<0x0A>,0.25622377
SELECT,0.024976268
1,0.013368833
2,0.0032761735
0,0.0025714978
3,0.000861344
4,0.00059663545
5,0.00040687
9,0.00020780887
