Token,Probability
▁SELECT,0.75627476
<0x0A>,0.17684609
1,0.03482306
SELECT,0.010374411
2,0.010374411
0,0.0025225738
3,0.0023329996
4,0.0021076896
5,0.0010849455
7,0.0005628624
