Token,Probability
▁SELECT,0.82928
<0x0A>,0.11761692
1,0.027936466
SELECT,0.012396732
2,0.0061849593
3,0.0016646592
0,0.0016008872
4,0.000715961
5,0.00068853295
7,0.00033295277
