Token,Probability
▁SELECT,0.8065383
<0x0A>,0.15393053
SELECT,0.020832233
1,0.010977815
2,0.0042655193
0,0.0009443592
3,0.0007072924
4,0.00039986684
5,0.00027268552
▁CREATE,0.00020907524
