Token,Probability
▁SELECT,0.64966613
<0x0A>,0.29743883
1,0.021885702
SELECT,0.0150418095
2,0.008981874
3,0.0019577015
4,0.0011067842
0,0.0010236079
5,0.00089630106
7,0.00034826508
