Token,Probability
▁SELECT,0.668416
<0x0A>,0.1885354
1,0.050743617
2,0.042067934
4,0.008817918
3,0.008348637
0,0.006451327
SELECT,0.0063018817
5,0.0059200698
▁CREATE,0.002689313
