Token,Probability
▁SELECT,0.79357916
<0x0A>,0.17707145
1,0.016214862
SELECT,0.006106573
2,0.003070578
0,0.0010778742
3,0.00070688716
4,0.00040911493
5,0.00037542495
<0x09>,0.00019476791
