Token,Probability
▁SELECT,0.6865538
<0x0A>,0.26058644
1,0.021727081
SELECT,0.019782735
2,0.0051204744
0,0.0020367838
3,0.0008760098
4,0.00078525016
5,0.00060207216
7,0.00034845268
