Token,Probability
▁SELECT,0.80046725
<0x0A>,0.14129086
1,0.029157018
SELECT,0.007847506
2,0.0049881777
9,0.004797084
0,0.002301666
3,0.0021453884
5,0.0015819102
4,0.0015695998
