Token,Probability
▁SELECT,0.6169359
<0x0A>,0.13135323
1,0.10229799
2,0.10229799
SELECT,0.0239212
3,0.008397131
0,0.006095663
4,0.0023870962
5,0.0017601342
▁CREATE,0.0013182797
