Token,Probability
<0x0A>,0.70080626
▁SELECT,0.27018487
1,0.016481383
2,0.0028864979
SELECT,0.0026077337
0,0.0012222201
3,0.0010053709
<0x09>,0.00069098064
4,0.000629145
5,0.0004861656
