Token,Probability
▁SELECT,0.7292645
<0x0A>,0.13702475
1,0.050408587
2,0.03357936
SELECT,0.015861765
3,0.010901622
0,0.0043026195
4,0.004269136
5,0.0038568433
▁CREATE,0.002267321
