Token,Probability
▁SELECT,0.8050319
<0x0A>,0.14209656
SELECT,0.045416795
1,0.0046396176
2,0.0012103165
0,0.00030127162
3,0.0002364708
4,0.00022041501
5,0.0001295753
▁CREATE,0.00010826421
