Token,Probability
▁SELECT,0.625457
<0x0A>,0.27754486
1,0.05297036
SELECT,0.014940977
2,0.012386505
0,0.0038072995
3,0.0038072995
4,0.0028739003
5,0.002119081
9,0.00094771176
