Token,Probability
▁SELECT,0.8471114
<0x0A>,0.10438461
SELECT,0.019922152
1,0.01369228
2,0.010017486
0,0.001572662
3,0.0010641164
4,0.00042327624
5,0.00036488692
▁CREATE,0.0002283404
