Token,Probability
▁SELECT,0.8103125
<0x0A>,0.10628987
1,0.032927066
SELECT,0.029515631
0,0.0068481774
2,0.006742006
▁CREATE,0.003135324
3,0.0011444453
4,0.00065208523
5,0.00059373036
