Token,Probability
▁SELECT,0.73299277
<0x0A>,0.23064639
SELECT,0.015695686
1,0.012611836
2,0.003846393
0,0.0012198138
3,0.00078144216
4,0.0006038517
5,0.0003577703
<0x09>,0.00016637862
