Token,Probability
▁SELECT,0.8254522
<0x0A>,0.15269332
SELECT,0.013982498
1,0.004165636
2,0.0015565844
0,0.00041894903
3,0.0003639892
▁CREATE,0.0002560984
4,0.00019031615
5,0.00012978434
