Token,Probability
▁SELECT,0.72234094
<0x0A>,0.23087403
1,0.023585266
2,0.007306375
SELECT,0.006549392
0,0.0022457952
3,0.0018329647
4,0.001192733
5,0.0010945132
▁CREATE,0.00058585074
