Token,Probability
▁SELECT,0.70940137
<0x0A>,0.2609742
1,0.013510726
SELECT,0.0065333606
2,0.003363086
0,0.0014351888
3,0.00087731343
4,0.00083713833
5,0.00046593763
<0x09>,0.00032274556
