Token,Probability
▁SELECT,0.7695942
<0x0A>,0.15881473
SELECT,0.0359944
1,0.01809912
2,0.010152686
3,0.002567001
0,0.0012807243
4,0.001148034
5,0.0006193178
▁CREATE,0.00052973063
