Token,Probability
▁SELECT,0.77355653
<0x0A>,0.16992782
1,0.029071225
SELECT,0.008935761
2,0.00839437
0,0.0025601382
3,0.002294893
4,0.0011629952
5,0.00085086544
9,0.00057124405
