Token,Probability
▁SELECT,0.6030216
<0x0A>,0.32785717
1,0.032462258
2,0.016323049
3,0.0044974727
SELECT,0.004063128
0,0.0029959625
4,0.002059093
5,0.0018030021
9,0.00097264664
