Token,Probability
▁SELECT,0.761062
<0x0A>,0.13859968
1,0.043612327
SELECT,0.015795337
2,0.012495141
4,0.012301422
3,0.006740622
0,0.0028099096
5,0.0021376666
9,0.0009786951
