Token,Probability
▁SELECT,0.4193038
<0x0A>,0.24649598
2,0.14044918
1,0.12202436
3,0.02153858
SELECT,0.020552257
0,0.007923601
4,0.0075019146
5,0.005707156
7,0.0023058993
