Token,Probability
▁SELECT,0.6260895
1,0.21637076
<0x0A>,0.10381582
2,0.020125616
SELECT,0.018324582
3,0.0039321287
0,0.002441514
▁CREATE,0.0018574059
9,0.001664968
4,0.0015640927
