Token,Probability
▁SELECT,0.7918873
<0x0A>,0.16341518
SELECT,0.022817872
1,0.0154393455
2,0.002682956
0,0.0010183352
3,0.00058936724
4,0.0005201147
5,0.00036027294
9,0.00029867675
