Token,Probability
▁SELECT,0.8426622
<0x0A>,0.13756083
SELECT,0.012209217
1,0.0039023005
2,0.0019621998
0,0.00036581728
3,0.00029165496
▁CREATE,0.00020202348
4,0.00015611165
5,0.000110699744
