Token,Probability
▁SELECT,0.611391
<0x0A>,0.31718546
1,0.032912802
SELECT,0.02445872
2,0.006686641
0,0.0016514838
▁CREATE,0.0013270046
3,0.0011895192
4,0.0008111816
5,0.0005981279
