Token,Probability
▁SELECT,0.7395619
<0x0A>,0.18699053
1,0.032494083
2,0.015713112
SELECT,0.011860879
0,0.0040040566
3,0.0026054892
4,0.0021940419
5,0.0011652468
7,0.0005634766
