Token,Probability
▁SELECT,0.74526185
<0x0A>,0.22029899
SELECT,0.023956405
1,0.0064477785
2,0.001496005
0,0.0004971993
3,0.0004856817
4,0.00040264425
5,0.00020088667
9,0.00016395892
