Token,Probability
▁SELECT,0.85725814
<0x0A>,0.10079756
SELECT,0.028431257
1,0.007188548
2,0.0034761543
0,0.0006791686
3,0.0005166842
4,0.00035789667
5,0.00025181178
▁CREATE,0.0001771717
