Token,Probability
▁SELECT,0.6692752
<0x0A>,0.29238468
SELECT,0.018401742
1,0.01304879
2,0.0032992505
0,0.00093789515
3,0.00062477286
4,0.00040654745
5,0.00037599495
<0x09>,0.00017349316
