Token,Probability
▁SELECT,0.5681749
<0x0A>,0.3446155
1,0.034121554
SELECT,0.029185712
2,0.014906602
3,0.0027574445
0,0.0017943032
4,0.0012823307
5,0.00088133215
▁CREATE,0.00043629107
