Token,Probability
▁SELECT,0.7345028
<0x0A>,0.20396405
1,0.031278905
2,0.011066044
SELECT,0.0047967746
0,0.0034014229
3,0.002909391
4,0.0022836071
5,0.0014290448
9,0.0008142452
