Token,Probability
▁SELECT,0.7201403
<0x0A>,0.17374194
SELECT,0.05216679
1,0.034211814
2,0.010598325
0,0.002103302
3,0.0018273805
4,0.0012757172
▁CREATE,0.0008975792
5,0.00087678677
