Token,Probability
▁SELECT,0.5274398
<0x0A>,0.43726295
1,0.013837879
2,0.005951598
SELECT,0.004220315
▁DE,0.0032612064
3,0.0015647439
0,0.0013917121
4,0.0007276735
5,0.00046616516
