Token,Probability
▁SELECT,0.6524556
<0x0A>,0.3081982
1,0.016333908
SELECT,0.013541284
2,0.0040341904
0,0.001319982
3,0.00071766175
4,0.0006284056
▁CREATE,0.00056329917
5,0.00038114726
