Token,Probability
▁SELECT,0.6280705
<0x0A>,0.30609712
1,0.03488397
2,0.010392557
SELECT,0.007723093
▁CREATE,0.0021446254
0,0.0020949452
3,0.0019074694
4,0.0017367705
5,0.0011569386
