Token,Probability
▁SELECT,0.6243241
<0x0A>,0.25224972
1,0.05628452
SELECT,0.03467589
2,0.017436132
3,0.0043401965
0,0.003800403
4,0.0020501635
5,0.0015235522
9,0.00053901173
