Token,Probability
▁SELECT,0.48096618
<0x0A>,0.3105351
SELECT,0.11246836
1,0.049907535
2,0.025891688
3,0.004864904
0,0.00409666
4,0.0031165744
5,0.0023160414
▁CREATE,0.001604275
