Token,Probability
▁SELECT,0.7473284
<0x0A>,0.21411318
SELECT,0.017302997
1,0.009118038
2,0.0075002937
4,0.0008481097
0,0.00071418
3,0.0006452078
▁CREATE,0.00051440456
5,0.00040692746
