Token,Probability
▁SELECT,0.712978
<0x0A>,0.20748842
1,0.033871554
2,0.017849056
SELECT,0.014797386
3,0.0040771086
0,0.0027803462
4,0.0014882121
5,0.00122417
▁CREATE,0.0006450922
