Token,Probability
▁SELECT,0.5740664
<0x0A>,0.25474042
1,0.09226086
2,0.043580946
SELECT,0.008581597
3,0.0066833547
0,0.006327673
4,0.0040536597
5,0.0029657206
7,0.0016506722
