Token,Probability
▁SELECT,0.694053
<0x0A>,0.27179503
SELECT,0.012712024
1,0.0115744285
2,0.0060992953
0,0.0008450249
3,0.00076341635
4,0.0006789966
5,0.00030366605
▁CREATE,0.00020387175
