Token,Probability
▁SELECT,0.49085537
<0x0A>,0.42646253
1,0.03611739
2,0.020102356
SELECT,0.008379909
0,0.003927584
3,0.0035206634
4,0.0034932655
5,0.00223787
9,0.0008560616
