Token,Probability
▁SELECT,0.57020754
<0x0A>,0.24524322
1,0.07961882
2,0.03216891
SELECT,0.029519852
3,0.014959931
4,0.011470177
5,0.004971954
0,0.0039025317
▁CREATE,0.001962316
