Token,Probability
<0x0A>,0.7046251
▁SELECT,0.2551983
1,0.023006825
2,0.004747727
SELECT,0.0031136354
0,0.002010314
3,0.0015413612
▁CREATE,0.0009951777
4,0.0009496052
9,0.0006893394
