Token,Probability
▁SELECT,0.71264136
<0x0A>,0.2541001
SELECT,0.0141130965
1,0.010905757
2,0.0035130277
0,0.0009308597
3,0.00076570426
4,0.00066007837
5,0.00053874025
9,0.00025448285
