Token,Probability
▁SELECT,0.74207485
<0x0A>,0.22988407
SELECT,0.015162498
1,0.0075059813
2,0.0027184861
0,0.00064569706
3,0.0005229014
4,0.00029794022
5,0.00018644624
<0x09>,0.00014407448
