Token,Probability
2,0.84105146
▁SELECT,0.11561641
1,0.01917108
<0x0A>,0.016918417
SELECT,0.0033055088
3,0.0014668106
0,0.0007729549
▁CREATE,0.00055673847
4,0.00027346076
5,0.00020966966
