Token,Probability
<0x0A>,0.5224257
▁SELECT,0.43310615
1,0.025606796
2,0.005452002
SELECT,0.00357551
▁S,0.0019592177
0,0.0017838882
3,0.0008559188
5,0.00073784817
4,0.0006460815
