Token,Probability
▁SELECT,0.633435
<0x0A>,0.32352695
2,0.017969169
1,0.013777439
SELECT,0.00404091
3,0.0019540563
0,0.0014521313
4,0.0011221201
5,0.00064437935
7,0.00033956408
