Token,Probability
▁SELECT,0.8658891
<0x0A>,0.09416107
SELECT,0.0249502
1,0.010400791
2,0.0018941248
0,0.0006197552
3,0.0004941119
4,0.00040014405
5,0.00027934558
9,0.0001642188
