Token,Probability
▁SELECT,0.70776016
<0x0A>,0.19653788
1,0.04741697
2,0.020235082
3,0.005707566
SELECT,0.0051563564
4,0.0043082973
0,0.0032775798
5,0.002654265
9,0.0012537859
