Token,Probability
<0x0A>,0.6663629
▁SELECT,0.31476757
1,0.009212714
SELECT,0.0029909303
2,0.0017582772
0,0.0006673667
3,0.00059822365
▁CREATE,0.000570829
▁S,0.0004079531
<0x09>,0.0002915509
