Token,Probability
▁SELECT,0.59589607
<0x0A>,0.3671209
SELECT,0.011618124
1,0.010745008
2,0.00978344
3,0.0012150117
0,0.00097628933
4,0.0007312069
5,0.0004231901
9,0.00021614436
