Token,Probability
▁SELECT,0.8541543
SELECT,0.102014184
<0x0A>,0.039329972
1,0.0022714634
2,0.00059719407
7,0.0004989743
0,0.000211279
3,0.0001509943
▁CREATE,0.000133252
4,0.00011220944
