Token,Probability
▁SELECT,0.7449737
<0x0A>,0.12547405
SELECT,0.08897442
1,0.024324253
2,0.007958865
0,0.0018466052
3,0.0015918731
5,0.0010940774
4,0.0010439759
▁CREATE,0.0006042069
