Token,Probability
▁SELECT,0.56222993
<0x0A>,0.30094
1,0.073748514
2,0.025486805
SELECT,0.015701966
3,0.0063441675
0,0.0037295434
4,0.0033431412
5,0.0029734515
7,0.0014491446
