Token,Probability
▁SELECT,0.6628318
<0x0A>,0.18990448
1,0.06666274
2,0.035681996
SELECT,0.018511577
3,0.008881951
4,0.0037315874
5,0.0035607056
0,0.0025447216
9,0.0020607782
