Token,Probability
▁SELECT,0.74541616
<0x0A>,0.20062605
1,0.02322415
SELECT,0.015714247
2,0.008089
0,0.0021771248
3,0.0011744708
4,0.001020398
5,0.00071235263
7,0.00035264008
