Token,Probability
▁SELECT,0.7452073
<0x0A>,0.17155647
4,0.026723344
SELECT,0.021810956
1,0.01698639
2,0.008541294
3,0.004396681
5,0.0014052638
0,0.0011030041
▁CREATE,0.0006690058
