Token,Probability
▁SELECT,0.7542522
<0x0A>,0.20300423
1,0.016405256
SELECT,0.015172381
2,0.0054523093
0,0.0014789788
3,0.0009929393
4,0.00066662795
5,0.00046538128
▁CREATE,0.0004440699
