Token,Probability
▁SELECT,0.7088053
<0x0A>,0.1053545
2,0.0807781
1,0.056392204
3,0.0134993745
SELECT,0.012100762
4,0.005411795
0,0.0050839107
5,0.0040217047
7,0.0020864329
