Token,Probability
▁SELECT,0.7358836
<0x0A>,0.23520254
SELECT,0.015757587
1,0.0078005716
2,0.002019065
3,0.0007485981
0,0.00071431726
4,0.00048712204
5,0.0003347938
9,0.0001806077
