Token,Probability
▁SELECT,0.67594683
<0x0A>,0.277408
1,0.025802964
SELECT,0.00941851
2,0.0058480855
0,0.0015019127
3,0.0009546738
4,0.0007206256
5,0.0004800401
▁CREATE,0.00028889324
