Token,Probability
▁SELECT,0.6066251
<0x0A>,0.3298163
1,0.03265624
2,0.011024261
SELECT,0.0081925355
4,0.0024407024
0,0.002421709
3,0.0023656099
5,0.0012662198
7,0.00055317045
