Token,Probability
<0x0A>,0.5086517
▁SELECT,0.40871313
1,0.03801624
2,0.01477152
SELECT,0.009171845
3,0.004366453
0,0.0039447616
4,0.0032196203
5,0.0026900938
9,0.0018060434
