Token,Probability
▁SELECT,0.8024312
<0x0A>,0.15555838
1,0.018871374
SELECT,0.008707709
2,0.004344437
▁CREATE,0.002894019
0,0.0015370018
3,0.0013885655
4,0.0009618312
5,0.0006714664
