Token,Probability
▁SELECT,0.8370043
<0x0A>,0.11327621
SELECT,0.042328227
1,0.004324101
2,0.0011368562
3,0.00036053336
0,0.00033084402
5,0.00022738555
4,0.00019910543
<0x09>,0.00012755173
