Token,Probability
▁SELECT,0.6949618
<0x0A>,0.13057946
1,0.13057946
2,0.016216746
SELECT,0.008955738
0,0.005023713
3,0.004005254
4,0.002689
5,0.0018772245
9,0.001120942
