Token,Probability
▁SELECT,0.58849514
<0x0A>,0.36827087
1,0.02077642
SELECT,0.01279998
2,0.0043210834
0,0.0011721255
3,0.0009870286
4,0.000699908
5,0.0004518946
▁CREATE,0.00033061317
