Token,Probability
▁SELECT,0.65363544
<0x0A>,0.2811251
1,0.033575606
SELECT,0.015372032
2,0.0076097082
0,0.002339032
3,0.0018503268
4,0.0011135463
5,0.0009827011
9,0.00060542463
