Token,Probability
▁SELECT,0.7164067
<0x0A>,0.14554685
1,0.048752088
2,0.04651957
SELECT,0.021974288
3,0.008020979
0,0.003068298
4,0.0027290008
5,0.0024083348
7,0.0010118174
