Token,Probability
▁SELECT,0.66163355
<0x0A>,0.23962778
1,0.03973418
SELECT,0.01982412
2,0.013518874
▁CREATE,0.007292886
0,0.0056355055
3,0.0039650733
4,0.0015771971
5,0.0014586688
