Token,Probability
▁SELECT,0.5695158
<0x0A>,0.28193077
1,0.08204654
2,0.029948346
SELECT,0.012006061
0,0.0066823796
3,0.0046650525
4,0.004247579
5,0.0031565323
9,0.001040914
