Token,Probability
▁SELECT,0.73951966
<0x0A>,0.19595322
1,0.028229734
2,0.012141458
SELECT,0.011141628
3,0.0024666865
0,0.0024095462
4,0.0022284656
5,0.0017491428
7,0.0008933748
