Token,Probability
▁SELECT,0.71921825
<0x0A>,0.18471053
1,0.044563487
SELECT,0.022060527
2,0.015400729
0,0.0034096253
3,0.0029392808
4,0.0021170843
5,0.0017414662
7,0.00072595105
