Token,Probability
▁SELECT,0.70899045
<0x0A>,0.24502057
SELECT,0.021077732
1,0.01802874
2,0.0026381875
0,0.001041232
3,0.0006722699
4,0.0004767107
9,0.0003655068
▁CREATE,0.00033279776
