Token,Probability
▁SELECT,0.8480478
1,0.054213878
<0x0A>,0.053373374
SELECT,0.015291727
2,0.015291727
3,0.0040203724
0,0.0021021003
4,0.0016243772
5,0.0015744003
7,0.0009852346
