Token,Probability
▁SELECT,0.58236265
<0x0A>,0.20764782
1,0.0935942
2,0.05588765
3,0.0148087535
4,0.011714687
SELECT,0.011178233
5,0.006571344
0,0.004999215
7,0.0034091682
