Token,Probability
▁SELECT,0.8367169
<0x0A>,0.12831469
SELECT,0.021952054
1,0.008731925
2,0.0016795876
0,0.00057593285
3,0.00042466627
4,0.00040206593
5,0.00019595127
▁CREATE,0.00019442636
