Token,Probability
▁SELECT,0.55276567
<0x0A>,0.34054908
1,0.04983334
SELECT,0.021770572
2,0.01804844
0,0.004599151
3,0.0039338623
4,0.0021388037
5,0.0015405228
9,0.00095653225
