Token,Probability
▁SELECT,0.7493649
<0x0A>,0.20486496
SELECT,0.015552572
1,0.012496843
2,0.009885816
▁CREATE,0.0037816619
0,0.0012181717
3,0.0006369358
4,0.000349012
▁select,0.00033043794
