Token,Probability
▁SELECT,0.7550576
<0x0A>,0.16329266
SELECT,0.020438472
1,0.01905075
6,0.011375723
▁CREATE,0.008193626
2,0.006431251
0,0.0028987918
4,0.0028538501
5,0.002154199
