Token,Probability
▁SELECT,0.68165624
<0x0A>,0.27114412
1,0.021911804
SELECT,0.010762716
2,0.0049661775
3,0.0024014865
4,0.001491117
0,0.0013159061
5,0.0009552454
9,0.00056596415
