Token,Probability
▁SELECT,0.5034838
<0x0A>,0.4656464
1,0.015809549
SELECT,0.0057258387
2,0.0040602274
0,0.0009795754
3,0.0009059592
4,0.00077490805
5,0.00058493123
▁CREATE,0.00024383562
