Token,Probability
▁SELECT,0.88749725
<0x0A>,0.052472036
SELECT,0.029434148
1,0.024786036
2,0.0019262844
0,0.00095357985
3,0.00087505416
4,0.00042646733
9,0.00037342726
5,0.0002586655
