Token,Probability
▁SELECT,0.33377734
<0x0A>,0.3135548
2,0.15044524
1,0.13913909
SELECT,0.020360546
3,0.014437791
4,0.007667853
0,0.0061612925
5,0.005522947
7,0.0027771122
