Token,Probability
▁SELECT,0.4920765
<0x0A>,0.40794575
1,0.06659531
2,0.01569468
SELECT,0.006003749
0,0.0037278128
3,0.002369542
4,0.0012197357
5,0.0009955192
9,0.00044871567
