Token,Probability
▁SELECT,0.81731117
<0x0A>,0.13765766
1,0.015444762
SELECT,0.013629954
2,0.0080126375
0,0.0017601427
3,0.0014478539
4,0.0010510292
5,0.0007933584
▁CREATE,0.0006178682
