Token,Probability
▁SELECT,0.72336
<0x0A>,0.22761533
1,0.01927689
SELECT,0.018394139
2,0.0043349913
0,0.0024507819
3,0.0010057988
4,0.00078331697
5,0.0005341757
<0x09>,0.00037291477
