Token,Probability
▁SELECT,0.5765219
<0x0A>,0.40247712
1,0.0084846895
SELECT,0.0069250013
2,0.0024691853
0,0.00073561433
3,0.0005466622
4,0.0003341679
5,0.00026434855
▁S,0.00021407598
