Token,Probability
▁SELECT,0.6287139
<0x0A>,0.17188081
1,0.07869278
2,0.06033585
3,0.012451004
SELECT,0.011161009
4,0.008968122
0,0.00791434
5,0.0055684336
9,0.0026927188
