Token,Probability
▁SELECT,0.59329164
<0x0A>,0.37127244
SELECT,0.018775653
1,0.00846285
2,0.0032627196
0,0.0009569526
3,0.00092029234
5,0.0007749639
4,0.00065258495
9,0.0003548043
