Token,Probability
▁SELECT,0.6060985
<0x0A>,0.35078287
1,0.025410626
2,0.004700493
SELECT,0.0044157044
3,0.001444813
4,0.0010991558
0,0.0010653384
5,0.0007264976
<0x09>,0.0005398872
