Token,Probability
▁SELECT,0.82129115
<0x0A>,0.1340721
SELECT,0.028545598
1,0.010178247
2,0.0029852698
0,0.0007787542
3,0.0006306544
4,0.00029790003
5,0.00025085697
▁CREATE,0.00016196545
