Token,Probability
▁SELECT,0.8281147
<0x0A>,0.14617093
SELECT,0.013596014
1,0.007053519
2,0.0018114935
0,0.00064590794
3,0.00062603544
4,0.0003197476
▁CREATE,0.00028217625
5,0.00022497054
