Token,Probability
▁SELECT,0.63861346
<0x0A>,0.283383
1,0.030816471
SELECT,0.02595007
2,0.0118808085
0,0.0018945604
3,0.0018651879
▁CREATE,0.0010061935
5,0.00095264486
4,0.00095264486
