Token,Probability
▁SELECT,0.6373732
<0x0A>,0.2308413
1,0.047636792
SELECT,0.040745907
2,0.0211387
3,0.010382979
0,0.0034507976
4,0.0027085622
5,0.0017763185
9,0.00069561624
