Token,Probability
▁SELECT,0.64678174
<0x0A>,0.2235218
1,0.05309108
2,0.03648893
3,0.009897889
SELECT,0.008334857
5,0.0042570285
4,0.0041584144
0,0.003906469
9,0.0017607835
