Token,Probability
▁SELECT,0.69687015
<0x0A>,0.24847673
1,0.02498996
SELECT,0.020079996
2,0.003953986
0,0.0017139259
3,0.0008096013
4,0.00053931074
<0x09>,0.00035646264
5,0.0003454954
