Token,Probability
▁SELECT,0.59731007
<0x0A>,0.26922876
1,0.06495445
SELECT,0.028823363
2,0.027077045
3,0.0031837549
0,0.0021881608
4,0.0020237179
5,0.001492196
7,0.0007681167
