Token,Probability
▁SELECT,0.647018
<0x0A>,0.3153314
1,0.017513976
SELECT,0.007711299
2,0.0062448005
0,0.0014602741
3,0.0012687081
4,0.0008191395
5,0.00047779985
9,0.00035230748
