Token,Probability
▁SELECT,0.78046393
<0x0A>,0.1561026
1,0.022842858
SELECT,0.016712192
2,0.014980712
3,0.0021921627
4,0.001460295
0,0.001278677
5,0.00091382925
▁CREATE,0.0008385769
