Token,Probability
▁SELECT,0.56707776
1,0.1389684
2,0.11166423
<0x0A>,0.10489885
3,0.018954832
SELECT,0.013129629
4,0.011407219
0,0.010145792
5,0.008280754
7,0.004131421
