Token,Probability
▁SELECT,0.61049414
<0x0A>,0.2795046
1,0.04422405
2,0.030158183
SELECT,0.013072603
0,0.0049231877
3,0.0044826134
4,0.0033573224
5,0.002271678
9,0.0012842902
