Token,Probability
▁SELECT,0.7325126
<0x0A>,0.14424028
2,0.09608474
1,0.014281723
SELECT,0.0072943894
0,0.0013599093
3,0.0009795058
▁CREATE,0.00087119057
4,0.0005713408
5,0.00038358007
