Token,Probability
▁SELECT,0.8442317
<0x0A>,0.09926589
1,0.02394901
SELECT,0.012522031
2,0.010140649
0,0.0023712732
▁CREATE,0.0016297506
3,0.001507273
4,0.0008588182
5,0.0006688483
