Token,Probability
▁SELECT,0.53272855
<0x0A>,0.25164315
SELECT,0.09701708
1,0.08169657
2,0.018807618
▁CREATE,0.0035894967
3,0.0035615629
0,0.0031186088
4,0.0026056953
5,0.0018622065
