Token,Probability
▁SELECT,0.67680573
<0x0A>,0.16585839
1,0.08604619
2,0.025040872
SELECT,0.018608795
3,0.008003542
4,0.0048543937
0,0.0044546425
5,0.0035239125
9,0.0017998383
