Token,Probability
▁SELECT,0.60905325
<0x0A>,0.3015032
2,0.040804025
1,0.028485801
SELECT,0.008034789
3,0.002608514
4,0.002338257
0,0.0017107053
▁CREATE,0.0016070589
5,0.0013853713
