Token,Probability
▁SELECT,0.585602
<0x0A>,0.3496789
1,0.036284488
2,0.009997428
SELECT,0.0061113057
0,0.0025876896
3,0.0024885566
4,0.0019080426
5,0.0013850903
9,0.0005381881
