Token,Probability
▁SELECT,0.894082
<0x0A>,0.05453935
SELECT,0.02919281
4,0.011254831
1,0.005400127
2,0.0027153546
3,0.0009989231
0,0.00058266666
5,0.0004196791
9,0.00015199766
