Token,Probability
▁SELECT,0.7405385
<0x0A>,0.15281874
1,0.07565077
SELECT,0.016106978
2,0.007374312
0,0.0020638334
3,0.0014407878
4,0.0009825319
5,0.0007833428
7,0.0004863886
