Token,Probability
▁SELECT,0.7776419
<0x0A>,0.18184254
1,0.019166062
SELECT,0.0069414875
2,0.0052808053
0,0.0021503726
3,0.0017414248
4,0.000954222
5,0.0007431489
9,0.0006819517
