Token,Probability
▁SELECT,0.6112779
<0x0A>,0.3375797
1,0.021920597
2,0.010354556
SELECT,0.010194024
3,0.0021367837
0,0.0019154004
4,0.0013061896
5,0.0009859636
7,0.0005236413
