Token,Probability
<0x0A>,0.4742353
▁SELECT,0.39934617
1,0.06726087
2,0.020836446
SELECT,0.0129376445
3,0.0052682785
0,0.004987906
4,0.0028867784
▁CREATE,0.002819906
5,0.00235612
