Token,Probability
▁SELECT,0.77879155
<0x0A>,0.17107779
1,0.026235629
SELECT,0.013399848
2,0.0036065206
0,0.0014458261
3,0.0010252442
4,0.0010252442
5,0.00058416656
▁CREATE,0.0005617875
