Token,Probability
▁SELECT,0.8682082
<0x0A>,0.09590005
SELECT,0.020739842
1,0.009796808
2,0.0022553531
0,0.0006563452
3,0.00054412923
▁CREATE,0.00046179656
4,0.00032238592
5,0.0002215724
