Token,Probability
▁SELECT,0.81177276
<0x0A>,0.13046375
SELECT,0.025689835
1,0.023759214
2,0.0034767413
0,0.00137219
3,0.00081299565
4,0.00078185025
5,0.00041523753
9,0.00024989434
