Token,Probability
▁SELECT,0.75293076
<0x0A>,0.21237387
1,0.016376514
SELECT,0.010089278
2,0.003224727
0,0.0015472409
3,0.0008346739
4,0.00050625525
5,0.0004398422
▁CREATE,0.00030946764
