Token,Probability
▁SELECT,0.6310902
<0x0A>,0.29810593
2,0.026875066
1,0.022631073
SELECT,0.014385185
3,0.0017046953
0,0.0013485249
4,0.0009414222
▁CREATE,0.00072181335
5,0.00054485333
