Token,Probability
▁SELECT,0.8577906
<0x0A>,0.11608934
SELECT,0.016724255
1,0.0055150734
2,0.0017084902
0,0.00058128446
3,0.00040580198
4,0.0002539444
5,0.0001931907
7,9.867216e-05
