Token,Probability
▁SELECT,0.70413077
<0x0A>,0.20173685
1,0.047916703
2,0.015556275
SELECT,0.010775518
0,0.0043198215
4,0.0037825624
3,0.0035257358
5,0.002640654
7,0.0014356987
