Token,Probability
▁SELECT,0.73667467
<0x0A>,0.18052989
1,0.042879604
SELECT,0.020413755
2,0.0067845387
▁CREATE,0.0033065206
0,0.0032299247
3,0.0012259411
4,0.0011249868
5,0.00083601923
