Token,Probability
▁SELECT,0.51580834
<0x0A>,0.44814205
1,0.01311636
SELECT,0.009747251
2,0.0050174547
3,0.0014601626
4,0.0014601626
0,0.0012686112
▁CREATE,0.0009354152
5,0.00070059363
