Token,Probability
▁SELECT,0.7277235
<0x0A>,0.15253912
1,0.06875477
2,0.02302996
SELECT,0.009232536
3,0.00509869
0,0.0041290447
4,0.0026451652
5,0.0018904144
9,0.0012891507
