Token,Probability
▁SELECT,0.7326688
<0x0A>,0.17954822
1,0.04757554
SELECT,0.013006429
2,0.012606263
0,0.003844693
3,0.0027050793
4,0.0024438356
5,0.0018161045
9,0.000920357
