Token,Probability
▁SELECT,0.8093932
<0x0A>,0.12030556
1,0.032379806
SELECT,0.019639343
2,0.010030796
3,0.0019598098
0,0.001784427
4,0.0015026382
5,0.0007153631
7,0.0004044296
