Token,Probability
▁SELECT,0.6314255
<0x0A>,0.2632173
1,0.035622593
SELECT,0.031436823
2,0.02565799
0,0.0038436311
3,0.0024816347
4,0.0020897458
5,0.0010757091
▁CREATE,0.00060815073
