Token,Probability
▁SELECT,0.80531263
<0x0A>,0.15857545
SELECT,0.012814862
1,0.012814862
2,0.005218281
3,0.0012107386
5,0.0007756282
4,0.00073435006
0,0.0006952686
7,0.00031094337
