Token,Probability
▁SELECT,0.7733722
<0x0A>,0.17528012
SELECT,0.04163268
1,0.006044797
2,0.0014929596
0,0.00043788366
▁CREATE,0.00033053194
3,0.00026767288
4,0.00020523192
5,0.00013354696
