Token,Probability
▁SELECT,0.8316671
<0x0A>,0.14452207
SELECT,0.012432417
1,0.0066028056
2,0.0017495694
0,0.00067451916
▁CREATE,0.0005906287
3,0.00031614077
4,0.00024429467
5,0.00017323084
