Token,Probability
▁SELECT,0.44417477
<0x0A>,0.4372885
1,0.04262616
SELECT,0.029757854
3,0.016955514
2,0.015804276
4,0.004220561
0,0.0026618748
5,0.0018152407
9,0.00094173447
