Token,Probability
▁SELECT,0.79569274
<0x0A>,0.14950623
2,0.0187129
SELECT,0.017038288
1,0.014125237
3,0.001334542
0,0.0009029962
4,0.00070876983
5,0.0004909505
▁CREATE,0.00030963862
