Token,Probability
▁SELECT,0.5070466
2,0.38273883
<0x0A>,0.06651004
SELECT,0.023347221
1,0.0153114805
3,0.0015641662
0,0.0009267378
4,0.00071055454
5,0.00043775994
▁CREATE,0.00031530665
