Token,Probability
▁SELECT,0.8642126
<0x0A>,0.10649188
1,0.014869598
SELECT,0.006546996
2,0.0024464335
0,0.001183018
▁CREATE,0.0011288436
3,0.00054587313
4,0.0004632765
5,0.00037225313
