Token,Probability
▁SELECT,0.7582842
<0x0A>,0.17456694
1,0.030335188
SELECT,0.017833136
2,0.01048356
0,0.0023760353
3,0.0022850109
4,0.0010963603
5,0.0006807455
7,0.00043610192
