Token,Probability
▁SELECT,0.78486073
<0x0A>,0.15698202
▁CREATE,0.018171988
SELECT,0.018030575
1,0.01085099
2,0.0028306497
▁S,0.0028086214
0,0.0011799904
3,0.0006465814
4,0.000511488
