Token,Probability
▁SELECT,0.7364507
<0x0A>,0.22460476
SELECT,0.01872702
1,0.013700979
2,0.0025344263
0,0.0010320322
▁CREATE,0.0005354112
3,0.00050691713
4,0.00050691713
5,0.00030746078
