Token,Probability
1,0.6390921
▁SELECT,0.29259768
<0x0A>,0.040855788
SELECT,0.010012141
2,0.0088356845
▁CREATE,0.0020182605
0,0.0020025542
3,0.0011499702
9,0.0008282924
4,0.0007309655
