Token,Probability
▁SELECT,0.6731599
<0x0A>,0.18117853
1,0.10818664
2,0.012043744
SELECT,0.0107959425
0,0.0037602405
3,0.0027726274
5,0.0016556113
4,0.0014840805
9,0.0011028749
