Token,Probability
▁SELECT,0.665365
<0x0A>,0.2773654
2,0.020408688
SELECT,0.016144602
1,0.014699826
▁CREATE,0.0013780209
3,0.001216099
0,0.0007975372
4,0.0006458653
5,0.0003856638
