Token,Probability
▁SELECT,0.8603979
<0x0A>,0.101166725
1,0.020876935
SELECT,0.0069384775
2,0.004806143
3,0.0013450853
0,0.0012537573
4,0.0007199723
5,0.000560715
7,0.00031453258
