Token,Probability
▁SELECT,0.72756964
<0x0A>,0.12643264
1,0.05353495
2,0.05270497
3,0.01029746
SELECT,0.01005892
0,0.0047887634
4,0.0045694704
5,0.0037587434
7,0.0013936096
