Token,Probability
▁SELECT,0.7304796
<0x0A>,0.21932974
1,0.021716587
SELECT,0.015888194
2,0.005936985
3,0.0019578096
0,0.001548755
4,0.00082898873
5,0.00053943327
7,0.00027551557
