Token,Probability
▁SELECT,0.6167317
<0x0A>,0.23408496
1,0.04681994
2,0.03372314
9,0.016307443
3,0.011563709
0,0.010611455
4,0.00740799
5,0.007236384
7,0.0035543926
