Token,Probability
▁SELECT,0.688359
<0x0A>,0.2781222
1,0.014739935
SELECT,0.00782832
2,0.004860715
0,0.0015535778
3,0.0010430228
4,0.00084466557
5,0.0008315703
7,0.0003011748
