Token,Probability
▁SELECT,0.63680285
<0x0A>,0.3202046
1,0.02079235
SELECT,0.010786929
2,0.004224222
0,0.0015784765
3,0.0013607318
4,0.0012984193
▁DE,0.0008062069
5,0.0004383271
