Token,Probability
▁SELECT,0.71372706
<0x0A>,0.12997934
1,0.09659245
2,0.028110005
3,0.00891458
SELECT,0.0071073226
0,0.0036585361
4,0.0031538554
5,0.0025540697
7,0.0012943395
