Token,Probability
<0x0A>,0.5182205
▁SELECT,0.3791382
1,0.039960872
2,0.028782737
SELECT,0.013281051
0,0.004050492
3,0.0032293336
4,0.0029866456
▁CREATE,0.0025746492
5,0.001811492
