Token,Probability
▁SELECT,0.5393095
<0x0A>,0.27118185
1,0.08142355
2,0.051755965
SELECT,0.021575095
3,0.010764214
4,0.006229849
0,0.0046296306
5,0.0032829
▁CREATE,0.0024780626
