Token,Probability
▁SELECT,0.8147073
<0x0A>,0.123002395
SELECT,0.030143037
1,0.022053115
2,0.004376575
0,0.0018387369
3,0.001015447
4,0.00072005973
5,0.0006016324
9,0.00037649195
