Token,Probability
▁SELECT,0.6795839
<0x0A>,0.2276321
1,0.039556526
2,0.020844825
SELECT,0.013044359
3,0.004687588
0,0.004201927
4,0.0034564107
5,0.0023570675
9,0.0010541457
