Token,Probability
▁SELECT,0.7382692
<0x0A>,0.18960321
1,0.03193439
2,0.0140605215
SELECT,0.013951102
0,0.003040801
3,0.0026009348
4,0.0017598806
5,0.0010185408
9,0.00054094294
