Token,Probability
▁SELECT,0.75738996
<0x0A>,0.20068838
SELECT,0.018666925
1,0.012829578
2,0.0052242735
0,0.0015564043
3,0.0010865454
4,0.00060475356
5,0.00041564062
9,0.00022775227
