Token,Probability
▁SELECT,0.82250756
<0x0A>,0.12418006
SELECT,0.03613846
1,0.009726534
2,0.00459449
0,0.00073265535
3,0.0005573748
4,0.00036553532
5,0.0002531989
7,0.00012831496
