Token,Probability
▁SELECT,0.77133197
<0x0A>,0.18320741
SELECT,0.023292208
1,0.016260583
2,0.0025329099
0,0.0007664823
3,0.00071444013
4,0.000491027
5,0.00030488562
9,0.00024118437
