Token,Probability
▁SELECT,0.89215434
<0x0A>,0.06667894
SELECT,0.031008588
1,0.006602109
2,0.001592833
0,0.0005130929
3,0.0003903405
4,0.00023861037
5,0.00013280666
<0x09>,0.00010839364
