Token,Probability
▁SELECT,0.68647414
<0x0A>,0.25651667
SELECT,0.051306557
1,0.0034373254
2,0.00074337376
0,0.0003098843
3,0.000258918
4,0.00021974086
5,0.000110492634
▁CREATE,0.00010379822
