Token,Probability
▁SELECT,0.7518628
<0x0A>,0.20554785
1,0.016610812
SELECT,0.01585015
2,0.0053927414
0,0.0010702224
3,0.0010618938
4,0.00066972803
5,0.00038459245
▁CREATE,0.00026432626
