Token,Probability
▁SELECT,0.75481075
<0x0A>,0.16323927
1,0.046768833
SELECT,0.017476236
2,0.0073423176
0,0.0024980977
3,0.0023103626
4,0.0015878875
5,0.001316405
7,0.0005318757
