Token,Probability
▁SELECT,0.8316712
<0x0A>,0.10409586
1,0.028906375
SELECT,0.020497689
2,0.006973988
0,0.0017090491
3,0.0017090491
4,0.0013519691
5,0.00092196284
9,0.00060463796
