Token,Probability
▁SELECT,0.54646677
<0x0A>,0.3473554
1,0.067337915
2,0.015746191
SELECT,0.005702893
0,0.00423803
3,0.0040439563
4,0.0027577386
5,0.0018806142
9,0.0010304917
