Token,Probability
▁SELECT,0.76515144
<0x0A>,0.16291013
1,0.040551543
2,0.009937583
SELECT,0.0091907615
0,0.0030307914
4,0.0021324283
3,0.0019876414
5,0.0011776387
▁CREATE,0.0008820106
