Token,Probability
▁SELECT,0.769283
<0x0A>,0.18559818
1,0.018666098
SELECT,0.010308398
2,0.0068668732
3,0.0018772987
4,0.001695998
0,0.0016183327
5,0.0013105659
6,0.00049743464
