Token,Probability
▁SELECT,0.5263087
<0x0A>,0.379086
SELECT,0.041223686
1,0.02661601
2,0.012281273
3,0.0027834761
0,0.0026978375
4,0.0017418547
7,0.0015613884
5,0.0014667888
