Token,Probability
▁SELECT,0.689152
<0x0A>,0.27844256
SELECT,0.01646253
1,0.009985029
2,0.002466128
0,0.0009287524
3,0.00049712526
4,0.00046337172
5,0.00025193082
<0x09>,0.0001872191
