Token,Probability
<0x0A>,0.39409903
▁SELECT,0.3069246
1,0.18909077
2,0.048562527
0,0.01678276
SELECT,0.010339558
3,0.0098660765
5,0.006996095
4,0.006078313
9,0.004808341
