Token,Probability
▁SELECT,0.76178604
<0x0A>,0.19260967
SELECT,0.021950519
1,0.011749266
2,0.0070158066
4,0.0012876942
0,0.0008712975
▁CREATE,0.0008313979
3,0.00068925304
5,0.00027203234
