Token,Probability
▁SELECT,0.65985304
<0x0A>,0.23527786
1,0.041529007
2,0.024413645
SELECT,0.016010858
3,0.00544742
▁CREATE,0.004377125
4,0.0028931028
5,0.0025731788
0,0.002474602
