Token,Probability
▁SELECT,0.6937411
<0x0A>,0.267461
SELECT,0.015326736
1,0.0133160995
2,0.0047110524
0,0.001494025
3,0.00089912
4,0.0005850686
5,0.00043478602
▁CREATE,0.00035764527
