Token,Probability
▁SELECT,0.84155345
<0x0A>,0.098950975
1,0.03640203
SELECT,0.010108478
2,0.0064253393
0,0.0017842525
3,0.0014004757
4,0.0008428212
5,0.0006462134
9,0.00037399962
