Token,Probability
▁SELECT,0.7183691
<0x0A>,0.2561424
1,0.010088121
SELECT,0.0072662006
2,0.003513705
0,0.0010467954
3,0.00082163914
4,0.00075989205
5,0.0003791242
▁CREATE,0.00023540355
