Token,Probability
▁SELECT,0.5264011
<0x0A>,0.30945522
1,0.06797829
SELECT,0.043209635
2,0.035822045
3,0.005001878
0,0.0031546452
4,0.0027622995
5,0.0014108445
▁CREATE,0.0012257629
