Token,Probability
▁SELECT,0.86992884
<0x0A>,0.097603306
SELECT,0.020780943
1,0.0058615343
2,0.0031130372
0,0.0006374123
3,0.0004773997
4,0.00030345377
<0x09>,0.00020693746
5,0.00019439976
