Token,Probability
▁SELECT,0.7538269
<0x0A>,0.18764237
SELECT,0.023856048
1,0.01887169
2,0.0065730326
3,0.0027187245
0,0.0015858179
4,0.0012254252
5,0.00091780105
9,0.0006019086
