Token,Probability
▁SELECT,0.7314486
<0x0A>,0.24120617
SELECT,0.012390152
1,0.010271797
2,0.0018560757
0,0.00064647355
3,0.0005074229
4,0.00038905465
5,0.00024537367
9,0.00011865495
