Token,Probability
▁SELECT,0.6620802
<0x0A>,0.27171716
1,0.028638782
SELECT,0.014857604
2,0.01070153
3,0.0027699359
0,0.0020265284
▁CREATE,0.001603116
4,0.0015782618
5,0.0011018043
