Token,Probability
▁SELECT,0.7562791
<0x0A>,0.2067552
1,0.01806607
SELECT,0.010374471
2,0.0027705214
0,0.0012985172
▁CREATE,0.00086499896
3,0.000734115
4,0.0005413025
5,0.000489026
