Token,Probability
▁SELECT,0.73177445
<0x0A>,0.19695443
1,0.03700664
2,0.013298614
SELECT,0.0061844303
3,0.0035514196
0,0.0030615148
4,0.0023109526
5,0.0017580801
7,0.00089095166
