Token,Probability
▁SELECT,0.57509166
<0x0A>,0.32767734
SELECT,0.037343338
1,0.032444455
2,0.016061168
3,0.002663203
0,0.002541246
4,0.0016536204
5,0.0010267561
7,0.000647567
