Token,Probability
▁SELECT,0.64222825
<0x0A>,0.24760105
2,0.06260335
1,0.021635137
SELECT,0.019393614
0,0.001818035
3,0.0016296761
4,0.0007519719
5,0.0005765569
7,0.00030620705
