Token,Probability
▁SELECT,0.44571307
<0x0A>,0.3933404
1,0.0877661
2,0.02676715
SELECT,0.02084628
3,0.005189049
4,0.004687915
0,0.003886418
9,0.0028881405
5,0.0026710937
