Token,Probability
▁SELECT,0.6620273
<0x0A>,0.2983991
1,0.012510356
2,0.011390808
SELECT,0.010052353
0,0.001553669
3,0.0010761952
4,0.00069484377
5,0.00052860926
▁CREATE,0.00039591006
