Token,Probability
▁SELECT,0.7845758
<0x0A>,0.15209696
SELECT,0.027698915
1,0.016800242
4,0.009723234
2,0.0037194684
3,0.0015145877
0,0.0013158966
5,0.0007267071
▁CREATE,0.00051935413
