Token,Probability
▁SELECT,0.80656683
<0x0A>,0.15882242
SELECT,0.017543118
1,0.008821233
2,0.004435595
0,0.0015091352
3,0.00066967466
4,0.0003906178
5,0.00028802347
7,0.00018165415
