Token,Probability
▁SELECT,0.52127886
<0x0A>,0.38738155
1,0.0508134
SELECT,0.013359432
2,0.012452359
0,0.005525701
3,0.0026306282
4,0.0020809982
5,0.0011950167
9,0.00057787227
