Token,Probability
▁SELECT,0.7120395
<0x0A>,0.21715975
1,0.030799806
SELECT,0.015731
2,0.01388256
0,0.0028425339
3,0.002450417
4,0.0012613666
5,0.000820787
▁CREATE,0.0007300231
