Token,Probability
▁SELECT,0.84838647
<0x0A>,0.12222167
SELECT,0.012882068
1,0.009424723
2,0.0033083886
0,0.00096279604
▁CREATE,0.00072110095
3,0.00044080013
4,0.000345988
5,0.00027584567
