Token,Probability
▁SELECT,0.6417513
<0x0A>,0.31768993
1,0.017644972
SELECT,0.011041941
2,0.005683904
0,0.0013291152
3,0.0012101731
4,0.0008923257
5,0.00069494394
9,0.00038378447
