Token,Probability
▁SELECT,0.6070017
<0x0A>,0.3300211
SELECT,0.04195748
2,0.013202505
1,0.0055902926
0,0.00060791615
3,0.000401808
4,0.00020204176
<0x09>,0.00019736147
▁CREATE,0.00018540394
