Token,Probability
▁SELECT,0.7068635
<0x0A>,0.22948498
1,0.040506504
SELECT,0.0112482505
2,0.0048378124
0,0.0017249751
3,0.0012136715
5,0.0008810311
4,0.00082765205
7,0.0003879127
