Token,Probability
▁SELECT,0.81398326
<0x0A>,0.13287912
SELECT,0.026996031
1,0.01770443
2,0.0040126015
0,0.0010225018
3,0.0008953324
4,0.00069185934
5,0.00044322168
9,0.0003070107
