Token,Probability
▁SELECT,0.7306171
<0x0A>,0.22633462
SELECT,0.034171417
▁CREATE,0.0021845056
▁Select,0.00086893624
<0x09>,0.00076683355
2,0.00076086604
1,0.00067672826
▁UPDATE,0.00053953484
▁WHERE,0.00034834986
