Token,Probability
▁SELECT,0.6871911
<0x0A>,0.23380502
SELECT,0.070200995
▁CREATE,0.0033875685
▁Select,0.001125863
<0x09>,0.00043746323
1,0.00040458736
Select,0.00037418213
▁select,0.0003570471
2,0.00034606192
