Token,Probability
▁SELECT,0.7862201
<0x0A>,0.13877608
SELECT,0.069781
▁CREATE,0.001182034
▁Select,0.0009953724
<0x09>,0.00044515813
1,0.00043484604
Select,0.00036904906
2,0.0002556328
▁select,0.00023275631
