Token,Probability
▁SELECT,0.7472071
<0x0A>,0.20427506
SELECT,0.043492667
▁CREATE,0.0011590404
▁Select,0.0009836648
<0x09>,0.0004297313
▁UPDATE,0.00033207063
▁select,0.00031439814
Select,0.00028850796
▁WHERE,0.00022294166
