Token,Probability
▁SELECT,0.73280454
<0x0A>,0.21325828
SELECT,0.049094845
▁CREATE,0.001003134
▁Select,0.00096470444
<0x09>,0.0005327604
Select,0.00047756336
▁UPDATE,0.00042808498
▁select,0.00025363197
▁WHERE,0.00013789731
