Token,Probability
▁SELECT,0.7753875
<0x0A>,0.18131538
SELECT,0.03860427
▁Select,0.0011841058
▁CREATE,0.0009440515
▁select,0.00038442286
Select,0.00034729714
<0x09>,0.00030889243
1,0.00019030314
▁SQL,0.00014937064
