Token,Probability
▁SELECT,0.67517537
<0x0A>,0.29038933
SELECT,0.028752437
▁CREATE,0.0025921108
▁Select,0.00065538817
<0x09>,0.00047576087
▁UPDATE,0.00029772354
Select,0.00025070834
▁select,0.0002318673
▁SQL,0.00019072885
