Token,Probability
▁SELECT,0.7237111
<0x0A>,0.21729745
SELECT,0.045548026
▁CREATE,0.003325366
▁Select,0.002529805
<0x09>,0.0015585677
▁WHERE,0.0007478089
1,0.0005099614
Select,0.00045003937
▁UPDATE,0.0004227728
