Token,Probability
▁SELECT,0.83317846
<0x0A>,0.121920936
SELECT,0.04020526
▁CREATE,0.0012140936
▁Select,0.00096042716
<0x09>,0.0004905382
▁select,0.00032676887
Select,0.00031180505
▁SQL,0.00024094427
▁UPDATE,0.00018764759
