Token,Probability
▁SELECT,0.7726419
<0x0A>,0.19843085
SELECT,0.024072396
▁CREATE,0.0016901473
▁Select,0.0008768369
<0x09>,0.0006990753
▁select,0.00033021983
Select,0.0001941262
▁WHERE,0.00018815356
▁FROM,0.0001205357
