Token,Probability
▁SELECT,0.65721774
<0x0A>,0.27828354
SELECT,0.062093444
▁Select,0.00062806637
▁CREATE,0.00041512647
▁select,0.00026181695
Select,0.00024404025
<0x09>,0.000220472
select,0.000107449465
▁UPDATE,5.0360555e-05
