Token,Probability
▁SELECT,0.7805456
<0x0A>,0.16361125
SELECT,0.050684404
▁CREATE,0.0015305363
▁Select,0.0009959389
<0x09>,0.00048918877
▁UPDATE,0.0003335978
Select,0.00028983474
▁WHERE,0.00026805332
▁select,0.00025577826
