Token,Probability
<0x0A>,0.48720196
▁SELECT,0.4722123
SELECT,0.035848573
▁CREATE,0.0014118893
▁Select,0.0005931792
<0x09>,0.00038000487
▁WHERE,0.00034063414
▁UPDATE,0.00030296628
Select,0.00025313778
▁SQL,0.00015474003
