Token,Probability
▁SELECT,0.87145245
<0x0A>,0.08902447
SELECT,0.03596914
▁CREATE,0.00086597324
▁Select,0.0007702126
▁WHERE,0.00028334538
<0x09>,0.0002481055
Select,0.00022414465
▁UPDATE,0.00019322475
▁select,0.00018582244
