Token,Probability
▁SELECT,0.70226175
<0x0A>,0.24651708
SELECT,0.046319187
▁CREATE,0.0013346662
▁Select,0.00068168074
<0x09>,0.00048338406
▁select,0.0003120962
Select,0.0002547255
1,0.00019683663
2,0.0001878228
