Token,Probability
▁SELECT,0.609733
<0x0A>,0.3528864
SELECT,0.028966678
2,0.0022336706
▁CREATE,0.0016599228
▁Select,0.0005826878
<0x09>,0.00051021844
▁UPDATE,0.00047187496
1,0.00039426624
▁WHERE,0.00025257646
