Token,Probability
▁SELECT,0.87057215
<0x0A>,0.08893455
SELECT,0.037657257
▁Select,0.00080636056
▁CREATE,0.00034143453
Select,0.00029433495
▁select,0.0002070905
1,0.00019606936
<0x09>,0.00016510696
2,0.00013266716
