Token,Probability
▁SELECT,0.705863
<0x0A>,0.25168324
SELECT,0.039204683
▁CREATE,0.00070692634
▁Select,0.00052534306
<0x09>,0.00041883998
▁UPDATE,0.00033654738
▁select,0.000242406
Select,0.00020253778
▁WHERE,0.00013920205
