Token,Probability
▁SELECT,0.65039206
<0x0A>,0.30722347
SELECT,0.038453523
▁CREATE,0.0017706121
▁Select,0.00044074023
<0x09>,0.0003541447
Select,0.00025508087
▁select,0.00018808484
▁UPDATE,0.00016341095
▁WHERE,0.00014197388
