Token,Probability
▁SELECT,0.67995286
<0x0A>,0.26214516
SELECT,0.050031282
▁CREATE,0.0021472992
▁Select,0.0013864007
<0x09>,0.00096786366
Select,0.0003760713
▁SQL,0.0003645008
▁WHERE,0.00035053698
▁UPDATE,0.0003216708
