Token,Probability
▁SELECT,0.66472876
<0x0A>,0.2858963
SELECT,0.045235362
▁Select,0.0011148882
▁CREATE,0.0005649979
<0x09>,0.00049087865
Select,0.00032699565
▁select,0.00028409876
1,0.00019073488
2,0.00012805335
