Token,Probability
▁SELECT,0.90464085
<0x0A>,0.07310619
SELECT,0.018775221
▁CREATE,0.00093476323
▁Select,0.0006838874
<0x09>,0.00043470532
▁WHERE,0.00022202576
Select,0.00019441222
▁select,0.0001928993
▁UPDATE,0.00012749866
