Token,Probability
▁SELECT,0.85114026
<0x0A>,0.10007821
SELECT,0.042375777
▁Select,0.0011560563
2,0.00067432167
▁WHERE,0.0006091988
▁CREATE,0.0005546819
1,0.0005011133
Select,0.0004598474
▁select,0.0004353748
