Token,Probability
▁SELECT,0.8345139
<0x0A>,0.1094644
SELECT,0.052521594
▁Select,0.000676828
▁CREATE,0.0005108966
<0x09>,0.00040415247
▁select,0.00028214388
Select,0.00026298704
1,0.00017518713
▁UPDATE,0.00015703672
