Token,Probability
▁SELECT,0.638843
<0x0A>,0.3017681
SELECT,0.05410403
▁Select,0.0011228934
▁CREATE,0.0010968816
<0x09>,0.0005472545
Select,0.00047546302
▁select,0.00026671056
▁SQL,0.00021430795
▁WHERE,0.00020934352
