Token,Probability
▁SELECT,0.6765747
<0x0A>,0.26495045
SELECT,0.05553663
▁Select,0.0007441913
▁CREATE,0.00062667194
▁select,0.00031511043
Select,0.00029601884
<0x09>,0.00022344674
1,8.156177e-05
▁WHERE,6.922057e-05
