Token,Probability
▁SELECT,0.73790216
<0x0A>,0.22504742
SELECT,0.031918515
▁CREATE,0.0016395736
▁Select,0.00089142076
<0x09>,0.0005800585
▁UPDATE,0.00029858854
▁select,0.00029167175
Select,0.00029167175
▁WHERE,0.00028269793
