Token,Probability
▁SELECT,0.5423181
<0x0A>,0.40936318
SELECT,0.043146566
▁CREATE,0.0014535048
<0x09>,0.0008089973
▁Select,0.00053890835
▁select,0.00034523764
1,0.00021269474
Select,0.00020137533
2,0.0001982533
