Token,Probability
▁SELECT,0.82468575
<0x0A>,0.13889974
SELECT,0.03351112
▁Select,0.0005856707
▁CREATE,0.00057659077
<0x09>,0.00052499183
▁select,0.00021046518
Select,0.0001800204
▁WHERE,0.00014020002
▁UPDATE,0.000118986216
