Token,Probability
▁SELECT,0.82169044
<0x0A>,0.10947966
SELECT,0.06435977
▁CREATE,0.0012353616
▁Select,0.00069297507
<0x09>,0.0006612414
▁select,0.0003099176
Select,0.00026097678
▁WHERE,0.0002339381
▁SQL,0.00012919288
