Token,Probability
▁SELECT,0.85696286
<0x0A>,0.11240906
SELECT,0.026285555
▁CREATE,0.0014150214
▁Select,0.0006789346
<0x09>,0.00036057946
▁UPDATE,0.00029200612
▁WHERE,0.00026380556
▁select,0.0002420816
Select,0.0002006927
