Token,Probability
▁SELECT,0.68687725
<0x0A>,0.28189385
SELECT,0.025813708
▁Select,0.00084284734
▁CREATE,0.00070974865
<0x09>,0.0005233358
▁WHERE,0.00042381024
1,0.00037694463
▁select,0.00037110064
2,0.00027794155
