Token,Probability
▁SELECT,0.7268797
<0x0A>,0.21486524
SELECT,0.052654993
▁Select,0.001118735
▁CREATE,0.0010758769
<0x09>,0.00092024624
Select,0.00039579297
▁select,0.0002515813
▁WHERE,0.00018262847
1,0.00014905701
