Token,Probability
▁SELECT,0.7226469
<0x0A>,0.21030223
SELECT,0.059318468
▁CREATE,0.0015441648
▁Select,0.0011035649
<0x09>,0.000623899
▁WHERE,0.00047463735
Select,0.0004355517
1,0.00042546215
▁select,0.0004156063
