Token,Probability
▁SELECT,0.7307946
<0x0A>,0.2263896
SELECT,0.038730696
▁CREATE,0.0010566146
▁Select,0.00079757447
<0x09>,0.0004202922
Select,0.00032477666
▁UPDATE,0.00018505215
▁select,0.00018218321
▁WHERE,0.00014753644
