Token,Probability
▁SELECT,0.5834028
<0x0A>,0.3538517
SELECT,0.054264914
▁CREATE,0.0016132534
▁Select,0.0013798887
<0x09>,0.000986162
▁WHERE,0.00039534474
1,0.00036850182
2,0.00034889052
Select,0.0003381563
