Token,Probability
▁SELECT,0.69971716
<0x0A>,0.24181579
SELECT,0.05148555
▁CREATE,0.00248445
▁Select,0.00077568303
<0x09>,0.00071180676
▁UPDATE,0.00039309703
▁select,0.00036640675
Select,0.00031586233
▁SQL,0.00027229034
