Token,Probability
▁SELECT,0.86268264
<0x0A>,0.08951641
SELECT,0.04295044
<0x09>,0.0010421615
▁Select,0.0010260042
▁CREATE,0.000657283
▁select,0.00044127894
Select,0.00036016136
▁WHERE,0.00023072804
▁SQL,0.00016749058
