Token,Probability
▁SELECT,0.51401556
<0x0A>,0.43284452
SELECT,0.050105385
▁CREATE,0.0006113281
▁Select,0.00052289665
<0x09>,0.000342924
Select,0.0002588526
▁select,0.00020002578
▁UPDATE,0.00016975967
▁WHERE,0.0001175891
