Token,Probability
▁SELECT,0.74215156
<0x0A>,0.19974738
SELECT,0.055467844
▁Select,0.0005879746
▁CREATE,0.0005188858
Select,0.0002691944
▁select,0.0002650209
<0x09>,0.0002528847
▁SQL,9.523726e-05
▁WHERE,8.739462e-05
