Token,Probability
▁SELECT,0.736784
<0x0A>,0.20142552
SELECT,0.054212946
▁CREATE,0.0028286364
▁Select,0.0008041111
<0x09>,0.0006410933
▁SQL,0.00037687932
▁select,0.0003624413
▁UPDATE,0.00033259482
Select,0.0003173642
