Token,Probability
▁SELECT,0.88337904
SELECT,0.05736185
<0x0A>,0.053051036
▁Select,0.0012187392
1,0.000667814
▁CREATE,0.0006422304
2,0.0006033196
Select,0.00040189753
<0x09>,0.0003775478
3,0.00032546654
