Token,Probability
▁SELECT,0.7670226
<0x0A>,0.17935935
SELECT,0.049034115
▁CREATE,0.0011352935
▁Select,0.00092659966
<0x09>,0.000495973
Select,0.00039234696
▁select,0.00031037198
▁UPDATE,0.00018972659
1,0.00015728887
