Token,Probability
<0x0A>,0.51892143
▁SELECT,0.43020096
SELECT,0.04463987
▁CREATE,0.0016516132
▁Select,0.00092647097
<0x09>,0.0008435614
▁WHERE,0.00061716273
Select,0.00029844037
▁UPDATE,0.00022527462
▁SQL,0.00021328572
