Token,Probability
<0x0A>,0.5072685
▁SELECT,0.46187323
SELECT,0.024478383
▁CREATE,0.0026206318
▁Select,0.0006080355
<0x09>,0.00046619697
▁WHERE,0.00030099938
▁UPDATE,0.0002917386
▁SQL,0.0002677144
▁select,0.00020849617
