Token,Probability
▁SELECT,0.73735595
<0x0A>,0.20475635
SELECT,0.05258578
▁CREATE,0.0013371904
▁Select,0.0012175258
<0x09>,0.00043412216
Select,0.00040149735
▁select,0.00032010162
▁WHERE,0.00031025315
▁UPDATE,0.00024162537
