Token,Probability
▁SELECT,0.608952
<0x0A>,0.3362952
SELECT,0.047696803
▁Select,0.0010703539
▁CREATE,0.0010293493
<0x09>,0.00078922947
1,0.0005596475
2,0.0004126582
Select,0.00039069695
▁select,0.00031887757
