Token,Probability
▁SELECT,0.77832246
<0x0A>,0.14174305
SELECT,0.072395265
▁CREATE,0.0023637894
▁Select,0.001411483
<0x09>,0.0007555124
Select,0.0004654577
▁select,0.00036249883
▁SQL,0.00026728987
▁WHERE,0.000245279
