Token,Probability
▁SELECT,0.7814087
<0x0A>,0.17989051
SELECT,0.030298505
▁CREATE,0.0015932658
▁Select,0.0015203048
<0x09>,0.0008137605
▁WHERE,0.0007949098
1,0.00044940124
▁SQL,0.00043218496
2,0.00040600018
