Token,Probability
▁SELECT,0.69538283
<0x0A>,0.25581706
SELECT,0.043765135
▁CREATE,0.0012610725
▁Select,0.0009668978
<0x09>,0.0008803704
Select,0.00031146294
▁select,0.00029720002
▁UPDATE,0.00022965834
▁WHERE,0.0002140651
