Token,Probability
▁SELECT,0.8205212
<0x0A>,0.114570424
SELECT,0.06132513
▁Select,0.0010387984
<0x09>,0.00037039502
▁CREATE,0.00035899912
Select,0.00034255936
1,0.00022641792
▁select,0.00022117294
2,0.0001819319
