Token,Probability
▁SELECT,0.7565879
<0x0A>,0.18832964
SELECT,0.05068823
▁CREATE,0.001309236
▁Select,0.0007062798
<0x09>,0.00055871333
Select,0.000346913
▁select,0.00030376716
▁SQL,0.00020393962
▁UPDATE,0.00014461484
