Token,Probability
▁SELECT,0.65907866
<0x0A>,0.28346622
SELECT,0.052435976
▁CREATE,0.0012235793
▁Select,0.0008024429
Select,0.00043970242
<0x09>,0.0003397757
▁select,0.00033713153
▁UPDATE,0.00025249986
▁SQL,0.00021937567
