Token,Probability
▁SELECT,0.7961515
<0x0A>,0.15677151
SELECT,0.04353388
▁CREATE,0.0009923192
▁Select,0.0006457144
<0x09>,0.00031224705
▁select,0.00025684744
Select,0.00023386227
▁UPDATE,0.00020477663
▁SQL,0.00014865189
