Token,Probability
▁SELECT,0.73807144
<0x0A>,0.2181735
SELECT,0.03791287
▁Select,0.0014248132
▁CREATE,0.00087097083
1,0.00052008044
2,0.00044484832
<0x09>,0.00040821577
Select,0.00036307465
▁select,0.00024953732
