Token,Probability
▁SELECT,0.5852345
<0x0A>,0.37785584
SELECT,0.03150473
▁CREATE,0.0019218008
▁Select,0.00064372265
<0x09>,0.00038438436
▁WHERE,0.0003639278
Select,0.0002704482
▁select,0.00025208542
▁SQL,0.0001829944
