Token,Probability
▁SELECT,0.767053
<0x0A>,0.1909346
SELECT,0.038189318
▁CREATE,0.0009863992
▁Select,0.00073877885
<0x09>,0.00028705856
Select,0.0002116637
▁UPDATE,0.0002116637
▁WHERE,0.00020676051
▁select,0.00020197089
