Token,Probability
▁SELECT,0.8475786
<0x0A>,0.08933412
SELECT,0.05950935
▁Select,0.00073749834
▁CREATE,0.0005270663
<0x09>,0.0003947544
▁select,0.00037083743
Select,0.00028211824
1,0.00013857182
▁WHERE,0.00013326322
