Token,Probability
▁SELECT,0.76957023
<0x0A>,0.15153736
SELECT,0.07501643
▁Select,0.0010052208
▁CREATE,0.00046022361
<0x09>,0.00042563726
Select,0.00034739502
1,0.00023505923
▁select,0.00022782723
2,0.00019949218
