Token,Probability
▁SELECT,0.6412432
<0x0A>,0.29820582
SELECT,0.054307308
▁CREATE,0.0023126842
▁UPDATE,0.00077465223
▁Select,0.0004962608
▁select,0.00045185062
<0x09>,0.00036307218
Select,0.0002783771
▁SQL,0.0002307827
