Token,Probability
▁SELECT,0.61867356
<0x0A>,0.33636698
SELECT,0.038937304
▁CREATE,0.0017377269
<0x09>,0.0016324433
▁Select,0.0009157176
▁select,0.00030913268
Select,0.00027927812
▁UPDATE,0.00023517574
▁WHERE,0.00013505007
