Token,Probability
▁SELECT,0.77619845
<0x0A>,0.17869103
SELECT,0.041784827
▁Select,0.00089474476
▁CREATE,0.0005098102
<0x09>,0.0003788588
Select,0.00037591046
▁select,0.00029970196
1,0.000115545394
select,9.212082e-05
