Token,Probability
▁SELECT,0.7683095
<0x0A>,0.17966026
SELECT,0.04614057
▁Select,0.0012785863
▁CREATE,0.0008995979
<0x09>,0.0008584023
▁WHERE,0.00045946965
Select,0.00035783532
▁select,0.00030847333
▁UPDATE,0.00019607758
