Token,Probability
▁SELECT,0.6642987
<0x0A>,0.28571132
SELECT,0.045917988
▁Select,0.00088137854
▁CREATE,0.0008745196
<0x09>,0.00037319917
Select,0.00032934707
▁select,0.00020771661
▁SQL,0.00016051096
▁UPDATE,0.00015802246
