Token,Probability
▁SELECT,0.70403844
<0x0A>,0.25900128
SELECT,0.028608615
▁CREATE,0.002922554
▁Select,0.0012183018
<0x09>,0.00066237926
▁UPDATE,0.00044470036
▁select,0.00036580054
▁WHERE,0.00030563778
Select,0.0003032593
