Token,Probability
▁SELECT,0.70033044
<0x0A>,0.21695225
SELECT,0.0773567
▁Select,0.0008593554
▁CREATE,0.0007643265
<0x09>,0.00045284847
▁select,0.00042541177
Select,0.00038734183
▁WHERE,0.00037542457
1,0.0002969853
