Token,Probability
▁SELECT,0.7001096
<0x0A>,0.20695199
SELECT,0.08627043
▁SUM,0.0016302556
▁Select,0.0012499604
▁CREATE,0.00059043954
Select,0.00049333065
▁select,0.0004562563
<0x09>,0.00038121635
1,0.00029001414
