Token,Probability
▁SELECT,0.8212742
<0x0A>,0.12594648
SELECT,0.047803886
▁CREATE,0.0013774474
▁Select,0.0009921382
<0x09>,0.00070353126
▁select,0.0003049582
Select,0.00028648178
▁WHERE,0.00024313391
▁SQL,0.00012418065
