Token,Probability
▁SELECT,0.72569203
<0x0A>,0.21789224
SELECT,0.05016165
▁CREATE,0.0014912664
▁Select,0.0012459997
<0x09>,0.0004995117
▁WHERE,0.00038000848
Select,0.00036545057
▁UPDATE,0.00031258643
▁SQL,0.00028684543
