Token,Probability
<0x0A>,0.5275815
▁SELECT,0.45126438
SELECT,0.017226147
▁CREATE,0.0016022812
<0x09>,0.00048866816
▁Select,0.00044493744
▁select,0.00023630449
Select,0.00014558296
▁SQL,0.00013359443
▁WHERE,8.830053e-05
