Token,Probability
▁SELECT,0.6457377
<0x0A>,0.31470743
SELECT,0.03369227
▁CREATE,0.0018137444
▁Select,0.00083690544
<0x09>,0.0006620468
▁UPDATE,0.00043758616
▁WHERE,0.00032265583
Select,0.00025325545
▁select,0.0002454636
