Token,Probability
▁SELECT,0.87908006
<0x0A>,0.08176718
SELECT,0.035721432
▁CREATE,0.0009669349
<0x09>,0.0006291965
▁Select,0.00052162225
▁select,0.00022610652
Select,0.00015299133
▁WHERE,0.00014484927
▁UPDATE,0.00011458521
