Token,Probability
▁SELECT,0.5817013
<0x0A>,0.3640194
SELECT,0.04485599
▁CREATE,0.0023772803
▁Select,0.0016466939
<0x09>,0.0008814118
▁SQL,0.00043975265
Select,0.00043633045
▁WHERE,0.00042622286
▁select,0.00040989454
