Token,Probability
▁SELECT,0.74761754
<0x0A>,0.1950277
SELECT,0.051677193
▁CREATE,0.0017682962
▁Select,0.00074874377
▁UPDATE,0.00063050544
<0x09>,0.0004102777
Select,0.0003271019
▁select,0.00032203068
▁WHERE,0.00023014493
