Token,Probability
▁SELECT,0.69248205
<0x0A>,0.25876167
SELECT,0.043582574
<0x09>,0.0011614362
▁CREATE,0.0009332403
▁Select,0.00067218766
▁WHERE,0.00032000933
▁select,0.00030774996
▁UPDATE,0.0002492235
Select,0.00022870033
