Token,Probability
▁SELECT,0.6827024
<0x0A>,0.27583674
SELECT,0.035068706
▁CREATE,0.0023494565
▁Select,0.0008779279
<0x09>,0.0005081057
▁select,0.00030104263
▁UPDATE,0.0002828034
▁WHERE,0.00028060257
▁SQL,0.00027410244
