Token,Probability
▁SELECT,0.7139816
<0x0A>,0.19826554
SELECT,0.08395091
▁Select,0.00091815164
Select,0.00045451798
▁CREATE,0.0003512243
<0x09>,0.00031979338
▁select,0.00031238535
2,0.00022676744
1,0.00022500273
