Token,Probability
▁SELECT,0.8920363
<0x0A>,0.054414563
SELECT,0.048776902
▁Select,0.0009966375
1,0.00059048814
2,0.00045629393
▁CREATE,0.00040267798
Select,0.00036378924
▁select,0.00032865617
3,0.00024233587
