Token,Probability
▁SELECT,0.70640564
<0x0A>,0.21544154
SELECT,0.074454606
▁Select,0.00063914567
▁CREATE,0.00063914567
<0x09>,0.00036417425
Select,0.00028584362
▁select,0.0002706313
▁WHERE,0.00019341147
▁UPDATE,0.0001747327
