Token,Probability
▁SELECT,0.66047156
<0x0A>,0.2840653
SELECT,0.0509301
▁CREATE,0.0012552429
▁Select,0.001008616
<0x09>,0.00042375136
Select,0.00041393514
▁select,0.00025501807
▁SQL,0.00016209936
▁WHERE,0.0001453049
