Token,Probability
▁SELECT,0.5959611
<0x0A>,0.36146867
SELECT,0.036926348
▁CREATE,0.0012537171
▁Select,0.0010977914
<0x09>,0.00062550267
▁select,0.00041994266
Select,0.00037350468
▁WHERE,0.0003245065
▁UPDATE,0.00025871914
