Token,Probability
▁SELECT,0.7123828
<0x0A>,0.23127683
SELECT,0.050804775
▁CREATE,0.0013122463
▁Select,0.0011050222
<0x09>,0.00047156555
Select,0.00045705703
▁WHERE,0.0003615619
▁select,0.0002928017
▁UPDATE,0.00018611609
