Token,Probability
▁SELECT,0.6898034
<0x0A>,0.2421438
SELECT,0.06316698
▁Select,0.0009742442
▁CREATE,0.0009666626
<0x09>,0.0004860685
Select,0.0004785327
▁select,0.00033668982
▁UPDATE,0.00023874879
▁WHERE,0.00023689085
