Token,Probability
▁SELECT,0.49782944
<0x0A>,0.45327884
SELECT,0.0421615
▁CREATE,0.00249274
▁Select,0.0012243927
<0x09>,0.0004794791
▁UPDATE,0.00045042892
Select,0.00036476846
▁WHERE,0.00022124326
▁select,0.00021611815
