Token,Probability
▁SELECT,0.5809008
<0x0A>,0.369243
SELECT,0.043416083
▁CREATE,0.0022301748
▁Select,0.0005772484
▁UPDATE,0.00048609194
▁select,0.00044259173
1,0.00035286488
<0x09>,0.00030657434
Select,0.00025218117
