Token,Probability
▁SELECT,0.76067555
<0x0A>,0.2079571
SELECT,0.026438782
▁CREATE,0.0015389215
▁Select,0.00065673114
▁WHERE,0.00051951705
<0x09>,0.0004478517
▁UPDATE,0.0002571796
▁select,0.00021656694
Select,0.00019718644
