Token,Probability
▁SELECT,0.68881345
<0x0A>,0.24560402
SELECT,0.04989748
2,0.005776053
▁CREATE,0.0017478877
1,0.0016548669
▁Select,0.001350663
▁WHERE,0.0007817037
▁UPDATE,0.000679156
<0x09>,0.00063304295
