Token,Probability
▁SELECT,0.7174262
<0x0A>,0.22574815
SELECT,0.05278859
▁Select,0.0009154015
▁CREATE,0.0008466081
<0x09>,0.0004461311
Select,0.00031883552
▁select,0.00025820083
▁SQL,0.00019490025
▁UPDATE,0.00017199885
