Token,Probability
▁SELECT,0.67000836
<0x0A>,0.27930105
SELECT,0.044887763
▁CREATE,0.0016096878
<0x09>,0.0006014964
▁Select,0.0005784534
▁WHERE,0.00033740888
2,0.0002546896
1,0.0002430265
▁UPDATE,0.00022301366
