Token,Probability
▁SELECT,0.77380663
<0x0A>,0.18668956
SELECT,0.03399869
▁CREATE,0.001978961
▁Select,0.0008314239
<0x09>,0.0007511289
▁UPDATE,0.00030826265
Select,0.00028958602
▁WHERE,0.00024576846
▁select,0.00023268888
