Token,Probability
▁SELECT,0.8723371
<0x0A>,0.089114845
SELECT,0.034356833
▁CREATE,0.0014180759
▁Select,0.000482476
<0x09>,0.0003164155
▁WHERE,0.00029493167
▁UPDATE,0.00029035917
▁select,0.00026231766
Select,0.00020751034
