Token,Probability
▁SELECT,0.7456819
<0x0A>,0.20385808
SELECT,0.0462032
▁CREATE,0.001069749
▁Select,0.00095145445
Select,0.00034191232
<0x09>,0.00030173658
▁select,0.00029705855
▁WHERE,0.00020099989
▁UPDATE,0.0001760014
