Token,Probability
▁SELECT,0.7741746
<0x0A>,0.1622758
SELECT,0.05268324
▁CREATE,0.004977473
▁Select,0.0011019815
▁UPDATE,0.0007753408
<0x09>,0.00066838553
▁WHERE,0.00056283706
▁select,0.00037201258
Select,0.00036056695
