Token,Probability
▁SELECT,0.8259096
<0x0A>,0.1286519
SELECT,0.041767158
▁Select,0.0009013811
▁CREATE,0.0008017049
<0x09>,0.0003641909
Select,0.0002858567
▁select,0.00022262541
1,0.00012009741
▁SQL,0.000104342434
