Token,Probability
<0x0A>,0.5650179
▁SELECT,0.37638307
SELECT,0.054223124
▁CREATE,0.0007734513
▁Select,0.00073228887
<0x09>,0.0006933172
Select,0.00028901763
▁WHERE,0.00021477966
▁select,0.00018954238
2,0.00016086253
