Token,Probability
▁SELECT,0.6361201
<0x0A>,0.32489836
SELECT,0.03319046
▁Select,0.0010922063
▁CREATE,0.00087078294
<0x09>,0.00061747746
▁WHERE,0.00040812773
▁SQL,0.00034637348
Select,0.0002783189
▁select,0.00026975595
