Token,Probability
▁SELECT,0.6154824
<0x0A>,0.32944402
SELECT,0.04973861
▁CREATE,0.0014557648
▁Select,0.00092534034
<0x09>,0.00057455694
Select,0.00034308358
▁select,0.0003123812
▁UPDATE,0.00016333227
▁SQL,0.00016080003
