Token,Probability
▁SELECT,0.7891253
<0x0A>,0.16284521
SELECT,0.038679127
▁CREATE,0.0026321476
▁Select,0.0013655403
▁UPDATE,0.0007841637
<0x09>,0.0007482543
▁WHERE,0.0005873116
▁select,0.00041000952
Select,0.0003821709
