Token,Probability
▁SELECT,0.8159535
<0x0A>,0.11216627
SELECT,0.06803229
▁CREATE,0.0011345458
▁Select,0.0005660459
<0x09>,0.0004512911
▁select,0.0002737219
▁WHERE,0.0002632358
Select,0.00023230477
▁SQL,0.00012241601
