Token,Probability
▁SELECT,0.69946015
<0x0A>,0.23797934
SELECT,0.059237737
▁CREATE,0.00080628647
▁Select,0.0005991812
<0x09>,0.00030365025
Select,0.0002786451
▁select,0.0002679704
▁UPDATE,0.00014231802
▁SQL,0.00013162264
