Token,Probability
▁SELECT,0.53206545
<0x0A>,0.43425918
SELECT,0.026907133
▁CREATE,0.0032135989
▁Select,0.0007340552
<0x09>,0.00057168276
▁UPDATE,0.0005287201
▁WHERE,0.00043491332
Select,0.00018705388
▁select,0.00016125053
