Token,Probability
▁SELECT,0.72245795
<0x0A>,0.22033721
SELECT,0.0515233
▁CREATE,0.0024862713
▁Select,0.0006536696
▁WHERE,0.00033911935
Select,0.00030636875
▁select,0.0002878068
▁UPDATE,0.00023860022
<0x09>,0.00020892535
