Token,Probability
▁SELECT,0.7670707
<0x0A>,0.20970546
SELECT,0.019812817
▁CREATE,0.0011898521
▁Select,0.0004960041
<0x09>,0.00033041
▁WHERE,0.00017964079
Select,0.00017824282
▁UPDATE,0.00016744364
▁select,0.00016356481
