Token,Probability
▁SELECT,0.80987084
<0x0A>,0.14295068
SELECT,0.040956058
▁CREATE,0.0017441195
▁Select,0.00081109087
▁WHERE,0.0007619494
<0x09>,0.00066199305
▁UPDATE,0.00040151906
▁select,0.00031270337
Select,0.00028030548
