Token,Probability
▁SELECT,0.7713216
<0x0A>,0.18320493
SELECT,0.04152229
▁CREATE,0.0011964459
▁Select,0.000754589
<0x09>,0.00047591326
▁select,0.00030250888
Select,0.0002841808
▁WHERE,0.00013319287
▁SQL,0.00011215963
