Token,Probability
▁SELECT,0.73135674
<0x0A>,0.21959311
SELECT,0.04324045
▁CREATE,0.0022211531
<0x09>,0.00063637097
▁Select,0.00061199197
▁UPDATE,0.0002673595
▁select,0.00026321446
▁WHERE,0.00020821979
Select,0.00018958628
