Token,Probability
▁SELECT,0.7889818
<0x0A>,0.16281559
SELECT,0.043821223
▁Select,0.0010145988
▁CREATE,0.0009383504
<0x09>,0.00047553284
▁select,0.00031925767
Select,0.00027307554
▁WHERE,0.00016306086
1,0.0001341302
