Token,Probability
▁SELECT,0.4877671
<0x0A>,0.4582148
SELECT,0.050613236
▁CREATE,0.0010837888
▁Select,0.00044132466
<0x09>,0.00024563418
Select,0.00021010204
▁select,0.00020363787
▁UPDATE,0.00015735917
▁WHERE,0.00014553343
