Token,Probability
▁SELECT,0.8474291
<0x0A>,0.10280481
SELECT,0.04633776
▁CREATE,0.0009321208
▁Select,0.0007607748
<0x09>,0.00036218314
▁select,0.00025284453
Select,0.00024506537
▁UPDATE,0.00020158525
▁SQL,0.00012226764
