Token,Probability
▁SELECT,0.86554444
<0x0A>,0.07330352
SELECT,0.0553324
▁Select,0.0018933708
▁CREATE,0.00078313216
Select,0.0006195085
<0x09>,0.00036992546
▁select,0.00035023835
▁SQL,0.0001693642
▁WHERE,0.0001693642
