Token,Probability
▁SELECT,0.6768028
<0x0A>,0.26503977
SELECT,0.050583728
▁Select,0.0019009999
▁CREATE,0.0015038146
<0x09>,0.00081124716
Select,0.0006123615
▁select,0.0003892406
1,0.0003656577
2,0.00029381423
