Token,Probability
▁SELECT,0.79482895
<0x0A>,0.18014318
SELECT,0.018692585
▁CREATE,0.002197899
▁Select,0.0012720465
<0x09>,0.0012329096
▁WHERE,0.00030930247
▁UPDATE,0.00023165686
▁select,0.00021092597
Select,0.00016555769
