Token,Probability
▁SELECT,0.77983344
<0x0A>,0.17130667
SELECT,0.04331311
▁CREATE,0.0018735413
▁Select,0.0010028344
<0x09>,0.00042795713
Select,0.00036320253
▁SQL,0.00028066113
▁select,0.00027847703
▁UPDATE,0.00026160496
