Token,Probability
▁SELECT,0.74065197
<0x0A>,0.19625326
SELECT,0.05892591
▁CREATE,0.00090883276
▁Select,0.0008808709
<0x09>,0.00041935744
▁select,0.00035869543
Select,0.00034765954
▁SQL,0.00013195667
1,0.00012493407
