Token,Probability
▁SELECT,0.7598538
<0x0A>,0.177683
SELECT,0.057685222
▁CREATE,0.001294502
▁Select,0.00093970774
<0x09>,0.0006611669
▁UPDATE,0.00035389714
Select,0.00034841048
▁select,0.0002671356
▁WHERE,0.0001632967
