Token,Probability
▁SELECT,0.73818594
<0x0A>,0.22867934
SELECT,0.029073315
▁Select,0.0011450471
▁CREATE,0.0009794107
<0x09>,0.00038655094
Select,0.00026567228
▁select,0.00022547314
▁UPDATE,0.000118815995
▁WHERE,0.00011516041
