Token,Probability
▁SELECT,0.85953605
<0x0A>,0.10427356
SELECT,0.0313086
▁CREATE,0.0014643228
▁Select,0.000874387
<0x09>,0.0004500959
▁UPDATE,0.00033975017
▁select,0.0002838719
▁WHERE,0.00026253858
Select,0.00024663217
