Token,Probability
<0x0A>,0.5194903
▁SELECT,0.4374547
SELECT,0.03882631
▁CREATE,0.0010928463
▁Select,0.00058495847
<0x09>,0.000516224
Select,0.00027416454
▁select,0.000247687
▁WHERE,0.00018406536
▁SQL,0.00018263294
