Token,Probability
▁SELECT,0.707473
<0x0A>,0.23697376
SELECT,0.052056227
▁Select,0.0008546609
▁CREATE,0.00049079047
<0x09>,0.00031687814
Select,0.0002818372
2,0.00021441045
1,0.00020944365
▁select,0.00018628302
