Token,Probability
▁SELECT,0.65832156
<0x0A>,0.2787509
SELECT,0.057523496
▁Select,0.001280827
▁CREATE,0.00085990666
Select,0.00053392816
▁select,0.00037861173
<0x09>,0.00029717578
1,0.00028803264
2,0.00021572648
