Token,Probability
▁SELECT,0.7320568
<0x0A>,0.18800774
SELECT,0.07248344
▁CREATE,0.0010339208
1,0.0010258747
▁Select,0.0009865741
2,0.0006833799
<0x09>,0.00047336338
Select,0.0004177417
3,0.00029854657
