Token,Probability
▁SELECT,0.7558571
<0x0A>,0.21319929
SELECT,0.026271308
▁CREATE,0.0017877847
▁Select,0.0007001066
<0x09>,0.000360384
▁WHERE,0.0002850872
▁select,0.00024384803
Select,0.00021858394
▁UPDATE,0.0001562149
