Token,Probability
▁SELECT,0.84923273
<0x0A>,0.08023488
SELECT,0.06447054
▁Select,0.0018576891
▁CREATE,0.00079898216
Select,0.0006834056
1,0.00041128075
<0x09>,0.00034904943
▁select,0.00029623444
2,0.00025537002
