Token,Probability
▁SELECT,0.6693435
<0x0A>,0.28341788
SELECT,0.042126305
▁CREATE,0.0015344504
<0x09>,0.0010712191
▁Select,0.0006703518
▁select,0.000290576
▁UPDATE,0.0002708466
▁WHERE,0.00025245678
Select,0.00017624324
