Token,Probability
▁SELECT,0.6605641
<0x0A>,0.29312354
SELECT,0.040294666
▁Select,0.0016631598
▁CREATE,0.0016631598
<0x09>,0.00063621526
Select,0.00037694504
▁WHERE,0.00022159457
▁select,0.00017257802
▁UPDATE,0.00015591126
