Token,Probability
▁SELECT,0.64876795
<0x0A>,0.30170515
SELECT,0.044149213
▁CREATE,0.0014642236
▁Select,0.0010464333
<0x09>,0.00043282367
Select,0.00037899305
▁WHERE,0.00032927492
▁select,0.00020605496
▁SQL,0.00017763047
