Token,Probability
▁SELECT,0.6537279
<0x0A>,0.27680582
SELECT,0.06372431
▁Select,0.0011490565
▁CREATE,0.0010794387
<0x09>,0.00058688066
Select,0.00050592277
1,0.0003971033
▁select,0.00030446966
2,0.00026452783
