Token,Probability
▁SELECT,0.6933582
<0x0A>,0.20818387
SELECT,0.09383582
▁CREATE,0.0013809847
▁Select,0.0008376096
Select,0.00041789887
▁select,0.00025149598
<0x09>,0.00023259576
1,0.00019740147
▁WHERE,0.000136736
