Token,Probability
▁SELECT,0.67878956
<0x0A>,0.27000383
SELECT,0.045476064
▁Select,0.0010778827
▁CREATE,0.0009891207
1,0.0004493283
Select,0.0004254155
3,0.00035268185
<0x09>,0.00030166478
2,0.00029467672
