Token,Probability
▁SELECT,0.67067933
<0x0A>,0.2795807
SELECT,0.0456403
▁CREATE,0.0010567161
▁Select,0.000962151
<0x09>,0.00035395558
Select,0.00033251045
▁select,0.00029343946
▁UPDATE,0.00018078281
▁SQL,0.00017116172
