Token,Probability
▁SELECT,0.81310135
<0x0A>,0.12865132
SELECT,0.05533224
▁Select,0.00077703554
▁CREATE,0.00050562667
Select,0.00027064243
<0x09>,0.00022089193
▁select,0.00021077655
▁WHERE,0.00012009686
▁SQL,9.280366e-05
