Token,Probability
▁SELECT,0.6365067
<0x0A>,0.3302153
SELECT,0.028853893
▁CREATE,0.0017328107
▁Select,0.00054525316
<0x09>,0.00035204188
Select,0.00023268547
▁UPDATE,0.00022377144
▁select,0.00021858778
▁WHERE,0.00017427337
