Token,Probability
▁SELECT,0.6842706
<0x0A>,0.2556933
SELECT,0.05529755
▁CREATE,0.0014282909
▁Select,0.0007238226
<0x09>,0.00033398927
Select,0.0003041007
▁UPDATE,0.0002768868
▁WHERE,0.00027473207
▁select,0.00021396155
