Token,Probability
▁SELECT,0.4845612
<0x0A>,0.42099407
SELECT,0.08687704
▁Select,0.0018030754
▁CREATE,0.0018030754
<0x09>,0.0007516336
Select,0.00062801334
▁select,0.00029205336
▁WHERE,0.00024023652
▁SQL,0.0002054852
