Token,Probability
▁SELECT,0.78260475
<0x0A>,0.17462273
SELECT,0.040200435
▁CREATE,0.00062978786
▁Select,0.0005471692
<0x09>,0.00032672964
▁select,0.0002485628
Select,0.0001847162
▁UPDATE,0.0001394311
▁SQL,8.6574735e-05
