Token,Probability
▁SELECT,0.74070746
<0x0A>,0.22590299
SELECT,0.028720343
▁CREATE,0.0015221224
▁Select,0.0005556
<0x09>,0.00041938885
▁UPDATE,0.00034497984
Select,0.00026867058
▁select,0.00023342506
▁WHERE,0.00022801774
