Token,Probability
▁SELECT,0.72220016
<0x0A>,0.23082903
SELECT,0.042699076
▁CREATE,0.0014384302
▁Select,0.00056329736
▁UPDATE,0.00034165708
<0x09>,0.00027668235
▁WHERE,0.0002723928
▁select,0.00024227116
Select,0.00020242513
