Token,Probability
▁SELECT,0.7185052
<0x0A>,0.23326449
SELECT,0.04314959
▁Select,0.0011863994
▁CREATE,0.00058731023
<0x09>,0.00043645193
2,0.00042634152
1,0.00034257505
Select,0.00031683012
▁WHERE,0.00031683012
