Token,Probability
▁SELECT,0.67362833
<0x0A>,0.28081006
SELECT,0.039827336
▁CREATE,0.0013628164
▁Select,0.001004878
<0x09>,0.0005953705
▁UPDATE,0.00033137354
▁select,0.0003236973
Select,0.00031129664
▁WHERE,0.00027471833
