Token,Probability
▁SELECT,0.65134555
<0x0A>,0.28903285
SELECT,0.032939263
1,0.004934384
2,0.004708422
<0x09>,0.0030878587
▁CREATE,0.0017457169
▁Select,0.0017186522
3,0.0013384876
▁WHERE,0.0007746572
