Token,Probability
<0x0A>,0.4890119
▁SELECT,0.46661845
SELECT,0.03890555
▁CREATE,0.0015809276
<0x09>,0.0005770649
▁Select,0.0005295445
▁UPDATE,0.00043900777
▁select,0.00035275266
Select,0.00023498393
1,0.00023134083
