Token,Probability
▁SELECT,0.61596036
<0x0A>,0.3296998
SELECT,0.04977723
▁Select,0.0010997221
▁CREATE,0.00078593596
<0x09>,0.0005154294
Select,0.0003800538
▁select,0.0003301965
1,0.0001634591
▁UPDATE,0.00013445779
