Token,Probability
▁SELECT,0.6816477
<0x0A>,0.2754106
SELECT,0.03669491
▁CREATE,0.0021027857
<0x09>,0.0008496023
▁Select,0.0007381473
▁select,0.0003682753
▁WHERE,0.00025311165
Select,0.00024341511
1,0.00019255721
