Token,Probability
▁SELECT,0.70414925
<0x0A>,0.22157037
SELECT,0.0686393
▁Select,0.0012376821
▁CREATE,0.0009945055
2,0.00064713706
1,0.00041457155
<0x09>,0.0003658581
Select,0.0002986047
▁select,0.0002201773
