Token,Probability
▁SELECT,0.7901027
<0x0A>,0.13729925
SELECT,0.06587691
▁CREATE,0.0019281055
▁Select,0.0018112875
▁select,0.0005396149
Select,0.00044735646
<0x09>,0.0002956846
1,0.00021802413
▁WHERE,0.00017112908
