Token,Probability
▁SELECT,0.57828534
<0x0A>,0.3792488
SELECT,0.036395404
▁CREATE,0.0017022355
<0x09>,0.001048717
▁Select,0.0008296034
Select,0.00034046854
▁WHERE,0.0003198406
▁select,0.00026104628
▁UPDATE,0.00023583567
