Token,Probability
▁SELECT,0.7730099
<0x0A>,0.19241738
SELECT,0.030924287
▁Select,0.00084364734
▁CREATE,0.0007503555
<0x09>,0.0003862499
Select,0.00028038738
▁select,0.0002654654
▁WHERE,0.00013880181
▁UPDATE,0.00010395775
