Token,Probability
▁SELECT,0.5893961
<0x0A>,0.36883467
SELECT,0.03767883
▁CREATE,0.0010199193
<0x09>,0.00072323106
▁Select,0.0005048966
▁UPDATE,0.00032598578
Select,0.00018002644
▁select,0.00017448762
▁WHERE,0.00016649725
