Token,Probability
▁SELECT,0.64013475
<0x0A>,0.32694885
SELECT,0.026421517
▁CREATE,0.0022728937
▁Select,0.0010569937
<0x09>,0.00076132396
▁WHERE,0.00033783546
Select,0.00031244673
▁UPDATE,0.00031244673
▁select,0.00019099483
