Token,Probability
▁SELECT,0.6241235
<0x0A>,0.32889
SELECT,0.0405272
▁CREATE,0.0029357804
▁Select,0.0009383317
<0x09>,0.00035615053
Select,0.00033457248
▁WHERE,0.00024287358
▁SQL,0.0002093701
▁select,0.00020612411
