Token,Probability
▁SELECT,0.8927491
<0x0A>,0.07679815
SELECT,0.02493271
▁CREATE,0.0023927195
▁Select,0.0010617628
<0x09>,0.00063400756
▁select,0.00023506764
▁WHERE,0.00021236592
▁UPDATE,0.00018888217
Select,0.00017883004
