Token,Probability
▁SELECT,0.7911418
<0x0A>,0.15823832
SELECT,0.04463317
▁CREATE,0.0016773703
▁Select,0.0012465157
<0x09>,0.00068303425
Select,0.00034077844
▁SQL,0.00033288432
▁select,0.00030547183
▁WHERE,0.00023976757
