Token,Probability
<0x0A>,0.4812395
▁SELECT,0.4812395
SELECT,0.033788316
▁CREATE,0.0011032276
▁Select,0.0006092601
<0x09>,0.00032105754
Select,0.0002600003
▁select,0.00022766388
▁SQL,0.00016918543
▁UPDATE,0.00013176174
