Token,Probability
▁SELECT,0.82594234
<0x0A>,0.108340055
SELECT,0.0570912
1,0.0015453879
▁CREATE,0.00113063
2,0.0010456617
▁Select,0.0009900127
▁select,0.00055102503
3,0.00043589668
<0x09>,0.00043250452
