Token,Probability
▁SELECT,0.7219122
<0x0A>,0.21675733
SELECT,0.05833945
▁Select,0.00065317575
▁CREATE,0.000585503
▁select,0.00024598825
<0x09>,0.00023472363
Select,0.00023472363
▁UPDATE,0.00010746431
1,0.000102543156
