Token,Probability
▁SELECT,0.73606604
<0x0A>,0.22448744
SELECT,0.036078416
▁CREATE,0.00067120534
<0x09>,0.0005106261
▁Select,0.00050270953
▁select,0.0002488593
▁WHERE,0.00021120413
Select,0.00020792971
▁SQL,0.000116637995
