Token,Probability
▁SELECT,0.66867375
<0x0A>,0.29212195
SELECT,0.033815566
▁CREATE,0.001462718
▁Select,0.0010701474
<0x09>,0.00037860335
▁WHERE,0.0003367368
Select,0.00033411628
▁UPDATE,0.0002663807
▁select,0.00024444467
