Token,Probability
▁SELECT,0.71334887
<0x0A>,0.23159046
SELECT,0.050873674
▁CREATE,0.000910199
▁Select,0.0005145799
<0x09>,0.00049101555
▁select,0.00028865316
▁WHERE,0.00025078622
Select,0.00024689813
▁UPDATE,0.00022305388
