Token,Probability
▁SELECT,0.54167205
<0x0A>,0.40887552
SELECT,0.043773815
▁CREATE,0.0022485503
▁Select,0.000814371
<0x09>,0.00050565443
Select,0.0002562532
▁select,0.00018313591
▁UPDATE,0.00016416196
▁SQL,0.0001542159
