Token,Probability
▁SELECT,0.5167847
<0x0A>,0.42842957
SELECT,0.049594324
▁CREATE,0.0012611215
▁Select,0.0009083517
<0x09>,0.00047124666
▁WHERE,0.00038162718
▁select,0.00027487575
Select,0.0002542185
▁FROM,0.00019644485
