Token,Probability
▁SELECT,0.8186536
<0x0A>,0.15143569
SELECT,0.025110498
▁Select,0.0011929282
▁CREATE,0.0011206524
<0x09>,0.00041226498
Select,0.0002811403
▁select,0.00026205156
▁WHERE,0.00024235809
1,0.00017185761
