Token,Probability
▁SELECT,0.79811794
<0x0A>,0.15232347
SELECT,0.044328656
▁CREATE,0.0016146712
▁Select,0.0005986632
<0x09>,0.0004924469
▁UPDATE,0.00045543892
▁select,0.0002940535
▁WHERE,0.0002850064
Select,0.00023813175
