Token,Probability
▁SELECT,0.8220258
<0x0A>,0.13845174
SELECT,0.033929057
▁CREATE,0.001611873
▁Select,0.0014224729
<0x09>,0.0005357082
▁select,0.00041074172
Select,0.00034051685
▁SQL,0.00014084387
▁UPDATE,0.00011229054
