Token,Probability
▁SELECT,0.7812399
<0x0A>,0.1400686
SELECT,0.07154004
▁Select,0.0012899872
1,0.0011837588
<0x09>,0.00071239856
▁CREATE,0.0005998998
2,0.00053356186
3,0.00036102603
Select,0.00031122385
