Token,Probability
▁SELECT,0.77018386
<0x0A>,0.19171394
SELECT,0.031296436
▁CREATE,0.0018794972
▁Select,0.0010139127
<0x09>,0.00077739375
▁UPDATE,0.0003020627
▁select,0.00028823025
1,0.00028823025
Select,0.0002728909
