Token,Probability
▁SELECT,0.7440847
<0x0A>,0.19109677
SELECT,0.059199017
▁Select,0.0013922274
▁CREATE,0.0013706429
<0x09>,0.00081844826
▁select,0.0003603579
Select,0.00035201022
▁WHERE,0.00023632847
▁SQL,0.00012949732
