Token,Probability
▁SELECT,0.83369803
<0x0A>,0.120105594
SELECT,0.042161025
▁CREATE,0.0008750242
▁Select,0.0008614582
<0x09>,0.00041333213
Select,0.0003347266
▁select,0.00023367684
▁WHERE,0.000230054
▁UPDATE,0.00014173215
