Token,Probability
▁SELECT,0.7000002
<0x0A>,0.24191362
SELECT,0.052317485
▁CREATE,0.002028569
▁Select,0.00076995796
<0x09>,0.000613864
▁select,0.00033375208
▁UPDATE,0.00028771226
Select,0.00027886027
▁WHERE,0.00015520913
