Token,Probability
▁SELECT,0.70932037
<0x0A>,0.2197372
SELECT,0.065977074
▁CREATE,0.0012370689
▁Select,0.0008568926
Select,0.00045866153
<0x09>,0.00043087263
▁select,0.0003489313
1,0.00018102318
▁SQL,0.00016741909
