Token,Probability
▁SELECT,0.7726253
<0x0A>,0.16972326
SELECT,0.05176267
▁CREATE,0.0010576445
▁Select,0.00084322767
<0x09>,0.00064149377
▁UPDATE,0.00032764298
Select,0.00031020612
▁SQL,0.00030539682
▁select,0.00027162555
