Token,Probability
▁SELECT,0.8629411
<0x0A>,0.10800975
SELECT,0.026468925
▁Select,0.0007626901
▁CREATE,0.00057570863
<0x09>,0.00024377038
▁select,0.00023079716
Select,0.00022900107
▁WHERE,8.165285e-05
▁UPDATE,7.37672e-05
