Token,Probability
▁SELECT,0.81919944
<0x0A>,0.116187185
SELECT,0.06027712
▁CREATE,0.0012316165
▁Select,0.0011390592
Select,0.0003367052
▁select,0.00032380625
<0x09>,0.00020906504
▁UPDATE,0.000100310506
1,9.205009e-05
