Token,Probability
▁SELECT,0.6278577
<0x0A>,0.33085775
SELECT,0.03597911
▁CREATE,0.0014620118
<0x09>,0.0010530477
▁Select,0.00047836849
▁select,0.0002386669
▁SQL,0.00023680956
▁UPDATE,0.00020735737
▁WHERE,0.00019177423
