Token,Probability
▁SELECT,0.6719776
<0x0A>,0.28901398
SELECT,0.034517795
▁CREATE,0.0017456028
<0x09>,0.0004847364
▁Select,0.00041786893
▁WHERE,0.00026979644
Select,0.00017832455
▁select,0.00015860515
▁UPDATE,0.00015016433
