Token,Probability
▁SELECT,0.79702806
<0x0A>,0.14975713
SELECT,0.04938466
▁Select,0.00088355865
▁CREATE,0.00053590536
Select,0.00034064223
▁select,0.00029595505
<0x09>,0.00029365194
▁UPDATE,0.00017262905
▁SQL,0.00015718056
