Token,Probability
▁SELECT,0.66082704
<0x0A>,0.2842182
SELECT,0.048623998
▁CREATE,0.0015876298
▁Select,0.0010911609
<0x09>,0.0007100319
Select,0.0004273047
▁WHERE,0.00039519227
▁select,0.00035702647
▁UPDATE,0.00022871974
