Token,Probability
▁SELECT,0.6365391
<0x0A>,0.3251124
SELECT,0.034266595
▁CREATE,0.00094216096
▁Select,0.00067333214
<0x09>,0.0004887867
Select,0.00025556804
▁WHERE,0.0002496478
▁select,0.00024196696
▁SQL,0.00020858855
