Token,Probability
▁SELECT,0.80404294
<0x0A>,0.15832543
SELECT,0.033186816
▁CREATE,0.0011625201
<0x09>,0.0008438991
▁Select,0.00066238403
Select,0.00022713236
▁select,0.000223611
▁WHERE,0.00020360012
▁SQL,0.00016232417
