Token,Probability
▁SELECT,0.88303554
<0x0A>,0.06297516
SELECT,0.050601967
▁Select,0.0009562274
▁CREATE,0.00061738683
<0x09>,0.000377401
Select,0.00026553473
▁select,0.00026346833
▁UPDATE,0.00012941129
▁WHERE,0.000119685894
