Token,Probability
▁SELECT,0.75960964
<0x0A>,0.18615036
SELECT,0.049324937
▁CREATE,0.0012641085
▁Select,0.00088249
<0x09>,0.00044029063
▁select,0.0004334645
Select,0.00030737236
▁WHERE,0.00024505865
▁SQL,0.00018497994
