Token,Probability
▁SELECT,0.6516411
<0x0A>,0.30304125
SELECT,0.041658018
▁CREATE,0.0009645138
▁Select,0.0005452867
<0x09>,0.00045917745
▁select,0.00024965042
Select,0.00021353732
▁UPDATE,0.00021187558
▁SQL,0.00021022676
