Token,Probability
▁SELECT,0.765796
<0x0A>,0.19667268
SELECT,0.03364673
▁CREATE,0.0010815723
▁Select,0.00091077515
<0x09>,0.0003538891
▁select,0.00026505068
Select,0.00026298803
▁SQL,0.00016979784
▁WHERE,0.0001522058
