Token,Probability
▁SELECT,0.92699707
<0x0A>,0.03594358
SELECT,0.029798275
▁CREATE,0.0025633767
▁Select,0.0017344675
Select,0.00034153688
▁select,0.0002618654
▁SQL,0.0002598276
▁UPDATE,0.00024987373
▁WHERE,0.00023109544
