Token,Probability
▁SELECT,0.5312782
<0x0A>,0.38266534
SELECT,0.07896745
▁CREATE,0.0022401344
<0x09>,0.00072726514
▁Select,0.00066737604
1,0.00033557773
Select,0.00029384167
▁select,0.00029155496
▁UPDATE,0.0002803857
