Token,Probability
▁SELECT,0.60649294
<0x0A>,0.32463232
SELECT,0.0475042
▁CREATE,0.0061345897
1,0.0029434082
2,0.0022744895
▁Select,0.0017713741
<0x09>,0.0014345025
3,0.0008700698
▁SQL,0.000646581
