Token,Probability
▁SELECT,0.6025684
<0x0A>,0.34873983
SELECT,0.04364991
▁CREATE,0.00154103
▁Select,0.00085103774
<0x09>,0.00049640593
Select,0.00031307928
▁select,0.00027414138
▁WHERE,0.00022727117
▁UPDATE,0.00021856456
