Token,Probability
▁SELECT,0.84164876
<0x0A>,0.12907103
SELECT,0.02541559
▁CREATE,0.001032763
▁Select,0.00082984846
<0x09>,0.0004802794
▁select,0.00029589157
Select,0.00024339376
▁WHERE,0.00016340683
▁UPDATE,0.000112307775
