Token,Probability
▁SELECT,0.793904
<0x0A>,0.16641133
SELECT,0.03380851
▁CREATE,0.0021953413
▁Select,0.00074111467
<0x09>,0.0006643309
▁WHERE,0.00042892422
▁UPDATE,0.00027264084
▁select,0.00022079128
Select,0.00021736823
