Token,Probability
▁SELECT,0.6891046
<0x0A>,0.25350744
SELECT,0.054824825
▁Select,0.0005374837
▁CREATE,0.00047432765
<0x09>,0.00038113297
▁select,0.0002519135
Select,0.00019466368
▁WHERE,0.000101782265
▁UPDATE,9.4133204e-05
