Token,Probability
▁SELECT,0.7415505
<0x0A>,0.20916393
SELECT,0.03930074
▁CREATE,0.003655538
▁Select,0.0009686212
<0x09>,0.0009170722
▁WHERE,0.0005064553
▁UPDATE,0.000502514
1,0.00037053064
▁select,0.0003453725
