Token,Probability
▁SELECT,0.7336626
<0x0A>,0.21350798
SELECT,0.048390295
▁CREATE,0.0013514449
▁Select,0.0005589819
<0x09>,0.00045622772
▁UPDATE,0.00042194163
Select,0.00025792775
▁select,0.00025392894
▁INSERT,0.0001516279
