Token,Probability
▁SELECT,0.66142404
<0x0A>,0.29350516
SELECT,0.031422373
▁CREATE,0.004186626
<0x09>,0.0015522534
▁Select,0.0009866724
1,0.0007928135
2,0.0007565079
▁WHERE,0.0006834479
▁UPDATE,0.0005281276
