Token,Probability
▁SELECT,0.61854064
<0x0A>,0.32594803
SELECT,0.04998575
▁CREATE,0.0015094387
▁Select,0.00079541834
<0x09>,0.00038164586
▁UPDATE,0.00036133503
▁select,0.00032389868
Select,0.00031887708
▁WHERE,0.00028361514
