Token,Probability
▁SELECT,0.73825127
<0x0A>,0.20500496
SELECT,0.050238628
▁CREATE,0.0015652323
▁Select,0.0011723049
<0x09>,0.000504202
▁select,0.00043126682
Select,0.0003332572
▁WHERE,0.0002784468
▁UPDATE,0.00026569577
