Token,Probability
▁SELECT,0.60289174
<0x0A>,0.3381916
SELECT,0.05268009
▁CREATE,0.0012882699
<0x09>,0.00081887416
▁Select,0.0006631445
▁UPDATE,0.0005164575
▁WHERE,0.00035773963
▁select,0.00033606525
Select,0.00030360968
