Token,Probability
▁SELECT,0.8096331
<0x0A>,0.10620074
SELECT,0.07769813
▁Select,0.0014010279
▁CREATE,0.00075579784
1,0.0006881618
2,0.0005074186
Select,0.00048418224
▁select,0.00046200992
3,0.00027373183
