Token,Probability
<0x0A>,0.5587853
▁SELECT,0.402478
SELECT,0.035168134
▁CREATE,0.0009519579
<0x09>,0.0004749494
▁Select,0.0003698909
Select,0.00021407644
▁UPDATE,0.00019040353
▁select,0.00018892181
▁WHERE,0.00015662168
