Token,Probability
▁SELECT,0.6366808
<0x0A>,0.32518473
SELECT,0.03321971
▁CREATE,0.001653912
▁Select,0.00055833615
▁UPDATE,0.00048131583
<0x09>,0.00047385375
▁select,0.00035490002
Select,0.00018556378
2,0.00012753601
