Token,Probability
▁SELECT,0.75297934
<0x0A>,0.17065822
SELECT,0.06788315
▁CREATE,0.0026321155
▁Select,0.0013979059
<0x09>,0.0008027499
▁select,0.000502348
Select,0.00043987058
1,0.0003942975
2,0.00031191498
