Token,Probability
▁SELECT,0.78740543
<0x0A>,0.16249028
SELECT,0.044422377
▁CREATE,0.0018624042
▁Select,0.0008200055
<0x09>,0.000729328
▁WHERE,0.00031123898
▁select,0.00028560896
▁SQL,0.00026414508
▁UPDATE,0.0002620895
