Token,Probability
▁SELECT,0.8659151
<0x0A>,0.10341881
SELECT,0.026560146
▁CREATE,0.0015703316
▁Select,0.0006546117
▁UPDATE,0.00026242877
Select,0.00020278922
<0x09>,0.00019350283
▁select,0.00019199698
▁WHERE,0.00018902034
