Token,Probability
▁SELECT,0.73397356
<0x0A>,0.21028695
SELECT,0.04917316
▁Select,0.0011034845
▁CREATE,0.0009512631
<0x09>,0.00088667485
▁select,0.0004059493
Select,0.0004059493
▁WHERE,0.0003554611
1,0.00034995016
