Token,Probability
▁SELECT,0.8758469
<0x0A>,0.090882406
SELECT,0.029969834
▁CREATE,0.0009785497
▁Select,0.0007740966
<0x09>,0.00024741612
▁select,0.00020997932
Select,0.00017544431
▁SQL,0.00012344049
▁WHERE,9.538742e-05
