Token,Probability
▁SELECT,0.7757169
<0x0A>,0.14126854
SELECT,0.076806374
▁CREATE,0.0015940655
▁Select,0.0010454138
<0x09>,0.00068559905
▁select,0.0003937064
Select,0.0003937064
▁UPDATE,0.00030661884
▁WHERE,0.0002791796
