Token,Probability
▁SELECT,0.8166124
<0x0A>,0.15343693
SELECT,0.02666334
▁CREATE,0.0011178583
▁Select,0.0005198523
<0x09>,0.00030560547
▁UPDATE,0.00022710669
Select,0.00018827805
▁select,0.00018681286
▁WHERE,0.0001597895
