Token,Probability
▁SELECT,0.7668408
<0x0A>,0.196941
SELECT,0.0316513
▁CREATE,0.001390661
▁Select,0.00078009017
<0x09>,0.00035437194
▁select,0.0003355126
Select,0.00024355603
▁SQL,0.00023791406
▁UPDATE,0.0001781894
