Token,Probability
▁SELECT,0.75869834
<0x0A>,0.20103505
SELECT,0.034934655
▁CREATE,0.0014419253
▁Select,0.0009530545
<0x09>,0.00047922586
▁WHERE,0.00039420044
Select,0.00023173848
▁select,0.0002045085
▁FROM,0.00019362476
