Token,Probability
▁SELECT,0.8497443
<0x0A>,0.11321748
SELECT,0.033994053
▁Select,0.00059877045
▁CREATE,0.0005494626
<0x09>,0.00047366638
▁select,0.00026988698
Select,0.00023084658
▁WHERE,0.0001769962
▁UPDATE,0.00014111368
