Token,Probability
▁SELECT,0.8162267
<0x0A>,0.1271436
SELECT,0.052179627
▁Select,0.00089081336
▁CREATE,0.0008500201
<0x09>,0.00041426675
Select,0.00035992116
▁select,0.00031762928
1,0.00015240021
▁SQL,0.00015121422
