Token,Probability
▁SELECT,0.71713096
<0x0A>,0.22920883
SELECT,0.047299918
▁CREATE,0.0018340165
▁Select,0.0010449912
<0x09>,0.0006961142
Select,0.00030649497
▁select,0.00028125558
▁UPDATE,0.0002501539
▁SQL,0.00022249148
