Token,Probability
▁SELECT,0.7677676
<0x0A>,0.17131211
SELECT,0.057382368
▁Select,0.0013707555
▁CREATE,0.00044850947
Select,0.00044155598
<0x09>,0.00033071017
▁select,0.00019902489
select,0.00010325274
1,6.666499e-05
