Token,Probability
▁SELECT,0.87597084
<0x0A>,0.0654694
SELECT,0.055998944
▁Select,0.00073875266
<0x09>,0.00035445738
▁select,0.00030556138
▁CREATE,0.00026547632
Select,0.00023611952
▁WHERE,7.9710444e-05
select,6.979679e-05
