Token,Probability
▁SELECT,0.6726567
<0x0A>,0.28040504
SELECT,0.040396176
▁CREATE,0.0018312249
▁Select,0.0009956197
<0x09>,0.0008318715
Select,0.0003413994
▁select,0.00033349084
▁SQL,0.0003012839
▁UPDATE,0.00029201433
