Token,Probability
▁SELECT,0.7264513
<0x0A>,0.23218778
SELECT,0.03451163
▁CREATE,0.0020404523
▁Select,0.00087758753
▁WHERE,0.00054918026
▁UPDATE,0.00045528638
<0x09>,0.0004447397
▁select,0.00037450838
Select,0.00031291347
