Token,Probability
▁SELECT,0.8731323
<0x0A>,0.104280785
SELECT,0.015991976
▁CREATE,0.0031001861
<0x09>,0.0011952282
▁Select,0.0007961936
▁select,0.00022282904
▁WHERE,0.00020447942
▁UPDATE,0.00019511563
Select,0.00013099443
