Token,Probability
▁SELECT,0.7068854
<0x0A>,0.24050565
SELECT,0.045901306
▁CREATE,0.0017116042
▁Select,0.001213709
Select,0.0004865666
<0x09>,0.0004227364
▁select,0.00038191047
▁SQL,0.00032412325
1,0.0002298378
