Token,Probability
▁SELECT,0.66647935
<0x0A>,0.2957484
SELECT,0.030688385
▁CREATE,0.0036083807
<0x09>,0.0013483533
▁Select,0.0006674834
▁select,0.00021334049
▁UPDATE,0.00019577224
▁WHERE,0.00019123717
Select,0.00017825265
