Token,Probability
▁SELECT,0.64784795
<0x0A>,0.30127728
SELECT,0.046202365
▁CREATE,0.0016058546
▁Select,0.0006239678
<0x09>,0.00060951366
▁select,0.00028791386
Select,0.00023868897
▁UPDATE,0.00016277174
▁WHERE,0.00015171993
