Token,Probability
▁SELECT,0.8712881
<0x0A>,0.09183309
SELECT,0.033259742
▁Select,0.0008726007
▁CREATE,0.0005997291
<0x09>,0.0005334101
Select,0.0002366993
▁select,0.00022763146
▁WHERE,0.00022586004
1,0.00012571004
