Token,Probability
<0x0A>,0.4963928
▁SELECT,0.46631786
SELECT,0.031733327
▁CREATE,0.0019971926
▁Select,0.00066897576
<0x09>,0.0005589501
▁UPDATE,0.00044563392
Select,0.00027887058
▁select,0.00022060478
▁WHERE,0.00021215357
