Token,Probability
▁SELECT,0.741739
<0x0A>,0.20278014
SELECT,0.049693413
▁CREATE,0.0025130506
▁Select,0.00067637843
<0x09>,0.0004367027
▁UPDATE,0.00031209737
▁select,0.00030014108
▁WHERE,0.00027542494
Select,0.00026487358
