Token,Probability
▁SELECT,0.82427746
<0x0A>,0.14101724
SELECT,0.030024305
▁CREATE,0.0018030996
▁Select,0.00075164373
▁UPDATE,0.00042494087
▁WHERE,0.0002557339
Select,0.000244023
<0x09>,0.00022745444
▁select,0.00019004529
