Token,Probability
▁SELECT,0.7906232
<0x0A>,0.17918997
SELECT,0.025414543
▁Select,0.0012263858
▁CREATE,0.0011886539
<0x09>,0.00051123364
▁select,0.00040127194
Select,0.00023223838
▁SQL,0.00020335472
▁WHERE,0.00016990921
