Token,Probability
▁SELECT,0.55171466
<0x0A>,0.39738515
SELECT,0.041884087
▁CREATE,0.0030818528
▁Select,0.0011161731
▁UPDATE,0.00069304765
<0x09>,0.00067699316
▁WHERE,0.00044052786
Select,0.0003539741
2,0.00031238105
