Token,Probability
▁SELECT,0.81593275
<0x0A>,0.13319737
SELECT,0.046756674
▁CREATE,0.0010329894
<0x09>,0.00049563375
▁Select,0.0004917767
▁WHERE,0.0003275939
▁select,0.00024728084
Select,0.0002434471
▁UPDATE,0.0002304911
