Token,Probability
▁SELECT,0.72808427
<0x0A>,0.22205314
SELECT,0.045823257
▁CREATE,0.0010283102
▁Select,0.000648547
▁UPDATE,0.00043882887
<0x09>,0.00031607656
Select,0.0003016024
▁select,0.00023306027
▁WHERE,0.0001589333
