Token,Probability
▁SELECT,0.56863296
<0x0A>,0.39081538
SELECT,0.036923945
▁CREATE,0.0010474516
▁Select,0.0005391819
<0x09>,0.00044351898
▁select,0.00023009459
Select,0.0002212798
▁UPDATE,0.00017233289
▁SQL,0.00010534498
