Token,Probability
▁SELECT,0.5265417
<0x0A>,0.4165288
SELECT,0.05213469
▁CREATE,0.0012070816
<0x09>,0.0006461042
▁Select,0.00060695875
Select,0.0002610497
▁select,0.00020812696
▁UPDATE,0.00019098804
▁SQL,0.0001865638
