Token,Probability
▁SELECT,0.54144555
<0x0A>,0.41514072
SELECT,0.03922219
▁CREATE,0.0009666851
▁Select,0.0008268496
<0x09>,0.0004638206
Select,0.0002902515
▁select,0.00025415272
▁SQL,0.00025021244
▁UPDATE,0.0001859421
