Token,Probability
▁SELECT,0.7525289
<0x0A>,0.19940032
SELECT,0.04312334
▁CREATE,0.0009829613
▁Select,0.00087426376
<0x09>,0.00066510483
▁WHERE,0.00039715224
▁UPDATE,0.00037308998
Select,0.00027083428
▁select,0.00022278223
