Token,Probability
▁SELECT,0.58880526
<0x0A>,0.38016126
SELECT,0.023189984
▁CREATE,0.0028132645
▁Select,0.0015536322
<0x09>,0.00074544083
Select,0.00040846792
▁UPDATE,0.00039900572
▁select,0.000325659
▁WHERE,0.0002458203
