Token,Probability
▁SELECT,0.65469265
<0x0A>,0.2815798
SELECT,0.05902233
▁CREATE,0.0013665521
▁Select,0.0007145183
<0x09>,0.0004103133
▁select,0.0003322819
Select,0.0002798094
▁UPDATE,0.00018065852
▁SQL,0.00015094584
