Token,Probability
▁SELECT,0.67428917
<0x0A>,0.2682137
SELECT,0.051995598
▁Select,0.0012616357
▁CREATE,0.0010217037
Select,0.0005598474
<0x09>,0.00043600958
▁select,0.000292723
1,0.0002686177
2,0.00019961975
