Token,Probability
<0x0A>,0.5511507
▁SELECT,0.4225819
SELECT,0.02384044
▁CREATE,0.0006062325
▁Select,0.00035918088
<0x09>,0.00030963327
Select,0.00014512218
▁select,0.00013956265
▁WHERE,0.00011390771
▁UPDATE,8.0144084e-05
