Token,Probability
▁SELECT,0.8024745
<0x0A>,0.16559997
SELECT,0.028776962
▁CREATE,0.0008555166
▁Select,0.0008163395
<0x09>,0.00037083897
Select,0.00021462512
▁select,0.00020640297
▁WHERE,9.449816e-05
▁UPDATE,8.739652e-05
