Token,Probability
▁SELECT,0.80181354
<0x0A>,0.10683132
SELECT,0.08584137
▁Select,0.0013874967
▁CREATE,0.0010976002
Select,0.00047207193
▁select,0.00046475316
<0x09>,0.00043319754
1,0.00028409789
2,0.00018058362
