Token,Probability
▁SELECT,0.746026
<0x0A>,0.21710594
SELECT,0.03176962
▁CREATE,0.0013529136
▁Select,0.0007073872
<0x09>,0.00047864215
▁select,0.00029952658
▁UPDATE,0.00023510114
1,0.00023510114
Select,0.00022433505
