Token,Probability
▁SELECT,0.7448816
<0x0A>,0.18254109
SELECT,0.063084505
▁CREATE,0.0019964094
▁Select,0.0013403258
<0x09>,0.00075185456
▁WHERE,0.0007174247
2,0.0005587309
1,0.0004969456
▁UPDATE,0.0004317538
