Token,Probability
▁SELECT,0.6916142
<0x0A>,0.25443068
SELECT,0.04932363
▁CREATE,0.0011068613
▁Select,0.000992184
<0x09>,0.00038854484
Select,0.00037659056
▁select,0.00023937551
▁SQL,0.00021966333
▁UPDATE,0.00018497507
