Token,Probability
▁SELECT,0.8119374
<0x0A>,0.14557235
SELECT,0.034576464
▁CREATE,0.0022103991
1,0.0011924211
▁Select,0.0009000866
▁UPDATE,0.00036652017
<0x09>,0.00036366787
▁UN,0.0003389757
▁select,0.0003363378
