Token,Probability
▁SELECT,0.6788767
<0x0A>,0.2874545
SELECT,0.02802059
▁CREATE,0.0023362907
▁Select,0.00093660096
<0x09>,0.0003313565
▁select,0.00027685871
Select,0.00024432695
▁WHERE,0.00023680982
▁SQL,0.00020898391
