Token,Probability
▁SELECT,0.75743014
<0x0A>,0.20069903
SELECT,0.037710227
▁CREATE,0.0009893633
▁Select,0.0007585712
<0x09>,0.00047100757
Select,0.00028125144
▁select,0.0002540895
▁UPDATE,0.00020738182
▁WHERE,0.00019030426
