Token,Probability
▁SELECT,0.5410919
<0x0A>,0.40210536
SELECT,0.05112196
▁CREATE,0.0015437494
▁Select,0.0007642114
<0x09>,0.0005335056
Select,0.00031119102
▁select,0.00028556495
▁SQL,0.00027036745
▁UPDATE,0.0002348993
