Token,Probability
▁SELECT,0.82904613
<0x0A>,0.12516725
SELECT,0.041925773
▁Select,0.00091190066
▁CREATE,0.00075599225
<0x09>,0.0003684412
Select,0.00030544848
▁select,0.00026331304
1,0.00015358914
▁WHERE,0.0001303494
