Token,Probability
▁SELECT,0.76805484
<0x0A>,0.18530186
SELECT,0.040705416
▁CREATE,0.0018166354
▁Select,0.0008252438
<0x09>,0.0007874532
▁WHERE,0.00042813082
▁select,0.00027427092
Select,0.00023459636
▁SQL,0.00018850349
