Token,Probability
▁SELECT,0.65327793
<0x0A>,0.285396
SELECT,0.055326536
▁CREATE,0.0014290398
▁Select,0.0012319093
<0x09>,0.00062919763
Select,0.00037278727
▁WHERE,0.0003188619
▁SQL,0.00031391837
▁select,0.00027273697
