Token,Probability
▁SELECT,0.6441052
<0x0A>,0.290321
SELECT,0.06085458
▁CREATE,0.0011499714
▁Select,0.00089559867
<0x09>,0.00059195457
Select,0.0003218401
▁UPDATE,0.00026890746
▁select,0.00026473845
▁WHERE,0.0001593224
