Token,Probability
▁SELECT,0.5698518
<0x0A>,0.37960318
SELECT,0.03422226
▁CREATE,0.0047044144
▁Select,0.0018422751
<0x09>,0.0010579297
2,0.00097081094
1,0.0008175047
▁WHERE,0.00080483046
3,0.00048815433
