Token,Probability
<0x0A>,0.51322985
▁SELECT,0.44590184
SELECT,0.03385118
▁CREATE,0.0026514293
▁Select,0.0005557698
▁WHERE,0.00039719074
▁UPDATE,0.00039719074
<0x09>,0.00038197462
▁select,0.0002524698
▁SQL,0.00024662135
