Token,Probability
▁SELECT,0.8132972
<0x0A>,0.15281403
SELECT,0.02962435
▁CREATE,0.0011667495
▁Select,0.0009229748
<0x09>,0.00031648928
Select,0.00026237886
▁select,0.00026033702
▁UPDATE,0.00023703954
▁SQL,0.00019651267
