Token,Probability
▁SELECT,0.70895636
<0x0A>,0.21621947
SELECT,0.064920865
▁CREATE,0.0020385354
▁Select,0.0014914242
<0x09>,0.00066700624
1,0.0005529676
▁WHERE,0.0005401581
2,0.0005074315
▁select,0.00045842616
