Token,Probability
▁SELECT,0.7506224
<0x0A>,0.20202728
SELECT,0.04234722
▁CREATE,0.0014265768
▁Select,0.0008788884
<0x09>,0.0005809098
Select,0.00037214474
▁select,0.0002875712
▁WHERE,0.00020075706
▁UPDATE,0.00017995745
