Token,Probability
▁SELECT,0.8776276
<0x0A>,0.08291761
SELECT,0.0345652
▁CREATE,0.0022096795
▁Select,0.0006430533
<0x09>,0.00029672036
▁select,0.00023472514
▁WHERE,0.00020876885
Select,0.00019157707
▁UPDATE,0.00018568286
