Token,Probability
▁SELECT,0.6468419
<0x0A>,0.31035814
SELECT,0.038845874
▁CREATE,0.001136953
▁Select,0.000545516
<0x09>,0.00032829735
▁select,0.0002478118
Select,0.00021699128
▁UPDATE,0.00018415813
▁SQL,0.0001743574
