Token,Probability
▁SELECT,0.6375261
<0x0A>,0.33074418
SELECT,0.02845205
▁CREATE,0.00083274336
▁Select,0.0004422667
<0x09>,0.0004090298
Select,0.0002056731
▁select,0.00017869189
▁WHERE,0.00017592152
▁UPDATE,0.00011537215
