Token,Probability
▁SELECT,0.7544158
<0x0A>,0.20304826
SELECT,0.036404546
▁CREATE,0.0019597535
▁Select,0.0012953179
▁WHERE,0.00041078663
▁SQL,0.00035412025
<0x09>,0.00032750765
Select,0.00029357595
▁select,0.00018228547
