Token,Probability
▁SELECT,0.6386703
<0x0A>,0.2924046
SELECT,0.06423277
▁Select,0.0012329238
▁CREATE,0.00084078097
<0x09>,0.00043619142
Select,0.00038194197
▁select,0.00023715316
1,0.00020126929
▁UPDATE,0.0001617244
