Token,Probability
▁SELECT,0.8289514
<0x0A>,0.13322462
SELECT,0.034214914
▁CREATE,0.0008432739
<0x09>,0.0006026607
▁Select,0.00059797073
▁SQL,0.0002287442
▁UPDATE,0.00019565529
▁select,0.00019262193
Select,0.0001686654
