Token,Probability
▁SELECT,0.8174884
<0x0A>,0.10723114
SELECT,0.0703239
▁CREATE,0.0010761869
▁Select,0.001067812
▁select,0.00044513025
<0x09>,0.00033600195
Select,0.00028516116
1,0.00017568268
▁UPDATE,0.00015748096
