Token,Probability
▁SELECT,0.849999
<0x0A>,0.10806524
SELECT,0.03853185
▁CREATE,0.0012004965
▁Select,0.00066297717
<0x09>,0.0003156244
▁select,0.00021862665
Select,0.00020861502
▁UPDATE,0.000108228036
▁SQL,9.8542754e-05
