Token,Probability
▁SELECT,0.85790503
<0x0A>,0.10087361
SELECT,0.034860987
▁CREATE,0.0016561463
<0x09>,0.0009146109
▁Select,0.0008864712
▁WHERE,0.000581362
▁select,0.0002833332
▁SQL,0.0002520018
Select,0.0002500407
