Token,Probability
▁SELECT,0.64899606
<0x0A>,0.30656403
SELECT,0.037190434
▁CREATE,0.0024149453
<0x09>,0.00097572606
▁Select,0.0008026104
▁UPDATE,0.00041965453
▁select,0.000388117
Select,0.0003345778
▁SQL,0.00022287686
