Token,Probability
▁SELECT,0.7539932
<0x0A>,0.19063933
SELECT,0.052117895
▁Select,0.0009545725
▁CREATE,0.0005396664
Select,0.00034303282
▁select,0.0002888626
<0x09>,0.0002799752
select,9.3050156e-05
1,7.2467534e-05
