Token,Probability
▁SELECT,0.671619
<0x0A>,0.2843814
SELECT,0.04096902
▁CREATE,0.0008502849
▁Select,0.0005843917
<0x09>,0.0002782122
Select,0.00025530183
▁select,0.00019121225
▁UPDATE,0.00013453462
▁WHERE,0.00012540005
