Token,Probability
▁SELECT,0.7699052
<0x0A>,0.1857483
SELECT,0.038934954
▁CREATE,0.002095972
▁Select,0.0008874904
<0x09>,0.00039075676
Select,0.0003530193
▁select,0.0003019534
▁UPDATE,0.00022264649
▁SQL,0.00020915702
