Token,Probability
▁SELECT,0.7227598
<0x0A>,0.21364738
SELECT,0.05573325
▁CREATE,0.0027317759
▁Select,0.0008938337
<0x09>,0.0006239965
Select,0.0003726053
▁WHERE,0.000316226
▁select,0.0003041116
1,0.00025409475
