Token,Probability
▁SELECT,0.68118215
<0x0A>,0.2545392
SELECT,0.060458347
▁CREATE,0.0010732642
▁Select,0.00096206786
Select,0.00031725632
<0x09>,0.00026715657
▁select,0.00016981507
▁WHERE,0.00012521377
▁SQL,0.00010878761
