Token,Probability
▁SELECT,0.6646631
<0x0A>,0.2602858
SELECT,0.07005497
▁CREATE,0.00167348
▁Select,0.0010150168
Select,0.00043997722
<0x09>,0.0003763325
▁select,0.00029770352
▁UPDATE,0.00020143625
▁WHERE,0.00016185857
