Token,Probability
▁SELECT,0.74223804
<0x0A>,0.20935784
SELECT,0.04388379
▁Select,0.0010986092
▁CREATE,0.00072048546
<0x09>,0.00043022155
Select,0.0002933856
▁select,0.00027346544
1,0.00019696976
▁UPDATE,0.00017518856
