Token,Probability
▁SELECT,0.5963213
<0x0A>,0.35055918
SELECT,0.049719866
▁CREATE,0.0010001545
▁Select,0.0007668451
▁select,0.00026295224
Select,0.00024702077
<0x09>,0.00023942071
1,9.5981915e-05
select,8.536808e-05
