Token,Probability
▁SELECT,0.67320216
<0x0A>,0.26362976
SELECT,0.056130018
▁Select,0.0018615709
<0x09>,0.0013408393
▁CREATE,0.0012894724
▁select,0.00039945994
Select,0.00038116734
▁WHERE,0.0003637124
▁UPDATE,0.0001469531
