Token,Probability
▁SELECT,0.5229247
<0x0A>,0.42018184
SELECT,0.052591924
▁CREATE,0.001256321
▁Select,0.0006122819
<0x09>,0.00053613196
Select,0.0002803231
▁WHERE,0.00020669728
▁select,0.00018528225
▁UPDATE,0.00015122296
