Token,Probability
▁SELECT,0.5281722
<0x0A>,0.4243983
SELECT,0.043355014
▁CREATE,0.0012203159
▁Select,0.0005630834
<0x09>,0.0003310196
Select,0.00031096415
▁WHERE,0.00019921112
▁select,0.00018138379
▁SQL,0.00017718204
