Token,Probability
▁SELECT,0.7772643
<0x0A>,0.19047682
SELECT,0.027872916
▁CREATE,0.001205664
▁Select,0.0005563225
<0x09>,0.0004721448
▁UPDATE,0.00042322784
▁select,0.00025470302
Select,0.00021115622
▁WHERE,0.00019076376
