Token,Probability
▁SELECT,0.66023237
<0x0A>,0.2626223
SELECT,0.07179694
▁CREATE,0.0015373987
▁Select,0.0009108786
<0x09>,0.0004269202
Select,0.00038569025
▁select,0.00032478376
2,0.00018505623
▁UPDATE,0.00017658187
