Token,Probability
▁SELECT,0.8169416
<0x0A>,0.1354622
SELECT,0.04329632
▁CREATE,0.0011538079
▁Select,0.001118309
<0x09>,0.0005040613
Select,0.000357433
▁select,0.00025946854
▁SQL,0.00017149822
▁UPDATE,8.827971e-05
