Token,Probability
▁SELECT,0.6198567
<0x0A>,0.31659183
SELECT,0.059485845
▁CREATE,0.00082886394
▁Select,0.00074881624
<0x09>,0.00042334228
Select,0.00037069092
▁select,0.00022837606
▁UPDATE,0.00013743913
1,0.00013321056
