Token,Probability
▁SELECT,0.81689966
<0x0A>,0.14419135
SELECT,0.033194736
▁CREATE,0.0019022098
▁Select,0.0009945935
<0x09>,0.0005846913
▁UPDATE,0.00031541733
Select,0.00031052725
▁select,0.0002740393
▁SQL,0.00026354103
