Token,Probability
▁SELECT,0.7486287
<0x0A>,0.2111604
SELECT,0.037272025
▁CREATE,0.0010409338
<0x09>,0.00044075906
▁Select,0.00039201925
▁UPDATE,0.00017395747
▁WHERE,0.00017260372
▁select,0.00015839009
Select,0.00014648687
