Token,Probability
▁SELECT,0.6217751
<0x0A>,0.34878418
SELECT,0.024108835
▁CREATE,0.0016927058
▁Select,0.00073373376
<0x09>,0.00044156873
▁UPDATE,0.00040520626
▁SQL,0.0002784939
Select,0.00027632664
▁select,0.00026992554
