Token,Probability
▁SELECT,0.8167653
<0x0A>,0.13543296
SELECT,0.043968648
▁CREATE,0.0011007336
▁Select,0.00066762866
<0x09>,0.00056660915
▁select,0.00023805033
Select,0.00021844727
▁WHERE,0.00017146122
▁SQL,0.00015369685
