Token,Probability
▁SELECT,0.8182738
<0x0A>,0.13999014
SELECT,0.036518607
▁CREATE,0.001372415
▁Select,0.00093590573
<0x09>,0.00087236013
▁select,0.00034162108
Select,0.0002558624
▁SQL,0.00022935357
▁WHERE,0.00022935357
