Token,Probability
▁SELECT,0.60223067
<0x0A>,0.35960835
SELECT,0.032930214
▁CREATE,0.0016915422
▁Select,0.0005937872
<0x09>,0.00048086344
▁UPDATE,0.00036582162
Select,0.0003104688
▁WHERE,0.00029625138
▁select,0.00028490217
