Token,Probability
▁SELECT,0.80223256
<0x0A>,0.1372458
SELECT,0.056325562
▁Select,0.0012639902
<0x09>,0.00065574946
Select,0.0003885187
▁CREATE,0.00038549525
▁select,0.00023381467
1,0.00021624322
2,0.00015944775
