Token,Probability
▁SELECT,0.76540524
<0x0A>,0.18179968
SELECT,0.04817212
▁CREATE,0.0014775797
▁Select,0.0008159971
Select,0.00030971752
▁UPDATE,0.00030971752
▁select,0.0002508169
<0x09>,0.00022134514
▁WHERE,0.0001497696
