Token,Probability
▁SELECT,0.6414583
<0x0A>,0.29368103
SELECT,0.056932658
▁Select,0.0025408384
▁CREATE,0.0013181696
Select,0.0007871151
<0x09>,0.00039889052
▁select,0.00036036756
▁WHERE,0.00034656207
ica,0.00033069187
