Token,Probability
▁SELECT,0.7586428
<0x0A>,0.2074014
SELECT,0.029879006
▁CREATE,0.0014194665
▁Select,0.00056905317
<0x09>,0.00041308827
▁WHERE,0.000228129
Select,0.00022284444
▁select,0.00021768223
▁UPDATE,0.00021768223
