Token,Probability
▁SELECT,0.76995146
<0x0A>,0.19773988
SELECT,0.027610676
▁CREATE,0.0016324427
▁Select,0.00074738666
▁select,0.00045331294
<0x09>,0.00044281196
Select,0.00020432415
▁SQL,0.00016939067
▁WHERE,9.501955e-05
