Token,Probability
▁SELECT,0.7346675
<0x0A>,0.17449883
SELECT,0.082427405
▁CREATE,0.003146507
▁Select,0.0017650306
Select,0.0006442654
<0x09>,0.0004825325
▁select,0.0002949662
▁UPDATE,0.00026440597
▁SQL,0.0002059196
