Token,Probability
▁SELECT,0.83358866
<0x0A>,0.12198097
SELECT,0.039601423
▁CREATE,0.0019410714
▁Select,0.00079661416
<0x09>,0.0004831709
Select,0.00029535644
▁select,0.0002774617
▁WHERE,0.0001736311
▁UPDATE,0.00015686262
