Token,Probability
▁SELECT,0.7044648
<0x0A>,0.25514024
SELECT,0.035073236
▁CREATE,0.0015899275
▁Select,0.0006576225
<0x09>,0.00060820143
▁WHERE,0.00031800548
▁UPDATE,0.0002784549
▁select,0.00023448253
Select,0.00020855309
