Token,Probability
▁SELECT,0.827671
<0x0A>,0.12892628
SELECT,0.039320294
▁CREATE,0.0008686984
▁Select,0.00080971606
<0x09>,0.00055650907
▁select,0.00029787785
Select,0.00024888627
▁WHERE,0.00017511335
▁SQL,0.00012514787
