Token,Probability
▁SELECT,0.667763
<0x0A>,0.27836505
SELECT,0.048372593
▁CREATE,0.0012991963
▁Select,0.00086545123
<0x09>,0.0005948154
Select,0.0004152481
▁WHERE,0.00039314898
▁SQL,0.00028988987
▁select,0.00028763394
