Token,Probability
▁SELECT,0.8023317
<0x0A>,0.14161995
SELECT,0.05291951
▁CREATE,0.00058788265
▁Select,0.0005107613
Select,0.0003002611
▁select,0.00028651112
<0x09>,0.00021291699
1,0.00014980581
2,0.000109600274
