Token,Probability
▁SELECT,0.7215355
<0x0A>,0.21664424
SELECT,0.057405014
▁Select,0.0011192196
▁CREATE,0.00092064484
Select,0.00054546405
<0x09>,0.00030359646
▁select,0.00020865859
1,0.00015750377
▁UPDATE,0.00013367171
