Token,Probability
▁SELECT,0.714734
<0x0A>,0.22844271
SELECT,0.05177516
▁Select,0.0014235596
▁CREATE,0.0006777159
<0x09>,0.00067244197
Select,0.000444457
▁select,0.0004274301
1,0.00018673037
▁SQL,0.00012342124
