Token,Probability
▁SELECT,0.77284455
<0x0A>,0.16713937
SELECT,0.052592732
▁CREATE,0.001369082
<0x09>,0.0010174153
▁Select,0.00074435695
▁WHERE,0.00068841764
1,0.0005618701
2,0.0004919899
▁select,0.00027598132
