Token,Probability
▁SELECT,0.6401337
<0x0A>,0.3071395
SELECT,0.047843102
▁CREATE,0.0014905974
▁Select,0.00072080584
<0x09>,0.000641098
▁WHERE,0.0003124462
▁select,0.00028227162
Select,0.00023038336
▁UPDATE,0.00021474093
