Token,Probability
▁SELECT,0.5391262
<0x0A>,0.4332001
SELECT,0.023320312
▁CREATE,0.001826588
▁Select,0.00047649394
<0x09>,0.0003981256
▁select,0.00021310126
▁UPDATE,0.0001865977
Select,0.00018227517
▁SQL,0.00017805275
