Token,Probability
▁SELECT,0.5140805
<0x0A>,0.4536745
SELECT,0.028552799
▁CREATE,0.000977023
▁Select,0.0005029284
<0x09>,0.0004072838
Select,0.00018073109
▁select,0.00017380739
▁UPDATE,0.00015702189
▁WHERE,0.00014409139
