Token,Probability
▁SELECT,0.83543944
<0x0A>,0.11849051
SELECT,0.04224909
▁CREATE,0.0011436306
▁Select,0.0007156657
<0x09>,0.0004141955
Select,0.00027376652
▁select,0.0002653436
▁WHERE,0.00016093905
▁SQL,9.387491e-05
