Token,Probability
▁SELECT,0.7824116
<0x0A>,0.15895656
SELECT,0.054933913
▁Select,0.0009451903
▁CREATE,0.0006007995
<0x09>,0.00032158478
Select,0.0003190822
1,0.00023527644
▁select,0.00020763073
2,0.00014723225
