Token,Probability
▁SELECT,0.66139627
<0x0A>,0.28894264
SELECT,0.04294749
▁CREATE,0.0030628727
▁UPDATE,0.000824361
<0x09>,0.0006572378
▁Select,0.000368677
▁WHERE,0.0003279081
▁select,0.00017145074
▁SQL,0.00015610768
