Token,Probability
▁SELECT,0.62871903
<0x0A>,0.32111827
SELECT,0.045544256
▁CREATE,0.0013330032
▁Select,0.0008539539
Select,0.00030448663
<0x09>,0.00028828217
▁SQL,0.00028828217
▁select,0.00026870854
▁UPDATE,0.00017899847
