Token,Probability
▁SELECT,0.84680295
<0x0A>,0.11282558
SELECT,0.036629103
▁CREATE,0.0012148165
▁Select,0.0006604843
▁select,0.00027966662
<0x09>,0.00025663653
▁WHERE,0.00020143631
Select,0.00019523877
▁UPDATE,0.00016699659
