Token,Probability
▁SELECT,0.79362375
<0x0A>,0.14911748
SELECT,0.052345164
▁Select,0.0014618965
▁CREATE,0.0005548733
<0x09>,0.00042877282
▁select,0.00039966023
Select,0.00033392865
1,0.00025603198
2,0.00024622353
