Token,Probability
▁SELECT,0.63479495
<0x0A>,0.32422155
SELECT,0.03471084
▁CREATE,0.0025144448
▁Select,0.0006407374
▁UPDATE,0.00053119
<0x09>,0.000440372
▁select,0.000269194
Select,0.00026091177
▁WHERE,0.0002568667
