Token,Probability
▁SELECT,0.7951828
<0x0A>,0.15658078
SELECT,0.042806804
▁CREATE,0.001634067
▁Select,0.0010225731
<0x09>,0.00037035142
▁select,0.00031431316
Select,0.00029758574
▁SQL,0.0002354097
1,0.00018768499
