Token,Probability
▁SELECT,0.7669243
<0x0A>,0.17112395
SELECT,0.053846534
▁CREATE,0.0030856524
▁Select,0.0009785588
<0x09>,0.000905019
▁UPDATE,0.0004959094
▁select,0.00031769153
Select,0.0003079172
▁WHERE,0.00025929228
