Token,Probability
▁SELECT,0.85928965
<0x0A>,0.07626629
SELECT,0.061281685
▁Select,0.00097516953
▁CREATE,0.0005823003
Select,0.0003165912
▁select,0.00030925733
<0x09>,0.00026452183
select,0.0001120056
▁SQL,8.258775e-05
