Token,Probability
▁SELECT,0.57544065
<0x0A>,0.3715324
SELECT,0.046502735
▁CREATE,0.0023516945
▁UPDATE,0.00057630753
▁Select,0.00057182263
<0x09>,0.00045589675
▁select,0.0003663233
Select,0.0003207634
1,0.0002136745
