Token,Probability
▁SELECT,0.77664
<0x0A>,0.18160826
SELECT,0.038067155
▁Select,0.0010466577
▁CREATE,0.0008410131
▁select,0.00030459472
Select,0.0002751784
<0x09>,0.0002505528
select,9.509912e-05
▁SQL,9.217322e-05
