Token,Probability
▁SELECT,0.8014759
<0x0A>,0.1459596
SELECT,0.04889034
▁Select,0.0010468963
▁CREATE,0.00062026555
<0x09>,0.00044676047
Select,0.00034254318
▁select,0.00030946196
▁WHERE,9.219424e-05
select,8.4602194e-05
