Token,Probability
▁SELECT,0.69960284
<0x0A>,0.2455837
SELECT,0.05067906
▁CREATE,0.0013718194
▁Select,0.0006530839
<0x09>,0.00037503452
Select,0.00028531122
▁select,0.00026386973
▁SQL,0.00020550197
▁UPDATE,0.0001587996
