Token,Probability
▁SELECT,0.7285979
<0x0A>,0.22220978
SELECT,0.04240948
▁CREATE,0.002586995
▁Select,0.0010290355
<0x09>,0.00055080303
Select,0.00036979167
▁WHERE,0.00032128056
▁select,0.00026427818
▁UPDATE,0.00023505389
