Token,Probability
▁SELECT,0.6597075
<0x0A>,0.28820485
SELECT,0.048541617
▁Select,0.0008483572
▁CREATE,0.0006607013
<0x09>,0.0005226577
Select,0.00038840622
▁select,0.00027542125
▁WHERE,9.153663e-05
▁UPDATE,7.648172e-05
