Token,Probability
▁SELECT,0.5957843
<0x0A>,0.36136144
SELECT,0.03577963
▁CREATE,0.0017813629
▁Select,0.00089572545
▁WHERE,0.0005920384
▁UPDATE,0.0004434163
<0x09>,0.0004005932
Select,0.00028185252
▁select,0.00027318083
