Token,Probability
▁SELECT,0.72335225
<0x0A>,0.22761287
SELECT,0.04481963
▁CREATE,0.0012517234
▁Select,0.00053835957
▁WHERE,0.0003503172
<0x09>,0.00032146915
▁select,0.00026033362
Select,0.00023703648
▁UPDATE,0.00018316759
