Token,Probability
▁SELECT,0.63197726
<0x0A>,0.32278243
SELECT,0.040400956
▁CREATE,0.0015422285
▁Select,0.0006633042
<0x09>,0.0004453214
▁UPDATE,0.0003749982
Select,0.00027435453
▁select,0.00020548207
▁WHERE,0.00018275953
