Token,Probability
▁SELECT,0.6020389
<0x0A>,0.33247745
SELECT,0.058685757
▁CREATE,0.0017583653
▁Select,0.0009710615
<0x09>,0.00054047717
Select,0.00043428558
1,0.00039542155
▁select,0.00037146412
2,0.00030795461
