Token,Probability
▁SELECT,0.71221125
<0x0A>,0.2500097
SELECT,0.031785164
▁CREATE,0.0018792534
▁Select,0.0007592871
<0x09>,0.00053006783
▁SQL,0.0003847879
▁WHERE,0.00036716723
▁select,0.00027715234
▁UPDATE,0.00027073213
