Token,Probability
▁SELECT,0.5838189
<0x0A>,0.37109786
SELECT,0.040355023
▁CREATE,0.0013594645
▁Select,0.0006729837
<0x09>,0.00040185693
▁SQL,0.00027404266
▁WHERE,0.00023440107
Select,0.00023257693
▁select,0.00021848583
