Token,Probability
▁SELECT,0.6762372
<0x0A>,0.2648183
SELECT,0.04674321
▁CREATE,0.001650237
<0x09>,0.0013788247
1,0.0011253639
2,0.0010992949
▁WHERE,0.0010087697
▁Select,0.0008833083
3,0.0004476388
