Token,Probability
▁SELECT,0.6005066
<0x0A>,0.3642257
SELECT,0.029433947
▁CREATE,0.0017954824
▁Select,0.0005144143
▁UPDATE,0.00051041116
2,0.00046837959
<0x09>,0.00045396903
▁select,0.00032954614
Select,0.00019524964
