Token,Probability
▁SELECT,0.6979459
<0x0A>,0.24500206
SELECT,0.05298541
▁Select,0.001099677
▁CREATE,0.0006617973
<0x09>,0.00033538256
Select,0.0003327726
▁select,0.00023231271
▁WHERE,0.00019410453
▁SQL,0.00018092532
