Token,Probability
▁SELECT,0.56768626
<0x0A>,0.38411576
SELECT,0.043096595
▁CREATE,0.0011395477
▁Select,0.0010457077
<0x09>,0.0008080603
▁WHERE,0.0004159538
Select,0.00031153497
▁select,0.00019495362
▁SQL,0.00019343647
