Token,Probability
▁SELECT,0.7862975
<0x0A>,0.15483116
SELECT,0.05435085
▁CREATE,0.0010270702
▁Select,0.0009134951
<0x09>,0.0005584083
▁select,0.00030598254
Select,0.0003012387
▁WHERE,0.00028744398
▁UPDATE,0.00017434359
