Token,Probability
▁SELECT,0.79307973
<0x0A>,0.17696
SELECT,0.025098264
<0x09>,0.0011923471
▁CREATE,0.0011377456
▁Select,0.0011201065
▁WHERE,0.00024798457
▁select,0.00021377606
Select,0.00018573186
▁SQL,9.266507e-05
