Token,Probability
▁SELECT,0.634393
<0x0A>,0.30917844
SELECT,0.050471995
▁CREATE,0.0015004927
▁Select,0.0013450331
<0x09>,0.0005520005
Select,0.000379384
▁WHERE,0.00034543304
▁select,0.00025871742
▁SQL,0.0002195706
