Token,Probability
▁SELECT,0.8103402
<0x0A>,0.1646306
SELECT,0.019662322
▁CREATE,0.0015643247
▁Select,0.0012767646
<0x09>,0.0007989789
▁UPDATE,0.0002697234
▁select,0.0002475121
Select,0.00018108371
▁WHERE,0.00013993065
