Token,Probability
▁SELECT,0.6840716
<0x0A>,0.26788628
SELECT,0.044419903
▁CREATE,0.0011120305
▁Select,0.0007236121
Select,0.00030879973
▁select,0.00024619658
<0x09>,0.00018583894
▁UPDATE,0.0001678915
▁SQL,0.00011449204
