Token,Probability
▁SELECT,0.76634145
<0x0A>,0.19075748
SELECT,0.039984938
▁CREATE,0.0007209957
▁Select,0.0006264119
<0x09>,0.00027365907
▁select,0.00023590885
Select,0.00021479749
▁SQL,0.00012627292
▁WHERE,0.00011143546
