Token,Probability
▁SELECT,0.6868679
<0x0A>,0.26898134
SELECT,0.03936067
▁CREATE,0.0013468481
▁Select,0.00081054744
<0x09>,0.000709739
Select,0.00030525494
▁select,0.00025109586
▁UPDATE,0.0002114439
▁WHERE,0.00018659861
