Token,Probability
▁SELECT,0.66073054
<0x0A>,0.30726826
SELECT,0.027701072
▁CREATE,0.0014912224
▁Select,0.00054859003
<0x09>,0.00038900858
▁WHERE,0.00026945837
Select,0.000201815
▁select,0.00019560581
▁SQL,0.00018958763
