Token,Probability
▁SELECT,0.5803039
<0x0A>,0.3519721
SELECT,0.056567065
▁CREATE,0.0024278094
▁Select,0.0017215747
<0x09>,0.0012694097
2,0.0007120742
▁UPDATE,0.0005996266
Select,0.00054171757
1,0.00052916864
