Token,Probability
<0x0A>,0.60379106
▁SELECT,0.3605401
SELECT,0.031999752
▁CREATE,0.0012801512
▁Select,0.00045645196
<0x09>,0.00028564036
Select,0.0002173037
▁WHERE,0.00020413795
▁SQL,0.00017460845
▁select,0.00014140223
