Token,Probability
▁SELECT,0.77105427
<0x0A>,0.18602552
SELECT,0.038993064
▁CREATE,0.0010889989
▁Select,0.0009028117
Select,0.00029771574
<0x09>,0.00029539887
▁WHERE,0.00025070176
▁select,0.00023005686
▁UPDATE,0.00016700337
