Token,Probability
▁SELECT,0.73363817
<0x0A>,0.18549277
SELECT,0.07732489
▁Select,0.00074631383
▁CREATE,0.00061871595
Select,0.00038416949
<0x09>,0.00038117982
▁select,0.00036657706
▁UPDATE,0.0001338067
select,0.00011716505
