Token,Probability
▁SELECT,0.7814261
<0x0A>,0.18852782
SELECT,0.02591626
▁CREATE,0.0011210274
▁Select,0.0007826032
<0x09>,0.0004897405
Select,0.00024625706
▁WHERE,0.00019942502
▁select,0.00018588455
▁SQL,0.00015775817
