Token,Probability
▁SELECT,0.8572186
<0x0A>,0.09923026
SELECT,0.040724017
▁Select,0.00068983214
▁CREATE,0.00044888238
<0x09>,0.00024026941
▁select,0.0002274825
Select,0.00019610218
1,0.00016005394
▁WHERE,0.00011987486
