Token,Probability
▁SELECT,0.8643062
<0x0A>,0.09253178
SELECT,0.039797425
▁Select,0.0008259692
▁CREATE,0.0005374684
<0x09>,0.00043866894
▁select,0.00027883492
Select,0.000274512
▁WHERE,0.00017585898
▁SQL,0.000118066135
