Token,Probability
▁SELECT,0.75691336
<0x0A>,0.17425135
SELECT,0.06613835
▁Select,0.0005292067
<0x09>,0.00038717588
▁CREATE,0.00034168153
▁select,0.00025590762
Select,0.00023667587
1,0.00015044033
select,0.00010667818
