Token,Probability
▁SELECT,0.7930562
<0x0A>,0.16365638
SELECT,0.039483942
▁Select,0.0007403232
▁CREATE,0.00056762545
<0x09>,0.00055882527
▁WHERE,0.0003389447
▁select,0.0002876586
Select,0.00023662149
▁UPDATE,0.00013169971
