Token,Probability
▁SELECT,0.8757943
<0x0A>,0.081461556
SELECT,0.039701194
▁CREATE,0.00071587926
▁Select,0.0005842836
<0x09>,0.0003408096
Select,0.00019418747
▁WHERE,0.00018242224
▁SQL,0.0001727139
▁select,0.00017003622
