Token,Probability
▁SELECT,0.695536
<0x0A>,0.268153
SELECT,0.033563286
▁CREATE,0.0007186957
▁Select,0.00055104314
<0x09>,0.00030910718
▁select,0.00023151058
Select,0.00018171471
▁WHERE,0.000114606046
▁SQL,8.516799e-05
