Token,Probability
▁SELECT,0.8372201
<0x0A>,0.09541272
SELECT,0.062573195
▁CREATE,0.0014947546
▁Select,0.0010114015
<0x09>,0.00041833386
Select,0.00034953098
▁select,0.00033614069
▁WHERE,0.00014233091
▁UPDATE,0.00013795187
