Token,Probability
▁SELECT,0.64977
<0x0A>,0.2544536
SELECT,0.09072823
▁Select,0.001215759
▁CREATE,0.0009922736
Select,0.0005437211
<0x09>,0.0004687168
▁select,0.00042015503
select,0.00020002377
▁WHERE,0.00016325466
