Token,Probability
▁SELECT,0.8418921
<0x0A>,0.11043221
SELECT,0.043926902
▁CREATE,0.00095542584
▁Select,0.0008975396
<0x09>,0.00037708465
Select,0.00033801649
▁select,0.00024156948
▁UPDATE,0.00021318432
▁SQL,0.000108883905
