Token,Probability
▁SELECT,0.57763225
<0x0A>,0.35035166
SELECT,0.06791876
▁CREATE,0.0007312955
▁Select,0.00063041615
<0x09>,0.00043327827
Select,0.0003764387
▁select,0.00030965
1,0.0002775685
2,0.00019076983
