Token,Probability
▁SELECT,0.69765043
<0x0A>,0.24875493
SELECT,0.04390785
▁CREATE,0.003604176
<0x09>,0.0014448864
▁UPDATE,0.000977659
▁Select,0.0007917324
▁WHERE,0.0005441492
▁select,0.00032747476
Select,0.00025305286
