Token,Probability
▁SELECT,0.6438578
<0x0A>,0.28571016
SELECT,0.059888102
▁CREATE,0.0024335543
▁WHERE,0.0013865975
<0x09>,0.0009309175
▁Select,0.00077175774
1,0.0006917991
2,0.0005825533
▁SQL,0.00029987274
