Token,Probability
▁SELECT,0.8331023
<0x0A>,0.12776038
SELECT,0.035477776
▁CREATE,0.0009021554
▁Select,0.00079614937
<0x09>,0.0003760743
▁WHERE,0.00022281666
▁select,0.00021261313
Select,0.00020768798
▁UPDATE,0.00019358646
