Token,Probability
▁SELECT,0.8404157
<0x0A>,0.101954
SELECT,0.054572046
▁Select,0.0006453398
▁CREATE,0.00054769276
Select,0.00029087742
▁select,0.00024494337
<0x09>,0.0002430372
1,0.00013317338
▁UPDATE,0.00012510482
