Token,Probability
▁SELECT,0.90805113
<0x0A>,0.05896392
SELECT,0.030590076
▁Select,0.0006058037
▁CREATE,0.0005181713
<0x09>,0.00026259644
Select,0.0002029188
▁select,0.00019211967
▁SQL,0.00012022541
▁WHERE,8.198661e-05
