Token,Probability
▁SELECT,0.7610879
<0x0A>,0.18077423
SELECT,0.053436752
▁CREATE,0.0015640034
▁Select,0.0006779453
<0x09>,0.00037439697
▁select,0.0002870601
Select,0.0002654872
▁SQL,0.00015485732
▁WHERE,0.00014661596
