Token,Probability
▁SELECT,0.85385877
<0x0A>,0.098841324
SELECT,0.042511124
▁Select,0.0010559632
▁CREATE,0.00075466285
Select,0.00044712296
1,0.00044019095
▁select,0.00031954434
2,0.00031954434
<0x09>,0.00023932767
