Token,Probability
▁SELECT,0.7946116
<0x0A>,0.15893231
SELECT,0.041459974
▁CREATE,0.0015826544
▁Select,0.00080834073
<0x09>,0.0006054193
Select,0.00031164312
▁select,0.00026448807
▁UPDATE,0.00023340994
▁WHERE,0.00018177983
