Token,Probability
▁SELECT,0.8062343
<0x0A>,0.10250118
SELECT,0.08631465
▁Select,0.0011656885
▁CREATE,0.0009663897
Select,0.00057256693
<0x09>,0.00043900227
▁select,0.00039351915
select,0.00016532978
▁SQL,0.00015053448
