Token,Probability
▁SELECT,0.7442431
<0x0A>,0.20666884
SELECT,0.04611405
▁CREATE,0.0010348358
▁Select,0.00036898203
▁select,0.00024772284
<0x09>,0.000186991
Select,0.00016501898
▁WHERE,0.00013468457
▁UPDATE,9.700965e-05
