Token,Probability
▁SELECT,0.7985976
<0x0A>,0.15005204
SELECT,0.04721597
▁Select,0.0011456615
▁CREATE,0.00089224207
Select,0.0003661754
▁select,0.00036332582
<0x09>,0.0002896686
▁WHERE,0.00015872528
▁SQL,0.00010248074
