Token,Probability
▁SELECT,0.753096
<0x0A>,0.20912719
SELECT,0.03308873
▁CREATE,0.0014767116
▁Select,0.00071409106
<0x09>,0.00033208317
▁select,0.00033208317
Select,0.000254617
▁SQL,0.00025066952
▁UPDATE,0.00020619512
