Token,Probability
▁SELECT,0.5467994
<0x0A>,0.39384487
SELECT,0.054993063
▁CREATE,0.0010555713
▁Select,0.00090287795
Select,0.00045046254
<0x09>,0.00042648937
▁select,0.00022125975
▁SQL,0.00013525336
1,0.00011659569
