Token,Probability
▁SELECT,0.76240134
<0x0A>,0.1897767
SELECT,0.043011744
▁CREATE,0.0014264989
▁Select,0.00089268014
<0x09>,0.0005630063
Select,0.00033618644
▁select,0.00026182225
▁WHERE,0.00021536912
▁UPDATE,0.00020074609
