Token,Probability
▁SELECT,0.8784726
<0x0A>,0.0688073
SELECT,0.048035234
▁Select,0.0012214758
<0x09>,0.0006094169
▁CREATE,0.00052535016
Select,0.00036389945
1,0.0003527034
2,0.00024240928
▁select,0.00022772244
