Token,Probability
▁SELECT,0.54105026
<0x0A>,0.40840614
SELECT,0.04237833
▁CREATE,0.0024095732
<0x09>,0.0012306896
▁Select,0.00094360247
▁UPDATE,0.0008262459
▁select,0.00028332084
▁SQL,0.00027034665
Select,0.00022588305
