Token,Probability
▁SELECT,0.6467237
<0x0A>,0.30549067
SELECT,0.041994732
▁CREATE,0.0018451196
▁Select,0.00073393795
<0x09>,0.0006578977
Select,0.00024970982
▁select,0.00024202705
▁SQL,0.00024202705
▁UPDATE,0.00024014356
