Token,Probability
▁SELECT,0.54004604
<0x0A>,0.37116787
SELECT,0.06974037
2,0.0035823872
1,0.0033653413
▁Select,0.0015896746
3,0.0014249752
▁CREATE,0.0010104587
4,0.00069992425
<0x09>,0.00067311066
