Token,Probability
▁SELECT,0.7595863
<0x0A>,0.18041757
SELECT,0.052504502
▁CREATE,0.0023801152
<0x09>,0.0018828262
▁Select,0.0010479506
▁select,0.0002320097
Select,0.0001984484
1,0.00018788717
▁WHERE,0.00015821686
