Token,Probability
▁SELECT,0.81865627
<0x0A>,0.12554501
SELECT,0.05152357
▁CREATE,0.0011206561
▁Select,0.00087961304
<0x09>,0.0004819882
Select,0.00030877322
▁select,0.00027895335
▁WHERE,0.00018151841
▁UPDATE,0.000106709165
