Token,Probability
▁SELECT,0.68532103
1,0.098729864
2,0.09420869
<0x0A>,0.021351831
▁CREATE,0.01855079
4,0.015379147
3,0.012552094
7,0.01008589
5,0.009699506
9,0.0063610915
