Token,Probability
▁SELECT,0.644229
▁CREATE,0.08319433
1,0.081904516
2,0.07341874
<0x0A>,0.0352267
4,0.012079282
7,0.0111715095
3,0.010743535
SELECT,0.008837392
9,0.0077382782
