Token,Probability
<0x0A>,0.6106356
<0xE1>,0.17909883
<0xE0>,0.0197828
Đ,0.010755722
θ,0.008182522
1,0.0038052257
Ș,0.0032043215
Θ,0.0019133878
λ,0.001869064
2,0.0017421592
