Token,Probability
▁SELECT,0.46310878
1,0.20550327
2,0.113489695
9,0.039838627
7,0.035433207
3,0.030545335
4,0.024736365
0,0.01972155
8,0.013767862
5,0.013344269
