Token,Probability
1,0.32340825
▁SELECT,0.21209632
2,0.1901219
<0x0A>,0.07216214
7,0.0362854
3,0.028480738
9,0.023983186
▁CREATE,0.021165086
4,0.021165086
5,0.015126007
