Token,Probability
3,0.46362084
▁SELECT,0.42213157
1,0.033584584
2,0.02917879
▁CREATE,0.025750192
SELECT,0.0067700236
4,0.006665064
7,0.0030041796
5,0.0024711709
6,0.0013862012
