Token,Probability
▁SELECT,0.6675947
1,0.15856764
2,0.05742939
SELECT,0.026088476
4,0.020002728
<0x0A>,0.017652348
3,0.010216394
7,0.009229743
5,0.006443399
▁CREATE,0.0060059084
