Token,Probability
3,0.82781076
2,0.15799046
▁SELECT,0.00963748
▁CREATE,0.002553678
1,0.0010317791
SELECT,0.0005067929
4,0.00010706273
<0x0A>,6.005675e-05
5,4.2920623e-05
CREATE,4.160009e-05
