Token,Probability
1,0.4334267
2,0.26702645
3,0.060994588
4,0.049394924
7,0.037577678
5,0.03502625
6,0.030194513
9,0.027066188
0,0.026233448
8,0.020915126
