Token,Probability
1,0.80954814
2,0.08015612
▁SELECT,0.027271744
7,0.016157975
3,0.015298063
0,0.012101764
4,0.009573283
5,0.0073400903
6,0.005671982
8,0.0054546925
