Token,Probability
▁SELECT,0.79306793
1,0.08358874
▁CREATE,0.04137943
2,0.024708787
<0x0A>,0.014870009
SELECT,0.006969433
0,0.0061987424
7,0.0049420684
5,0.004865448
9,0.004227175
