Token,Probability
▁SELECT,0.8325025
1,0.04845745
2,0.03227962
<0x0A>,0.022012793
▁CREATE,0.021169495
SELECT,0.0135616865
3,0.0056976923
4,0.0055223927
7,0.0035102463
6,0.0027986125
