Token,Probability
2,0.7612906
1,0.1167477
▁SELECT,0.04643902
3,0.029983288
4,0.009887439
5,0.008657731
7,0.004456618
SELECT,0.004319502
6,0.0039948863
9,0.0037236437
