Token,Probability
▁SELECT,0.333088
1,0.3032801
2,0.14103834
4,0.056101173
3,0.04040816
SELECT,0.026089469
7,0.021969534
5,0.018645301
8,0.017244086
9,0.012038312
