Token,Probability
2,0.5331784
▁SELECT,0.33365452
1,0.051568888
▁CREATE,0.02398176
SELECT,0.0145456735
<0x0A>,0.009997085
3,0.008159383
4,0.005785869
0,0.003220321
▁LE,0.0025674638
