Token,Probability
1,0.45895678
▁SELECT,0.14441715
2,0.104019776
<0x0A>,0.05744518
0,0.04268963
9,0.037089396
▁M,0.03222382
5,0.029111797
3,0.025292767
4,0.023760358
