Token,Probability
▁SELECT,0.69931257
<0x0A>,0.18242659
1,0.054774392
2,0.016705245
<0x09>,0.008078129
​,0.0064909593
SELECT,0.005134771
3,0.003786143
5,0.0028136224
4,0.0027917267
