Token,Probability
1,0.76894426
2,0.07495541
<0x0A>,0.04993107
0,0.018804213
3,0.017121432
4,0.013865357
7,0.011405332
6,0.009755499
8,0.0075975885
9,0.0062496066
