Token,Probability
▁SELECT,0.7805268
1,0.096179776
2,0.036505725
<0x0A>,0.029333176
▁CREATE,0.009597778
SELECT,0.007894917
3,0.006967239
4,0.00675288
5,0.0055547673
0,0.0051776124
