Token,Probability
▁SELECT,0.8357402
1,0.11135161
<0x0A>,0.017345235
2,0.008859079
SELECT,0.0077572693
3,0.0043175705
4,0.0025381688
5,0.002498818
7,0.00240309
8,0.0023474225
