Token,Probability
3,0.33674207
1,0.279169
2,0.20746078
4,0.03181514
7,0.026791034
▁SELECT,0.023276454
5,0.01812772
6,0.017846676
9,0.017707791
▁CREATE,0.015873162
