Token,Probability
▁SELECT,0.5540927
2,0.10575044
1,0.10090777
<0x0A>,0.061203655
▁CREATE,0.04917852
SELECT,0.04013834
3,0.007842201
4,0.0070848376
7,0.0062036915
ql,0.0053898604
