Token,Probability
▁SELECT,0.8189966
<0x0A>,0.10412373
1,0.023233145
SELECT,0.014425789
2,0.010390507
3,0.0031937792
4,0.0030238095
▁CREATE,0.0029537631
0,0.0026894317
7,0.0024487555
