Token,Probability
2,0.24082087
▁SELECT,0.22623028
1,0.21587044
▁CREATE,0.10038908
7,0.039006993
SELECT,0.03840225
4,0.03085707
3,0.022225514
5,0.018570112
6,0.01828221
