Token,Probability
▁SELECT,0.84356546
1,0.07370993
<0x0A>,0.041347522
SELECT,0.010132646
2,0.0072414754
5,0.004357997
3,0.0038159895
4,0.0036985837
7,0.0031389475
9,0.0024067143
