Token,Probability
▁SELECT,0.51634973
1,0.31318194
<0x0A>,0.05112555
2,0.04655034
3,0.012627119
SELECT,0.011955116
4,0.010386785
5,0.0097574815
7,0.009166306
9,0.0044325357
