Token,Probability
1,0.36463985
2,0.1921517
3,0.08136215
7,0.08136215
4,0.07524768
8,0.05591933
5,0.05091513
6,0.047830336
9,0.038432755
0,0.011011169
