Token,Probability
2,0.67773664
▁SELECT,0.22701333
▁CREATE,0.028861508
1,0.027112879
3,0.0071841977
SELECT,0.006193165
4,0.0050943587
7,0.004323526
<0x0A>,0.004256496
5,0.004061577
