Token,Probability
6,0.39360946
1,0.19791926
2,0.14708112
3,0.0632588
4,0.05582569
7,0.03632647
0,0.03281823
8,0.026164977
5,0.020537125
9,0.013054191
