Token,Probability
2,0.98606944
1,0.0062415386
▁SELECT,0.004638318
3,0.00067873584
<0x0A>,0.000668213
4,0.00034128982
7,0.00022913115
▁CREATE,0.00022382333
5,0.00019598626
0,0.00015871451
