Token,Probability
▁SELECT,0.8436462
2,0.040710382
<0x0A>,0.038846124
SELECT,0.031705283
1,0.023932401
▁CREATE,0.0061463485
3,0.0046395077
4,0.001964491
5,0.001318897
9,0.0011548648
