Token,Probability
▁SELECT,0.3500915
2,0.21908167
1,0.15057248
3,0.0972169
▁CREATE,0.057150867
7,0.028291732
4,0.021862155
5,0.019750811
6,0.015143473
9,0.012652844
