Token,Probability
1,0.35966143
▁SELECT,0.29354712
2,0.16725811
3,0.031921767
7,0.03045996
4,0.02625813
5,0.017628873
9,0.014614849
0,0.0141651975
6,0.012403462
