Token,Probability
▁SELECT,0.5057393
1,0.18032691
2,0.18032691
▁CREATE,0.0633007
3,0.015512502
7,0.008434001
4,0.0077394745
0,0.0066199233
5,0.006170447
8,0.0061224285
