Token,Probability
2,0.5981341
1,0.25326592
▁SELECT,0.052264374
7,0.018635437
6,0.015209801
3,0.013633977
5,0.012221417
4,0.00997483
9,0.009370486
8,0.0061935126
