Token,Probability
▁SELECT,0.6954446
▁CREATE,0.14128813
1,0.06570508
2,0.03303859
<0x0A>,0.016743142
SELECT,0.012737512
3,0.005268464
4,0.0047226204
▁NEW,0.00309717
7,0.0027762854
