Token,Probability
▁SELECT,0.6069992
▁CREATE,0.12723395
6,0.07717129
1,0.055584397
2,0.04397088
<0x0A>,0.016689463
SELECT,0.016689463
7,0.014843915
9,0.012402555
3,0.0077009224
