Token,Probability
1,0.31248513
2,0.21476768
▁SELECT,0.20493275
7,0.046446767
3,0.036172777
▁CREATE,0.035059858
4,0.03345435
9,0.026881324
5,0.025650341
8,0.021599753
