Token,Probability
▁SELECT,0.6906955
▁CREATE,0.12776583
1,0.0812129
<0x0A>,0.037767507
2,0.024768537
SELECT,0.007264589
4,0.005232487
3,0.0042706314
7,0.0039806664
5,0.0038281688
