Token,Probability
▁SELECT,0.7413077
1,0.10190497
2,0.054545805
<0x0A>,0.02054214
SELECT,0.018270556
3,0.013899506
4,0.0118888775
7,0.0072109685
5,0.0068807546
9,0.006774078
