Token,Probability
2,0.6756398
1,0.29516518
3,0.006470301
0,0.0061259572
9,0.0026762327
8,0.0022186746
<0x0A>,0.0019579737
4,0.0015130049
7,0.0014779561
▁CREATE,0.0014213364
