Token,Probability
▁SELECT,0.66218346
▁CREATE,0.08961678
1,0.079086535
2,0.079086535
<0x0A>,0.016067404
4,0.013743178
7,0.0129105225
3,0.008942857
5,0.008270791
9,0.0067504225
