Token,Probability
▁SELECT,0.6763502
1,0.13318123
<0x0A>,0.04899464
2,0.045312636
7,0.014037199
3,0.013290153
4,0.0128812585
5,0.011546686
SELECT,0.0108471075
6,0.0072824038
