Token,Probability
▁SELECT,0.5410129
▁CREATE,0.1929041
2,0.09255639
1,0.08168073
<0x0A>,0.02233027
SELECT,0.014644547
3,0.010143981
4,0.008475614
7,0.008087487
6,0.0059169317
