Token,Probability
1,0.45710304
2,0.18468633
▁SELECT,0.14839964
3,0.045972064
7,0.03580308
4,0.033112437
5,0.02578799
6,0.019164007
9,0.017723808
8,0.012373213
