Token,Probability
7,0.93155634
▁SELECT,0.04356947
1,0.006179465
▁CREATE,0.0056264666
2,0.004381897
6,0.001587018
8,0.0012952862
SELECT,0.0012554345
5,0.00100877
4,0.00084946945
