Token,Probability
▁SELECT,0.8651276
1,0.048050478
2,0.024928259
SELECT,0.012534715
7,0.0076026893
3,0.0074848207
<0x0A>,0.0071420656
4,0.0062051336
5,0.004985966
▁CREATE,0.0038228724
