Token,Probability
1,0.38992885
▁SELECT,0.33352384
2,0.13060981
▁CREATE,0.02360071
<0x0A>,0.021827089
7,0.016605174
SELECT,0.012534243
3,0.011867181
4,0.011323744
0,0.009761678
