Token,Probability
▁SELECT,0.74284154
1,0.09297753
2,0.07708108
▁CREATE,0.014942846
9,0.011279453
3,0.009799759
4,0.0093509955
7,0.008648258
<0x0A>,0.0070585012
SELECT,0.006949069
