Token,Probability
1,0.3723716
2,0.19622606
▁SELECT,0.19318384
4,0.046607774
3,0.043105144
7,0.03357032
5,0.024753202
▁CREATE,0.024179794
0,0.016360866
6,0.016360866
