Token,Probability
2,0.4684106
▁SELECT,0.39444128
1,0.06643475
▁CREATE,0.026425919
3,0.012098667
4,0.0055826176
7,0.004592136
SELECT,0.0043818466
5,0.003059022
6,0.0025559084
