Token,Probability
▁SELECT,0.77332956
1,0.08542
<0x0A>,0.0777758
2,0.02013114
3,0.005722783
SELECT,0.0050503383
4,0.0047815647
5,0.004598385
▁CREATE,0.0039025992
9,0.003553357
