Token,Probability
▁SELECT,0.48019204
2,0.20017381
1,0.12526558
3,0.05735076
▁CREATE,0.049054705
<0x0A>,0.026257092
7,0.010444349
4,0.008392271
0,0.008197864
SELECT,0.0072913305
