Token,Probability
1,0.7901384
2,0.05591153
▁SELECT,0.03724511
3,0.020892614
4,0.018728016
▁CREATE,0.011448207
9,0.010923956
<0x0A>,0.010182247
5,0.00884649
8,0.0074494905
