Token,Probability
▁SELECT,0.40385202
5,0.29546443
1,0.097433835
2,0.07470511
4,0.031141724
<0x0A>,0.029484391
7,0.012780536
SELECT,0.01210037
3,0.012006205
6,0.008187519
