Token,Probability
▁SELECT,0.852555
▁CREATE,0.049624644
1,0.04885529
<0x0A>,0.022367582
SELECT,0.009324195
2,0.0072616907
3,0.0018504433
9,0.0014868729
4,0.001140025
7,0.00097511505
