Token,Probability
<0x0A>,0.5447332
▁SELECT,0.38028505
1,0.033228938
SELECT,0.00517607
﻿,0.0048246277
2,0.003999757
<0x09>,0.003786894
▁CREATE,0.0026026915
3,0.0020269784
​,0.0019341562
