Token,Probability
<0x0A>,0.5575638
▁SELECT,0.34350505
2,0.038240276
1,0.017507676
<0x09>,0.0085325595
SELECT,0.006050491
​,0.0056839096
3,0.0042570517
4,0.0026022834
5,0.0017607932
