Token,Probability
▁SELECT,0.82760733
▁CREATE,0.04893113
<0x0A>,0.029218113
SELECT,0.029218113
1,0.018864632
2,0.014923152
﻿,0.0032781812
​,0.0028704717
3,0.0018103838
▁VARCHAR,0.0016874631
