Token,Probability
▁SELECT,0.81691056
▁CREATE,0.0771811
1,0.029989343
2,0.026055196
<0x0A>,0.015927222
SELECT,0.010123958
3,0.0034715186
4,0.0032358111
7,0.0021387406
5,0.0021055825
