Token,Probability
1,0.25138915
2,0.17826158
<0x0A>,0.08553085
4,0.035377093
İ,0.03349436
3,0.031220175
6,0.03002415
9,0.026085436
5,0.024504997
0,0.021457292
