Token,Probability
1,0.28052992
▁SELECT,0.24372861
2,0.17555115
4,0.06559867
7,0.050296243
3,0.04724895
5,0.038563468
8,0.023027297
6,0.0190903
▁CREATE,0.016328799
