Token,Probability
1,0.30649498
▁SELECT,0.29245958
2,0.1801791
3,0.042132795
7,0.032304335
4,0.031803504
5,0.024194827
6,0.01812109
▁CREATE,0.01649944
9,0.012950559
