Token,Probability
1,0.97563463
▁SELECT,0.01002381
2,0.005282176
9,0.0026768767
▁CREATE,0.0014668073
<0x0A>,0.00091790466
3,0.0008228044
7,0.0006408007
0,0.0005312424
4,0.00046155142
