Token,Probability
▁SELECT,0.36252153
1,0.28233203
2,0.14196546
<0x0A>,0.06811578
3,0.027521262
5,0.022113953
▁CREATE,0.018190444
4,0.017630782
7,0.015928084
9,0.009736643
