Token,Probability
1,0.3652327
2,0.26306728
▁SELECT,0.10966274
4,0.05344535
3,0.047535285
7,0.045714237
5,0.03560228
6,0.023716234
8,0.017216139
9,0.011558368
