Token,Probability
1,0.35634804
<0x0A>,0.17097765
▁SELECT,0.16314803
2,0.13525446
9,0.043229923
▁M,0.02541356
0,0.022780567
3,0.019485252
7,0.015414104
5,0.014823599
