Token,Probability
▁SELECT,0.91092074
1,0.043956734
2,0.013617162
SELECT,0.007579092
<0x0A>,0.007175741
▁CREATE,0.004669343
3,0.0022756562
4,0.0021884772
5,0.0014692739
7,0.0014240693
