Token,Probability
▁SELECT,0.75666267
1,0.17972314
▁CREATE,0.023574546
SELECT,0.011854026
<0x0A>,0.0083403485
2,0.007896484
3,0.0025436627
9,0.0022980077
7,0.001372203
4,0.001350929
