Token,Probability
2,0.42081124
1,0.30309898
3,0.05185412
7,0.0457611
6,0.0423221
4,0.04038403
8,0.029545585
5,0.028636565
9,0.019681605
▁SELECT,0.010052379
