Token,Probability
▁SELECT,0.6022028
2,0.12821636
1,0.12622856
9,0.03142077
SELECT,0.018762201
<0x0A>,0.016687447
3,0.016557584
4,0.014726619
5,0.012596345
7,0.008932146
