Token,Probability
4,0.53445524
▁SELECT,0.3045234
1,0.059034556
<0x0A>,0.03260198
2,0.023482325
5,0.011005945
3,0.010099622
SELECT,0.006727799
7,0.0053221267
6,0.0031043692
