Token,Probability
▁SELECT,0.5662159
1,0.2018905
3,0.061573118
2,0.060618512
<0x0A>,0.031943716
▁CREATE,0.030008342
4,0.009895701
7,0.00929615
SELECT,0.006801209
5,0.0056826225
