Token,Probability
1,0.5401907
2,0.19872507
<0x0A>,0.045749106
▁SELECT,0.045749106
3,0.029537844
7,0.026067054
4,0.02354962
5,0.022825075
9,0.019676445
6,0.015810467
