Token,Probability
▁SELECT,0.8110317
<0x0A>,0.068152286
▁CREATE,0.03426912
1,0.027751978
2,0.024876714
SELECT,0.009442136
0,0.0024060698
3,0.0021907515
4,0.0021233493
9,0.0018304415
