Token,Probability
▁SELECT,0.83439296
▁CREATE,0.0717781
1,0.024231222
<0x0A>,0.020726062
2,0.020726062
SELECT,0.0054918597
7,0.0029395807
3,0.0025143565
▁VARCHAR,0.0019890198
4,0.0018831663
