Token,Probability
2,0.53480333
1,0.2526232
3,0.061907977
4,0.029015685
7,0.020736573
5,0.020415083
9,0.019632993
8,0.01902895
6,0.0106742745
▁SELECT,0.010106199
