Token,Probability
2,0.4696748
1,0.32280245
▁SELECT,0.036501486
3,0.03510314
4,0.031221379
9,0.020158036
5,0.015216085
7,0.014294188
8,0.012516409
6,0.01232236
