Token,Probability
1,0.36648655
2,0.27663857
▁SELECT,0.184281
▁CREATE,0.028040482
3,0.024553068
7,0.022707876
9,0.016875062
8,0.016875062
<0x0A>,0.012938558
0,0.012346057
