Token,Probability
▁SELECT,0.41804633
▁CREATE,0.29184335
2,0.1188402
1,0.0890072
<0x0A>,0.015346765
SELECT,0.008541761
3,0.0074794167
4,0.006704506
0,0.004431408
7,0.0043969224
