Token,Probability
▁SELECT,0.8170053
1,0.06300068
2,0.043299694
<0x0A>,0.02929804
SELECT,0.00951168
▁CREATE,0.007763207
7,0.0052940473
3,0.0042872503
4,0.0037834852
5,0.0031122097
