Token,Probability
▁SELECT,0.8317086
1,0.0476607
2,0.034869313
7,0.015473164
3,0.013443317
4,0.009458555
5,0.0076001626
<0x0A>,0.0062517235
▁CREATE,0.0062517235
6,0.006059378
