Token,Probability
▁SELECT,0.30864468
1,0.23116417
2,0.1551963
▁CREATE,0.1469369
<0x0A>,0.03657548
3,0.01573092
7,0.014211703
4,0.012444182
SELECT,0.009467035
▁VARCHAR,0.009033508
