Token,Probability
1,0.4948916
2,0.4722289
4,0.006683564
3,0.0053286017
7,0.0038984884
9,0.0037491394
5,0.0029198325
8,0.002679389
6,0.0021868537
▁SELECT,0.0020383717
