Token,Probability
▁SELECT,0.8578635
2,0.03888836
1,0.037107535
SELECT,0.016856857
▁CREATE,0.0124294665
<0x0A>,0.009236796
4,0.0049828775
9,0.0039726966
3,0.0036171812
5,0.0025850825
