Token,Probability
▁SELECT,0.73622346
2,0.062351245
1,0.052916817
7,0.033899788
SELECT,0.030866107
▁CREATE,0.030625906
<0x0A>,0.011993276
4,0.00762339
3,0.0069411756
5,0.0051181023
