Token,Probability
1,0.31200305
2,0.26687035
▁SELECT,0.20783885
3,0.03966673
7,0.03262897
4,0.03237505
9,0.019790469
▁CREATE,0.019636458
5,0.01918158
8,0.017465027
