Token,Probability
2,0.36198768
1,0.3508505
▁SELECT,0.06908656
3,0.04190312
7,0.03238022
4,0.02902544
0,0.024633572
5,0.02278233
9,0.017197004
6,0.015658053
