Token,Probability
▁SELECT,0.6610162
▁CREATE,0.15947759
<0x0A>,0.08670646
1,0.02665138
2,0.022796134
SELECT,0.007400821
4,0.0058545307
7,0.004023757
3,0.0038096162
0,0.0031582827
