Token,Probability
3,0.50095713
1,0.17862178
2,0.14578684
4,0.04176863
7,0.028707132
5,0.024173828
6,0.023799047
▁SELECT,0.016876051
8,0.0116897
9,0.009920918
