Token,Probability
▁SELECT,0.57809836
2,0.15804328
1,0.12117599
3,0.024618397
7,0.018875578
8,0.017052665
4,0.01614514
SELECT,0.015771138
<0x0A>,0.014585917
6,0.009491237
