Token,Probability
2,0.6090509
3,0.2460788
1,0.10750387
4,0.00720231
<0x0A>,0.0045070904
7,0.0042010704
6,0.00367858
9,0.0036215489
8,0.0034828095
5,0.0033493855
