Token,Probability
▁SELECT,0.4837352
<0x0A>,0.11311587
1,0.088094726
2,0.07958695
▁CREATE,0.04752354
</s>,0.028156763
SELECT,0.02665829
3,0.018610487
4,0.012790788
nd,0.010277687
