Token,Probability
1,0.54934007
▁SELECT,0.20850597
2,0.09252396
3,0.021976369
4,0.020166647
7,0.019546187
<0x0A>,0.018797383
▁CREATE,0.016718738
5,0.016204357
6,0.010140427
