Token,Probability
▁SELECT,0.7693687
<0x0A>,0.104939386
1,0.05795303
2,0.025516374
▁CREATE,0.015967738
SELECT,0.0045748334
3,0.002731758
4,0.002731758
5,0.0015565087
▁JOIN,0.0012703855
