Token,Probability
▁SELECT,0.37559035
2,0.28351048
1,0.19485371
<0x0A>,0.05759865
▁CREATE,0.04247058
3,0.008628422
4,0.0062635625
0,0.0054845586
SELECT,0.0047650677
7,0.0036535037
