Token,Probability
▁SELECT,0.3487825
1,0.28915086
2,0.1387361
3,0.035630375
4,0.03295271
7,0.031199003
5,0.02468044
0,0.021275869
<0x0A>,0.019071568
8,0.017364858
