Token,Probability
▁SELECT,0.6316896
2,0.1956883
<0x0A>,0.07312338
1,0.06762807
SELECT,0.0069628274
3,0.004711285
4,0.0034468495
0,0.0029946747
5,0.002791344
7,0.0022960966
