Token,Probability
▁SELECT,0.5144348
1,0.13631167
2,0.12029462
▁CREATE,0.036687784
7,0.03500773
3,0.031380724
4,0.029943695
6,0.027264047
5,0.02406044
9,0.016280105
