Token,Probability
▁SELECT,0.3269245
1,0.266828
2,0.25460905
▁CREATE,0.05254155
<0x0A>,0.017876362
3,0.015775833
7,0.010758184
9,0.0090593
8,0.007336444
0,0.0070553897
