Token,Probability
1,0.77737355
2,0.08322485
9,0.013800033
3,0.013692642
<0x0A>,0.012370271
4,0.008979853
7,0.008370144
8,0.00593532
Ľ,0.005076749
raph,0.005037241
