Token,Probability
2,0.7135619
1,0.1060615
▁SELECT,0.070652194
3,0.025588531
<0x0A>,0.020884749
4,0.013069343
9,0.009487324
0,0.00830738
8,0.007563955
5,0.0072175767
