Token,Probability
▁SELECT,0.6091956
<0x0A>,0.22411056
1,0.06997072
2,0.018252952
▁CREATE,0.015370527
3,0.009250146
0,0.008099698
4,0.0068206307
5,0.006066394
9,0.0059258663
