Token,Probability
1,0.46444732
2,0.28170153
3,0.05376368
7,0.041871198
4,0.03964285
8,0.022412036
5,0.021892862
▁SELECT,0.020090021
6,0.020090021
9,0.016917493
