Token,Probability
▁SELECT,0.65216595
2,0.08965097
1,0.076682545
4,0.03246943
5,0.027772577
7,0.025287218
3,0.019087793
9,0.018500526
▁CREATE,0.014865589
6,0.014865589
