Token,Probability
2,0.50460595
▁SELECT,0.17168353
1,0.17168353
6,0.07984026
7,0.018669719
5,0.0104727615
3,0.008156195
4,0.0072542704
9,0.0068147564
<0x0A>,0.0052250545
