Token,Probability
▁SELECT,0.70453817
1,0.1431356
<0x0A>,0.056935415
2,0.025264936
SELECT,0.012313146
4,0.011299178
3,0.009150353
▁CREATE,0.008938386
5,0.006747048
7,0.005132883
