Token,Probability
▁SELECT,0.59985113
1,0.13489464
2,0.05492983
<0x0A>,0.04483242
▁CREATE,0.03305735
SELECT,0.029864829
4,0.012645565
3,0.0111596715
7,0.0104835415
5,0.00816459
