Token,Probability
▁SELECT,0.58881825
2,0.22349021
1,0.07369925
<0x0A>,0.05563111
3,0.014065747
SELECT,0.0111269215
4,0.010617383
5,0.004937542
7,0.0034739943
0,0.002971465
