Token,Probability
6,0.7889474
1,0.04485846
<0x0A>,0.04450937
2,0.029418897
4,0.01914324
7,0.016631937
3,0.014677632
5,0.011702028
</s>,0.008105759
0,0.0044070245
