Token,Probability
1,0.38609955
▁SELECT,0.2960328
2,0.103917286
3,0.09915856
SELECT,0.022827597
7,0.019525478
0,0.015936233
4,0.015325725
▁CREATE,0.00853005
5,0.007646287
