Token,Probability
▁SELECT,0.7196412
1,0.09149211
2,0.060472596
<0x0A>,0.046005122
▁CREATE,0.03186682
SELECT,0.008576838
3,0.0052840365
4,0.004773729
7,0.004773729
0,0.0043127052
