Token,Probability
▁SELECT,0.61757463
<0x0A>,0.3203935
1,0.02549035
2,0.0071898834
SELECT,0.0048270593
▁CREATE,0.0035871658
4,0.0017077469
9,0.001655205
3,0.0014157719
​,0.0013615345
