Token,Probability
▁SELECT,0.8493792
<0x0A>,0.050612226
1,0.03069787
▁CREATE,0.017766563
SELECT,0.015678937
2,0.013516089
▁VARCHAR,0.0036950929
3,0.002258765
0,0.0017318552
4,0.0016142665
