Token,Probability
2,0.3136392
1,0.28557175
4,0.054502316
3,0.052825462
6,0.047352437
9,0.046618305
<0x0A>,0.044483498
7,0.044483498
5,0.036878116
0,0.03204026
