Token,Probability
▁SELECT,0.45134223
2,0.37417588
1,0.07141272
<0x0A>,0.059203215
3,0.011567083
SELECT,0.005213693
4,0.0043562036
0,0.0032882348
9,0.0031870666
5,0.0031622644
