Token,Probability
▁SELECT,0.42000505
1,0.1999524
2,0.18205872
▁CREATE,0.05216069
3,0.021743814
4,0.01903952
7,0.01667156
<0x0A>,0.0150615
5,0.012882782
8,0.010933476
