Token,Probability
1,0.5005848
▁SELECT,0.36055773
2,0.032001317
4,0.014998714
3,0.013340133
<0x0A>,0.012929701
9,0.011146099
7,0.011146099
8,0.00881729
SELECT,0.00868059
