Token,Probability
▁SELECT,0.74041796
1,0.08705933
2,0.038632344
3,0.023800697
7,0.019124398
4,0.018975569
5,0.016230665
6,0.011068352
8,0.008963425
9,0.0084203575
