Token,Probability
2,0.72418344
1,0.20426533
3,0.021195624
0,0.012656486
4,0.0113452
5,0.005749467
7,0.005749467
9,0.005401125
6,0.004141186
8,0.0037121354
