Token,Probability
▁SELECT,0.67492574
▁CREATE,0.091341265
1,0.083167166
2,0.07691705
3,0.011795613
7,0.011080952
4,0.008834505
<0x0A>,0.008765755
SELECT,0.0068803197
9,0.005977725
