Token,Probability
1,0.3852534
2,0.21610758
▁SELECT,0.11388069
4,0.06388128
7,0.04060541
3,0.035278592
5,0.034461368
6,0.028347146
8,0.022600314
<0x0A>,0.017193412
