Token,Probability
▁SELECT,0.4239318
▁CREATE,0.39824706
<0x0A>,0.06760184
1,0.019827554
﻿,0.015684888
2,0.014734588
SELECT,0.008011056
​,0.007886856
</s>,0.006337267
CREATE,0.005505913
