Token,Probability
1,0.27572528
2,0.17254446
▁SELECT,0.11674943
7,0.10630156
6,0.07899661
3,0.05689912
4,0.051004045
5,0.04791386
8,0.037315357
9,0.031669132
