Token,Probability
▁SELECT,0.3504242
1,0.22625087
2,0.112002306
5,0.10358519
3,0.043860737
4,0.040564544
<0x0A>,0.035798084
SELECT,0.027021812
7,0.020238403
6,0.012275211
