Token,Probability
▁SELECT,0.49739987
1,0.15408729
2,0.10757027
▁CREATE,0.05408973
4,0.03926493
3,0.029408073
7,0.02308266
9,0.022198379
5,0.017020088
0,0.013152105
