Token,Probability
▁SELECT,0.7136249
1,0.1776353
2,0.03723438
<0x0A>,0.015400809
▁CREATE,0.012668359
SELECT,0.007389388
3,0.0069416882
7,0.005710077
4,0.005239861
5,0.00455247
