Token,Probability
▁SELECT,0.36167315
2,0.20932037
1,0.17353266
▁CREATE,0.09734301
3,0.027031176
4,0.022235239
7,0.022062203
5,0.016784038
6,0.012768624
<0x0A>,0.01144572
