Token,Probability
2,0.42108518
1,0.39557293
▁SELECT,0.058796667
4,0.022316696
3,0.02197071
▁CREATE,0.014866126
7,0.013222206
5,0.012228541
8,0.01079165
9,0.010541662
