Token,Probability
1,0.78910273
▁SELECT,0.16540492
▁CREATE,0.014452921
2,0.013577262
9,0.0039512087
SELECT,0.003654271
<0x0A>,0.0019713312
3,0.0017127222
4,0.0012240274
▁OUT,0.0010307344
