Token,Probability
2,0.43999138
1,0.30240136
3,0.05014306
4,0.04092557
7,0.0350055
5,0.028570656
9,0.027262308
8,0.024822617
6,0.020902736
▁SELECT,0.011910021
