Token,Probability
▁SELECT,0.79819614
1,0.06350409
2,0.050235875
7,0.01331118
▁CREATE,0.0121199675
9,0.009815049
3,0.009815049
4,0.008936705
SELECT,0.008594345
<0x0A>,0.006142101
