Token,Probability
▁SELECT,0.6940554
<0x0A>,0.13040914
1,0.08962881
2,0.026494224
4,0.0077707316
3,0.0072431182
7,0.006195367
5,0.005911661
▁CREATE,0.0057297777
0,0.0047501526
