Token,Probability
▁SELECT,0.72744256
1,0.14324193
2,0.037955336
<0x0A>,0.019537732
3,0.011943175
0,0.009671878
7,0.009301354
4,0.00795587
9,0.0075915447
5,0.0063429726
