Token,Probability
2,0.54785216
▁SELECT,0.26286235
1,0.09822449
SELECT,0.026853079
3,0.01761068
4,0.014040458
<0x0A>,0.013822781
5,0.0048144916
7,0.003012832
0,0.002459002
