Token,Probability
2,0.6088538
1,0.17997685
<0x0A>,0.10916148
4,0.02342411
3,0.02116192
0,0.017959887
5,0.010233236
8,0.0086848335
6,0.0057403245
9,0.005308932
