Token,Probability
5,0.24100408
2,0.13519104
1,0.11563502
<0x0A>,0.110339716
▁SELECT,0.102047555
▁AV,0.09890787
4,0.05212079
3,0.04253975
7,0.028783834
6,0.026620694
