Token,Probability
5,0.34010035
2,0.2954843
1,0.13957691
4,0.050551403
▁SELECT,0.034473065
<0x0A>,0.03213243
3,0.030185621
▁CREATE,0.028136093
9,0.00812435
6,0.00787439
