Token,Probability
6,0.56920594
1,0.16694756
2,0.097379655
4,0.031614546
0,0.017596144
3,0.016273774
7,0.016021471
5,0.014587716
▁CREATE,0.011360925
</s>,0.011272512
