Token,Probability
2,0.95971787
▁SELECT,0.029900925
1,0.0035711562
<0x0A>,0.002532329
▁CREATE,0.0020830368
SELECT,0.00057843846
3,0.00038532307
4,0.00021279561
0,0.0001556846
7,0.00013739117
