Token,Probability
▁SELECT,0.83031094
1,0.05921502
2,0.0514469
SELECT,0.013632071
<0x0A>,0.0132126575
4,0.00654074
3,0.0060966397
7,0.004822839
5,0.004391245
6,0.0022428285
