Token,Probability
▁SELECT,0.6216523
1,0.3077402
<0x0A>,0.017361516
SELECT,0.010367034
2,0.010286357
▁CREATE,0.009148875
9,0.005680666
3,0.0035827511
5,0.0032115574
4,0.0030406413
