Token,Probability
▁SELECT,0.760958
▁CREATE,0.12422299
<0x0A>,0.053011864
1,0.018754866
SELECT,0.016041886
2,0.007757349
​,0.0030616475
3,0.0019010203
4,0.0015637366
9,0.0013065508
