Token,Probability
▁SELECT,0.67281604
1,0.113320716
2,0.05971582
<0x0A>,0.025884893
▁CREATE,0.023939611
3,0.017514594
7,0.017514594
4,0.017378295
5,0.014864442
6,0.008081657
