Token,Probability
2,0.29320875
▁SELECT,0.27544412
1,0.18064067
▁CREATE,0.121276416
<0x0A>,0.025420917
3,0.017200653
0,0.0149441855
7,0.014259842
4,0.011192678
9,0.008649032
