Token,Probability
<0x0A>,0.455311
▁SELECT,0.455311
1,0.03978463
2,0.013119579
3,0.005469054
SELECT,0.0040961322
0,0.0037005476
4,0.0034763422
9,0.0030678613
5,0.0029967944
