Token,Probability
1,0.71512085
2,0.08408486
▁SELECT,0.0697088
9,0.02159478
3,0.017351892
7,0.016173743
<0x0A>,0.015799077
4,0.01405199
▁CREATE,0.01111604
5,0.008793511
