Token,Probability
<0x0A>,0.31423792
1,0.19818735
2,0.17218816
3,0.15314732
7,0.027457802
4,0.02312179
6,0.019623207
﻿,0.009415317
9,0.007990677
5,0.0070517473
