Token,Probability
<0x0A>,0.61218274
▁SELECT,0.32259765
1,0.03400154
2,0.006240706
SELECT,0.004747679
0,0.0026424811
3,0.0025214732
<0x09>,0.0024060067
​,0.0017329815
4,0.0015534346
