Token,Probability
8,0.8087952
▁SELECT,0.11118225
1,0.022943756
2,0.020890526
7,0.011718523
9,0.006471583
<0x0A>,0.0031050995
SELECT,0.0028493993
4,0.002574218
3,0.0025541852
