Token,Probability
▁SELECT,0.62469816
1,0.2060036
2,0.05720513
<0x0A>,0.036078822
4,0.012664858
3,0.0121796755
7,0.009940761
0,0.0076218457
5,0.0065193106
▁CREATE,0.006220769
