Token,Probability
2,0.8668035
▁SELECT,0.06377985
1,0.03522258
3,0.007617417
▁CREATE,0.00636459
4,0.0033019057
6,0.0031261817
SELECT,0.0027373761
7,0.0023969265
5,0.002323181
