Token,Probability
▁SELECT,0.81123996
1,0.072001636
<0x0A>,0.025274953
2,0.0248831
SELECT,0.010955881
7,0.0107020885
4,0.009820789
3,0.008205576
5,0.0066971956
9,0.0046753963
