Token,Probability
1,0.23477094
2,0.18571912
<0x0A>,0.17446694
▁SELECT,0.16389653
9,0.03985201
7,0.037731122
3,0.035169274
4,0.03227314
5,0.027821185
6,0.022180984
