Token,Probability
▁SELECT,0.66492236
▁CREATE,0.14836423
1,0.0700823
2,0.06088856
<0x0A>,0.018715607
SELECT,0.011896364
3,0.004998037
4,0.0041435184
0,0.0026337805
▁DATE,0.002149629
