Token,Probability
2,0.71551883
1,0.17534544
3,0.021947052
4,0.020297706
7,0.016309666
5,0.01331156
6,0.011385982
8,0.009148893
▁SELECT,0.0060944767
9,0.0042546303
