Token,Probability
▁SELECT,0.8380111
<0x0A>,0.054415897
1,0.037988417
▁CREATE,0.025704248
2,0.013758493
SELECT,0.005871404
4,0.0033716636
3,0.002861494
0,0.0027952073
7,0.002299275
