Token,Probability
1,0.36823067
2,0.35412398
3,0.03881123
4,0.035894517
▁CREATE,0.029757604
7,0.022287415
6,0.02045208
8,0.016823422
9,0.016178928
5,0.013730878
