Token,Probability
▁SELECT,0.47581494
7,0.37640062
1,0.048607558
2,0.02791297
▁CREATE,0.01933475
SELECT,0.010349146
<0x0A>,0.008059923
3,0.0053690663
6,0.005285827
4,0.0050833295
