Token,Probability
<0x0A>,0.58167535
▁SELECT,0.35280395
1,0.025959497
<0x09>,0.0070969313
2,0.0070969313
SELECT,0.006825052
​,0.0036531875
0,0.0021814178
3,0.0013544731
﻿,0.0010144535
