Token,Probability
▁SELECT,0.9201238
<0x0A>,0.029118776
▁CREATE,0.015344517
1,0.01292138
2,0.0072482377
SELECT,0.0044307583
4,0.0016686389
3,0.0014957583
5,0.0014725687
7,0.0011832422
