Token,Probability
▁SELECT,0.40221792
1,0.2186821
2,0.10011996
6,0.09116026
4,0.03379901
3,0.02846162
7,0.027802309
5,0.023048922
0,0.021150881
<0x0A>,0.013549762
