Token,Probability
▁SELECT,0.9300309
▁CREATE,0.025174784
2,0.015032549
1,0.013902836
SELECT,0.007921597
<0x0A>,0.0021487908
0,0.0013135296
3,0.0010889542
7,0.00066048413
4,0.00055185513
