Token,Probability
▁SELECT,0.50764656
<0x0A>,0.2360776
1,0.099961534
2,0.08032136
SELECT,0.011845796
7,0.011481339
9,0.007588702
5,0.0072411895
3,0.006963784
4,0.0062422957
