Token,Probability
1,0.28365427
2,0.22438902
<0x0A>,0.08650967
▁CREATE,0.06581309
</s>,0.04453136
3,0.0355035
▁Fr,0.032835368
4,0.028085578
▁SELECT,0.018855765
﻿,0.016510658
