Token,Probability
2,0.43562248
▁SELECT,0.32372713
▁CREATE,0.12876976
1,0.0647495
<0x0A>,0.015379355
3,0.008762891
4,0.004915537
7,0.0022329835
0,0.0021812564
SELECT,0.0021141462
