Token,Probability
▁SELECT,0.43643805
1,0.3398983
2,0.07014198
3,0.029468857
4,0.025206046
SELECT,0.020733928
5,0.0161476
7,0.014361973
6,0.010672912
▁CREATE,0.008119523
