Token,Probability
9,0.7704007
1,0.10105457
▁SELECT,0.036599543
▁CREATE,0.024764491
8,0.017560653
2,0.015741266
7,0.011697916
SELECT,0.008039853
0,0.0026512619
4,0.0022500968
