Token,Probability
▁SELECT,0.42335606
1,0.26910147
▁CREATE,0.15819661
2,0.050562672
<0x0A>,0.04062825
3,0.010434197
4,0.0077540367
5,0.007284243
7,0.0071155042
SELECT,0.0066843973
