Token,Probability
▁SELECT,0.47379062
2,0.11979303
▁CREATE,0.09777222
1,0.08233246
5,0.07042269
4,0.03769455
3,0.029356545
SELECT,0.023222938
7,0.023222938
6,0.013440406
