Token,Probability
▁SELECT,0.80267465
1,0.06486606
<0x0A>,0.04389057
2,0.026208254
▁CREATE,0.01665898
3,0.010104182
SELECT,0.006944496
4,0.0057571894
5,0.0054935487
7,0.0046623144
