Token,Probability
▁SELECT,0.7181575
1,0.1307862
▁CREATE,0.07110722
<0x0A>,0.029182343
SELECT,0.023448672
2,0.0070957877
▁FROM,0.0060221176
</s>,0.003624174
0,0.0014303783
▁VARCHAR,0.0014082023
