Token,Probability
▁SELECT,0.6566231
1,0.13550183
2,0.080911845
▁CREATE,0.037627503
4,0.013627778
<0x0A>,0.012802114
3,0.012603635
SELECT,0.009815721
5,0.00958834
7,0.008662343
