Token,Probability
▁SELECT,0.48334122
1,0.1792059
2,0.1260871
▁CREATE,0.058635943
<0x0A>,0.046748646
3,0.019336082
4,0.0143693555
7,0.009953362
SELECT,0.009799049
0,0.009722792
