Token,Probability
1,0.39310113
2,0.34153217
3,0.054889213
0,0.04920238
4,0.046949234
5,0.023792714
7,0.019117983
9,0.016352478
8,0.014096716
▁SELECT,0.013663007
