Token,Probability
2,0.7507736
1,0.086908355
raph,0.05744291
3,0.019543966
<0x0A>,0.0099044
4,0.009827323
0,0.00894788
7,0.006054438
9,0.0050983485
nd,0.0046785073
