Token,Probability
5,0.689903
▁SELECT,0.18280612
2,0.04843879
1,0.021494586
4,0.01205737
3,0.011870436
7,0.0078458795
<0x0A>,0.005922381
SELECT,0.005350425
6,0.0040072836
