Token,Probability
▁SELECT,0.85024154
1,0.060636405
<0x0A>,0.030729037
2,0.01922974
▁CREATE,0.007241986
SELECT,0.0070191734
3,0.0044269376
7,0.0033942505
0,0.0031886033
4,0.0029721053
