Token,Probability
1,0.40625435
▁SELECT,0.3698988
2,0.08515554
<0x0A>,0.024207607
4,0.017300397
7,0.01703218
3,0.016508153
5,0.011983635
SELECT,0.011257583
6,0.010493222
