Token,Probability
▁SELECT,0.820284
<0x0A>,0.057592973
▁CREATE,0.040206376
1,0.030113183
2,0.013155477
SELECT,0.012750725
3,0.0036817961
4,0.0029353832
7,0.0024335182
0,0.0020174575
