Token,Probability
▁SELECT,0.47176743
2,0.18765612
1,0.14388093
0,0.03933486
▁CREATE,0.032865506
3,0.022412326
7,0.017729612
<0x0A>,0.01458398
4,0.014135278
9,0.0130729955
