Token,Probability
1,0.34155396
2,0.25382134
7,0.07048364
▁SELECT,0.06939089
3,0.06621325
4,0.049980383
5,0.044802126
6,0.029844651
8,0.023609063
9,0.017821055
