Token,Probability
▁SELECT,0.62582004
2,0.131179
▁CREATE,0.09229595
1,0.07651603
SELECT,0.017892389
<0x0A>,0.016940173
4,0.0067383354
3,0.0058543663
▁VARCHAR,0.003899849
7,0.0032079283
