Token,Probability
1,0.2589177
<0x0A>,0.18942821
2,0.1546068
▁SELECT,0.12717609
▁CREATE,0.0624668
4,0.029738653
3,0.027719472
▁VARCHAR,0.019656051
7,0.01890304
0,0.013093751
