Token,Probability
1,0.55895764
2,0.19017577
3,0.04961031
7,0.045170706
8,0.040490758
4,0.035732966
5,0.027828863
9,0.027397417
6,0.02133713
0,0.002712712
