Token,Probability
▁SELECT,0.4806079
1,0.20034717
2,0.11415438
▁CREATE,0.06606749
3,0.027326701
7,0.022832312
4,0.015939524
5,0.013633797
0,0.011753067
6,0.0106180115
