Token,Probability
▁SELECT,0.716463
1,0.11514609
2,0.05700145
<0x0A>,0.053547904
0,0.01510388
▁CREATE,0.008741455
3,0.008406576
SELECT,0.008084524
4,0.0039094207
5,0.002882626
