Token,Probability
▁SELECT,0.40359363
1,0.31431904
▁CREATE,0.09813518
2,0.07524286
<0x0A>,0.018153185
7,0.012379396
0,0.010839762
3,0.010671707
9,0.00927174
4,0.009199587
