Token,Probability
▁SELECT,0.59557194
1,0.17063423
<0x0A>,0.085800275
2,0.04888752
3,0.014793823
9,0.014227079
7,0.012853096
5,0.012753072
4,0.012169066
8,0.0074971444
