Token,Probability
2,0.33335364
1,0.2851325
▁SELECT,0.27207533
▁CREATE,0.053574808
<0x0A>,0.011586365
7,0.0075985235
9,0.006153472
SELECT,0.0049444535
3,0.0044321795
8,0.0044321795
