Token,Probability
1,0.44158444
2,0.29415867
<0x0A>,0.0343184
3,0.033003684
4,0.028229548
7,0.026108064
9,0.022683078
8,0.016084712
6,0.014645297
raph,0.013127959
