Token,Probability
▁SELECT,0.646586
<0x0A>,0.13447708
1,0.09242465
▁CREATE,0.044693645
2,0.024299514
SELECT,0.016570827
​,0.008869725
</s>,0.004494958
▁VARCHAR,0.0030414406
3,0.0027909826
