Token,Probability
▁SELECT,0.58340806
2,0.16714922
1,0.09673853
▁CREATE,0.050977625
<0x0A>,0.027933436
3,0.010853764
7,0.01003809
4,0.009283716
0,0.008858583
9,0.007007716
