Token,Probability
▁SELECT,0.647655
1,0.28293952
2,0.016340893
▁CREATE,0.013441651
SELECT,0.007901939
<0x0A>,0.0075400835
7,0.004262776
0,0.0035616832
4,0.0030944438
9,0.0026262202
