Token,Probability
▁SELECT,0.4639409
8,0.2685084
1,0.076928936
▁CREATE,0.056282416
7,0.03808259
2,0.028746244
SELECT,0.01305857
9,0.012558305
<0x0A>,0.009628786
4,0.0076767374
