Token,Probability
3,0.39889756
▁SELECT,0.30110365
2,0.099293455
1,0.07978453
4,0.02321862
7,0.017802335
<0x0A>,0.017526336
SELECT,0.016464468
5,0.013649523
6,0.011858912
