Token,Probability
2,0.42619303
1,0.21430331
▁SELECT,0.11031389
▁CREATE,0.035534974
4,0.031359505
3,0.029002799
<0x0A>,0.015645836
▁M,0.014470033
5,0.011536516
6,0.011536516
