Token,Probability
▁SELECT,0.5858821
1,0.3235548
2,0.027402073
<0x0A>,0.016108846
SELECT,0.012351082
3,0.010899791
4,0.0049514533
7,0.003708467
5,0.0036225605
0,0.0033242484
