Token,Probability
▁SELECT,0.3818896
1,0.35596028
2,0.11830388
▁CREATE,0.047799096
<0x0A>,0.013273329
4,0.011264928
3,0.0106654195
7,0.0078029865
5,0.007562914
8,0.005890004
