Token,Probability
▁SELECT,0.3324122
2,0.25288588
▁CREATE,0.15458603
1,0.1364217
SELECT,0.022798352
<0x0A>,0.020596594
3,0.015306091
4,0.0069531044
9,0.0052076345
5,0.0039617596
