Token,Probability
1,0.3530776
▁SELECT,0.336909
2,0.101158425
7,0.033358507
5,0.030851575
3,0.028982373
4,0.026804315
6,0.025180321
8,0.019306423
9,0.017306166
