Token,Probability
▁SELECT,0.8029979
<0x0A>,0.062895656
1,0.058168974
2,0.027909778
SELECT,0.012003846
3,0.008380035
4,0.0067335474
5,0.0043816026
7,0.003718618
6,0.0032561305
