Token,Probability
1,0.29810357
▁SELECT,0.17800577
▁AV,0.10142464
2,0.089506924
<0x0A>,0.059624467
3,0.056012005
4,0.046435583
5,0.037604682
7,0.034778643
0,0.02316757
