Token,Probability
▁SELECT,0.79787356
1,0.11859331
2,0.035608172
<0x0A>,0.009965586
▁CREATE,0.009734732
SELECT,0.0072909775
3,0.0035812082
7,0.0031114072
0,0.0025394568
4,0.0025394568
