Token,Probability
▁SELECT,0.4923586
2,0.15736727
▁CREATE,0.14328451
1,0.13887613
4,0.009904183
3,0.00930412
<0x0A>,0.00808356
SELECT,0.0064447755
0,0.005555744
7,0.00416106
