Token,Probability
1,0.5126163
2,0.14459005
▁SELECT,0.10578434
3,0.03771857
4,0.03434315
7,0.030785
<0x0A>,0.028471472
5,0.026746472
6,0.023603681
9,0.01987629
