Token,Probability
▁SELECT,0.9236408
1,0.01691707
<0x0A>,0.016142381
▁CREATE,0.01601676
2,0.008053733
4,0.0029628028
SELECT,0.0028051254
3,0.0024181693
7,0.0020683699
5,0.0018980427
