Token,Probability
▁SELECT,0.6183392
1,0.14686844
2,0.09335526
SELECT,0.041426145
3,0.018818673
<0x0A>,0.0171346
4,0.01622271
0,0.011961877
7,0.010722557
5,0.00822127
