Token,Probability
▁SELECT,0.46782726
▁CREATE,0.33696336
2,0.07577638
1,0.04024453
<0x0A>,0.03284663
SELECT,0.013375327
3,0.0066212667
4,0.0036281545
CREATE,0.0026752334
0,0.0022882486
