Token,Probability
2,0.64922374
▁SELECT,0.15181345
1,0.11281816
▁CREATE,0.033089463
<0x0A>,0.012268406
3,0.009188612
SELECT,0.0073258
0,0.0038907032
7,0.0031507877
4,0.002891325
