Token,Probability
▁SELECT,0.35282287
1,0.25412878
2,0.24631006
▁CREATE,0.0298808
3,0.026164504
<0x0A>,0.01914236
SELECT,0.018993393
4,0.007917625
5,0.0075550494
9,0.006772303
