Token,Probability
▁SELECT,0.88525724
<0x0A>,0.06826371
SELECT,0.020982541
1,0.009606508
2,0.0037036384
▁CREATE,0.0019064698
4,0.0011563324
5,0.0009890635
<0x09>,0.0009813665
3,0.0009364266
