Token,Probability
▁SELECT,0.81135017
2,0.061594635
1,0.049492676
▁CREATE,0.030491557
<0x0A>,0.010133911
SELECT,0.008600539
3,0.0048623034
4,0.004126583
0,0.0036990452
5,0.0034210577
