Token,Probability
2,0.5017254
1,0.19043346
4,0.12685603
▁SELECT,0.033613503
3,0.033092376
▁CREATE,0.022744033
7,0.022044273
6,0.015877893
9,0.014232853
5,0.012959161
