Token,Probability
2,0.3422337
1,0.19806968
▁CREATE,0.14491087
3,0.048161324
8,0.043851383
4,0.043510128
6,0.041843284
7,0.03692657
▁SELECT,0.029904047
5,0.025379237
