Token,Probability
▁SELECT,0.63597643
<0x0A>,0.21302542
1,0.077757806
2,0.028829856
SELECT,0.009286846
▁CREATE,0.0036367811
3,0.003524889
​,0.0025191247
9,0.0024037657
4,0.0023850594
