Token,Probability
▁SELECT,0.720023
▁CREATE,0.17922789
2,0.048998177
1,0.017745964
<0x0A>,0.010763471
3,0.0050054793
SELECT,0.0035772545
▁VARCHAR,0.0027214317
4,0.0019755478
5,0.0009703564
