Token,Probability
▁SELECT,0.84135264
1,0.0723768
2,0.03262278
<0x0A>,0.010508647
3,0.0067848917
▁CREATE,0.0055376673
7,0.005042104
4,0.0046997573
5,0.004449641
SELECT,0.0031552678
