Token,Probability
2,0.69363093
▁SELECT,0.10637175
1,0.074259445
▁CREATE,0.061563242
<0x0A>,0.021610733
3,0.009515076
4,0.006438223
7,0.005862069
9,0.0042222897
5,0.0036683888
