Token,Probability
2,0.4040575
▁SELECT,0.23385055
1,0.14864446
3,0.09015742
7,0.022974152
4,0.019650834
8,0.015545089
9,0.014489616
6,0.012490829
SELECT,0.009958558
