Token,Probability
2,0.5421754
1,0.29941767
3,0.03281554
4,0.021689747
<0x0A>,0.017981432
7,0.013467469
8,0.011164925
9,0.010008173
5,0.009930289
▁CREATE,0.008901454
