Token,Probability
1,0.9683546
▁SELECT,0.009642914
▁CREATE,0.008509842
2,0.0076281736
9,0.0021685003
<0x0A>,0.00064603495
SELECT,0.00052317505
3,0.0004581074
0,0.00042038294
4,0.00033515852
