Token,Probability
1,0.4114975
2,0.18260092
3,0.071507536
4,0.068232976
7,0.053976726
▁SELECT,0.04914637
5,0.03887798
6,0.03273854
0,0.028891658
8,0.023952026
