Token,Probability
1,0.38191673
2,0.30687872
7,0.05009657
▁SELECT,0.048555262
3,0.04284987
4,0.042185545
8,0.03184332
5,0.02598976
6,0.02088336
9,0.020720843
