Token,Probability
1,0.40132496
2,0.20338158
<0x0A>,0.14309682
3,0.043984354
4,0.035067383
9,0.024672985
nd,0.020454623
0,0.01921534
5,0.014504501
7,0.013414469
