Token,Probability
2,0.23004049
1,0.17095158
4,0.16569196
▁SELECT,0.16312313
3,0.06907068
7,0.045297656
5,0.035277855
<0x0A>,0.03212085
6,0.02387019
9,0.022955736
