Token,Probability
▁SELECT,0.7908451
▁CREATE,0.09298862
1,0.04461643
<0x0A>,0.020748565
2,0.016542198
SELECT,0.009724658
4,0.0036338388
3,0.0035775015
5,0.0021698645
9,0.0021529782
