Token,Probability
▁SELECT,0.8551308
1,0.04749524
2,0.03420954
SELECT,0.017747672
3,0.017201634
<0x0A>,0.010680738
4,0.0047026654
7,0.0025567948
▁CREATE,0.002327988
9,0.0019000486
