Token,Probability
2,0.9940055
1,0.0026641039
▁CREATE,0.0015179606
▁SELECT,0.00081887835
3,0.00029657804
0,0.00018559382
<0x0A>,0.000106577565
4,8.235676e-05
SELECT,5.8399684e-05
5,4.4428136e-05
