Token,Probability
3,0.8697587
▁SELECT,0.07719547
▁CREATE,0.034255285
2,0.006093839
1,0.004123298
SELECT,0.0023493844
<0x0A>,0.0017873173
</s>,0.0004590211
4,0.0004590211
nd,0.00039570092
