Token,Probability
2,0.44618958
1,0.3474928
3,0.058527336
4,0.03662547
7,0.017300649
▁SELECT,0.017032426
9,0.01575242
5,0.015387516
6,0.013059215
8,0.012267997
