Token,Probability
▁SELECT,0.46617922
1,0.46617922
▁CREATE,0.024323555
<0x0A>,0.020164935
2,0.00867283
SELECT,0.0049416297
9,0.004327036
0,0.00090699585
4,0.00078187935
5,0.00071190926
