Token,Probability
1,0.74302536
▁SELECT,0.059114736
2,0.052990105
<0x0A>,0.046763606
0,0.02279076
3,0.0143739525
7,0.01319028
4,0.009725902
9,0.0092083
▁M,0.008583079
