Token,Probability
▁SELECT,0.39385602
1,0.16939537
2,0.123932295
▁CREATE,0.08001671
<0x0A>,0.062317077
3,0.0355072
4,0.02990006
5,0.027012452
7,0.019304927
6,0.014458722
