Token,Probability
▁SELECT,0.53133667
6,0.20807442
1,0.14754686
2,0.0256398
SELECT,0.024086364
4,0.013617195
7,0.011377593
<0x0A>,0.009808098
5,0.009142152
3,0.008389311
