Token,Probability
▁SELECT,0.7017404
1,0.10109529
▁CREATE,0.07512763
2,0.065783955
SELECT,0.013897215
7,0.0070427656
4,0.0064628054
<0x0A>,0.006215219
3,0.004618759
5,0.002958888
