Token,Probability
▁SELECT,0.8733388
▁CREATE,0.08381179
SELECT,0.012074232
1,0.009257635
2,0.007856852
8,0.0031993529
<0x0A>,0.002779646
7,0.0012143374
4,0.0009988867
3,0.0007840352
