Token,Probability
▁SELECT,0.524246
▁CREATE,0.14787036
1,0.1346375
2,0.07206626
<0x0A>,0.025496049
SELECT,0.014871714
▁VARCHAR,0.014755981
3,0.009379473
7,0.008742629
4,0.00808561
