Token,Probability
1,0.9860553
2,0.004711293
7,0.0017063174
9,0.0012680274
▁CREATE,0.0010846013
3,0.0008123289
8,0.0008123289
▁SELECT,0.00079973484
0,0.00075128133
5,0.00059431244
