Token,Probability
1,0.40351206
▁SELECT,0.22634974
2,0.1250022
3,0.045272794
7,0.0438799
4,0.03812352
5,0.036377713
6,0.026823245
8,0.016525323
9,0.013278469
