Token,Probability
<0x0A>,0.47810927
▁SELECT,0.15521936
1,0.14811134
2,0.05322493
9,0.038038142
▁MAX,0.03629625
0,0.028267544
7,0.008098787
5,0.0073740296
6,0.006113285
