Token,Probability
▁SELECT,0.5647271
▁CREATE,0.24671102
1,0.12405408
2,0.02900861
SELECT,0.011010427
<0x0A>,0.0046621077
▁VARCHAR,0.0022022235
4,0.0019133252
3,0.0017834151
CREATE,0.0016365538
