Token,Probability
▁SELECT,0.342404
1,0.23168217
2,0.15923266
▁CREATE,0.11469098
3,0.027455151
7,0.024419118
4,0.020886777
0,0.014581323
5,0.013591287
8,0.010259241
