Token,Probability
1,0.33954063
▁SELECT,0.19046503
2,0.15304296
3,0.06685951
7,0.058088552
4,0.054569148
5,0.040552348
8,0.028755918
6,0.028310101
9,0.020074867
