Token,Probability
1,0.53128135
2,0.22850126
0,0.16717508
3,0.03266255
4,0.018179446
5,0.006846443
6,0.0036646365
9,0.0025583287
<0x0A>,0.0024990651
7,0.0022227145
