Token,Probability
▁SELECT,0.38629085
1,0.2306648
2,0.13142885
7,0.039155
4,0.03678272
3,0.032715224
▁CREATE,0.027982816
5,0.027121874
8,0.017786961
<0x0A>,0.016579269
