Token,Probability
▁SELECT,0.49339512
▁CREATE,0.17319798
SELECT,0.14026
CREATE,0.064215705
1,0.0101604005
创,0.007912927
你,0.005926509
<0x0A>,0.005611106
選,0.005271146
<0xE8>,0.005069212
