Token,Probability
▁SELECT,0.6895958
▁CREATE,0.15875398
1,0.04477862
2,0.039209466
<0x0A>,0.026530452
SELECT,0.008218751
4,0.00490764
3,0.004433683
7,0.0038220738
0,0.0032691932
