Token,Probability
▁SELECT,0.91254133
SELECT,0.027129138
▁CREATE,0.023941379
<0x0A>,0.01893919
1,0.0075334893
2,0.0037585974
5,0.0017208114
4,0.0007007237
9,0.0006738794
3,0.0005086708
