Token,Probability
▁SELECT,0.5295364
2,0.13284586
▁CREATE,0.12875861
1,0.073364444
<0x0A>,0.052023184
SELECT,0.01913826
4,0.0097748665
3,0.006985782
7,0.0038278927
▁VARCHAR,0.0035959727
