Token,Probability
▁SELECT,0.8887298
1,0.029475026
<0x0A>,0.024435654
2,0.014820973
SELECT,0.007933095
3,0.007933095
7,0.0054950947
4,0.005452331
5,0.0044154325
6,0.0029876311
