Token,Probability
1,0.29437372
2,0.23653592
▁SELECT,0.18135838
3,0.053609435
4,0.04514367
9,0.035157926
5,0.03102676
8,0.026956517
7,0.025722086
SELECT,0.0249307
