Token,Probability
▁SELECT,0.6685396
1,0.11085472
2,0.0732705
▁CREATE,0.058874503
<0x0A>,0.025321608
3,0.009170879
4,0.008093272
SELECT,0.007254762
7,0.006109122
0,0.0055191317
