Token,Probability
1,0.6940579
2,0.11154526
▁SELECT,0.07201903
0,0.0203139
4,0.016579721
<0x0A>,0.015944565
3,0.015454001
7,0.012811816
5,0.012515031
6,0.010134981
