Token,Probability
9,0.48791322
1,0.19713476
2,0.10551864
8,0.06707172
7,0.051425673
4,0.025062872
3,0.021105057
5,0.016958388
6,0.014280394
▁CREATE,0.004820849
