Token,Probability
▁SELECT,0.7280972
2,0.12456274
1,0.09113206
<0x0A>,0.013335566
▁CREATE,0.008953076
SELECT,0.008677619
3,0.0042623025
7,0.004196222
9,0.003022425
4,0.00281721
