Token,Probability
▁SELECT,0.67456496
▁CREATE,0.118141204
1,0.06891115
2,0.060813874
<0x0A>,0.017423468
SELECT,0.017287876
4,0.005031059
3,0.0049919067
0,0.004545183
rick,0.0032482957
