Token,Probability
▁SELECT,0.8190122
<0x0A>,0.09480754
1,0.03830571
SELECT,0.016998056
▁CREATE,0.009027599
2,0.008219723
3,0.0020143297
4,0.0016962358
<0x09>,0.001631254
0,0.0015565533
