Token,Probability
2,0.75156087
▁SELECT,0.2054653
▁CREATE,0.018236082
1,0.00931408
<0x0A>,0.006921636
SELECT,0.0017364444
3,0.0016699225
7,0.0011124081
4,0.0008868892
5,0.00087998726
