Token,Probability
▁SELECT,0.8381954
1,0.045122284
2,0.036827736
3,0.01823105
7,0.014879749
SELECT,0.011956214
4,0.0067594307
<0x0A>,0.0061066365
5,0.005826994
6,0.004330254
