Token,Probability
1,0.43658528
2,0.28856525
3,0.1020904
4,0.027051263
<0x0A>,0.024630457
6,0.019484295
7,0.018020026
8,0.014366819
9,0.011101817
5,0.007750317
