Token,Probability
▁SELECT,0.75030804
1,0.13664123
<0x0A>,0.028197516
2,0.02178935
SELECT,0.013635426
▁CREATE,0.012909763
4,0.0056840917
3,0.004426775
9,0.0042905775
7,0.004126208
