Token,Probability
▁SELECT,0.6077722
2,0.21670787
▁CREATE,0.12542087
1,0.021456983
<0x0A>,0.013322945
3,0.0027493448
SELECT,0.0022439498
4,0.0017339899
7,0.0013610244
5,0.001229583
