Token,Probability
▁SELECT,0.5476814
2,0.28413337
1,0.044606574
<0x0A>,0.036692366
▁CREATE,0.03420105
SELECT,0.013289095
3,0.0057155685
4,0.003633036
﻿,0.00210264
0,0.0018268053
