Token,Probability
2,0.42591128
▁SELECT,0.41930816
3,0.0695281
1,0.041517127
▁CREATE,0.023655746
SELECT,0.00621937
<0x0A>,0.0032518725
4,0.0024546424
5,0.0018099397
0,0.0017542538
