Token,Probability
▁SELECT,0.52737695
2,0.23402211
1,0.13757451
<0x0A>,0.0321702
3,0.011381375
4,0.009888309
SELECT,0.009811358
5,0.009074022
7,0.008863823
6,0.004562705
