Token,Probability
▁SELECT,0.8216381
<0x0A>,0.06744416
1,0.052525565
2,0.014247943
SELECT,0.010262409
▁CREATE,0.0074497093
4,0.0035465932
3,0.0035189935
5,0.0030813338
7,0.0030099547
