Token,Probability
2,0.44358864
1,0.30487373
3,0.06050404
4,0.035291694
▁CREATE,0.028357672
0,0.024637574
5,0.019338252
9,0.017199798
7,0.015538721
6,0.011729244
