Token,Probability
▁SELECT,0.71954364
2,0.08329322
1,0.07824674
<0x0A>,0.047459047
7,0.011097748
4,0.010425369
3,0.008575675
8,0.008119286
5,0.0071094837
SELECT,0.0056240647
