Token,Probability
1,0.39927128
2,0.2921131
3,0.06830726
4,0.06171047
7,0.035161566
9,0.032014966
5,0.028923115
0,0.025524558
6,0.024933284
8,0.018099623
