Token,Probability
2,0.25923294
1,0.25521392
▁SELECT,0.13240322
<0x0A>,0.11413871
▁CREATE,0.07603277
3,0.02300823
4,0.022475246
5,0.009591258
7,0.009223822
6,0.008801432
