Token,Probability
1,0.3722627
▁SELECT,0.29912147
2,0.09863979
7,0.036859
4,0.031038387
3,0.030319383
5,0.029617036
0,0.023612758
9,0.022708168
8,0.016875278
