Token,Probability
▁SELECT,0.6445793
▁CREATE,0.17899321
1,0.12111287
<0x0A>,0.019464608
2,0.010500369
SELECT,0.008911547
▁JOIN,0.003954475
9,0.0012838301
CREATE,0.0010396773
8,0.0010235587
