Token,Probability
1,0.3796217
2,0.22316808
▁SELECT,0.061010763
5,0.054689694
3,0.053841807
4,0.05218527
7,0.044636425
6,0.037004896
9,0.034762885
8,0.022096632
