Token,Probability
1,0.3748097
2,0.16374224
7,0.14005616
3,0.07153369
6,0.06615785
4,0.05571049
8,0.048402112
9,0.03711119
5,0.030766254
<0x0A>,0.0077183917
