Token,Probability
▁SELECT,0.57575697
1,0.12068521
2,0.08425186
7,0.0417077
3,0.027783314
▁CREATE,0.026304713
4,0.023033177
6,0.02215079
5,0.020971946
8,0.016851433
