Token,Probability
1,0.23040205
2,0.14645246
7,0.08745076
4,0.07249922
▁AV,0.07137523
3,0.07026865
5,0.06917924
6,0.06398034
<0x0A>,0.04536885
0,0.04066838
