Token,Probability
0,0.3239792
1,0.2407609
2,0.17341357
▁SELECT,0.067381255
3,0.034147155
▁CREATE,0.02943669
4,0.028754788
9,0.020711297
7,0.019456463
<0x0A>,0.015512045
