Token,Probability
1,0.971952
▁SELECT,0.01408248
▁CREATE,0.0035054064
2,0.003117773
9,0.0014274205
<0x0A>,0.0012305133
3,0.00083913724
7,0.0007290551
0,0.0005812534
4,0.00054178765
