Token,Probability
1,0.46096796
▁SELECT,0.31681833
2,0.061899744
▁CREATE,0.047832415
<0x0A>,0.03638898
3,0.010184108
7,0.010184108
9,0.009948195
4,0.0076873684
5,0.006837287
