Token,Probability
▁SELECT,0.69098765
▁CREATE,0.10933013
2,0.07752666
1,0.069494456
<0x0A>,0.014796223
SELECT,0.0052346997
4,0.0050341613
3,0.0041409885
▁VARCHAR,0.0034870617
0,0.0029364002
