Token,Probability
▁SELECT,0.41100395
▁CREATE,0.35155034
SELECT,0.10473312
CREATE,0.062539
3,0.024490623
2,0.006096198
½,0.004784961
1,0.0035558809
©,0.0026841196
º,0.0020103129
