Token,Probability
1,0.39997894
4,0.20112205
2,0.14946122
3,0.06378222
9,0.042157467
8,0.038384818
6,0.0380861
7,0.02256527
0,0.016509103
5,0.013474336
