Token,Probability
1,0.33468246
▁SELECT,0.31440508
2,0.12903158
3,0.043220166
7,0.035830777
4,0.03313805
5,0.021902915
6,0.018444102
8,0.014476944
▁CREATE,0.014031535
