Token,Probability
▁SELECT,0.5352537
<0x0A>,0.29559514
1,0.095965706
​,0.019803643
2,0.018315375
SELECT,0.006790696
<0x09>,0.0038995682
3,0.0032582115
﻿,0.0026801315
4,0.0023285386
