Token,Probability
▁SELECT,0.7534855
1,0.08859582
2,0.048927262
▁CREATE,0.026601292
<0x0A>,0.02171134
SELECT,0.017175084
0,0.0080498
3,0.0078021334
5,0.005619666
9,0.0055325413
