Token,Probability
1,0.37026504
2,0.27515763
3,0.06236281
4,0.054181747
7,0.04286129
▁SELECT,0.03964021
0,0.033380408
5,0.029458107
6,0.028551776
9,0.025593646
