Token,Probability
2,0.9450034
1,0.027229842
0,0.012663053
3,0.0046222243
4,0.0030077389
▁CREATE,0.0027385773
<0x0A>,0.0007313421
5,0.00066071254
6,0.0005267659
7,0.00043330583
