Token,Probability
1,0.43823415
▁SELECT,0.3576763
2,0.07980837
▁CREATE,0.030768866
7,0.014995548
3,0.014763063
9,0.012431746
<0x0A>,0.0114974845
4,0.008216882
5,0.008026538
