Token,Probability
▁SELECT,0.57822955
1,0.18194799
2,0.060944945
▁CREATE,0.04935472
3,0.020735474
7,0.019631952
4,0.018015293
5,0.015898438
<0x0A>,0.012094894
0,0.009273478
