Token,Probability
▁SELECT,0.36904874
2,0.15997079
1,0.1514573
<0x0A>,0.081705086
▁CREATE,0.07919129
3,0.0221631
4,0.021481212
7,0.014198216
9,0.0134426
SELECT,0.012144377
