Token,Probability
▁SELECT,0.57697463
1,0.16790918
2,0.10507488
7,0.024189612
4,0.019436898
3,0.017976195
▁CREATE,0.01688707
9,0.012847006
5,0.012451746
8,0.011606302
