Token,Probability
▁SELECT,0.46436366
▁CREATE,0.35603997
1,0.10690259
2,0.027887205
SELECT,0.01977499
<0x0A>,0.004808357
3,0.0038939267
CREATE,0.0029855769
4,0.0025536993
9,0.0018108438
