Token,Probability
1,0.3415649
2,0.22931582
<0x0A>,0.11804167
▁SELECT,0.08568906
▁CREATE,0.06028978
3,0.03201966
4,0.029154234
9,0.019573227
</s>,0.0124415
5,0.010314366
