Token,Probability
2,0.27140293
1,0.23214324
7,0.17799039
▁SELECT,0.06446385
8,0.054284
9,0.040975712
3,0.03849312
▁CREATE,0.03241446
4,0.024277307
5,0.020928347
