Token,Probability
▁SELECT,0.3985486
2,0.2696715
1,0.20040283
3,0.023198308
7,0.020472437
4,0.018640367
5,0.013426151
<0x0A>,0.009155842
6,0.009084589
9,0.008736565
