Token,Probability
1,0.4350401
▁SELECT,0.19005494
2,0.13267972
0,0.061701804
4,0.035432365
▁CREATE,0.029145867
9,0.025922872
7,0.020031644
3,0.018817987
8,0.013343951
