Token,Probability
▁SELECT,0.36400506
1,0.20102267
2,0.12979001
<0x0A>,0.10759969
9,0.03205587
3,0.026575249
7,0.024965135
4,0.023821898
5,0.02220445
8,0.018264884
