Token,Probability
1,0.33447114
▁SELECT,0.2729874
▁CREATE,0.11559014
2,0.11559014
7,0.027887419
3,0.021215629
9,0.018869571
4,0.018146688
8,0.015643425
5,0.013591242
