Token,Probability
▁SELECT,0.51908404
2,0.24905923
1,0.11402763
4,0.021092989
3,0.019356016
7,0.018183293
<0x0A>,0.012399929
5,0.010441787
SELECT,0.0083902115
9,0.007881874
