Token,Probability
4,0.37569094
2,0.24256429
▁SELECT,0.22085729
1,0.069495834
▁CREATE,0.04085449
3,0.021528805
SELECT,0.0074985097
5,0.005486027
<0x0A>,0.0037704874
7,0.0028239647
