Token,Probability
4,0.46595266
▁SELECT,0.2455398
2,0.12346517
1,0.04613556
3,0.02374855
<0x0A>,0.022136083
5,0.017926348
9,0.013115196
7,0.011044102
6,0.010214125
