Token,Probability
▁SELECT,0.38829866
1,0.29310322
2,0.101293765
▁CREATE,0.08139182
7,0.021067094
3,0.02090315
4,0.017465234
9,0.014592751
0,0.014254708
8,0.012777839
