Token,Probability
2,0.4013627
1,0.22165352
▁SELECT,0.1621652
▁CREATE,0.09683327
3,0.03452696
4,0.020941662
7,0.015807595
5,0.012701758
6,0.0074088704
8,0.007125041
