Token,Probability
▁SELECT,0.7483978
1,0.0633823
▁CREATE,0.059542168
<0x0A>,0.037260532
2,0.037260532
3,0.010107192
7,0.008121356
4,0.0066804453
SELECT,0.0060352795
0,0.0058040717
