Token,Probability
1,0.58461237
2,0.18685333
9,0.07317282
3,0.057884462
7,0.019694196
8,0.01793177
6,0.017380068
4,0.01684534
5,0.015824731
0,0.0040641273
