Token,Probability
▁SELECT,0.3451901
1,0.28617266
2,0.11562421
7,0.042869378
4,0.041550428
3,0.03581871
5,0.032869097
9,0.025799247
6,0.02330768
8,0.019627033
