Token,Probability
▁SELECT,0.862438
<0x0A>,0.039711405
1,0.03190901
▁CREATE,0.02905348
2,0.015430189
3,0.0030147394
SELECT,0.002788178
0,0.0022756446
7,0.002188466
5,0.001842873
