Token,Probability
▁SELECT,0.7954246
<0x0A>,0.07456629
▁CREATE,0.04054099
1,0.03440669
2,0.014342842
SELECT,0.011435111
4,0.003654881
3,0.0026739682
0,0.0025715297
7,0.0022871662
