Token,Probability
▁SELECT,0.398932
1,0.13786721
2,0.11164827
▁CREATE,0.06666823
<0x0A>,0.0588345
3,0.0588345
SELECT,0.0552699
4,0.015959289
</s>,0.009164649
9,0.008151206
