Token,Probability
▁SELECT,0.7898887
▁CREATE,0.15553829
<0x0A>,0.021381307
SELECT,0.012767361
1,0.006125847
2,0.004770814
​,0.001178308
CREATE,0.0008161901
﻿,0.0006981244
0,0.0006926915
