Token,Probability
▁SELECT,0.529523
▁CREATE,0.28789666
1,0.06275035
2,0.059410833
SELECT,0.015139228
9,0.006116801
7,0.0053143683
0,0.005031543
4,0.0049535357
3,0.003949303
