Token,Probability
▁SELECT,0.3641961
1,0.33682632
2,0.120099135
3,0.040228166
4,0.02292132
<0x0A>,0.022390347
0,0.019151479
SELECT,0.017301919
5,0.015877133
7,0.014799115
