Token,Probability
9,0.6707302
1,0.18336743
4,0.0341856
2,0.032366272
3,0.025404582
8,0.019027151
6,0.011722288
7,0.0062256604
0,0.005712987
5,0.0047362326
