Token,Probability
▁SELECT,0.6806247
1,0.1220293
2,0.078788035
▁CREATE,0.032334544
SELECT,0.02104049
3,0.01468863
<0x0A>,0.010662801
4,0.009861479
0,0.007986069
7,0.0060282005
