Token,Probability
▁SELECT,0.53045845
<0x0A>,0.35892615
1,0.06092716
2,0.009270771
<0x09>,0.008574062
SELECT,0.0037751084
​,0.003518788
﻿,0.0028274255
4,0.002534488
5,0.0025147644
