Token,Probability
▁SELECT,0.7262322
2,0.13645498
1,0.07418928
▁CREATE,0.023712318
SELECT,0.006382084
3,0.0056321695
7,0.005088241
9,0.0046328963
4,0.0045968425
5,0.0032342828
