Token,Probability
▁SELECT,0.8685421
▁CREATE,0.037864104
1,0.026849672
2,0.025620135
<0x0A>,0.018891102
SELECT,0.008382876
3,0.0022562204
4,0.0017164419
0,0.0013058002
5,0.0012656249
