Token,Probability
2,0.26859
1,0.21581812
▁SELECT,0.20917809
▁CREATE,0.08926625
7,0.03414738
3,0.027653394
8,0.024404038
4,0.023653204
5,0.022220127
9,0.019609194
