Token,Probability
▁SELECT,0.3877525
2,0.31156787
▁CREATE,0.20433122
1,0.04968384
SELECT,0.00986006
4,0.0064160633
<0x0A>,0.00612225
3,0.004919367
7,0.0031761818
5,0.002869441
