Token,Probability
9,0.84377164
1,0.055652775
8,0.040716436
2,0.025479697
7,0.024312895
6,0.0024643901
4,0.001995724
5,0.0018602193
3,0.0015787476
0,0.0007399441
