Token,Probability
▁SELECT,0.6038134
1,0.17848691
2,0.11705457
<0x0A>,0.022692066
SELECT,0.01712887
0,0.011589972
3,0.009913429
▁CREATE,0.008413418
4,0.007084808
9,0.0047938204
