Token,Probability
1,0.5661172
▁SELECT,0.251213
2,0.053486336
4,0.022122908
7,0.019986384
3,0.017915675
5,0.01581053
SELECT,0.011387897
6,0.0095895715
8,0.009008569
