Token,Probability
1,0.6213769
▁SELECT,0.13229875
2,0.09092752
3,0.02524966
4,0.024093395
0,0.021262346
5,0.019359589
7,0.016819902
9,0.013621172
6,0.012020641
