Token,Probability
1,0.38140872
2,0.3472766
▁SELECT,0.118154906
3,0.027629156
9,0.024004627
7,0.021184009
8,0.01702183
4,0.015139529
▁CREATE,0.01315345
5,0.013051088
