Token,Probability
▁SELECT,0.2430953
<0x0A>,0.23561603
1,0.23561603
2,0.10455399
▁M,0.034478243
0,0.030426947
3,0.027488453
4,0.018599616
9,0.016033873
5,0.016033873
