Token,Probability
▁SELECT,0.72585875
1,0.106216595
2,0.056853652
▁CREATE,0.015787689
SELECT,0.014947484
4,0.012489089
<0x0A>,0.011371446
3,0.010353819
7,0.010035266
5,0.0098028
