Token,Probability
▁SELECT,0.503318
▁CREATE,0.33008403
1,0.06299765
<0x0A>,0.0295264
2,0.026056958
0,0.0147312675
SELECT,0.008393623
3,0.004220579
4,0.00331277
7,0.002386099
