Token,Probability
▁SELECT,0.37677327
1,0.16460004
2,0.15953584
<0x0A>,0.058689956
3,0.04535208
▁AV,0.037305605
4,0.031660855
7,0.024275219
5,0.02280446
9,0.016946835
