Token,Probability
▁SELECT,0.46202657
1,0.21824591
2,0.10149377
3,0.03507531
7,0.03095385
0,0.023919282
<0x0A>,0.02373314
9,0.02212172
4,0.02110869
5,0.016829317
