Token,Probability
2,0.39725274
1,0.24859442
▁SELECT,0.18187556
3,0.0363774
7,0.032102946
4,0.027459102
5,0.016016753
8,0.013699855
6,0.011094481
9,0.008180557
