Token,Probability
4,0.39804095
1,0.19398966
2,0.18223643
3,0.07837891
▁SELECT,0.04536223
0,0.020606725
7,0.019207578
5,0.019058103
9,0.011380115
6,0.0103617115
