Token,Probability
2,0.5763612
1,0.3233093
▁SELECT,0.036845535
▁CREATE,0.017678682
9,0.009611732
3,0.007783819
7,0.0063529676
4,0.0043323473
5,0.004038192
8,0.003883491
