Token,Probability
8,0.60351115
▁SELECT,0.20856789
2,0.05356466
7,0.039188746
1,0.036243662
9,0.016593559
▁CREATE,0.009235706
SELECT,0.0074210986
4,0.0064475616
3,0.005514892
