Token,Probability
1,0.6915243
<0x0A>,0.08389142
▁SELECT,0.074033916
2,0.05009386
0,0.025988352
9,0.015518353
4,0.010257005
3,0.010097985
7,0.009122768
▁M,0.008773282
