Token,Probability
▁SELECT,0.91123646
SELECT,0.08609294
<0x0A>,0.00048091126
select,0.00046248786
▁select,0.00043108605
▁Select,0.00038945384
▁CREATE,0.00035738287
Select,0.0002614669
CREATE,4.072869e-05
▁Show,3.5942943e-05
