Token,Probability
▁SELECT,0.9256923
SELECT,0.071381725
▁Select,0.00069980184
<0x0A>,0.0005756413
select,0.00042445125
▁select,0.0004081908
Select,0.00025946187
▁CREATE,0.00017832535
▁Would,5.3126307e-05
▁Show,4.336043e-05
