Token,Probability
▁SELECT,0.9353937
SELECT,0.062667474
▁Select,0.00052140927
select,0.00031378964
<0x0A>,0.0003113477
▁select,0.0003065207
Select,0.00015902084
▁CREATE,0.00011015052
▁Show,4.81212e-05
▁Would,2.6368241e-05
