Token,Probability
▁SELECT,0.9296402
SELECT,0.06734291
▁Select,0.000960595
<0x0A>,0.0003425107
select,0.0002817416
▁select,0.00027521508
Select,0.00026674758
▁CREATE,0.000239111
▁Would,0.00019363798
▁Show,0.00010777578
