Token,Probability
▁SELECT,0.93287706
SELECT,0.06549825
▁Select,0.00048469933
select,0.0004145853
▁select,0.00027189168
Select,0.0002052346
<0x0A>,9.0363574e-05
▁CREATE,5.1891435e-05
▁Show,1.3536688e-05
<0x09>,1.0962345e-05
