Token,Probability
▁SELECT,0.9044959
SELECT,0.09096754
<0x0A>,0.0011907284
▁Select,0.0007278777
select,0.0005242707
▁select,0.00046995317
▁CREATE,0.00041798502
Select,0.00028062187
1,0.00013255638
2,9.399655e-05
