Token,Probability
▁SELECT,0.896337
SELECT,0.100566216
▁Select,0.00062668667
<0x0A>,0.00060740556
select,0.0005402377
▁select,0.0005114867
Select,0.0002914364
▁CREATE,0.00016999333
▁Show,9.761896e-05
▁Would,4.0376955e-05
