Token,Probability
▁SELECT,0.9327181
SELECT,0.06548709
▁Select,0.00038637014
▁select,0.00030326538
select,0.00029624024
<0x0A>,0.00023990267
Select,0.00019733855
▁CREATE,0.00018977863
▁Show,3.538085e-05
CREATE,2.063747e-05
