Token,Probability
▁SELECT,0.93211716
SELECT,0.0664755
▁Select,0.00047679603
select,0.00030784262
▁select,0.00022876926
Select,0.00020993045
<0x0A>,6.352692e-05
▁CREATE,4.870778e-05
▁Show,9.080701e-06
<0x09>,7.46958e-06
