Token,Probability
▁SELECT,0.9244827
SELECT,0.07241108
▁Select,0.00068805215
<0x0A>,0.00054856297
select,0.0005073378
▁select,0.00046921082
Select,0.00024919596
▁CREATE,0.00023409794
▁Would,6.1068095e-05
▁Show,5.8271587e-05
