Token,Probability
▁SELECT,0.9376169
SELECT,0.05993984
▁Select,0.000635379
▁select,0.00040387147
<0x0A>,0.00037352002
select,0.00035641534
▁CREATE,0.0001806225
Select,0.00016064897
▁Would,7.8294055e-05
▁Show,5.6393095e-05
