Token,Probability
▁SELECT,0.9454162
SELECT,0.053336736
▁Select,0.00040091743
select,0.00028429303
▁select,0.00020799322
Select,0.00016198528
<0x0A>,5.6862187e-05
▁CREATE,4.8636804e-05
▁Show,1.629129e-05
▁Would,9.21026e-06
