Token,Probability
▁SELECT,0.88020355
SELECT,0.117275774
select,0.0007779471
▁Select,0.00063000066
▁select,0.00049449323
Select,0.000250597
▁CREATE,0.00012699635
<0x0A>,5.5915745e-05
▁Show,4.423299e-05
<0x09>,1.8295561e-05
