Token,Probability
▁SELECT,0.9461319
SELECT,0.052549575
▁select,0.0003005006
select,0.00028229418
▁Select,0.0002570318
▁CREATE,0.00021308684
Select,0.00012046837
<0x0A>,7.657435e-05
CREATE,1.7906024e-05
<0x09>,5.951092e-06
