Token,Probability
▁SELECT,0.91426885
SELECT,0.083721824
▁Select,0.0004325206
<0x0A>,0.00040315354
▁select,0.00036995448
select,0.00030670303
Select,0.00018457713
▁CREATE,0.00012199804
▁Show,2.8305822e-05
<0x09>,1.8275612e-05
