Token,Probability
▁SELECT,0.93758726
SELECT,0.060881834
▁Select,0.00038236575
select,0.00034543866
▁select,0.00028862478
<0x0A>,0.0001764328
Select,0.00011480702
▁CREATE,9.66772e-05
▁Show,3.698233e-05
<0x09>,1.0595614e-05
