Token,Probability
▁SELECT,0.9182988
SELECT,0.08024005
select,0.00038338054
▁select,0.0003330868
▁Select,0.00030091882
▁CREATE,0.00013669854
Select,0.00012544164
<0x0A>,7.7282355e-05
<0x09>,2.1628852e-05
CREATE,1.4634814e-05
