Token,Probability
▁SELECT,0.88280296
SELECT,0.11579854
select,0.00037145204
▁Select,0.00031524725
▁select,0.0002654648
Select,0.0001853243
<0x0A>,8.7541004e-05
▁CREATE,8.033214e-05
CREATE,1.7373044e-05
▁Show,9.372054e-06
