Token,Probability
▁SELECT,0.94176024
SELECT,0.054817017
▁Select,0.0010278181
▁select,0.000599521
select,0.00044552618
<0x0A>,0.00033368368
Select,0.00025187767
▁Would,0.00018142068
▁CREATE,0.00013067242
▁Show,0.00011264666
