Token,Probability
▁SELECT,0.9482829
SELECT,0.05025715
▁Select,0.00037482928
▁select,0.00024200797
select,0.00024012463
<0x0A>,0.0002086239
▁CREATE,0.00015871269
Select,0.00012264367
<0x09>,1.7946733e-05
CREATE,1.10566625e-05
