Token,Probability
▁SELECT,0.90359604
SELECT,0.093761794
▁Select,0.00073285674
select,0.0005531893
▁select,0.00041431963
<0x0A>,0.0002592746
Select,0.00025129755
▁CREATE,0.00022880902
CREATE,3.5089e-05
<0x09>,2.9317956e-05
