Token,Probability
▁SELECT,0.896466
SELECT,0.10058069
select,0.0006316928
▁Select,0.0005706868
<0x0A>,0.00053611066
▁select,0.00042079814
Select,0.00033548952
▁CREATE,0.00024544937
CREATE,3.563767e-05
<0x09>,2.669138e-05
