Token,Probability
▁SELECT,0.9409843
SELECT,0.05740041
▁Select,0.00063766097
▁select,0.00028517962
select,0.00027000264
Select,0.00014679789
<0x0A>,9.404226e-05
▁CREATE,7.857525e-05
▁Show,3.0057712e-05
▁Would,1.158828e-05
