Token,Probability
▁SELECT,0.92749345
SELECT,0.06932016
<0x0A>,0.0008658213
▁Select,0.0006236277
select,0.00038121594
▁select,0.0003135797
▁CREATE,0.00026200563
Select,0.00017728188
2,9.638648e-05
1,7.684601e-05
