Token,Probability
▁SELECT,0.87719154
SELECT,0.12058445
select,0.0005164511
▁select,0.0004522197
▁Select,0.00043489542
Select,0.00021030169
<0x0A>,0.00018999174
▁CREATE,0.00016898217
CREATE,3.487144e-05
1,2.5313951e-05
