Token,Probability
▁SELECT,0.8966333
SELECT,0.10059946
▁Select,0.00068850827
select,0.00038023034
▁CREATE,0.0003408363
▁select,0.00031276897
<0x0A>,0.00026132824
Select,0.00023062137
1,7.2568226e-05
2,6.3542866e-05
