Token,Probability
▁SELECT,0.9056877
SELECT,0.092521824
select,0.00048550998
▁select,0.0004025019
▁Select,0.00023661864
<0x0A>,0.00022578312
Select,0.00019012844
▁CREATE,0.0001551783
CREATE,1.9121719e-05
<0x09>,1.334911e-05
