Token,Probability
▁SELECT,0.9676348
SELECT,0.03110457
▁Select,0.00037361844
▁select,0.00023563817
▁CREATE,0.00018786713
select,0.00014517247
<0x0A>,0.0001104414
Select,0.00010538392
▁Show,1.2391181e-05
<0x09>,1.0765645e-05
