Token,Probability
▁SELECT,0.9158402
SELECT,0.082565494
▁Select,0.0003883753
select,0.00038235408
▁select,0.00027755933
Select,0.00015569666
<0x0A>,0.00014176342
▁CREATE,0.000126087
▁Show,1.8023198e-05
<0x09>,1.788294e-05
