Token,Probability
▁SELECT,0.9319439
SELECT,0.06543273
▁Select,0.00058865506
▁select,0.00043066926
<0x0A>,0.00040774947
select,0.0003800643
Select,0.00021996435
▁CREATE,0.00011773842
▁Show,8.5468935e-05
▁Would,6.975771e-05
