Token,Probability
▁SELECT,0.92552274
SELECT,0.07249255
▁Select,0.0004961429
▁select,0.00044473965
select,0.00036870208
<0x0A>,0.00020361663
Select,0.00019278035
▁CREATE,0.00012158506
<0x09>,2.6708693e-05
▁Show,2.5485613e-05
