Token,Probability
▁SELECT,0.88170254
SELECT,0.1156542
▁Select,0.0006310736
select,0.0006164548
▁select,0.00041386823
Select,0.00029347648
<0x0A>,0.00016985116
▁CREATE,0.00016334426
▁Show,6.0090995e-05
2,3.5325673e-05
