Token,Probability
▁SELECT,0.92736685
SELECT,0.07040218
▁Select,0.000643336
▁select,0.00035807036
select,0.00032097218
<0x0A>,0.00028105263
Select,0.00018431881
▁CREATE,0.000109205284
▁Would,5.6214063e-05
▁Show,3.833466e-05
