Token,Probability
▁SELECT,0.9074955
SELECT,0.089854226
▁Select,0.00055993395
select,0.0005098257
▁select,0.00042931628
<0x0A>,0.0003615205
Select,0.00025635646
▁CREATE,0.00024271342
<0x09>,6.481707e-05
CREATE,2.9444478e-05
