Token,Probability
▁SELECT,0.94221544
SELECT,0.05570717
▁Select,0.00044574152
select,0.00036953267
▁select,0.0003553761
<0x0A>,0.00032105556
Select,0.00018873884
▁CREATE,0.0001691844
▁Show,2.418365e-05
<0x09>,2.399545e-05
