Token,Probability
▁SELECT,0.8986849
SELECT,0.09926643
▁select,0.00041855685
select,0.00034971733
<0x0A>,0.00031842125
▁CREATE,0.00030622273
▁Select,0.0003014752
Select,0.00018143097
CREATE,3.7440397e-05
<0x09>,2.1332897e-05
