Token,Probability
▁SELECT,0.9324448
SELECT,0.065467894
▁Select,0.00045869141
▁select,0.00033038305
<0x0A>,0.00032526095
▁CREATE,0.00031772626
select,0.00030317652
Select,0.00015126038
▁Show,2.7546563e-05
CREATE,2.5278146e-05
