Token,Probability
▁SELECT,0.9263261
SELECT,0.07255547
select,0.0002873947
▁select,0.00026998235
▁Select,0.00024582172
Select,0.00011980395
▁CREATE,8.629155e-05
<0x0A>,4.8784816e-05
CREATE,1.0468352e-05
<0x09>,6.106136e-06
