Token,Probability
▁SELECT,0.9139414
SELECT,0.083691835
▁Select,0.00049764983
select,0.00043917444
▁select,0.0004125662
▁CREATE,0.0003114213
<0x0A>,0.00030420723
Select,0.00025023404
CREATE,3.5769095e-05
<0x09>,3.206321e-05
