Token,Probability
▁SELECT,0.940423
SELECT,0.05736617
▁Select,0.0005366441
select,0.0004483829
<0x0A>,0.00038956184
▁select,0.00033320987
Select,0.00018401597
▁CREATE,9.546623e-05
▁Show,4.9141803e-05
▁Would,2.9115554e-05
