Token,Probability
▁SELECT,0.94243443
SELECT,0.05572012
▁Select,0.0005724765
▁select,0.00040278753
select,0.00035545873
Select,0.00017873588
<0x0A>,0.00012477775
▁CREATE,6.323428e-05
▁Show,3.2045577e-05
<0x09>,1.5496229e-05
