Token,Probability
▁SELECT,0.93467414
SELECT,0.063605376
▁Select,0.0004026039
select,0.00035253176
▁select,0.00032603863
<0x0A>,0.00024419161
Select,0.00017315778
▁CREATE,0.00010339724
<0x09>,1.5733083e-05
CREATE,1.5130358e-05
