Token,Probability
▁SELECT,0.8959726
SELECT,0.10210838
▁Select,0.00046190195
select,0.00039508566
▁select,0.00037114866
<0x0A>,0.00027366783
Select,0.00019866155
▁CREATE,6.706519e-05
▁Show,3.243061e-05
<0x09>,1.5319132e-05
