Token,Probability
▁SELECT,0.90173537
SELECT,0.0965389
select,0.00049100356
▁Select,0.00041346645
▁select,0.0002128343
Select,0.00019838336
<0x0A>,0.00019378783
▁CREATE,8.078279e-05
1,2.026614e-05
2,1.9038274e-05
