Token,Probability
▁SELECT,0.86559355
SELECT,0.13068508
▁Select,0.0011395152
select,0.0006804356
▁select,0.0005553554
Select,0.0004192042
<0x0A>,0.0002174803
▁Would,0.00019494808
▁Show,0.00017070225
▁CREATE,8.1903825e-05
