Token,Probability
▁SELECT,0.887283
SELECT,0.11105651
select,0.0004398986
▁Select,0.00030950736
▁select,0.00027101368
Select,0.00020942315
▁CREATE,0.00017361787
<0x0A>,0.00013842025
CREATE,2.7902934e-05
▁Show,1.4935363e-05
