Token,Probability
▁SELECT,0.94446385
SELECT,0.05245693
▁Select,0.001584062
▁select,0.00041646825
select,0.00035622416
Select,0.000258591
<0x0A>,0.00012407333
▁CREATE,8.0107755e-05
▁Show,5.420362e-05
▁Would,4.858781e-05
