Token,Probability
▁SELECT,0.9136956
SELECT,0.08366933
▁Select,0.0007950283
▁select,0.00039976533
select,0.00039976533
<0x0A>,0.00035004623
Select,0.00019483008
▁Would,0.00013286257
▁CREATE,0.00011364337
▁Show,5.5385353e-05
