Token,Probability
▁SELECT,0.9045731
SELECT,0.09240796
▁Select,0.0009346932
<0x0A>,0.00043467272
select,0.00043129004
▁select,0.00032050756
Select,0.00029874587
▁CREATE,0.00024004906
▁Show,8.4926054e-05
<0x09>,4.1067553e-05
