Token,Probability
▁SELECT,0.9378997
SELECT,0.059028365
▁Select,0.0011874023
select,0.00047975394
▁select,0.00044024698
Select,0.00024889305
<0x0A>,0.00022137008
▁CREATE,0.00014978647
▁Show,5.865723e-05
▁Would,5.38269e-05
