Token,Probability
▁SELECT,0.8850749
SELECT,0.112524636
select,0.0007012066
▁select,0.0005292985
▁Select,0.00051301374
Select,0.00033122656
<0x0A>,0.00013593509
▁CREATE,9.269969e-05
CREATE,1.1422842e-05
▁Show,8.965891e-06
