Token,Probability
▁SELECT,0.94842196
SELECT,0.050264522
▁Select,0.00034401313
<0x0A>,0.00026791767
select,0.00018703668
▁select,0.0001757047
Select,0.00013471745
▁CREATE,8.299702e-05
▁Show,1.32350315e-05
▁Would,1.0068681e-05
