Token,Probability
▁SELECT,0.95875436
SELECT,0.034922626
▁Select,0.00314837
select,0.0006199508
▁select,0.00053862267
<0x0A>,0.00045356574
▁Would,0.00041297628
▁CREATE,0.00038493623
Select,0.00021762321
▁Show,0.00013512533
