Token,Probability
▁SELECT,0.9201001
SELECT,0.07792388
▁Select,0.0005857322
select,0.0003015091
▁select,0.00027027106
Select,0.0002619557
▁CREATE,0.0001814514
<0x0A>,0.00017450009
CREATE,2.2711303e-05
▁Would,2.2012551e-05
