Token,Probability
▁SELECT,0.9674788
SELECT,0.031099556
▁Select,0.0005350974
▁select,0.0002932092
select,0.00019079486
<0x0A>,0.000109564266
Select,0.000103733364
▁CREATE,0.00010212512
▁Would,1.2486354e-05
▁Show,1.1368954e-05
