Token,Probability
▁SELECT,0.93529725
SELECT,0.06266101
▁Select,0.000568141
▁select,0.0003064891
select,0.00027688983
<0x0A>,0.0002580897
Select,0.00018589503
▁CREATE,0.00016533845
1,3.1555395e-05
▁Would,3.1066174e-05
