Token,Probability
▁SELECT,0.9129197
SELECT,0.08491475
select,0.0006483322
▁select,0.00052915333
▁Select,0.00052094954
Select,0.00021886731
<0x0A>,9.3401104e-05
▁CREATE,7.388635e-05
▁Show,1.4435865e-05
<0x09>,1.3882834e-05
