Token,Probability
▁SELECT,0.90822583
SELECT,0.08992653
▁Select,0.000587278
▁select,0.00032943313
select,0.00032686943
Select,0.00025061952
▁CREATE,0.00014504742
<0x0A>,8.729108e-05
▁Would,1.5528636e-05
CREATE,1.5407793e-05
