Token,Probability
▁SELECT,0.8969885
SELECT,0.10063932
select,0.000503923
▁Select,0.00045525646
▁select,0.00044124966
<0x0A>,0.00030326616
▁CREATE,0.00023990328
Select,0.00019733905
<0x09>,4.4377644e-05
▁Show,3.196402e-05
