Token,Probability
▁SELECT,0.9280339
SELECT,0.06936055
▁Select,0.0007526769
<0x0A>,0.00039354622
select,0.0003419189
Select,0.00029245875
▁select,0.00027048012
▁CREATE,0.00015654188
▁Show,6.732783e-05
▁Would,5.3260694e-05
