Token,Probability
▁SELECT,0.94759035
SELECT,0.051011305
select,0.00035462205
▁Select,0.00035462205
▁select,0.0003331366
Select,0.00013887198
<0x0A>,7.8511104e-05
▁CREATE,7.375436e-05
▁Show,1.7381868e-05
<0x09>,5.469447e-06
