Token,Probability
▁SELECT,0.9029785
SELECT,0.09517323
select,0.00051931804
▁select,0.0004339065
▁Select,0.00035414414
Select,0.0001685979
▁CREATE,0.0001354722
<0x0A>,0.00012726437
<0x09>,1.6693451e-05
CREATE,1.4963913e-05
