Token,Probability
▁SELECT,0.9055472
SELECT,0.09250747
select,0.0005500695
▁Select,0.0005415415
▁select,0.00033888803
Select,0.00024030756
▁CREATE,0.00010916464
<0x0A>,6.268798e-05
▁Show,3.5718534e-05
<0x09>,1.6740938e-05
