Token,Probability
▁SELECT,0.90883136
SELECT,0.088591374
select,0.00074288395
▁Select,0.0006764036
▁select,0.0005066028
Select,0.00029549882
<0x0A>,0.00012909387
▁CREATE,8.5325846e-05
▁Show,1.6157994e-05
CREATE,1.3187768e-05
