Token,Probability
▁SELECT,0.87702
SELECT,0.12056088
▁Select,0.0005043889
▁select,0.0004628533
select,0.00045925137
<0x0A>,0.0003386307
Select,0.00032821213
▁CREATE,0.00011794549
▁Show,5.2337997e-05
<0x09>,2.3044107e-05
