Token,Probability
▁SELECT,0.89894915
SELECT,0.099295616
▁select,0.00043877284
select,0.00042860865
▁Select,0.00029001114
Select,0.00020726159
▁CREATE,0.00012869165
<0x0A>,0.00012473222
<0x09>,2.849153e-05
CREATE,2.0203519e-05
