Token,Probability
▁SELECT,0.9337537
SELECT,0.06354274
2,0.0003959718
1,0.00038679913
▁Select,0.000383789
select,0.00031569623
▁select,0.00023830002
<0x0A>,0.00022561793
Select,0.00015628096
▁CREATE,0.00010329542
