Token,Probability
▁SELECT,0.9210119
SELECT,0.076791815
▁Select,0.00078897
select,0.00048988266
▁select,0.000316292
Select,0.00022960338
<0x0A>,0.00015657587
▁CREATE,7.168567e-05
▁Show,3.466492e-05
▁Would,2.0378457e-05
