Token,Probability
▁SELECT,0.9451665
SELECT,0.05332265
▁Select,0.0004233414
select,0.00032206113
▁select,0.00028200613
Select,0.00016068225
▁CREATE,0.00011940892
<0x0A>,0.00010872306
<0x09>,1.9955232e-05
▁Show,1.5663041e-05
