Token,Probability
▁SELECT,0.8728012
SELECT,0.12573893
select,0.00045348538
▁Select,0.0003215693
▁select,0.00031167563
Select,0.0001748342
▁CREATE,9.2131144e-05
<0x0A>,5.6760353e-05
CREATE,9.411789e-06
<0x09>,7.5037333e-06
