Token,Probability
▁SELECT,0.923965
SELECT,0.07351021
▁CREATE,0.00070949574
▁Select,0.0006164206
▁select,0.0002822179
select,0.0002510098
<0x0A>,0.00021470005
Select,0.00016852
CREATE,6.1033898e-05
<0x09>,4.3279517e-05
