Token,Probability
▁SELECT,0.9247229
SELECT,0.073570505
▁Select,0.00044435528
▁select,0.00029141532
select,0.0002512157
<0x0A>,0.00023233653
Select,0.00015598338
▁CREATE,9.685228e-05
▁Show,3.676098e-05
▁Would,3.4533743e-05
