Token,Probability
▁SELECT,0.93337727
SELECT,0.060608465
▁Select,0.001307997
<0x0A>,0.0012877184
▁CREATE,0.0005988447
▁Would,0.0005284786
Select,0.00034388757
▁select,0.00030347973
select,0.00023820397
▁Show,0.00021021426
