Token,Probability
▁SELECT,0.93513477
SELECT,0.061678827
▁Select,0.0009438888
<0x0A>,0.0004493585
▁select,0.00044586154
select,0.00037545306
Select,0.0002993373
▁CREATE,0.00028786983
▁Show,7.221848e-05
1,3.835495e-05
