Token,Probability
▁SELECT,0.94618005
SELECT,0.050935388
<0x0A>,0.0007042006
▁Select,0.00040756
▁select,0.00040438838
▁CREATE,0.00027149348
select,0.00025109042
Select,0.00017944624
<0x09>,0.000108839646
1,7.1938615e-05
