Token,Probability
▁SELECT,0.9483977
SELECT,0.0487168
▁Select,0.00079360965
▁select,0.00033082574
<0x0A>,0.00030122025
select,0.00029887614
Select,0.0001944824
▁CREATE,0.00018269932
2,0.00012362054
1,0.000107403386
