Token,Probability
▁SELECT,0.88473624
SELECT,0.11248158
select,0.0006793727
▁Select,0.000537428
▁select,0.00048174732
<0x0A>,0.00035245388
Select,0.0003389516
▁CREATE,0.00017861494
<0x09>,3.6572434e-05
CREATE,2.3612942e-05
