Token,Probability
▁SELECT,0.8989328
SELECT,0.09929381
▁Select,0.00043196243
select,0.00033379465
▁select,0.00032352487
<0x0A>,0.00026199844
Select,0.00018148101
▁CREATE,0.00010836726
CREATE,1.5490294e-05
▁Show,1.4896868e-05
