Token,Probability
▁SELECT,0.94646955
SELECT,0.05095097
▁Select,0.0009628225
select,0.00027157654
▁select,0.00026946314
▁CREATE,0.00026946314
Select,0.00022165432
<0x0A>,0.0001712812
▁Would,6.920385e-05
1,5.0236613e-05
