Token,Probability
▁SELECT,0.9425975
SELECT,0.05401514
<0x0A>,0.00070153427
▁select,0.00045649701
select,0.000393525
2,0.000372582
▁CREATE,0.00035275356
▁Select,0.00031374552
1,0.00019942877
Select,0.00013706526
