Token,Probability
▁SELECT,0.911322
SELECT,0.086101025
<0x0A>,0.00038645932
▁Select,0.00037165429
select,0.000354635
▁select,0.00032543135
▁CREATE,0.00026149146
Select,0.0002219249
1,0.00015133964
2,0.00013887706
