Token,Probability
▁SELECT,0.9289639
SELECT,0.06729392
▁Select,0.0010460356
▁select,0.0006197556
select,0.00060539896
<0x0A>,0.00039703035
Select,0.00029969422
▁CREATE,0.00016811321
▁Would,0.00010602768
▁Show,9.211844e-05
