Token,Probability
▁SELECT,0.906401
SELECT,0.08974586
▁Select,0.0011655951
select,0.0007525648
Select,0.00043216159
▁select,0.00038138128
▁CREATE,0.0003339486
<0x0A>,0.00022773317
2,7.4514006e-05
1,6.999943e-05
