Token,Probability
▁SELECT,0.9162297
SELECT,0.08132
▁Select,0.00065578625
select,0.0006065031
▁select,0.00051473256
Select,0.00023020263
<0x0A>,0.00013853838
▁CREATE,0.000125159
▁Show,3.1154537e-05
▁Would,2.333367e-05
