Token,Probability
▁SELECT,0.9145362
SELECT,0.07625188
<0x0A>,0.0014751055
▁Select,0.0011760567
1,0.0010297897
2,0.00081463065
▁CREATE,0.00057765964
select,0.00052596506
▁select,0.00047147207
▁Would,0.00046055042
