Token,Probability
▁SELECT,0.9055536
SELECT,0.092508115
select,0.0005415453
▁Select,0.0005167461
▁select,0.00039006045
Select,0.00022752024
<0x0A>,0.00010663659
▁CREATE,8.6356944e-05
<0x09>,1.06412635e-05
CREATE,8.550495e-06
