Token,Probability
▁SELECT,0.887447
SELECT,0.1043472
▁Select,0.0026534186
select,0.0013342226
▁select,0.0008614388
Select,0.0008284377
<0x0A>,0.0007967007
1,0.00027318974
2,0.00027318974
▁CREATE,0.0002448857
