Token,Probability
▁SELECT,0.96105665
SELECT,0.03726421
▁Select,0.0004546549
▁select,0.00029816997
select,0.00025305356
▁CREATE,0.00021814578
<0x0A>,0.00013231213
Select,0.0001282413
▁Show,4.003889e-05
▁Would,1.9061366e-05
