Token,Probability
▁SELECT,0.9205929
SELECT,0.07675687
▁Select,0.0007524979
select,0.00061417086
▁select,0.00045641302
Select,0.00034451866
<0x0A>,0.00013491543
▁CREATE,6.837182e-05
2,5.366565e-05
1,4.8863134e-05
