Token,Probability
▁SELECT,0.84033376
SELECT,0.15544611
▁Select,0.0010556024
select,0.0008615576
▁select,0.0005739211
Select,0.0004909007
<0x0A>,0.0003734576
▁CREATE,0.00017232235
1,9.7422235e-05
2,9.442487e-05
