Token,Probability
▁SELECT,0.95103383
SELECT,0.046615105
▁Select,0.00082107744
▁select,0.00035314096
select,0.00035039283
Select,0.0002092291
<0x0A>,0.00019199942
▁CREATE,0.00012690388
▁Show,7.118662e-05
▁Would,5.1675946e-05
