Token,Probability
▁SELECT,0.9551952
SELECT,0.043300565
▁Select,0.00045899808
▁select,0.0002963514
select,0.00025151018
▁CREATE,0.00015616622
Select,0.00013567955
<0x0A>,9.54625e-05
<0x09>,1.7521364e-05
▁Show,1.3860539e-05
