Token,Probability
▁SELECT,0.9116564
SELECT,0.086132616
▁Select,0.0004346673
select,0.00040833218
▁select,0.00028729756
<0x0A>,0.00023085006
Select,0.0001959199
▁CREATE,0.00013256604
1,0.00012356514
2,0.000108197244
