Token,Probability
▁SELECT,0.90248036
SELECT,0.09512073
▁Select,0.00070391124
select,0.0005355074
▁select,0.00038873666
Select,0.00025693927
▁CREATE,0.00019546907
<0x0A>,0.00011312882
CREATE,2.9511413e-05
1,2.6453863e-05
