Token,Probability
▁SELECT,0.942104
SELECT,0.054837026
▁Select,0.0013099522
select,0.00038722114
▁select,0.00035812103
<0x0A>,0.0002745809
▁CREATE,0.00022410639
Select,0.00020405119
▁Would,5.3647425e-05
▁Show,4.808924e-05
