Token,Probability
▁SELECT,0.91260225
SELECT,0.08488523
▁Select,0.00073440117
<0x0A>,0.000477884
select,0.00030854507
▁select,0.00030614395
Select,0.00024407925
▁CREATE,0.00013270357
▁Show,5.6190234e-05
▁Would,4.806205e-05
