Token,Probability
▁SELECT,0.9187506
SELECT,0.07903491
<0x0A>,0.00046267273
▁Select,0.00042457235
select,0.00036887484
▁select,0.00030820648
▁CREATE,0.00019136975
Select,0.0001624134
▁Show,4.2038355e-05
<0x09>,3.325508e-05
