Token,Probability
▁SELECT,0.91479063
SELECT,0.08247087
▁select,0.00062477274
select,0.0005470693
▁Select,0.00048657355
<0x0A>,0.0002882853
Select,0.00027081894
▁CREATE,0.00026044404
CREATE,4.4906184e-05
1,2.5989706e-05
