Token,Probability
▁SELECT,0.94205725
SELECT,0.05398418
▁Select,0.0011650379
<0x0A>,0.00057673553
▁select,0.0004818806
select,0.0004421985
Select,0.00025592485
▁CREATE,0.00024999634
▁Would,0.00023484985
▁Show,0.000103402985
