Token,Probability
▁SELECT,0.94585687
SELECT,0.0525343
▁Select,0.00037096086
▁CREATE,0.0002756747
▁select,0.0002671931
select,0.00026305064
Select,0.00018220986
<0x0A>,0.00013646887
CREATE,2.3900733e-05
<0x09>,1.4383712e-05
