Token,Probability
▁SELECT,0.95865905
SELECT,0.037756607
▁Select,0.00096763327
<0x0A>,0.00046066256
▁select,0.00039711595
select,0.00035876437
Select,0.00021422797
▁CREATE,0.0001905383
▁Would,0.0001460908
1,0.00012792138
