Token,Probability
▁SELECT,0.9238739
SELECT,0.07350296
▁Select,0.0007730884
select,0.00053133536
▁select,0.00041704992
<0x0A>,0.00034305587
Select,0.00026098316
▁CREATE,0.00012719304
▁Show,4.1293533e-05
<0x09>,2.6453632e-05
