Token,Probability
▁SELECT,0.914469
SELECT,0.08374015
▁Select,0.00050184247
▁select,0.0002815081
select,0.000272847
Select,0.0001654901
<0x0A>,0.00015915028
▁CREATE,0.00014044961
▁Show,3.635335e-05
▁Would,3.5511228e-05
