Token,Probability
▁SELECT,0.8001687
SELECT,0.12080741
1,0.021323774
2,0.020347288
3,0.008285525
4,0.006709824
5,0.0041016326
6,0.003347655
9,0.002885859
7,0.0021445884
