Token,Probability
▁SELECT,0.9210061
SELECT,0.07679132
▁Select,0.0005727272
▁select,0.00036978043
select,0.00034737657
▁CREATE,0.00024632688
<0x0A>,0.000215691
Select,0.0002090549
▁Show,3.9588333e-05
CREATE,2.6996897e-05
