Token,Probability
▁SELECT,0.8929363
SELECT,0.103364885
▁Select,0.0010373846
select,0.0006391141
▁select,0.0004158795
Select,0.00040624567
<0x0A>,0.00039068263
▁CREATE,0.0001802704
1,0.0001051508
2,9.425657e-05
