Token,Probability
▁SELECT,0.89650756
SELECT,0.10058536
▁Select,0.001009489
select,0.0005196404
▁select,0.00036848022
Select,0.00029608214
<0x0A>,0.00028473945
▁CREATE,0.00012635237
▁Show,5.105097e-05
▁Would,4.9480295e-05
