Token,Probability
▁SELECT,0.9252371
SELECT,0.07247017
▁Select,0.0007387746
▁select,0.00032274675
select,0.00030083302
<0x0A>,0.00028260646
Select,0.00020039798
▁CREATE,0.00012837978
▁Would,5.5215452e-05
▁Show,4.436686e-05
