Token,Probability
▁SELECT,0.92080295
SELECT,0.07677439
▁Select,0.00058617967
<0x0A>,0.000581618
select,0.00035553597
▁select,0.00029706143
Select,0.00016663635
▁CREATE,0.00013600463
2,3.9579605e-05
1,3.4928875e-05
