Token,Probability
▁SELECT,0.9402177
SELECT,0.05735364
<0x0A>,0.0006032334
▁Select,0.0004211248
▁select,0.00033574994
select,0.00033574994
▁CREATE,0.00015984093
Select,0.00014667829
1,7.092898e-05
2,6.50881e-05
