Token,Probability
▁SELECT,0.8796352
SELECT,0.117200054
▁Select,0.0007023628
select,0.0006701993
<0x0A>,0.00050195603
▁select,0.0004293458
Select,0.00032662903
▁CREATE,0.00013094307
1,6.137177e-05
2,5.765345e-05
