Token,Probability
▁SELECT,0.8975349
SELECT,0.0991394
▁Select,0.00092020346
select,0.00052023586
<0x0A>,0.0004663364
▁select,0.00041802126
Select,0.00027629515
▁CREATE,0.00023085327
▁Would,8.5592255e-05
▁Show,5.6573026e-05
