Token,Probability
▁SELECT,0.9053833
SELECT,0.092490725
▁Select,0.0005046808
select,0.00042831703
▁select,0.00038695222
Select,0.00023469838
<0x0A>,0.00021038226
▁CREATE,0.00013165385
<0x09>,3.3548382e-05
2,2.3420547e-05
