Token,Probability
▁SELECT,0.92835844
SELECT,0.067250066
▁Select,0.0017643686
select,0.00069635577
▁select,0.00062420923
Select,0.00038758034
<0x0A>,0.0002705747
▁Show,0.00018308
▁CREATE,0.00012881287
▁Would,9.723305e-05
