Token,Probability
▁SELECT,0.93742275
SELECT,0.05992743
▁Select,0.00086828036
select,0.0004908812
▁select,0.00043659878
Select,0.00023552738
<0x0A>,0.00019833393
▁Show,0.00011478688
▁CREATE,9.741835e-05
▁Would,5.3799526e-05
