Token,Probability
▁SELECT,0.87730545
SELECT,0.12060012
▁Select,0.0004487588
select,0.00040859953
▁CREATE,0.00032831894
▁select,0.00031821764
Select,0.00023281298
<0x0A>,0.00019604819
CREATE,4.7298825e-05
<0x09>,3.053842e-05
