Token,Probability
▁SELECT,0.9608487
SELECT,0.037842847
▁Select,0.00042039604
select,0.00027355694
▁select,0.00025498308
Select,0.000115831295
▁CREATE,0.00010222076
<0x0A>,5.601235e-05
▁Show,1.085849e-05
▁Would,1.0773988e-05
