Token,Probability
▁SELECT,0.9089964
SELECT,0.08860747
▁Select,0.00068718015
select,0.0005970324
▁select,0.0005106689
Select,0.00027764586
<0x0A>,0.000116647774
▁CREATE,9.67044e-05
<0x09>,2.3698434e-05
▁Show,1.8456358e-05
