Token,Probability
▁SELECT,0.93574464
SELECT,0.060762186
▁Select,0.0010871179
▁select,0.0005016225
select,0.00041912132
<0x0A>,0.00032897206
Select,0.00027702228
▁Would,0.00020910737
▁CREATE,0.00018744265
▁Show,8.649057e-05
