Token,Probability
▁SELECT,0.9087176
SELECT,0.08858028
▁Select,0.0007087761
select,0.0004298944
<0x0A>,0.00040701588
▁select,0.00033742798
Select,0.0002488038
▁CREATE,0.00017234136
▁Show,9.370037e-05
▁Would,4.1255713e-05
