Token,Probability
▁SELECT,0.88855124
SELECT,0.109491
select,0.00054824515
▁Select,0.0005070439
▁select,0.0004269738
Select,0.00024519043
<0x0A>,8.811102e-05
▁CREATE,6.970155e-05
<0x09>,1.6816282e-05
▁Show,8.931061e-06
