Token,Probability
▁SELECT,0.9057764
SELECT,0.092530884
▁Select,0.00041531934
select,0.00037228985
▁select,0.0003470123
Select,0.00021546484
<0x0A>,0.00013803196
▁CREATE,8.773845e-05
▁Show,2.5935438e-05
▁Would,1.0896294e-05
