Token,Probability
▁SELECT,0.8616356
SELECT,0.13633056
select,0.00057483773
▁select,0.000410818
▁Select,0.00035692487
Select,0.00021989502
<0x0A>,0.00020336967
▁CREATE,0.00015592892
CREATE,2.5256606e-05
<0x09>,1.6054077e-05
