Token,Probability
▁SELECT,0.9080531
SELECT,0.089909434
▁Select,0.00048298988
select,0.0003911371
▁select,0.00032174058
Select,0.00021940803
<0x0A>,0.00021100263
▁CREATE,0.00021100263
CREATE,3.1118674e-05
▁Show,2.1387534e-05
