Token,Probability
▁SELECT,0.93102586
SELECT,0.06744329
▁Select,0.00046158547
select,0.00032988028
▁select,0.0002609568
Select,0.00015340857
<0x0A>,0.0001385931
▁CREATE,8.948243e-05
▁Show,1.817946e-05
▁Would,1.4381134e-05
