Token,Probability
▁SELECT,0.8870646
SELECT,0.11102916
select,0.0005304884
▁select,0.00040043367
▁Select,0.0003881136
Select,0.00022638467
<0x0A>,0.00015198746
▁CREATE,0.00010862056
CREATE,1.8438173e-05
▁Show,1.0505753e-05
