Token,Probability
▁SELECT,0.9408446
SELECT,0.057391886
▁Select,0.0005244477
select,0.00028071663
▁select,0.00023638712
<0x0A>,0.00022206515
Select,0.00020861089
▁CREATE,0.00012168166
<0x09>,1.8228217e-05
CREATE,1.6212512e-05
