Token,Probability
▁SELECT,0.891227
SELECT,0.106441885
▁Select,0.0006039427
select,0.00047775806
▁select,0.00036630977
Select,0.00025572543
<0x0A>,0.00022567691
▁CREATE,0.00012463063
2,4.0778985e-05
1,3.626958e-05
