Token,Probability
▁SELECT,0.8786539
SELECT,0.11891287
select,0.00074101536
▁select,0.0005954226
▁Select,0.00055067585
Select,0.00022955584
<0x0A>,0.00016794664
▁CREATE,5.24355e-05
▁Show,2.1020987e-05
CREATE,9.775667e-06
