Token,Probability
▁SELECT,0.94048476
SELECT,0.057369936
▁Select,0.00056684634
▁select,0.00040195428
select,0.0003280655
Select,0.00022724432
<0x0A>,0.00021347628
▁CREATE,0.00018839217
▁Show,6.5106586e-05
<0x09>,3.4849047e-05
