Token,Probability
▁SELECT,0.92470974
SELECT,0.073569454
select,0.0004014358
▁Select,0.00039521218
▁select,0.0002674139
Select,0.00017131178
<0x0A>,0.00016093253
▁CREATE,0.00015720451
1,2.2471215e-05
CREATE,2.0945476e-05
