Token,Probability
▁SELECT,0.90933293
SELECT,0.088640265
select,0.0005699032
▁Select,0.00048367062
▁select,0.00036795717
Select,0.00021631086
<0x0A>,0.00013536388
▁CREATE,0.00010378709
▁Show,1.9049276e-05
CREATE,1.5426574e-05
