Token,Probability
▁SELECT,0.92822963
SELECT,0.06937518
▁Select,0.0005465001
<0x0A>,0.0005054299
select,0.0003697804
▁select,0.00032888952
Select,0.0001873956
▁CREATE,0.00016929781
▁Show,4.8127175e-05
▁Would,4.7752645e-05
