Token,Probability
▁SELECT,0.89190024
SELECT,0.103244945
▁Select,0.00080697855
<0x0A>,0.00065351115
▁CREATE,0.0004562243
select,0.00043194447
2,0.00037822322
1,0.00037527987
▁select,0.00035809455
Select,0.00033903713
