Token,Probability
▁SELECT,0.90550095
SELECT,0.09250274
select,0.00054576097
▁select,0.0004778843
▁Select,0.000411962
Select,0.00018424081
▁CREATE,0.00016386717
<0x0A>,8.435159e-05
<0x09>,2.435668e-05
CREATE,1.8100347e-05
