Token,Probability
▁SELECT,0.920131
SELECT,0.077926494
▁select,0.00043529386
select,0.0004057385
▁Select,0.00031353039
▁CREATE,0.00024039208
<0x0A>,0.00021717617
Select,0.00018721756
CREATE,3.1043714e-05
<0x09>,2.3802042e-05
