Token,Probability
▁SELECT,0.95258856
SELECT,0.045967426
▁Select,0.0004949409
select,0.0003297017
▁select,0.0002776367
Select,0.00016321418
▁CREATE,6.3915584e-05
<0x0A>,4.062722e-05
<0x09>,1.3087084e-05
▁Show,1.2390603e-05
