Token,Probability
▁SELECT,0.91381234
SELECT,0.08499778
▁Select,0.00032632065
select,0.00032126153
▁select,0.0002207996
Select,0.00012580783
▁CREATE,8.315389e-05
<0x0A>,6.0836686e-05
CREATE,9.0425665e-06
<0x09>,4.172459e-06
