Token,Probability
▁SELECT,0.93825954
SELECT,0.059980925
▁Select,0.0004913194
▁select,0.00039788257
select,0.00027133233
Select,0.0001779441
<0x0A>,0.00013327396
▁CREATE,0.00013018667
▁Show,3.6435074e-05
<0x09>,1.6422575e-05
