Token,Probability
▁SELECT,0.94461787
SELECT,0.052465484
▁Select,0.0007542495
<0x0A>,0.00054326555
▁select,0.00035350965
select,0.00032694294
Select,0.0002160961
▁CREATE,0.00019070414
1,6.5392705e-05
▁Would,5.7259767e-05
