Token,Probability
▁SELECT,0.937078
SELECT,0.06084877
▁Select,0.00057368726
▁select,0.0003704003
select,0.0003372533
<0x0A>,0.000277417
Select,0.00021104774
▁CREATE,0.00013520224
<0x09>,2.1392103e-05
▁Show,1.787377e-05
