Token,Probability
▁SELECT,0.9385895
SELECT,0.060002018
▁Select,0.00034311682
select,0.00029119948
▁select,0.00028004378
▁CREATE,0.00015832241
Select,0.00014191928
<0x0A>,9.6780546e-05
CREATE,1.48417785e-05
<0x09>,9.733476e-06
