Token,Probability
▁SELECT,0.96344316
SELECT,0.034013703
▁Select,0.0007226726
▁CREATE,0.0004928199
<0x0A>,0.00030599884
▁select,0.00025969782
select,0.00017435288
Select,0.00012956806
▁Show,6.168364e-05
1,4.917849e-05
