Token,Probability
▁SELECT,0.9503913
SELECT,0.048062332
▁Select,0.00040937396
select,0.000294861
<0x0A>,0.00023325428
▁select,0.00021572491
Select,0.00012982555
▁CREATE,0.00011457064
▁Show,2.327644e-05
<0x09>,1.3471368e-05
