Token,Probability
▁SELECT,0.90029687
SELECT,0.097902745
▁Select,0.00048262012
select,0.00041930765
▁select,0.00037293995
Select,0.00017616434
▁CREATE,0.00014604536
<0x0A>,8.3866806e-05
▁Show,1.4919474e-05
CREATE,1.4919474e-05
