Token,Probability
▁SELECT,0.92675674
SELECT,0.07035586
▁Select,0.00069515436
<0x0A>,0.0006086975
select,0.00033353866
▁select,0.0002617975
Select,0.00024402211
▁CREATE,0.00015151678
1,9.04748e-05
▁Would,8.977072e-05
