Token,Probability
▁SELECT,0.8906342
SELECT,0.10637108
▁Select,0.00085112936
select,0.0006374664
▁select,0.00049259583
Select,0.0003011178
<0x0A>,0.00027848844
▁CREATE,0.0001479041
▁Show,4.915613e-05
▁Would,4.3042546e-05
