Token,Probability
▁SELECT,0.9356981
SELECT,0.06268786
▁Select,0.0004567098
select,0.00033153573
▁select,0.00031635363
Select,0.00018743332
▁CREATE,0.00014827195
<0x0A>,7.003872e-05
▁Show,2.477873e-05
<0x09>,1.28550355e-05
