Token,Probability
▁SELECT,0.9309349
SELECT,0.0674367
▁Select,0.00033243507
▁select,0.00031474323
select,0.0002713256
<0x0A>,0.00025488684
▁CREATE,0.00016585801
Select,0.00015101544
CREATE,2.1926473e-05
<0x09>,1.5188022e-05
