Token,Probability
▁SELECT,0.8670043
SELECT,0.13089807
select,0.0005144568
▁Select,0.00041661988
▁select,0.00037345564
Select,0.00031203384
<0x0A>,0.00020948962
▁CREATE,0.00013007506
CREATE,2.6426353e-05
<0x09>,1.9947658e-05
