Token,Probability
▁SELECT,0.929491
SELECT,0.06839243
▁select,0.00049054524
select,0.00043629998
▁Select,0.00041308047
<0x0A>,0.0002773291
Select,0.00020448964
▁CREATE,0.00010122973
<0x09>,2.5198071e-05
▁Show,2.312305e-05
