Token,Probability
▁SELECT,0.91830856
SELECT,0.080240905
▁Select,0.00036582813
select,0.0003518135
▁select,0.0002893939
Select,0.00017690295
<0x0A>,0.00013353334
▁CREATE,5.1081057e-05
<0x09>,8.536501e-06
▁Would,6.245438e-06
