Token,Probability
▁SELECT,0.9182011
SELECT,0.078987636
▁Select,0.00071617303
select,0.00040173662
Select,0.0003032467
▁select,0.00027396056
▁CREATE,0.00022712129
<0x0A>,0.0002133607
2,9.248502e-05
1,9.1765294e-05
