Token,Probability
▁SELECT,0.8898888
SELECT,0.10795576
▁Select,0.0006520373
select,0.0004112348
Select,0.0003008658
▁select,0.0002739414
<0x0A>,0.00017277268
▁CREATE,0.00014211892
CREATE,3.0496192e-05
▁Show,2.8204367e-05
