Token,Probability
▁SELECT,0.9309217
SELECT,0.06743574
▁Select,0.0005229864
select,0.0003456729
▁select,0.00031228943
Select,0.00016846752
▁CREATE,0.00010059654
<0x0A>,7.302526e-05
▁Show,3.0204561e-05
<0x09>,2.043743e-05
