Token,Probability
▁SELECT,0.9274744
SELECT,0.069318734
▁Select,0.00074056094
<0x0A>,0.0006285059
▁select,0.00039639376
select,0.00037529803
Select,0.00023669751
▁CREATE,0.00017182395
▁Would,0.00012184144
1,5.9846505e-05
