Token,Probability
▁SELECT,0.9346361
SELECT,0.06360279
▁select,0.00036370754
select,0.0003416716
▁Select,0.00032097078
<0x0A>,0.00027240437
Select,0.00015043597
▁CREATE,0.00014580754
<0x09>,3.3566805e-05
▁Show,1.7144244e-05
