Token,Probability
▁SELECT,0.93475246
SELECT,0.0636107
▁Select,0.00043535512
▁select,0.0003312007
select,0.00030392685
Select,0.0001872439
<0x0A>,0.0001402392
▁CREATE,0.000113569164
▁Show,1.6489512e-05
▁Would,1.636119e-05
