Token,Probability
▁SELECT,0.9575067
SELECT,0.04014339
▁Select,0.00074683037
select,0.00045297548
▁select,0.0003904893
Select,0.00019482232
<0x0A>,0.00017877902
▁CREATE,0.000102664155
▁Show,8.249297e-05
▁Would,4.4850647e-05
