Token,Probability
▁SELECT,0.9162278
SELECT,0.08131984
▁Select,0.00064059364
select,0.00051876856
▁select,0.00044720646
Select,0.00024697086
<0x0A>,0.00018497261
▁CREATE,0.00018497261
▁Show,4.159668e-05
▁Would,3.189328e-05
