Token,Probability
▁SELECT,0.900002
SELECT,0.09787068
▁Select,0.0006492236
select,0.00052988087
▁select,0.00032645016
Select,0.00027063666
<0x0A>,0.00011731232
▁CREATE,7.875977e-05
▁Would,3.3874152e-05
▁Show,2.7218646e-05
