Token,Probability
▁SELECT,0.9024389
SELECT,0.09364172
▁Select,0.0013150187
select,0.0006560872
▁select,0.0006459155
<0x0A>,0.0004010581
Select,0.00036516754
▁CREATE,0.00016331303
▁Show,5.9148057e-05
▁Would,4.6789966e-05
