Token,Probability
▁SELECT,0.8986497
SELECT,0.09772362
▁Select,0.00083889544
select,0.0006234142
▁select,0.0005088158
<0x0A>,0.0004705777
Select,0.00038407434
▁CREATE,0.00019312468
2,9.941207e-05
1,9.3389e-05
