Token,Probability
▁SELECT,0.9134372
SELECT,0.08107216
▁Select,0.001951849
▁select,0.00084606395
select,0.0008010372
Select,0.00055486226
▁Show,0.00033392198
▁Would,0.00030642404
<0x0A>,0.00029699638
▁CREATE,0.00014250042
