Token,Probability
▁SELECT,0.8318114
SELECT,0.16379337
select,0.0007125578
▁Select,0.0006799274
▁select,0.0005172615
<0x0A>,0.0005132361
Select,0.00044940456
▁CREATE,0.00027904165
2,0.00027687012
1,0.00023681959
