Token,Probability
▁SELECT,0.9465816
SELECT,0.05175946
▁Select,0.00032762263
▁CREATE,0.00028687596
<0x0A>,0.00025316715
select,0.00022341924
▁select,0.00021152907
Select,0.00012829887
CREATE,3.373126e-05
▁Would,1.8339368e-05
