Token,Probability
▁SELECT,0.93450505
SELECT,0.063593864
▁Select,0.0005416648
select,0.00028767597
▁select,0.00028321598
<0x0A>,0.0002702466
▁CREATE,0.00017044238
Select,0.00015518957
▁Show,2.398575e-05
▁Would,1.9576597e-05
