Token,Probability
▁SELECT,0.9342742
SELECT,0.06357816
<0x0A>,0.000408769
▁select,0.00032084648
select,0.00032084648
▁Select,0.00027875623
▁CREATE,0.00024030292
Select,0.00012663074
1,5.9816124e-05
<0x09>,5.8430487e-05
