Token,Probability
▁SELECT,0.94545466
SELECT,0.05089634
▁Select,0.00082911487
▁select,0.0005879305
<0x0A>,0.0005654072
select,0.00043013913
▁CREATE,0.00030981758
Select,0.00026707948
▁Would,0.0001632624
<0x09>,8.273736e-05
