Token,Probability
▁SELECT,0.9406165
SELECT,0.058281545
▁select,0.00027414737
▁Select,0.00025354486
select,0.00022550747
▁CREATE,0.00012453705
Select,0.00010006833
<0x0A>,5.7464407e-05
CREATE,8.88157e-06
▁Show,7.192514e-06
