Token,Probability
▁SELECT,0.91523427
SELECT,0.08251087
▁Select,0.0007422959
select,0.00039423033
▁select,0.00035615743
Select,0.00023540569
<0x0A>,0.00019668881
▁CREATE,7.946947e-05
▁Show,6.6919994e-05
▁Would,4.492796e-05
