Token,Probability
▁SELECT,0.9233776
SELECT,0.07346347
▁Select,0.0008552711
<0x0A>,0.00042671058
▁select,0.00040400145
select,0.00038550087
Select,0.00028647992
▁CREATE,0.00028647992
▁Would,9.300641e-05
▁Show,6.543818e-05
