Token,Probability
▁SELECT,0.9219218
SELECT,0.07567595
▁Select,0.0008148188
select,0.0005427863
▁select,0.00033702367
Select,0.0003241125
<0x0A>,0.00012692428
▁CREATE,9.142013e-05
▁Would,2.1211177e-05
▁Show,2.071982e-05
