Token,Probability
▁SELECT,0.94377065
SELECT,0.053243898
▁Select,0.00073038804
▁select,0.00048275702
<0x0A>,0.0003317937
select,0.0003292117
Select,0.00018039311
▁CREATE,0.00017079277
1,0.00013510819
2,0.00012892115
