Token,Probability
▁SELECT,0.90605396
SELECT,0.09255923
select,0.00040266468
▁Select,0.00027245653
▁select,0.0002620189
Select,0.0001814952
<0x0A>,0.00012376897
▁CREATE,7.163198e-05
CREATE,9.924229e-06
<0x09>,7.3176675e-06
