Token,Probability
▁SELECT,0.86710197
SELECT,0.13091281
select,0.0005025961
▁select,0.00042322837
▁CREATE,0.00028414206
▁Select,0.00023740958
Select,0.00018061169
<0x0A>,0.00017781157
CREATE,4.638492e-05
<0x09>,3.114136e-05
