Token,Probability
▁SELECT,0.87073034
SELECT,0.1254406
▁Select,0.00092828396
<0x0A>,0.0008321084
select,0.0005248041
▁select,0.00043849024
Select,0.00036352116
▁CREATE,0.00016905305
▁Would,0.00012176435
▁Show,9.632353e-05
