Token,Probability
▁SELECT,0.933285
SELECT,0.06451099
▁Select,0.00045910475
<0x0A>,0.00044151672
▁select,0.00033327428
select,0.0002964203
▁CREATE,0.00026989376
Select,0.00014111721
<0x09>,3.028124e-05
CREATE,2.9579776e-05
