Token,Probability
▁SELECT,0.92100203
SELECT,0.07679099
▁Select,0.00064898207
select,0.0004822825
▁select,0.00042230065
Select,0.00020742712
<0x0A>,0.00016929707
▁CREATE,0.00014256242
▁Show,2.1862657e-05
▁Would,1.743043e-05
