Token,Probability
▁SELECT,0.9357052
SELECT,0.05197046
1,0.0028417653
2,0.0024689685
3,0.00106189
<0x0A>,0.000795319
4,0.0007355498
▁Select,0.0007129193
5,0.00063905667
▁select,0.0003815982
