Token,Probability
▁SELECT,0.88549495
SELECT,0.11257804
▁Select,0.0005463594
select,0.00042219384
Select,0.00025210346
▁select,0.00021732677
<0x0A>,0.0001679371
▁CREATE,9.059527e-05
▁Show,3.130889e-05
▁Would,3.130889e-05
