Token,Probability
▁SELECT,0.8920671
SELECT,0.104890436
▁Select,0.0006536334
select,0.00063352316
▁select,0.0005590822
<0x0A>,0.0003903023
Select,0.0003338433
▁CREATE,0.00019472906
▁Show,4.413416e-05
<0x09>,4.146021e-05
