Token,Probability
▁SELECT,0.9505157
SELECT,0.046589706
▁CREATE,0.0008804076
<0x0A>,0.0006194441
▁Select,0.00039683076
▁select,0.00026434628
select,0.0002243478
Select,0.00015540117
CREATE,5.6282573e-05
1,3.633876e-05
