Token,Probability
▁SELECT,0.9224487
SELECT,0.07454529
▁CREATE,0.0004906468
▁Select,0.000446739
▁select,0.0003973379
select,0.0003973379
<0x0A>,0.0003046495
Select,0.0002143477
1,0.000112074296
2,0.00010862613
