Token,Probability
▁SELECT,0.92009246
SELECT,0.07671515
▁Select,0.0011648579
select,0.0005903213
▁select,0.00048558507
Select,0.00037523106
<0x0A>,0.00017314068
▁CREATE,0.00013696555
▁Show,8.3073806e-05
▁Would,4.0804483e-05
