Token,Probability
▁SELECT,0.91912866
SELECT,0.07906743
▁Select,0.00060368737
select,0.00039590782
▁select,0.00029652126
Select,0.00017568302
▁CREATE,0.00012360845
<0x0A>,7.1539085e-05
▁Show,3.653859e-05
<0x09>,1.6728585e-05
