Token,Probability
▁SELECT,0.8765652
SELECT,0.12049835
select,0.0007808077
▁Select,0.0006783775
▁select,0.0005041273
Select,0.00035469787
<0x0A>,0.0002554793
▁CREATE,8.229653e-05
▁Show,5.656152e-05
2,2.692732e-05
