Token,Probability
▁SELECT,0.88911706
SELECT,0.10786214
▁CREATE,0.00057492184
▁Select,0.00055723335
<0x0A>,0.0005234723
select,0.00041734858
▁select,0.00034599408
Select,0.0003150312
CREATE,7.029296e-05
<0x09>,2.9532286e-05
