Token,Probability
▁SELECT,0.915256
SELECT,0.08251283
select,0.00047927364
▁Select,0.0004537671
▁select,0.00045023588
<0x0A>,0.00026468
Select,0.00023911845
▁CREATE,0.00016053655
<0x09>,3.1121428e-05
▁Would,1.5406224e-05
