Token,Probability
▁SELECT,0.93620723
SELECT,0.062721975
▁Select,0.00022977308
▁select,0.00022621077
select,0.00021085162
Select,0.00012013963
▁CREATE,0.000107692475
<0x0A>,9.653491e-05
<0x09>,1.0174705e-05
▁Show,9.192079e-06
