Token,Probability
▁SELECT,0.9041316
SELECT,0.09381737
▁Select,0.0006420911
select,0.0005755667
▁select,0.00042109363
Select,0.00024181373
▁CREATE,5.7886267e-05
<0x0A>,4.23505e-05
<0x09>,1.1945507e-05
▁Show,9.980845e-06
