Token,Probability
▁SELECT,0.9421461
SELECT,0.054839477
▁Select,0.00074642163
<0x0A>,0.0007122405
▁CREATE,0.0002855317
select,0.00027245627
▁select,0.000270336
Select,0.00018435314
▁Show,0.00011446746
▁Would,0.00010180946
