Token,Probability
▁SELECT,0.86512977
SELECT,0.13267195
select,0.0006961985
▁Select,0.0004975506
▁select,0.0003668708
Select,0.000361183
<0x0A>,9.348698e-05
▁CREATE,5.7595666e-05
▁Show,1.45624645e-05
<0x09>,1.4004585e-05
