Token,Probability
▁SELECT,0.89790744
SELECT,0.09918056
▁Select,0.00063270854
<0x0A>,0.00046289945
select,0.00041171125
▁select,0.00036905557
▁CREATE,0.00031077594
Select,0.00030595783
CREATE,5.1531708e-05
1,4.9946244e-05
