Token,Probability
▁SELECT,0.96421736
SELECT,0.034041036
▁Select,0.0005416917
<0x0A>,0.00024800454
select,0.00020721553
▁select,0.0002024154
▁CREATE,0.00018574682
Select,0.00011806787
1,2.3615057e-05
▁Would,2.0678035e-05
