Token,Probability
▁SELECT,0.9172304
SELECT,0.08140883
select,0.00029822972
▁select,0.00026318678
▁Select,0.00026318678
<0x0A>,0.00016992616
Select,0.00015471953
▁CREATE,0.000107171094
CREATE,1.6956928e-05
<0x09>,1.077848e-05
