Token,Probability
▁SELECT,0.87646675
SELECT,0.12048482
▁Select,0.0008118203
select,0.0007992342
▁select,0.0005120086
Select,0.00042779927
<0x0A>,0.000112473375
▁CREATE,8.4238665e-05
▁Show,7.851907e-05
▁Would,6.5094595e-05
