Token,Probability
▁SELECT,0.938499
SELECT,0.059996232
▁Select,0.0004726178
▁select,0.00032229733
select,0.0002911714
Select,0.00017251333
▁CREATE,9.452951e-05
<0x0A>,5.5571032e-05
▁Show,3.2414293e-05
CREATE,7.820313e-06
