Token,Probability
▁SELECT,0.91558087
SELECT,0.08254212
▁Select,0.0004468907
select,0.00038826535
▁select,0.0002818504
Select,0.00024107943
▁CREATE,0.00020300924
<0x0A>,0.00017637749
CREATE,2.4820974e-05
▁Show,1.4937524e-05
