Token,Probability
▁SELECT,0.92864716
SELECT,0.06940638
▁Select,0.0006099391
select,0.00039689496
▁select,0.00029959204
Select,0.00019192585
▁CREATE,0.00016416288
<0x0A>,0.00012391664
▁Show,3.929792e-05
▁Would,2.2391281e-05
