Token,Probability
▁SELECT,0.90887034
SELECT,0.08859518
▁Select,0.0007664985
select,0.0006305045
▁select,0.00046128695
Select,0.00031212234
<0x0A>,0.000110424575
▁Show,8.015964e-05
▁CREATE,5.7287518e-05
<0x09>,1.8453798e-05
