Token,Probability
▁SELECT,0.90227056
SELECT,0.095098615
▁Select,0.00065596483
select,0.00047617944
▁select,0.00046152892
<0x0A>,0.00023026533
Select,0.00022318079
▁CREATE,0.00018793708
▁Show,0.00012916714
▁Would,5.0188944e-05
