Token,Probability
▁SELECT,0.91712034
SELECT,0.08139905
▁Select,0.0004304932
select,0.00033007053
▁select,0.00030526536
Select,0.00017123835
<0x0A>,8.677937e-05
▁CREATE,4.906061e-05
▁Show,3.8208444e-05
▁Would,8.07174e-06
