Token,Probability
▁SELECT,0.9571043
SELECT,0.041400272
▁Select,0.0003812833
▁select,0.0002724909
select,0.00021724867
<0x0A>,0.00014247517
▁CREATE,0.00013280145
Select,0.00012672003
▁Show,2.8055023e-05
1,1.9585563e-05
