Token,Probability
▁SELECT,0.9190479
SELECT,0.07906049
select,0.0004021071
▁select,0.0003836933
▁CREATE,0.00032310214
▁Select,0.00024580315
<0x0A>,0.00021523243
Select,0.00016893787
<0x09>,3.7695136e-05
CREATE,2.9587252e-05
