Token,Probability
▁SELECT,0.9281579
SELECT,0.07046224
▁Select,0.00044600593
▁select,0.00032124599
select,0.0003017827
Select,0.00014823067
▁CREATE,6.179174e-05
<0x0A>,4.0524013e-05
▁Show,1.4225267e-05
<0x09>,6.5128015e-06
