Token,Probability
▁SELECT,0.8380237
SELECT,0.15745999
▁Select,0.00087271945
select,0.00067438534
Select,0.00048196144
2,0.00043883093
1,0.0004286654
▁select,0.00033910223
<0x0A>,0.00030396928
3,0.00018727004
