Token,Probability
▁SELECT,0.91306883
SELECT,0.084928624
▁Select,0.00059040956
select,0.0004856577
▁select,0.0003525497
Select,0.00016267494
<0x0A>,0.00014244295
▁CREATE,0.00012868649
▁Show,3.8039652e-05
<0x09>,2.3804607e-05
