Token,Probability
▁SELECT,0.90905267
SELECT,0.08861295
▁Select,0.00068187463
select,0.00037656695
▁select,0.00031710116
<0x0A>,0.0003097555
Select,0.0003049532
▁CREATE,0.00011574718
▁Would,2.8587536e-05
▁Show,2.5032085e-05
