Token,Probability
▁SELECT,0.92372864
SELECT,0.07464872
select,0.00043699582
▁Select,0.0004105196
▁select,0.00032474773
Select,0.000233907
▁CREATE,7.078246e-05
<0x0A>,5.7770958e-05
<0x09>,1.1025779e-05
CREATE,9.730217e-06
