Token,Probability
▁SELECT,0.88116777
SELECT,0.11558405
▁Select,0.0007607584
select,0.0005832937
<0x0A>,0.0004686897
▁select,0.00044722683
Select,0.0003537855
▁CREATE,0.0001619748
▁Would,9.747816e-05
<0x09>,7.532528e-05
