Token,Probability
▁SELECT,0.9036305
SELECT,0.09376537
▁Select,0.00055754924
select,0.0005320172
<0x0A>,0.0004882064
▁select,0.00037140786
Select,0.00024741096
▁CREATE,0.00015482583
▁Show,2.86399e-05
<0x09>,2.3375205e-05
