Token,Probability
▁SELECT,0.919086
SELECT,0.07906376
▁Select,0.00052038685
select,0.000308319
▁select,0.000278543
Select,0.00022734016
▁CREATE,0.00017705272
<0x0A>,0.0001445062
CREATE,2.3589992e-05
▁Show,1.7946319e-05
