Token,Probability
▁SELECT,0.94612986
SELECT,0.05173476
▁Select,0.00057922886
select,0.00036531506
▁select,0.00034051106
Select,0.00022860832
▁CREATE,0.00022331263
<0x0A>,0.00018804807
▁Show,2.2110942e-05
<0x09>,2.1938875e-05
