Token,Probability
▁SELECT,0.9127537
SELECT,0.084899314
select,0.0006532983
▁Select,0.0005249399
▁select,0.0004284435
Select,0.00022577384
<0x0A>,0.00019615571
▁CREATE,0.00011352623
<0x09>,2.3245146e-05
▁Show,2.2529968e-05
