Token,Probability
▁SELECT,0.9280024
SELECT,0.07045043
▁Select,0.00034729156
▁select,0.00028124524
select,0.00027473024
Select,0.00016925637
<0x0A>,0.00015900165
▁CREATE,0.00015531837
<0x09>,2.3633485e-05
▁Show,2.2375734e-05
