Token,Probability
▁SELECT,0.93551725
SELECT,0.062675744
select,0.00037268357
▁Select,0.00037268357
▁select,0.00033669156
<0x0A>,0.00022604404
▁CREATE,0.00019486214
Select,0.00016537735
CREATE,2.169279e-05
<0x09>,1.9293964e-05
