Token,Probability
▁SELECT,0.9593731
SELECT,0.03959806
select,0.00020139846
▁select,0.00018626312
<0x0A>,0.00018481363
▁Select,0.00016437663
▁CREATE,0.00012215434
Select,7.467145e-05
<0x09>,1.1362124e-05
CREATE,8.312707e-06
