Token,Probability
▁SELECT,0.9236834
SELECT,0.0734878
▁Select,0.00082923175
select,0.0005880133
▁select,0.00047992248
Select,0.00030268333
▁CREATE,0.00020006145
<0x0A>,0.00015339245
▁Show,0.000102181395
▁Would,3.2915286e-05
