Token,Probability
▁SELECT,0.94006646
SELECT,0.054718427
▁Select,0.0011093377
<0x0A>,0.00063703896
▁CREATE,0.00055346906
1,0.000458842
2,0.0004081025
▁select,0.00033832883
Select,0.0002634908
select,0.00024752668
