Token,Probability
▁SELECT,0.8994748
SELECT,0.097813345
<0x0A>,0.00072383706
▁CREATE,0.000600082
select,0.00033139676
▁select,0.00030889575
▁Select,0.0002482047
Select,0.00016663675
CREATE,7.995319e-05
<0x09>,4.9644063e-05
