Token,Probability
▁SELECT,0.92707646
SELECT,0.07038014
▁Select,0.0009140785
select,0.00035240862
▁select,0.00028762754
Select,0.0002723203
<0x0A>,0.0002403218
▁Would,7.3868854e-05
1,6.1239436e-05
▁CREATE,5.8893394e-05
