Token,Probability
▁SELECT,0.9398575
SELECT,0.049810622
1,0.0019014244
2,0.0016911619
▁Select,0.0011353925
<0x0A>,0.0008570391
3,0.0006221436
▁CREATE,0.0005198205
4,0.00046596405
▁Would,0.00045874002
