Token,Probability
▁SELECT,0.93956697
SELECT,0.058216516
<0x0A>,0.00045148827
▁Select,0.0004175584
select,0.00035995783
▁select,0.00033814905
▁CREATE,0.00017270965
Select,0.00016480072
1,3.169945e-05
2,2.9778881e-05
