Token,Probability
▁SELECT,0.9565328
SELECT,0.04202712
▁Select,0.00047423135
select,0.0003159062
▁select,0.00030143984
Select,0.00017859718
▁CREATE,7.104105e-05
<0x0A>,4.0162966e-05
▁Show,1.35584205e-05
▁Would,5.969692e-06
