Token,Probability
▁SELECT,0.91353863
SELECT,0.083654955
▁Select,0.00072943367
select,0.00036392795
▁select,0.00036109585
<0x0A>,0.00033657835
Select,0.00023681246
▁Would,0.0002190157
▁CREATE,0.00011907677
▁Show,6.32412e-05
