Token,Probability
▁SELECT,0.92746156
SELECT,0.07040937
▁Select,0.00046342483
select,0.0003872059
<0x0A>,0.00036374628
▁select,0.0002682097
▁CREATE,0.0002056435
Select,0.00019776543
CREATE,2.7399348e-05
<0x09>,2.0361465e-05
