Token,Probability
▁SELECT,0.93363297
SELECT,0.064535044
▁Select,0.0004592759
select,0.00034398178
▁select,0.00030356285
<0x0A>,0.00024776076
Select,0.000220363
▁CREATE,9.8552424e-05
CREATE,1.4309178e-05
▁Would,1.4197823e-05
