Token,Probability
▁SELECT,0.9365793
SELECT,0.06081638
▁Select,0.00085404975
<0x0A>,0.00045358238
▁select,0.00031665154
select,0.0002905758
Select,0.00017901853
▁CREATE,0.00010689686
▁Would,0.00010280171
▁Show,9.4336145e-05
