Token,Probability
▁SELECT,0.9393797
SELECT,0.05912151
▁select,0.00037715735
▁Select,0.0002824778
select,0.00023601906
<0x0A>,0.00016348563
Select,0.00013447959
▁CREATE,8.220573e-05
1,4.3319375e-05
2,3.6478574e-05
