Token,Probability
▁SELECT,0.91001457
SELECT,0.0859775
▁Select,0.001326058
<0x0A>,0.0005316064
select,0.00051929173
▁select,0.00049551163
Select,0.0002511131
▁CREATE,0.00019103677
1,0.00011677843
2,0.00011677843
