Token,Probability
▁SELECT,0.94948137
SELECT,0.04371936
▁Select,0.001351518
1,0.0008523917
2,0.0007883335
<0x0A>,0.0007177858
▁Would,0.00040264134
▁select,0.000339058
select,0.00029921765
3,0.00027032063
