Token,Probability
▁SELECT,0.9569017
SELECT,0.040749792
▁Select,0.000832623
▁select,0.00031850667
<0x0A>,0.00028550753
select,0.0002832857
Select,0.0001857833
▁CREATE,0.00015401977
▁Would,4.6607824e-05
1,2.9166433e-05
