Token,Probability
▁SELECT,0.91456664
SELECT,0.08374909
▁Select,0.00040644783
select,0.00037590277
▁select,0.0003215267
Select,0.0001950158
▁CREATE,0.00018463725
<0x0A>,0.00013403226
CREATE,1.5038005e-05
<0x09>,6.3674916e-06
