Token,Probability
▁SELECT,0.93035716
SELECT,0.067394845
▁Select,0.00063540414
▁select,0.00038239296
select,0.00037353486
Select,0.00020628553
<0x0A>,0.00017644538
▁CREATE,0.00016446516
▁Show,5.728343e-05
▁Would,3.3153105e-05
