Token,Probability
▁SELECT,0.89653623
SELECT,0.099029094
▁Select,0.0013478877
<0x0A>,0.0007047594
select,0.0004731531
▁select,0.00042745817
Select,0.0003801892
▁CREATE,0.00030788657
▁Show,0.0001548151
▁Would,0.00012246883
