Token,Probability
▁SELECT,0.94834846
SELECT,0.04948141
▁Select,0.00052451674
<0x0A>,0.00047386138
▁select,0.0003928449
select,0.00029886063
▁CREATE,0.0001433949
Select,0.00013470702
▁Would,3.4326407e-05
▁Show,2.4531975e-05
