Token,Probability
▁SELECT,0.9437726
SELECT,0.052418537
▁CREATE,0.0010710455
▁Select,0.0007247057
▁select,0.0005385555
<0x0A>,0.0004464782
select,0.00041292483
Select,0.00020601584
<0x09>,0.000100404104
▁Show,8.791677e-05
