Token,Probability
▁SELECT,0.91808856
SELECT,0.08022168
▁Select,0.0005238991
select,0.00034899206
▁select,0.00033301054
Select,0.00020839265
<0x0A>,7.84814e-05
▁CREATE,7.201858e-05
▁Show,3.195805e-05
▁Would,9.7466545e-06
