Token,Probability
▁SELECT,0.9496298
SELECT,0.04878009
▁Select,0.0004027043
▁select,0.00030397717
select,0.00030397717
Select,0.00016144103
<0x0A>,0.0001540481
▁CREATE,0.00014471481
<0x09>,2.1176456e-05
▁Would,1.2065981e-05
