Token,Probability
▁SELECT,0.91788936
SELECT,0.08020427
select,0.0004208734
▁Select,0.0003922972
▁select,0.00038924426
▁CREATE,0.0001988065
Select,0.0001926899
<0x0A>,0.0001366376
<0x09>,2.4307126e-05
▁Show,1.8205197e-05
