Token,Probability
▁SELECT,0.957416
SELECT,0.03951728
▁Select,0.00074094825
▁select,0.00046006523
<0x0A>,0.00042882797
▁CREATE,0.00039351464
select,0.00029015949
Select,0.00025209493
▁Show,6.732242e-05
1,4.773874e-05
