Token,Probability
▁SELECT,0.9332472
SELECT,0.06450838
▁Select,0.0005941016
select,0.00036888607
<0x0A>,0.0003547543
▁select,0.0003547543
Select,0.00025551993
▁CREATE,0.00018694237
▁Show,1.9247147e-05
<0x09>,1.8948747e-05
