Token,Probability
▁SELECT,0.91311085
SELECT,0.08361579
▁Select,0.0008391799
<0x0A>,0.0004971976
select,0.00045270356
▁select,0.0004026429
▁CREATE,0.0002789026
Select,0.00025000668
▁Show,8.5727625e-05
<0x09>,6.3211584e-05
