Token,Probability
▁SELECT,0.935102
SELECT,0.063634485
▁Select,0.0002725401
▁select,0.00026415495
select,0.0002600596
▁CREATE,0.00014361856
Select,0.00012380694
<0x0A>,0.00010672825
CREATE,1.0567528e-05
<0x09>,9.3258095e-06
