Token,Probability
▁SELECT,0.9343352
SELECT,0.06259655
▁CREATE,0.0006635409
▁Select,0.0004931018
<0x0A>,0.00046685935
▁select,0.00032847657
select,0.00031343455
Select,0.00024794711
CREATE,6.468087e-05
1,5.9820028e-05
