Token,Probability
▁SELECT,0.9537524
SELECT,0.037563358
1,0.0016895573
2,0.0015996408
<0x0A>,0.0009043549
3,0.0006879969
▁Select,0.0006616402
4,0.0005112759
5,0.00042718704
▁CREATE,0.0004238626
