Token,Probability
▁SELECT,0.91425663
SELECT,0.08372071
<0x0A>,0.0004750246
▁Select,0.00040949683
select,0.0003290399
▁select,0.00024837238
Select,0.00017339186
▁CREATE,0.00012488947
▁Show,3.749862e-05
<0x09>,2.6590502e-05
