Token,Probability
▁SELECT,0.92222416
SELECT,0.074527144
▁Select,0.00077776046
<0x0A>,0.00059168896
select,0.00040349682
▁select,0.0003533136
Select,0.00029062785
▁CREATE,0.00021597627
1,8.391934e-05
▁Would,8.0076396e-05
