Token,Probability
▁SELECT,0.9348707
SELECT,0.06361875
▁Select,0.00035260592
▁select,0.00031361417
select,0.00022588782
<0x0A>,0.00017050907
Select,0.00014814085
▁CREATE,0.00014025693
<0x09>,1.76929e-05
CREATE,1.561393e-05
