Token,Probability
▁SELECT,0.92029697
SELECT,0.076732196
▁Select,0.00059508346
select,0.0004744419
2,0.00035534057
▁select,0.0003185252
1,0.0003063227
Select,0.00022411048
3,0.00012670059
<0x0A>,0.00011626699
