Token,Probability
▁SELECT,0.9294673
SELECT,0.06733039
▁Select,0.0006810372
<0x0A>,0.00059169537
▁select,0.0005779888
select,0.00047916954
Select,0.00019819313
▁CREATE,0.00016050169
▁Would,6.434388e-05
<0x09>,5.590294e-05
