Token,Probability
▁SELECT,0.94279486
SELECT,0.055741433
▁Select,0.00034197207
select,0.00028129853
▁select,0.00024824508
▁CREATE,0.00020741652
<0x0A>,0.00013602707
Select,0.000120984994
CREATE,1.6893291e-05
▁Show,1.389604e-05
