Token,Probability
▁SELECT,0.93645895
SELECT,0.061766163
▁Select,0.00042273098
select,0.00038791975
▁select,0.00031909405
Select,0.00019658815
<0x0A>,0.00018758573
▁CREATE,0.00014839252
<0x09>,1.4240797e-05
CREATE,1.1623e-05
