Token,Probability
▁SELECT,0.94621027
SELECT,0.05093701
▁Select,0.0006564081
<0x0A>,0.0005976663
▁select,0.00041076963
select,0.00035134988
▁CREATE,0.00028012058
Select,0.00017257726
▁Show,6.348763e-05
<0x09>,5.1413852e-05
