Token,Probability
▁SELECT,0.9280036
SELECT,0.06722436
▁Select,0.0012604555
<0x0A>,0.0006337968
select,0.0005637105
▁select,0.0005421151
Select,0.00028567459
1,0.00027905696
2,0.00027688532
▁Would,0.00018301002
