Token,Probability
▁SELECT,0.9149008
SELECT,0.0824808
▁select,0.00061516056
▁Select,0.00056011014
select,0.00048284512
▁CREATE,0.00028607625
Select,0.00028384998
<0x0A>,0.00021259382
<0x09>,3.260232e-05
CREATE,3.0388699e-05
