Token,Probability
▁SELECT,0.9157217
SELECT,0.08127492
▁Select,0.00071984093
select,0.00060144963
▁select,0.00042649166
<0x0A>,0.0003270025
▁CREATE,0.0003071904
Select,0.00027752342
CREATE,4.460207e-05
2,3.4736127e-05
