Token,Probability
▁SELECT,0.92634827
SELECT,0.07143231
▁Select,0.0005897098
<0x0A>,0.00044862754
select,0.00031319252
▁select,0.0003011943
Select,0.00017845172
▁CREATE,0.00012654121
▁Show,3.3530087e-05
2,2.5309835e-05
