Token,Probability
▁SELECT,0.9345226
SELECT,0.063595064
▁Select,0.0004120846
select,0.00032344888
▁select,0.00030385214
<0x0A>,0.00027666052
Select,0.00020083398
▁CREATE,0.00017723537
<0x09>,2.7824479e-05
CREATE,1.6357168e-05
