Token,Probability
▁SELECT,0.9523185
SELECT,0.04524194
▁Select,0.0005875902
<0x0A>,0.0004986814
▁select,0.0003120668
select,0.0002627866
Select,0.0001937667
▁CREATE,0.00019076263
1,6.290683e-05
2,4.711504e-05
