Token,Probability
▁SELECT,0.900307
SELECT,0.09790385
▁Select,0.00050578726
select,0.00048262556
▁select,0.00038178824
Select,0.00022797617
<0x0A>,7.3437055e-05
▁CREATE,5.9471135e-05
<0x09>,9.191725e-06
▁Show,8.8395955e-06
