Token,Probability
▁SELECT,0.85780054
SELECT,0.14003208
select,0.0005170111
▁select,0.0005050346
▁Select,0.0003995152
Select,0.00032353727
<0x0A>,0.00015045881
▁CREATE,8.2444625e-05
1,2.418093e-05
2,2.3073606e-05
