Token,Probability
▁SELECT,0.91908
SELECT,0.07906325
▁Select,0.00064258784
select,0.00028292756
▁select,0.0002742228
▁CREATE,0.00021356494
Select,0.00021190297
<0x0A>,7.73481e-05
▁Show,4.8403203e-05
CREATE,2.2160602e-05
