Token,Probability
▁SELECT,0.91416585
SELECT,0.08241455
▁Select,0.00082712417
select,0.0005340314
▁select,0.00050561083
<0x0A>,0.000425767
Select,0.00032390645
▁CREATE,0.0002995645
▁Show,9.2078575e-05
▁Would,7.171086e-05
