Token,Probability
▁SELECT,0.9161938
SELECT,0.07759305
<0x0A>,0.0018975062
▁Select,0.0010727526
select,0.00040085838
▁select,0.00039464363
Select,0.00036498567
1,0.00035932712
2,0.0003121888
▁CREATE,0.00023750073
