Token,Probability
▁SELECT,0.95532644
SELECT,0.04330652
▁Select,0.00048109193
select,0.00032552308
▁select,0.00024190822
Select,0.0001586473
▁CREATE,6.0688e-05
<0x0A>,6.021572e-05
<0x09>,4.535774e-06
CREATE,3.5049752e-06
