Token,Probability
▁SELECT,0.9346407
SELECT,0.061646238
▁Select,0.00090724946
<0x0A>,0.0008390686
▁select,0.00046701203
select,0.00044562598
Select,0.00030627396
▁CREATE,0.00016266087
2,9.789104e-05
1,8.774896e-05
