Token,Probability
▁SELECT,0.91825145
SELECT,0.07899197
▁Select,0.00066238805
<0x0A>,0.00054486556
select,0.00043781174
▁select,0.0003409681
Select,0.00023803413
▁CREATE,0.00018830049
▁Would,5.437212e-05
CREATE,3.8255566e-05
