Token,Probability
▁SELECT,0.90662456
SELECT,0.089767985
▁Select,0.0008397538
select,0.00053796644
<0x0A>,0.00046375606
▁select,0.0004060784
Select,0.00030413864
1,0.00015655716
2,0.00015533881
▁CREATE,0.00014707184
