Token,Probability
▁SELECT,0.8839081
SELECT,0.11414597
select,0.00044512644
<0x0A>,0.00039282272
▁select,0.00027855302
▁Select,0.00027210033
Select,0.000213574
▁CREATE,0.00015144664
CREATE,3.7993723e-05
<0x09>,1.3653328e-05
