Token,Probability
▁SELECT,0.9174427
SELECT,0.080165245
<0x0A>,0.00045841868
select,0.00043064452
▁select,0.000407726
▁Select,0.0003654832
▁CREATE,0.00024346431
Select,0.00019562908
CREATE,2.6892445e-05
<0x09>,2.6683167e-05
