Token,Probability
▁SELECT,0.9177427
SELECT,0.08019146
▁Select,0.0005706978
select,0.00037720823
▁select,0.00030786838
▁CREATE,0.00025523186
Select,0.00018967221
<0x0A>,0.00015360123
▁Show,2.3740262e-05
CREATE,2.3009849e-05
