Token,Probability
▁SELECT,0.93050325
SELECT,0.06740543
▁Select,0.0006256514
select,0.00042004252
▁select,0.00040080736
Select,0.000239333
<0x0A>,0.000107875836
▁CREATE,9.669927e-05
▁Show,6.543e-05
▁Would,2.6026257e-05
