Token,Probability
▁SELECT,0.9195612
SELECT,0.07787824
▁Select,0.00053300295
<0x0A>,0.00050463696
select,0.00039301172
▁select,0.00031089786
Select,0.00023837366
▁CREATE,0.0001716941
2,6.267119e-05
1,6.2183484e-05
