Token,Probability
▁SELECT,0.95545584
SELECT,0.042640887
▁Select,0.00071110413
▁select,0.0002964323
select,0.0002941254
Select,0.0001770078
▁CREATE,0.00014560265
<0x0A>,0.00013571659
▁Show,2.4332643e-05
▁Would,1.85113e-05
