Token,Probability
▁SELECT,0.9174693
SELECT,0.08016757
▁Select,0.00061208697
select,0.00038603842
<0x0A>,0.00035149197
▁select,0.00026949827
Select,0.0002002741
▁CREATE,0.00019716912
▁Show,6.15592e-05
▁Would,4.6105713e-05
