Token,Probability
▁SELECT,0.9268664
SELECT,0.071472265
▁select,0.00029669056
select,0.0002722586
▁Select,0.00025776922
<0x0A>,0.00024215176
▁CREATE,0.00019306023
Select,0.00015634493
<0x09>,3.2012522e-05
▁Show,3.078614e-05
