Token,Probability
▁SELECT,0.93117815
SELECT,0.06640854
▁Select,0.0005150201
<0x0A>,0.00039180662
select,0.000359542
▁select,0.00029116598
▁CREATE,0.00025100075
Select,0.0001646103
▁Show,6.151038e-05
▁Would,4.904035e-05
