Token,Probability
▁SELECT,0.9425976
SELECT,0.05572977
▁Select,0.00044592234
select,0.0003611189
▁select,0.00034458205
<0x0A>,0.00018734601
Select,0.00014364318
▁CREATE,0.000101858255
▁Show,1.4002099e-05
<0x09>,1.1517813e-05
