Token,Probability
▁SELECT,0.90343577
SELECT,0.09522143
select,0.0004015011
▁Select,0.00037717537
▁select,0.00027379996
Select,0.00012535475
<0x0A>,5.562584e-05
▁CREATE,4.6841655e-05
▁Show,1.3007457e-05
<0x09>,1.2706139e-05
