Token,Probability
▁SELECT,0.9200776
SELECT,0.07792197
▁Select,0.00055889593
select,0.00039323245
▁select,0.00034164623
Select,0.00020884414
<0x0A>,0.00015042479
▁CREATE,7.563834e-05
1,4.8835784e-05
2,4.017122e-05
