Token,Probability
▁SELECT,0.93402195
SELECT,0.06257557
▁Select,0.0012785798
<0x0A>,0.00046670286
▁select,0.0003634685
select,0.00035228577
Select,0.0002577378
▁CREATE,0.00017992998
▁Show,0.00014916717
▁Would,0.0001125973
