Token,Probability
▁SELECT,0.9107544
SELECT,0.08740245
select,0.00041112758
▁select,0.00034620412
▁Select,0.00033555256
<0x0A>,0.00026962406
Select,0.00021664899
▁CREATE,0.000105586296
<0x09>,1.5450689e-05
1,1.5211147e-05
