Token,Probability
▁SELECT,0.92894775
SELECT,0.069428846
select,0.00038782635
▁Select,0.00038782635
▁select,0.00034225557
Select,0.00018608113
<0x0A>,0.0001483568
▁CREATE,6.8992325e-05
▁Show,1.9158477e-05
<0x09>,1.5636693e-05
