Token,Probability
▁SELECT,0.9432696
SELECT,0.05490487
▁Select,0.000490099
select,0.0003164317
▁select,0.00028811433
<0x0A>,0.00025426003
Select,0.00016545015
▁CREATE,0.00013190837
▁Show,2.7649494e-05
<0x09>,1.9760202e-05
