Token,Probability
▁SELECT,0.94808656
SELECT,0.050246745
▁select,0.00045558217
▁Select,0.00038664756
select,0.00036322174
Select,0.00016117867
<0x0A>,9.6244185e-05
▁CREATE,8.168138e-05
▁Would,1.3334119e-05
▁Show,1.0798298e-05
