Token,Probability
▁SELECT,0.9165338
SELECT,0.081346996
▁Select,0.0004268699
<0x0A>,0.00037966596
select,0.00037377977
▁select,0.0003098743
▁CREATE,0.00026712834
Select,0.00013967129
CREATE,3.5870555e-05
<0x09>,2.7076518e-05
