Token,Probability
▁SELECT,0.94765735
SELECT,0.050224
▁Select,0.00075078796
▁select,0.00036877466
select,0.00035742865
Select,0.00017832777
▁CREATE,0.00011335203
<0x0A>,0.00010986456
▁Show,6.211179e-05
▁Would,4.837271e-05
