Token,Probability
▁SELECT,0.8797917
SELECT,0.1172209
▁Select,0.0010141595
select,0.0006151188
▁select,0.00043618455
Select,0.00037018504
▁CREATE,0.00019055491
<0x0A>,0.00013941295
▁Show,5.0492028e-05
▁Would,2.7238406e-05
