Token,Probability
▁SELECT,0.91402423
SELECT,0.08369942
▁Select,0.000586428
▁select,0.00039064526
select,0.00037567984
<0x0A>,0.0002663969
Select,0.00024637688
▁CREATE,0.0001774586
<0x09>,2.4585943e-05
1,2.3277502e-05
