Token,Probability
▁SELECT,0.9155787
SELECT,0.08126222
▁Select,0.00069215614
select,0.0004757115
▁select,0.0004574873
<0x0A>,0.00042976957
▁CREATE,0.00042976957
Select,0.00024873152
CREATE,5.337335e-05
<0x09>,4.859699e-05
