Token,Probability
▁SELECT,0.9175899
SELECT,0.08017811
select,0.0005195398
▁select,0.00043409172
<0x0A>,0.00041746194
▁Select,0.00041421322
Select,0.00020030043
▁CREATE,7.905398e-05
<0x09>,2.9540315e-05
▁Show,1.6831562e-05
