Token,Probability
▁SELECT,0.9277694
SELECT,0.070432745
▁Select,0.0004321028
select,0.0003186126
▁select,0.00023862983
<0x0A>,0.00019025228
Select,0.00017872549
▁CREATE,0.00016400771
1,3.6310284e-05
2,3.519313e-05
