Token,Probability
▁SELECT,0.898996
SELECT,0.09776128
▁Select,0.00062854576
select,0.00057678606
<0x0A>,0.0005678438
▁select,0.00045627533
Select,0.0003039449
▁CREATE,0.0002367125
▁Would,6.12696e-05
1,5.3231954e-05
