Token,Probability
▁SELECT,0.90131634
SELECT,0.09649404
▁Select,0.0005348167
select,0.0004100582
▁select,0.00036187508
<0x0A>,0.00028851198
Select,0.00022469337
▁CREATE,0.00014967805
<0x09>,2.5209894e-05
CREATE,2.5013711e-05
