Token,Probability
▁SELECT,0.9297793
SELECT,0.06841364
▁Select,0.00048308977
▁select,0.00043303886
select,0.00042632522
Select,0.00020296124
<0x0A>,8.936262e-05
▁CREATE,7.12461e-05
▁Show,1.9477598e-05
<0x09>,1.16306055e-05
