Token,Probability
▁SELECT,0.94801956
SELECT,0.049464248
▁Select,0.00094944774
select,0.00034386717
▁select,0.00030110014
▁CREATE,0.0002496208
<0x0A>,0.00023086148
Select,0.00017426339
▁Would,6.311402e-05
▁Show,5.071354e-05
