Token,Probability
▁SELECT,0.91928124
SELECT,0.07908056
▁Select,0.0005005574
select,0.00038983455
▁select,0.00031817367
Select,0.00017298803
▁CREATE,7.736504e-05
<0x0A>,7.440122e-05
▁Show,1.5595346e-05
▁Would,1.0887305e-05
