Token,Probability
▁SELECT,0.89944375
SELECT,0.09780997
▁Select,0.00062396505
select,0.00061910925
▁select,0.00047468755
<0x0A>,0.00039046732
Select,0.0002295439
▁CREATE,0.00017326883
▁Show,4.2461354e-05
<0x09>,3.15546e-05
