Token,Probability
▁SELECT,0.9213636
SELECT,0.07682113
select,0.00045324033
▁Select,0.000406282
▁select,0.00039998317
Select,0.00017069187
<0x0A>,0.00016544023
▁CREATE,0.00010849835
<0x09>,2.1532156e-05
CREATE,1.1346649e-05
