Token,Probability
▁SELECT,0.91860074
SELECT,0.07902202
▁Select,0.00089167955
select,0.00041466954
▁select,0.00038954598
Select,0.00023260851
<0x0A>,0.00016366053
▁CREATE,0.00015862523
▁Show,2.0645182e-05
CREATE,1.9699768e-05
