Token,Probability
▁SELECT,0.84530056
SELECT,0.15155405
select,0.00071288674
▁Select,0.0006440395
Select,0.0004938022
▁select,0.00036127344
▁CREATE,0.00024065998
<0x0A>,0.00015782866
1,0.00010350657
2,0.000101901845
