Token,Probability
▁SELECT,0.94282013
SELECT,0.054878708
▁Select,0.0005255489
<0x0A>,0.00049757975
select,0.0003237813
▁select,0.00028797705
▁CREATE,0.00018885997
Select,0.00017195893
▁Would,3.131605e-05
1,3.131605e-05
