Token,Probability
▁SELECT,0.89275384
SELECT,0.104971185
select,0.0006963248
▁Select,0.00068552926
▁select,0.00037858522
Select,0.00027915122
<0x0A>,6.734837e-05
▁CREATE,5.583376e-05
▁Show,1.7568873e-05
<0x09>,1.2654383e-05
