Token,Probability
▁SELECT,0.9448351
SELECT,0.053303953
▁Select,0.0006402705
select,0.00041989965
▁select,0.00041338967
Select,0.00016572475
<0x0A>,6.1444895e-05
▁CREATE,5.6385e-05
▁Show,5.3384247e-05
▁Would,7.281437e-06
