Token,Probability
▁SELECT,0.93100464
SELECT,0.06639616
▁Select,0.0009925422
select,0.00057443936
▁select,0.0003430134
Select,0.00027995938
▁CREATE,0.00013328064
<0x0A>,0.0001006055
▁Show,2.0122368e-05
▁Would,1.7757928e-05
