Token,Probability
▁SELECT,0.8868619
SELECT,0.10928283
▁Select,0.0009454818
select,0.00071928464
▁select,0.00059166737
Select,0.00039722671
<0x0A>,0.00038802493
▁CREATE,0.00020288354
1,9.658705e-05
2,9.4349605e-05
