Token,Probability
▁SELECT,0.94628644
SELECT,0.052558158
▁Select,0.00029589012
▁select,0.00026941102
select,0.00025909004
Select,0.000106330335
▁CREATE,7.658686e-05
<0x0A>,5.1417992e-05
▁Show,1.722287e-05
▁Would,1.1295033e-05
