Token,Probability
▁SELECT,0.94325113
SELECT,0.054903798
▁Select,0.0006292873
▁select,0.00037284038
select,0.000339475
Select,0.0001628819
▁CREATE,0.00012488588
<0x0A>,9.2807306e-05
▁Would,2.3465363e-05
▁Show,2.0228406e-05
