Token,Probability
▁SELECT,0.8811719
SELECT,0.11558459
<0x0A>,0.0006926816
▁Select,0.0006926816
select,0.0005609506
▁select,0.00041686313
Select,0.0002956002
▁CREATE,0.000113964044
1,9.3014736e-05
2,6.1961175e-05
