Token,Probability
▁SELECT,0.94487756
SELECT,0.05330635
▁Select,0.00064029923
▁select,0.00035360685
select,0.00030721896
<0x0A>,0.0001657322
Select,0.00015814275
▁CREATE,7.297089e-05
▁Show,1.7882287e-05
▁Would,1.6282009e-05
