Token,Probability
▁SELECT,0.87558043
SELECT,0.122258425
select,0.00058414094
▁select,0.00051149086
▁Select,0.0004046226
Select,0.00033024335
<0x0A>,0.00013343038
▁CREATE,6.302805e-05
1,1.4738377e-05
CREATE,1.3630772e-05
