Token,Probability
▁SELECT,0.93791085
SELECT,0.059958633
▁Select,0.00042670703
<0x0A>,0.00041682238
select,0.0002733588
▁select,0.00026084078
▁CREATE,0.000248896
Select,0.00013322443
▁Show,5.9117985e-05
▁Would,5.1765437e-05
