Token,Probability
▁SELECT,0.9393423
SELECT,0.057300247
▁Select,0.0008565693
<0x0A>,0.0005277171
▁select,0.0004730425
select,0.0003054192
Select,0.00024927588
▁CREATE,0.0002454112
▁Would,0.00012054194
▁Show,8.349697e-05
