Token,Probability
▁SELECT,0.935365
SELECT,0.06266555
▁Select,0.0006642723
select,0.0003966551
▁select,0.0003366368
Select,0.00022250334
<0x0A>,0.00014592125
▁CREATE,6.892832e-05
▁Show,3.6040008e-05
<0x09>,1.689161e-05
