Token,Probability
▁SELECT,0.95168895
SELECT,0.045924015
▁Select,0.00069189275
▁select,0.0003761756
select,0.00025255233
<0x0A>,0.00017088545
Select,0.00016692691
▁CREATE,0.00014616607
2,0.00010777611
1,0.000103647275
