Token,Probability
▁SELECT,0.93059266
SELECT,0.06741191
▁CREATE,0.00051469624
<0x0A>,0.00045778032
select,0.00024123328
▁select,0.0002319918
▁Select,0.0001999894
Select,0.00010375315
CREATE,5.865671e-05
<0x09>,2.5625219e-05
