Token,Probability
▁SELECT,0.91627276
SELECT,0.081323825
▁Select,0.0007259233
select,0.00036217656
▁select,0.00032719926
<0x0A>,0.00027125774
Select,0.00024315383
▁CREATE,0.000108745124
▁Would,4.2919204e-05
▁Show,4.192498e-05
