Token,Probability
▁SELECT,0.9290613
SELECT,0.06943734
select,0.00036723152
▁Select,0.00035872465
▁select,0.00030444562
<0x0A>,0.00014837494
Select,0.00013509693
▁CREATE,9.357891e-05
<0x09>,1.5638605e-05
▁Show,9.411478e-06
