Token,Probability
▁SELECT,0.9550377
SELECT,0.043293428
▁Select,0.0005985476
▁select,0.0002783505
select,0.00027618435
<0x0A>,0.00018112613
Select,0.00013672117
▁CREATE,7.0378024e-05
▁Would,1.9851035e-05
▁Show,1.3120732e-05
