Token,Probability
▁SELECT,0.8888356
SELECT,0.10782799
▁select,0.00075548136
select,0.00073223765
▁Select,0.00070418604
Select,0.00030286663
▁CREATE,0.00019862478
<0x0A>,0.00018226836
▁Would,9.165028e-05
▁Show,5.6906956e-05
