Token,Probability
▁SELECT,0.940085
SELECT,0.0591659
select,0.00021674587
▁Select,0.00021674587
▁select,0.00019428975
Select,8.2267456e-05
▁CREATE,1.6844735e-05
<0x0A>,8.145581e-06
<0x09>,2.0434982e-06
▁Show,1.9047499e-06
