Token,Probability
▁SELECT,0.9592562
SELECT,0.037194397
▁Select,0.0011770757
<0x0A>,0.00044329077
▁select,0.00038815837
▁CREATE,0.00035342222
select,0.00030705857
Select,0.0001967091
▁Would,0.00016435659
▁Show,0.0001094851
