Token,Probability
▁SELECT,0.926349
SELECT,0.07143237
▁Select,0.00049658585
select,0.00038074554
<0x0A>,0.00036048263
▁select,0.00031812483
Select,0.0001841165
▁CREATE,0.00017706312
▁Show,8.2342005e-05
CREATE,2.2865548e-05
