Token,Probability
▁SELECT,0.91135
SELECT,0.08610367
▁Select,0.0005535944
<0x0A>,0.0005407704
select,0.00038346366
▁select,0.000335772
Select,0.00020525331
▁CREATE,0.0001421748
▁Would,5.271341e-05
▁Show,4.336087e-05
