Token,Probability
▁SELECT,0.87901
SELECT,0.118961066
select,0.0004976958
▁Select,0.000435797
▁select,0.00035568717
<0x0A>,0.00025419815
Select,0.00023879707
▁CREATE,8.12466e-05
▁Would,2.1194444e-05
<0x09>,1.4340877e-05
