Token,Probability
▁SELECT,0.923798
SELECT,0.07465433
▁Select,0.00041377044
select,0.00032224474
▁select,0.0003027209
Select,0.00018076289
<0x0A>,0.00012918543
▁CREATE,8.211525e-05
▁Show,1.4722455e-05
<0x09>,1.0039841e-05
