Token,Probability
▁SELECT,0.9211019
SELECT,0.07679932
▁Select,0.0006049834
select,0.0003584408
▁select,0.00028354998
▁CREATE,0.00025817522
Select,0.0002369149
<0x0A>,0.00018307363
CREATE,3.2062944e-05
▁Show,2.2559101e-05
