Token,Probability
▁SELECT,0.93580765
SELECT,0.061723206
▁Select,0.0007242255
▁select,0.00027062328
select,0.00026025588
<0x0A>,0.00025224863
▁CREATE,0.00023147636
Select,0.00018745528
1,0.000111063564
2,9.499771e-05
