Token,Probability
▁SELECT,0.889819
SELECT,0.1079473
select,0.00041120255
▁Select,0.00040482744
<0x0A>,0.00038628903
▁select,0.00036006098
Select,0.0002166885
▁CREATE,0.00020356002
▁Show,3.82478e-05
CREATE,3.3490887e-05
