Token,Probability
▁SELECT,0.927746
SELECT,0.070430964
▁select,0.00043889636
select,0.00043209188
▁Select,0.00034991867
<0x0A>,0.00016400358
Select,0.00015527545
▁CREATE,0.00011998759
<0x09>,2.4376957e-05
▁Show,2.1681313e-05
