Token,Probability
▁SELECT,0.90956396
SELECT,0.084602624
<0x0A>,0.0018985497
▁CREATE,0.001478592
▁Select,0.0003709373
select,0.0002980565
2,0.0002778192
▁select,0.00022498485
1,0.00020807698
Select,0.0001970033
