Token,Probability
▁SELECT,0.93248105
SELECT,0.06547044
▁Select,0.00048449353
select,0.0004480833
▁select,0.0004144093
<0x0A>,0.00020514746
▁CREATE,0.00019271822
Select,0.00018246194
▁Would,1.5819276e-05
CREATE,1.4516582e-05
