Token,Probability
▁SELECT,0.90251917
SELECT,0.09512482
▁Select,0.00058816513
select,0.00048760598
▁select,0.00037974794
Select,0.00027566744
<0x0A>,0.00025296668
▁CREATE,0.00016589959
CREATE,3.0212559e-05
▁Show,2.3900102e-05
