Token,Probability
▁SELECT,0.9234863
SELECT,0.07462914
▁Select,0.0005437074
select,0.0004650576
▁select,0.00035657204
Select,0.00019235618
<0x0A>,0.00014633685
▁CREATE,8.338023e-05
▁Show,2.1247171e-05
<0x09>,1.3611448e-05
