Token,Probability
▁SELECT,0.9331202
SELECT,0.06551532
select,0.0003659656
▁select,0.00030339614
▁Select,0.00027196255
Select,0.00015863433
▁CREATE,0.000116969626
<0x0A>,8.491085e-05
CREATE,9.233627e-06
<0x09>,7.8364765e-06
