Token,Probability
▁SELECT,0.85232306
SELECT,0.14355463
<0x0A>,0.00082734425
▁Select,0.00068055483
select,0.0006294104
▁select,0.0004463188
Select,0.00037878583
▁CREATE,0.00032909485
2,0.00010194882
1,8.926937e-05
