Token,Probability
▁SELECT,0.9371426
SELECT,0.060852963
▁Select,0.00056483195
select,0.0003646829
▁select,0.000319327
▁CREATE,0.00017773226
<0x0A>,0.00017497678
Select,0.00017226402
▁Would,2.9013992e-05
▁Show,2.3131972e-05
