Token,Probability
▁SELECT,0.9241565
SELECT,0.073525436
▁Select,0.00072081806
select,0.0005613736
▁select,0.0004440831
Select,0.00030760738
▁CREATE,9.9088335e-05
<0x0A>,7.4213734e-05
▁Show,2.0770043e-05
<0x09>,1.951165e-05
