Token,Probability
▁SELECT,0.9100409
SELECT,0.08733398
▁Select,0.0006564653
select,0.000507277
▁select,0.00044072996
<0x0A>,0.00028903777
Select,0.00023224838
▁CREATE,0.000109706365
▁Show,5.222806e-05
1,3.973301e-05
