Token,Probability
▁SELECT,0.95812404
SELECT,0.039546505
▁Select,0.00086015067
▁select,0.00032903693
select,0.0002949468
▁CREATE,0.00027925003
Select,0.00018602061
<0x0A>,0.00016545017
▁Show,3.522637e-05
▁Would,3.1576717e-05
