Token,Probability
▁SELECT,0.9431505
SELECT,0.054897938
▁Select,0.0005135545
▁select,0.00030906254
select,0.0002706242
▁CREATE,0.0002685182
Select,0.00022611498
<0x0A>,0.00017472812
CREATE,2.7217393e-05
▁Show,2.5768908e-05
