Token,Probability
▁SELECT,0.9320565
SELECT,0.066471174
▁Select,0.00036270366
▁select,0.0002397325
select,0.00023235672
▁CREATE,0.00016348336
<0x0A>,0.00015845349
Select,0.00014427355
▁Would,2.4682295e-05
<0x09>,1.5936086e-05
