Token,Probability
▁SELECT,0.9409283
SELECT,0.056507133
<0x0A>,0.00061319605
▁Select,0.00041816337
select,0.0002919251
▁CREATE,0.00027855686
▁select,0.00026167996
Select,0.00017984981
1,6.264192e-05
2,6.0714632e-05
