Token,Probability
▁SELECT,0.92467946
SELECT,0.07356705
select,0.00046565846
▁Select,0.00033803176
<0x0A>,0.00023051767
▁select,0.00022342538
Select,0.00013657719
▁CREATE,0.00013032286
▁Would,2.1949952e-05
2,2.1609649e-05
