Token,Probability
▁SELECT,0.9316248
SELECT,0.06644039
▁Select,0.0005274864
▁select,0.00031009322
select,0.00029589303
<0x0A>,0.00020818674
▁CREATE,0.00017807154
Select,0.00017531081
▁Would,2.7095644e-05
1,2.5255918e-05
