Token,Probability
▁SELECT,0.95560986
SELECT,0.04264776
▁Select,0.0004556238
▁select,0.00028512208
select,0.00023822846
<0x0A>,0.00020859978
▁CREATE,0.00020697643
Select,0.00014225268
▁Would,3.3005275e-05
▁Show,2.0175723e-05
