Token,Probability
▁SELECT,0.93220943
SELECT,0.06648208
▁Select,0.00032264827
select,0.00024354768
▁select,0.0002287919
<0x0A>,0.00016870057
Select,0.00012342396
▁CREATE,0.000111504254
<0x09>,1.4740891e-05
CREATE,1.1937537e-05
