Token,Probability
▁SELECT,0.92251676
SELECT,0.07572479
▁Select,0.0004067905
select,0.0003881622
▁select,0.00027958275
Select,0.00021269533
<0x0A>,0.00019366131
▁CREATE,7.947844e-05
1,3.7837413e-05
2,3.3131546e-05
