Token,Probability
▁SELECT,0.9505799
SELECT,0.047326583
▁Select,0.00057742436
▁select,0.0003999702
select,0.00028584577
▁CREATE,0.00026026554
<0x0A>,0.00018893252
Select,0.00015063015
▁Show,4.150297e-05
▁Would,3.929422e-05
