Token,Probability
▁SELECT,0.916515
SELECT,0.08134533
▁Select,0.0005271031
select,0.0005230012
▁select,0.0004990512
▁CREATE,0.0001850306
Select,0.0001620182
<0x0A>,0.00010625414
▁Show,2.7935444e-05
<0x09>,2.092268e-05
