Token,Probability
▁SELECT,0.9101964
SELECT,0.08734891
▁Select,0.00060723495
▁select,0.00046196
select,0.00045479796
<0x0A>,0.0002758489
Select,0.00025711945
▁CREATE,0.00021483135
<0x09>,3.243468e-05
▁Show,2.5260155e-05
