Token,Probability
▁SELECT,0.9056868
SELECT,0.092521735
▁Select,0.000558818
select,0.0004779824
▁select,0.00032851216
Select,0.00018572394
<0x0A>,8.503062e-05
▁CREATE,8.113678e-05
▁Show,1.4321493e-05
CREATE,9.246651e-06
