Token,Probability
▁SELECT,0.8551655
SELECT,0.14180033
select,0.00062659493
▁Select,0.0005660813
▁select,0.00051141187
<0x0A>,0.0004408646
Select,0.0003654896
▁CREATE,0.00020662908
<0x09>,4.264032e-05
CREATE,3.2949883e-05
