Token,Probability
▁SELECT,0.93426913
SELECT,0.06357781
▁Select,0.00049693405
▁select,0.0004119728
select,0.0003388796
▁CREATE,0.0002853652
<0x0A>,0.00021206541
Select,0.00019612846
▁Show,2.592823e-05
<0x09>,2.5327603e-05
