Token,Probability
▁SELECT,0.9342135
SELECT,0.06357403
▁Select,0.000638038
select,0.00033622238
<0x0A>,0.00029440617
▁select,0.00027873815
Select,0.00022222943
▁CREATE,0.00021371596
<0x09>,3.3551627e-05
▁Show,3.3551627e-05
