Token,Probability
▁SELECT,0.915564
SELECT,0.082540594
select,0.00039130336
▁select,0.00036189644
▁Select,0.00032694614
<0x0A>,0.0002710479
Select,0.00019522848
▁CREATE,0.00016059057
CREATE,2.8125329e-05
2,1.7877548e-05
