Token,Probability
▁SELECT,0.9052948
SELECT,0.09248168
▁Select,0.00058082724
select,0.0004891056
▁select,0.00047405742
Select,0.00028086972
<0x0A>,0.00013061654
▁CREATE,0.00011986048
▁Show,3.0782718e-05
CREATE,1.9113424e-05
