Token,Probability
▁SELECT,0.947039
SELECT,0.049413085
▁Select,0.00076211354
<0x0A>,0.00072721386
▁select,0.00042750695
select,0.0002781841
▁CREATE,0.00026132975
Select,0.00018822875
1,0.00014319688
▁Would,0.00014097683
