Token,Probability
▁SELECT,0.48869607
1,0.22027259
2,0.13256237
<0x0A>,0.043714434
0,0.03595851
9,0.013755356
SELECT,0.012622625
3,0.010881383
4,0.010222113
5,0.006970875
