Token,Probability
▁SELECT,0.29915982
1,0.25991458
2,0.20400928
<0x0A>,0.06571669
▁CREATE,0.036009774
4,0.012940385
3,0.011782354
0,0.010561634
9,0.009616477
7,0.009176106
