Token,Probability
1,0.39603204
<0x0A>,0.24020557
2,0.22215383
9,0.019110637
0,0.01660361
4,0.013032323
3,0.011500984
▁CREATE,0.0068675512
5,0.0063514467
</s>,0.005874128
