Token,Probability
1,0.64088684
▁SELECT,0.1752087
2,0.070790716
<0x0A>,0.015795544
3,0.01542964
9,0.0143820075
4,0.013723406
7,0.0105221
5,0.009141759
6,0.005856431
