Token,Probability
1,0.34203893
2,0.21741316
<0x0A>,0.15782504
▁SELECT,0.118205495
0,0.019600391
▁CREATE,0.015626794
4,0.014911192
9,0.014680014
3,0.011612847
5,0.00836442
