Token,Probability
2,0.72024786
<0x0A>,0.115754366
1,0.08144337
▁SELECT,0.031645484
3,0.01220042
▁CREATE,0.0075754137
4,0.0056295693
0,0.004086629
9,0.0019761648
5,0.0019303868
