Token,Probability
▁SELECT,0.62088776
2,0.14632612
1,0.08080897
▁CREATE,0.06342768
<0x0A>,0.023152156
SELECT,0.0147164045
3,0.006790505
4,0.0049680397
0,0.0031333035
▁VARCHAR,0.002786818
