Token,Probability
<0x0A>,0.69008577
▁SELECT,0.23478986
1,0.034357347
2,0.007786885
▁CREATE,0.004071467
▁U,0.003885021
0,0.0026287367
3,0.0024694693
SELECT,0.0018208727
4,0.0018208727
