Token,Probability
2,0.43746582
1,0.2868971
▁SELECT,0.17675216
<0x0A>,0.029080303
▁CREATE,0.015810687
3,0.009367521
0,0.0076455483
SELECT,0.0071264342
4,0.004424904
9,0.004124464
