Token,Probability
2,0.8475467
1,0.072909646
▁SELECT,0.044221938
<0x0A>,0.006996926
3,0.006420741
4,0.0047343574
7,0.0031537618
5,0.0026765629
6,0.0022893855
0,0.0017969593
