Token,Probability
1,0.60142374
<0x0A>,0.17639701
2,0.108675055
9,0.015413401
3,0.011365129
4,0.010929736
0,0.0091321375
</s>,0.006035974
﻿,0.004416013
5,0.003897118
