Token,Probability
1,0.5196498
2,0.32518858
3,0.03296158
4,0.027113458
9,0.016967168
5,0.0142877875
7,0.014176601
6,0.012413445
▁SELECT,0.008014723
8,0.0069633117
