Token,Probability
1,0.506378
2,0.3373205
<0x0A>,0.036969602
9,0.017877331
3,0.016663505
4,0.016277496
▁SELECT,0.012480388
0,0.011724239
7,0.008184838
5,0.007871282
