Token,Probability
2,0.57828563
1,0.19069837
▁SELECT,0.14171499
▁CREATE,0.015531659
3,0.012286553
4,0.011187034
<0x0A>,0.008378701
SELECT,0.0057137776
0,0.005003151
5,0.004700026
