Token,Probability
1,0.3827735
2,0.29348263
▁SELECT,0.099852435
3,0.061999787
4,0.037312128
9,0.027298136
7,0.01966211
5,0.018908868
6,0.014841738
0,0.012694812
