Token,Probability
<0x0A>,0.36181027
1,0.29530093
2,0.24290793
3,0.011097779
4,0.010183894
0,0.009418562
9,0.0075091324
6,0.005242219
5,0.004662527
7,0.0040193493
