Token,Probability
▁SELECT,0.37603393
1,0.33707464
2,0.15675427
3,0.020085374
4,0.01665136
7,0.015161237
9,0.014021851
5,0.013912734
6,0.011807583
SELECT,0.00877465
