Token,Probability
2,0.26150897
1,0.22720292
▁SELECT,0.13252628
<0x0A>,0.08164708
9,0.054388683
7,0.042357948
5,0.03767394
3,0.03027186
4,0.027348345
0,0.027135521
