Token,Probability
1,0.47926363
2,0.34251428
<0x0A>,0.04457846
0,0.015286015
3,0.01328072
4,0.011010105
▁CREATE,0.009792589
9,0.008574678
7,0.0053241383
6,0.004885704
