Token,Probability
1,0.4366387
2,0.29544455
7,0.061446603
<0x0A>,0.03018156
▁CREATE,0.026844036
9,0.022604946
4,0.018887138
6,0.016281731
3,0.013818123
</s>,0.011727291
