Token,Probability
2,0.32496917
1,0.27365148
6,0.10305809
▁SELECT,0.0960607
3,0.03143094
4,0.030463913
5,0.024478443
7,0.024287948
0,0.019978723
<0x0A>,0.018190835
