Token,Probability
1,0.57247776
2,0.30642527
▁SELECT,0.032296985
▁CREATE,0.015019491
3,0.01422017
4,0.010567533
0,0.008491252
9,0.0056563923
5,0.0056123747
<0x0A>,0.0047631604
