Token,Probability
1,0.38485625
▁SELECT,0.361539
2,0.07460778
<0x0A>,0.05856032
▁CREATE,0.029216832
SELECT,0.013693652
9,0.0096346885
4,0.00933826
0,0.00891063
3,0.0074451095
