Token,Probability
5,0.43015936
2,0.23387358
1,0.1418515
4,0.060063705
6,0.02973369
7,0.026035689
3,0.022976413
9,0.014266381
▁SELECT,0.013297728
0,0.008518844
