Token,Probability
3,0.64212096
1,0.13671544
<0x0A>,0.10002316
2,0.077898115
▁CREATE,0.007417479
9,0.0053010327
</s>,0.0042594997
▁UN,0.0034494482
4,0.0026242016
▁SELECT,0.002446025
