Token,Probability
<0x0A>,0.7630486
1,0.12751822
▁SELECT,0.044069115
2,0.01672675
▁CREATE,0.013128975
</s>,0.007364688
▁UN,0.0048298803
9,0.0027305665
0,0.0025253615
4,0.0019062429
