Token,Probability
2,0.85632914
1,0.115891546
<0x0A>,0.006905666
0,0.0044586337
3,0.0041559036
4,0.0021226278
9,0.0020734572
5,0.0011273191
6,0.0010425998
7,0.0010425998
