Token,Probability
1,0.26452878
2,0.23712206
7,0.22450267
▁SELECT,0.106047556
<0x0A>,0.02854231
9,0.017861322
▁CREATE,0.017584408
3,0.017584408
4,0.016519023
6,0.015277598
