Token,Probability
5,0.4274211
2,0.36559263
1,0.11685042
4,0.017641775
3,0.013955792
6,0.013632508
0,0.0077071204
7,0.0072401697
9,0.0063894275
<0x0A>,0.0047112685
