Token,Probability
1,0.4663407
▁SELECT,0.24193436
2,0.10652226
<0x0A>,0.024522815
9,0.023768328
4,0.022154517
3,0.020812243
7,0.018366741
5,0.01822381
0,0.016082456
