Token,Probability
▁SELECT,0.45271617
1,0.25395074
2,0.13278122
7,0.029396936
▁CREATE,0.016361859
4,0.01610819
3,0.015132244
9,0.013458897
<0x0A>,0.013250236
6,0.010238989
