Token,Probability
▁SELECT,0.31824434
1,0.28976476
2,0.16770299
4,0.11891922
▁CREATE,0.025517944
<0x0A>,0.016604844
3,0.01431427
5,0.0071416544
SELECT,0.0067089633
7,0.006013876
