Token,Probability
1,0.33998588
▁SELECT,0.24488264
2,0.163127
3,0.042554226
4,0.040923994
5,0.030650655
7,0.028793626
<0x0A>,0.027475072
6,0.023136329
9,0.019789549
