Token,Probability
1,0.47922918
2,0.18189488
<0x0A>,0.16561718
4,0.026000518
0,0.025597418
9,0.023859415
3,0.016398322
5,0.013808771
7,0.012771025
6,0.011811268
