Token,Probability
<0x0A>,0.69963145
2,0.11601026
1,0.10000711
</s>,0.027554855
3,0.0081452
9,0.006245141
4,0.0060058935
5,0.0037001239
0,0.0033167694
7,0.0028369832
