Token,Probability
2,0.85621053
1,0.100674376
3,0.009364175
4,0.00563546
0,0.005211949
<0x0A>,0.004090905
9,0.00405907
5,0.003136606
6,0.0026207322
7,0.0024812596
