Token,Probability
▁SELECT,0.7470958
<0x0A>,0.12781303
1,0.062291097
2,0.021028548
SELECT,0.0076160356
4,0.0045123515
3,0.004238962
5,0.0029824825
▁CREATE,0.0027583453
▁U,0.0026734797
