Token,Probability
1,0.33991745
2,0.32182738
<0x0A>,0.11385809
3,0.018586822
0,0.016923493
4,0.015409016
9,0.014140109
﻿,0.011012328
</s>,0.010345124
©,0.009948809
