Token,Probability
1,0.29874152
5,0.28955022
2,0.18989165
<0x0A>,0.07207475
4,0.040430266
6,0.029811408
3,0.02017141
0,0.019704139
9,0.015709508
7,0.008023633
