Token,Probability
1,0.5165321
2,0.23648566
<0x0A>,0.1108386
3,0.024538971
4,0.02341525
0,0.018522987
9,0.017130964
5,0.01293113
6,0.01293113
</s>,0.0071972576
