Token,Probability
2,0.75035644
1,0.16483143
<0x0A>,0.015942458
3,0.015942458
0,0.01121692
4,0.010133643
5,0.006341472
9,0.004461782
7,0.004461782
6,0.0040308847
