Token,Probability
1,0.40606764
2,0.33142278
3,0.037476245
<0x0A>,0.036040552
0,0.034122508
▁SELECT,0.03155816
9,0.02102227
4,0.020216918
5,0.015141772
▁CREATE,0.011519253
