Token,Probability
1,0.5264681
2,0.22292061
<0x0A>,0.044936627
▁SELECT,0.028787484
3,0.028341176
0,0.023865663
4,0.020096902
9,0.018156039
7,0.015897958
5,0.013598245
