Token,Probability
1,0.41708684
2,0.29575884
▁SELECT,0.06970221
<0x0A>,0.0356004
9,0.028605727
4,0.025442459
3,0.024659676
7,0.024659676
0,0.023530431
5,0.016046358
