Token,Probability
▁SELECT,0.73098844
7,0.095884815
2,0.042548627
1,0.033922724
<0x0A>,0.030886995
▁CREATE,0.026213452
SELECT,0.011451809
9,0.005367355
3,0.0043127905
8,0.0041152937
