Token,Probability
2,0.4810012
1,0.398764
<0x0A>,0.058352068
0,0.014411943
9,0.0075945603
3,0.007418633
4,0.0060549118
5,0.0041614757
6,0.0039400063
7,0.0027938827
