Token,Probability
2,0.8321821
1,0.10746619
3,0.01810026
4,0.0103132175
5,0.007486593
▁SELECT,0.0052264845
9,0.0041023144
7,0.0039451574
6,0.0035364162
0,0.0024688162
