Token,Probability
2,0.89674413
1,0.06914948
<0x0A>,0.012397819
3,0.0041204323
4,0.0028765253
▁SELECT,0.0023477515
0,0.0022755188
9,0.0016778624
▁CREATE,0.0015040261
5,0.0009786884
