Token,Probability
1,0.3547734
2,0.20214379
<0x0A>,0.15378289
▁SELECT,0.12749049
▁CREATE,0.021472903
0,0.021139996
3,0.01711969
4,0.0148738455
5,0.010064147
9,0.00923538
