Token,Probability
1,0.2885902
<0x0A>,0.27323171
2,0.17232507
▁SELECT,0.05727248
▁CREATE,0.055510387
3,0.008921331
9,0.008446546
4,0.006734174
0,0.006629771
﻿,0.0060364744
