Token,Probability
1,0.47339785
2,0.36296672
4,0.032722443
3,0.029103942
9,0.021797849
6,0.021628212
5,0.018499592
7,0.011576748
8,0.009597462
<0x0A>,0.0076517635
