Token,Probability
1,0.3351304
<0x0A>,0.24518663
2,0.1985582
▁CREATE,0.026045164
0,0.019055052
▁SELECT,0.018759629
3,0.01361803
</s>,0.012207124
9,0.012112128
4,0.009432934
