Token,Probability
1,0.46134478
2,0.3322942
3,0.08016969
4,0.022969004
9,0.022612901
0,0.018312488
5,0.014714497
7,0.013931405
6,0.012585976
8,0.008254085
