Token,Probability
1,0.6735578
▁SELECT,0.19297755
2,0.038597938
▁CREATE,0.03150272
<0x0A>,0.016730966
SELECT,0.010802325
9,0.005919185
3,0.0043305685
4,0.0038217132
0,0.003243446
