Token,Probability
2,0.4969621
1,0.35239887
<0x0A>,0.06367718
3,0.017544908
0,0.013771157
4,0.012736238
▁CREATE,0.008418139
5,0.006556053
▁SELECT,0.0063543445
9,0.0055640503
