Token,Probability
2,0.3776304
1,0.36601195
<0x0A>,0.14111018
0,0.021471543
3,0.020170648
4,0.014872903
6,0.013755187
9,0.011950713
5,0.009091623
7,0.00802333
