Token,Probability
1,0.45891118
▁SELECT,0.1811217
2,0.12159936
<0x0A>,0.053122826
3,0.025290255
0,0.024704408
4,0.024321401
7,0.019542797
5,0.019239813
9,0.015950365
