Token,Probability
▁SELECT,0.35121667
1,0.2866547
2,0.10463371
<0x0A>,0.08949796
▁M,0.032161765
9,0.022984978
5,0.0206036
3,0.019055216
4,0.0146101415
0,0.013724957
