Token,Probability
▁SELECT,0.61994827
1,0.15797685
2,0.06689161
▁CREATE,0.04455942
<0x0A>,0.021213463
SELECT,0.0136964405
6,0.01180707
4,0.009340161
3,0.008638238
7,0.0081148725
