Token,Probability
1,0.48601314
2,0.28128284
8,0.052851476
<0x0A>,0.04774733
3,0.020535871
9,0.019749153
4,0.018264983
0,0.016372623
7,0.011700986
6,0.01065387
