Token,Probability
1,0.40431485
<0x0A>,0.24332097
2,0.15108143
▁SELECT,0.07596851
5,0.024092037
4,0.016818954
3,0.014162977
0,0.013304887
▁CREATE,0.011030139
9,0.0067954715
