Token,Probability
1,0.31266707
2,0.30542415
▁SELECT,0.10637962
<0x0A>,0.07484741
▁CREATE,0.054759536
3,0.01606092
4,0.014396916
0,0.013845378
</s>,0.01036971
9,0.00974144
