Token,Probability
▁SELECT,0.35110125
1,0.2865605
2,0.11398589
▁CREATE,0.108766094
<0x0A>,0.042593416
SELECT,0.0105198305
3,0.008586036
0,0.007940785
9,0.0071180738
4,0.006739257
