Token,Probability
1,0.56048185
2,0.28626615
<0x0A>,0.03040887
3,0.02057567
4,0.020099036
5,0.015171549
9,0.013599688
0,0.012382656
6,0.008644488
7,0.0063740453
