Token,Probability
<0x0A>,0.5860596
1,0.24240477
2,0.10926039
4,0.008557935
3,0.008230086
9,0.0079147965
0,0.006310226
5,0.0051906495
6,0.00370959
7,0.0033513354
