Token,Probability
2,0.39717633
▁SELECT,0.22630423
1,0.18326677
▁CREATE,0.12894428
<0x0A>,0.008912951
4,0.005078446
3,0.004845887
0,0.0038334124
SELECT,0.0035453266
9,0.0035177367
