Token,Probability
▁SELECT,0.57696503
1,0.16790639
<0x0A>,0.15169078
2,0.044490766
SELECT,0.008491211
3,0.005974313
4,0.0057454407
0,0.005190573
9,0.0041382853
5,0.004074128
