Token,Probability
1,0.49238873
2,0.32291642
<0x0A>,0.051897388
0,0.02432382
3,0.020482708
4,0.019698028
9,0.017248169
5,0.012520828
6,0.011311626
7,0.009982474
