Token,Probability
1,0.75490105
2,0.18212837
3,0.010036959
9,0.009577335
4,0.0088575855
0,0.0076956037
5,0.0048916233
7,0.0040237396
6,0.0038695927
<0x0A>,0.0032080049
