Token,Probability
1,0.4007404
2,0.4007404
▁CREATE,0.030185945
<0x0A>,0.020585027
3,0.01802485
4,0.013928526
▁SELECT,0.012682065
9,0.011637718
0,0.011368131
5,0.007339817
