Token,Probability
1,0.36287668
2,0.3103849
6,0.10478133
4,0.038546897
3,0.032207135
5,0.031707812
7,0.026700655
▁SELECT,0.021622848
9,0.016194766
<0x0A>,0.010213911
