Token,Probability
2,0.40835202
1,0.34386688
3,0.05440764
4,0.045815825
0,0.0319846
5,0.031488728
6,0.026516167
7,0.021641864
9,0.019859692
8,0.011140278
