Token,Probability
▁SELECT,0.5447306
1,0.26136458
2,0.088924825
▁CREATE,0.026286127
SELECT,0.02095713
<0x0A>,0.008206929
0,0.0076496997
3,0.006243503
4,0.0060514105
9,0.003699153
