Token,Probability
▁SELECT,0.65605706
<0x0A>,0.11947687
1,0.09525526
2,0.0449954
▁CREATE,0.025438093
SELECT,0.010358529
9,0.006687969
4,0.006687969
3,0.0056318347
5,0.004596569
