Token,Probability
2,0.5596842
▁SELECT,0.15300915
1,0.15300915
3,0.028083585
7,0.021532431
4,0.019151341
6,0.013474651
9,0.011798799
5,0.010912105
8,0.009629899
