Token,Probability
1,0.3420945
▁SELECT,0.27061903
2,0.161594
3,0.041500773
7,0.034947153
4,0.03060075
9,0.02597052
6,0.023646427
5,0.023279823
8,0.014682399
