Token,Probability
1,0.43788695
2,0.3687378
4,0.047247432
3,0.035111308
0,0.026503406
5,0.019089686
6,0.017517682
9,0.0154593
7,0.011578481
<0x0A>,0.009088053
