Token,Probability
1,0.462979
2,0.3132673
<0x0A>,0.050741505
▁SELECT,0.03598111
0,0.020987598
4,0.020341877
3,0.020183574
5,0.011865312
▁CREATE,0.010719417
9,0.010389615
