Token,Probability
1,0.83087474
2,0.13146348
<0x0A>,0.00982548
9,0.0058214045
3,0.0051776646
▁SELECT,0.0032400994
4,0.002927186
0,0.002192361
5,0.0016678604
7,0.0015790984
