Token,Probability
2,0.75723565
1,0.1663426
<0x0A>,0.016992968
3,0.009989649
5,0.007083722
▁SELECT,0.0060590287
9,0.0049067507
4,0.0049067507
0,0.0025455889
▁SUM,0.0022640936
