Token,Probability
未,0.06949558
選,0.056279242
を,0.041497707
▁SELECT,0.038680118
の,0.032571927
1,0.025566
2,0.023830127
あ,0.02169758
こ,0.021194955
そ,0.021030016
