Token,Probability
2,0.8123191
1,0.10655307
<0x0A>,0.014533492
▁CREATE,0.01272595
3,0.0085438
</s>,0.0071945996
▁SELECT,0.0071945996
4,0.005516291
0,0.002906881
5,0.0027521797
