Token,Probability
1,0.3466134
▁SELECT,0.18845044
4,0.15142418
2,0.14448996
<0x0A>,0.034319375
3,0.029585151
9,0.020815752
5,0.015959993
0,0.014993025
7,0.012724414
