Token,Probability
1,0.41995808
2,0.20952487
<0x0A>,0.12908451
▁SELECT,0.039368555
0,0.024254262
4,0.022607459
9,0.020745771
3,0.020265194
▁CREATE,0.017744798
5,0.0137121165
