Token,Probability
▁SELECT,0.6452372
1,0.12905556
9,0.0770626
<0x0A>,0.041572154
2,0.039668426
▁CREATE,0.020419555
SELECT,0.0074534765
4,0.005989037
7,0.005896185
3,0.0055389535
