Token,Probability
1,0.43228343
2,0.3288639
▁SELECT,0.048123423
0,0.029880513
▁CREATE,0.028961184
<0x0A>,0.021023566
3,0.015745923
9,0.015142705
4,0.015024866
5,0.011793152
