Token,Probability
4,0.58875686
1,0.13136943
▁SELECT,0.1273276
2,0.070316985
3,0.021954034
5,0.0147392405
6,0.011389602
7,0.006908143
0,0.0065917964
9,0.0044952137
