Token,Probability
▁SELECT,0.46394274
2,0.1760928
1,0.15299208
3,0.04593655
<0x0A>,0.028971821
4,0.026586037
7,0.023279512
5,0.02086762
6,0.015999759
9,0.011890011
