Token,Probability
2,0.60441977
1,0.30870745
4,0.032033075
0,0.015369638
3,0.010563388
5,0.0061615687
9,0.0050289263
<0x0A>,0.0043692067
6,0.0040094093
7,0.0037960329
