Token,Probability
2,0.5111408
1,0.3100226
3,0.04431542
▁SELECT,0.02751607
<0x0A>,0.023352584
9,0.013305902
0,0.011927334
▁CREATE,0.008658315
4,0.008391927
▁UN,0.0061878194
