Token,Probability
1,0.5163721
▁SELECT,0.2896585
2,0.06463155
9,0.018088296
7,0.016214246
3,0.01547174
<0x0A>,0.01464835
4,0.014087181
5,0.012431893
6,0.011319368
