Token,Probability
1,0.64954835
2,0.15671085
▁SELECT,0.08790681
<0x0A>,0.024410842
3,0.014690703
4,0.011896893
0,0.0085690105
9,0.007503277
5,0.007103959
7,0.0059821336
