Token,Probability
1,0.5118381
▁SELECT,0.22360548
2,0.14895336
3,0.030026212
4,0.014294621
9,0.011132661
<0x0A>,0.010540193
7,0.00952227
5,0.009301687
0,0.007894239
