Token,Probability
1,0.33137962
▁SELECT,0.25013846
2,0.20737208
<0x0A>,0.106746
3,0.016889669
4,0.012848982
9,0.012551337
0,0.012453661
5,0.010324448
7,0.007978114
