Token,Probability
2,0.6234476
1,0.22229709
▁SELECT,0.033825066
<0x0A>,0.028261902
3,0.016229445
▁CREATE,0.015486244
4,0.014210977
9,0.0058779153
5,0.005027647
0,0.00400839
