Token,Probability
1,0.4215416
2,0.29891774
3,0.0440844
4,0.038301192
7,0.036833894
9,0.0315057
6,0.028686266
5,0.028021751
8,0.019715764
▁SELECT,0.018812913
