Token,Probability
▁SELECT,0.39197177
1,0.39197177
2,0.072507486
9,0.02061208
0,0.016562272
4,0.016178608
3,0.016052704
5,0.014502411
7,0.01394683
<0x0A>,0.013204593
