Token,Probability
<0x0A>,0.4432595
1,0.14167425
2,0.07179701
▁SELECT,0.021057997
▁CREATE,0.021057997
ica,0.019323904
▁WITH,0.0151675055
▁within,0.013385277
0,0.011812465
﻿,0.011449035
