Token,Probability
1,0.40526196
2,0.3307652
<0x0A>,0.09777401
3,0.02867702
4,0.026729925
0,0.023774086
9,0.019103015
5,0.018371189
6,0.01621252
7,0.012237851
