Token,Probability
1,0.8977934
2,0.05104729
9,0.009152275
▁SELECT,0.0059554987
<0x0A>,0.00581754
0,0.005214809
3,0.0042562033
4,0.0035840825
▁CREATE,0.0023875136
7,0.0022960491
