Token,Probability
<0x0A>,0.47969848
1,0.26080754
2,0.119406395
3,0.025225243
4,0.013714728
9,0.012390224
5,0.008854893
6,0.0067892824
▁CREATE,0.00637794
0,0.006279059
