Token,Probability
2,0.3631092
1,0.32804182
<0x0A>,0.09398556
▁SELECT,0.039795987
4,0.018362831
3,0.018219931
▁CREATE,0.013969706
9,0.013753125
0,0.011050946
</s>,0.010794952
