Token,Probability
▁SELECT,0.25867724
▁CREATE,0.12508816
1,0.09295762
<0x0A>,0.08530271
2,0.077064574
﻿,0.0262199
º,0.02332046
©,0.02295891
SELECT,0.013709392
​,0.010845022
