Token,Probability
1,0.63318175
2,0.21542926
0,0.049208675
9,0.022529375
3,0.014432861
▁SELECT,0.0125394855
4,0.010314699
<0x0A>,0.00882263
5,0.006404543
7,0.0059232335
