Token,Probability
1,0.4576433
2,0.31453335
<0x0A>,0.07018188
▁SELECT,0.030660188
4,0.0173337
9,0.0144828465
3,0.0143701425
0,0.008060919
</s>,0.007935946
8,0.006630731
