Token,Probability
2,0.40690762
1,0.38225433
8,0.035003956
9,0.025609445
4,0.02139749
7,0.017059568
3,0.01692681
<0x0A>,0.0145918215
6,0.013923612
0,0.012002905
