Token,Probability
1,0.6649627
2,0.19656259
▁SELECT,0.025383666
3,0.016647017
4,0.016647017
0,0.015276161
<0x0A>,0.014806163
9,0.012179216
5,0.010664479
7,0.00704879
