Token,Probability
2,0.4799135
1,0.33503363
6,0.09598874
5,0.015916495
4,0.015306744
3,0.013508153
7,0.011198653
<0x0A>,0.010038407
9,0.008003316
0,0.007401857
