Token,Probability
1,0.38760525
<0x0A>,0.23879667
2,0.20747015
</s>,0.027427603
9,0.024585944
4,0.015627779
3,0.013159907
7,0.011704665
8,0.009627994
0,0.009259151
