Token,Probability
2,0.7069511
1,0.17874523
<0x0A>,0.037175465
▁SELECT,0.021515507
3,0.012163765
0,0.008491676
4,0.008166366
9,0.0041063065
5,0.0037681586
6,0.0020327694
