Token,Probability
1,0.3267037
<0x0A>,0.32163864
2,0.2316676
0,0.020561669
9,0.017314661
6,0.017046222
3,0.014131816
4,0.012471282
5,0.0064196656
</s>,0.004446773
