Token,Probability
1,0.49363872
8,0.15777642
2,0.13080125
7,0.057591002
9,0.041806586
3,0.018991498
<0x0A>,0.017840862
4,0.017840862
0,0.016371695
6,0.011977788
