Token,Probability
1,0.5025436
2,0.24877714
<0x0A>,0.09973284
▁SELECT,0.022781128
3,0.02140089
4,0.018448718
0,0.014823963
7,0.013082101
9,0.012289496
5,0.01172672
