Token,Probability
2,0.38372955
1,0.37192342
<0x0A>,0.110802636
3,0.047284756
0,0.02114705
4,0.012143729
9,0.007083375
5,0.0063992958
▁SELECT,0.004944993
6,0.00460924
