Token,Probability
1,0.33539394
▁SELECT,0.2050222
2,0.15475887
▁CREATE,0.065529026
<0x0A>,0.059200544
0,0.018055147
4,0.010614072
9,0.009816413
3,0.009440352
SELECT,0.008799375
