Token,Probability
▁SELECT,0.36518455
1,0.24326536
<0x0A>,0.14754789
2,0.10140808
▁CREATE,0.04227318
3,0.011377673
4,0.011027617
SELECT,0.008067977
9,0.0071758074
▁VARCHAR,0.0056765312
