Token,Probability
▁SELECT,0.49314132
1,0.24222288
2,0.110034704
<0x0A>,0.03685701
▁CREATE,0.03152547
SELECT,0.011328916
9,0.01055971
4,0.00784731
3,0.007314497
7,0.006505648
