Token,Probability
1,0.35172662
▁SELECT,0.23613808
2,0.16485095
3,0.05652761
▁CREATE,0.047230586
<0x0A>,0.030021587
4,0.022310149
7,0.012912123
5,0.011306234
9,0.010294443
