Token,Probability
1,0.40810606
2,0.32537052
<0x0A>,0.14103769
3,0.015948098
0,0.0153371375
4,0.014749581
9,0.011486985
5,0.007592433
</s>,0.0056422176
6,0.0051372973
