Token,Probability
2,0.724496
1,0.2141606
<0x0A>,0.012563411
3,0.010662429
4,0.008369037
9,0.00798579
5,0.0046218205
0,0.004444761
6,0.0036561613
7,0.0031765278
