Token,Probability
▁SELECT,0.5796664
2,0.16737977
1,0.117766365
▁CREATE,0.043323822
<0x0A>,0.037935607
SELECT,0.008464579
3,0.0054651424
4,0.004566298
9,0.0029025152
▁VARCHAR,0.0025815505
