Token,Probability
1,0.34857887
2,0.3149148
▁CREATE,0.09529616
▁SELECT,0.07479882
0,0.068105094
<0x0A>,0.01655999
4,0.01052617
3,0.010362977
9,0.0061880164
5,0.004819232
