Token,Probability
2,0.37209782
1,0.27223256
<0x0A>,0.21367781
7,0.024542512
9,0.018238446
3,0.014769943
0,0.013659963
4,0.012832349
6,0.012437538
5,0.008156738
