Token,Probability
▁SELECT,0.6988186
<0x0A>,0.120491445
1,0.09757694
2,0.022639671
▁CREATE,0.009661426
SELECT,0.008660446
4,0.0040274817
▁U,0.0038131427
0,0.0034448872
3,0.0032871347
