Token,Probability
1,0.46568617
2,0.19718394
<0x0A>,0.19111721
3,0.040691204
4,0.028854383
9,0.012122636
5,0.01069819
0,0.010050019
▁SELECT,0.009294747
6,0.008663657
