Token,Probability
1,0.44592285
2,0.15531547
<0x0A>,0.15053694
▁SELECT,0.09494245
0,0.028730476
9,0.023818402
3,0.011428194
4,0.0112510165
5,0.010487101
7,0.008626454
