Token,Probability
1,0.40360066
<0x0A>,0.3732696
2,0.19364971
3,0.0054506697
9,0.0050018155
4,0.002272177
0,0.0018690419
6,0.0015986762
5,0.0011248093
7,0.0009926406
