Token,Probability
1,0.41211033
2,0.28769937
▁SELECT,0.060778044
9,0.049994655
0,0.043776784
4,0.02436545
3,0.02167108
7,0.020042473
5,0.016746111
6,0.013041884
