Token,Probability
1,0.38847706
2,0.2978557
▁SELECT,0.18639332
▁CREATE,0.027922187
0,0.016160123
3,0.014040158
<0x0A>,0.012585516
4,0.009065007
5,0.0074566714
9,0.0071152057
