Token,Probability
1,0.3894692
2,0.37163413
<0x0A>,0.08163718
3,0.02777565
4,0.027559498
0,0.02357289
9,0.01582609
5,0.015101359
6,0.014636741
7,0.008339763
