Token,Probability
2,0.7780934
1,0.15807927
▁SELECT,0.023313535
5,0.010673714
▁CREATE,0.0075687966
4,0.003776213
0,0.0029872302
9,0.0029872302
3,0.0025352293
<0x0A>,0.0022725647
