Token,Probability
2,0.31232643
<0x0A>,0.265068
1,0.20643517
▁CREATE,0.060076058
▁SELECT,0.033963922
3,0.011200113
4,0.009212961
9,0.008860019
5,0.006846492
▁UN,0.0059949886
