Token,Probability
▁SELECT,0.775909
1,0.09412844
<0x0A>,0.053215396
2,0.022532815
SELECT,0.018826872
▁CREATE,0.008354374
4,0.0044024456
3,0.0036213528
0,0.0028424326
5,0.0025880642
