Token,Probability
1,0.80663234
2,0.06993425
▁SELECT,0.033817995
8,0.021664621
<0x0A>,0.012058177
3,0.00999658
9,0.009464571
4,0.0065048984
0,0.005785576
▁CREATE,0.0046488415
