Token,Probability
<0x0A>,0.4630153
1,0.32323673
2,0.13369654
0,0.015967773
3,0.010070749
4,0.009609575
9,0.0092414385
6,0.0062044086
5,0.0053485343
7,0.003974693
