Token,Probability
1,0.37800562
2,0.3468775
<0x0A>,0.041753534
▁SELECT,0.041428607
3,0.033549905
9,0.023977038
4,0.020349048
7,0.019722974
0,0.018098818
5,0.013768855
