Token,Probability
1,0.5057293
2,0.165474
<0x0A>,0.094284244
0,0.045950472
4,0.039922457
3,0.031091643
9,0.02440411
6,0.02292554
5,0.02239447
7,0.018711282
