Token,Probability
▁SELECT,0.5196934
1,0.29152155
2,0.08352233
<0x0A>,0.023375219
3,0.011041672
▁CREATE,0.010701955
SELECT,0.010618672
0,0.008141618
4,0.0074130273
9,0.0072413054
