Token,Probability
1,0.33987734
2,0.23542616
▁SELECT,0.20939235
5,0.041555185
4,0.022242887
3,0.019783232
9,0.019324956
▁CREATE,0.017872663
7,0.017733578
0,0.013596806
