Token,Probability
<0x0A>,0.544649
1,0.18970191
2,0.08158978
▁CREATE,0.035366554
▁SELECT,0.021118334
﻿,0.009298277
▁UN,0.008666947
0,0.007891345
▁WITH,0.0072415047
9,0.006856119
