Token,Probability
1,0.37780076
2,0.33865842
▁SELECT,0.117037214
<0x0A>,0.03275496
9,0.016088698
3,0.016088698
▁CREATE,0.014763818
4,0.014534927
0,0.011319811
5,0.0086116595
