Token,Probability
2,0.7278689
▁SELECT,0.18987596
1,0.035956454
▁CREATE,0.021137707
<0x0A>,0.0056891367
SELECT,0.004607203
3,0.0030690592
4,0.0023348168
5,0.0012894084
0,0.0012018608
