Token,Probability
2,0.3886472
1,0.24703918
▁SELECT,0.078958474
▁CREATE,0.0771294
3,0.043265674
<0x0A>,0.042928975
4,0.020120407
</s>,0.014605849
9,0.009653877
7,0.008129379
