Token,Probability
2,0.5975206
1,0.28224874
▁SELECT,0.02794641
3,0.020930892
4,0.013408834
9,0.009810112
5,0.009434292
0,0.008391034
7,0.0070659583
6,0.0064840885
