Token,Probability
▁SELECT,0.59474695
<0x0A>,0.17039786
1,0.12662894
2,0.03201681
4,0.0091015855
0,0.0084175905
9,0.0075454796
3,0.005922514
5,0.0049872575
7,0.004435758
