Token,Probability
1,0.63542396
2,0.27329245
3,0.01760803
4,0.011638196
9,0.011547626
0,0.009063836
5,0.00812477
<0x0A>,0.0065284367
6,0.0058520525
7,0.0058520525
