Token,Probability
2,0.34840912
▁SELECT,0.25094968
1,0.23574542
▁CREATE,0.033962343
3,0.01860983
9,0.01707734
5,0.014721587
<0x0A>,0.014380562
4,0.014157611
7,0.012396819
