Token,Probability
▁SELECT,0.47715813
<0x0A>,0.34368414
1,0.10080223
2,0.016074318
​,0.012518692
SELECT,0.007302089
4,0.0040325965
3,0.0039085266
9,0.0035310593
<0x09>,0.0031405892
