Token,Probability
1,0.40751064
2,0.37104264
0,0.03397728
4,0.026669072
3,0.025053274
9,0.02371996
6,0.02193738
5,0.020932794
7,0.016689079
<0x0A>,0.011742233
