Token,Probability
1,0.7204915
2,0.18216878
0,0.018037153
3,0.014268561
4,0.013938031
<0x0A>,0.012890573
9,0.010117926
5,0.008722197
7,0.006381295
6,0.005127515
