Token,Probability
1,0.41412
▁SELECT,0.2378091
2,0.13339883
<0x0A>,0.057374112
4,0.025261478
3,0.021106757
9,0.019827964
5,0.017361945
0,0.01568521
7,0.01508432
