Token,Probability
1,0.3763655
2,0.3763655
<0x0A>,0.11568527
0,0.029022194
3,0.021233091
4,0.014707732
9,0.012385152
6,0.00864623
5,0.007996455
7,0.00775043
