Token,Probability
1,0.27485865
2,0.25222448
0,0.18890741
▁SELECT,0.13187861
7,0.031080155
▁CREATE,0.018704366
<0x0A>,0.017571125
3,0.017298711
6,0.01099573
9,0.010249147
