Token,Probability
½,0.21424873
▁SELECT,0.19507569
1,0.14610493
▁CREATE,0.093598336
2,0.08931215
SELECT,0.07639274
¼,0.048939027
CREATE,0.02275876
º,0.014809407
©,0.006419403
