Token,Probability
<0x0A>,0.5821833
▁SELECT,0.29735014
1,0.04560012
▁U,0.014920302
2,0.010580078
﻿,0.0051967595
​,0.0046583456
▁CREATE,0.003892193
<0x09>,0.0033291692
▁UN,0.0024934327
