Token,Probability
<0x0A>,0.38900176
1,0.28459975
2,0.20181145
0,0.018052267
4,0.010779502
6,0.010612382
9,0.010447851
3,0.010126404
5,0.007237015
▁SELECT,0.005091876
