Token,Probability
1,0.36995044
2,0.24452232
<0x0A>,0.23885797
3,0.022922503
0,0.019915417
9,0.0153894415
4,0.015269679
5,0.010413016
6,0.010092642
▁CREATE,0.008301981
