Token,Probability
2,0.43480557
1,0.29420418
9,0.13260819
▁SELECT,0.095514104
3,0.0065507954
SELECT,0.0061539025
8,0.0061539025
7,0.004792664
▁CREATE,0.0037034838
<0x0A>,0.0035616057
