Token,Probability
1,0.4131983
▁SELECT,0.37622133
4,0.06851499
2,0.06238361
▁CREATE,0.022949649
<0x0A>,0.010589523
3,0.008710705
SELECT,0.007993391
8,0.0056240535
9,0.004114645
