Token,Probability
2,0.30406395
1,0.2295195
▁SELECT,0.18732837
<0x0A>,0.06945476
▁CREATE,0.037761893
4,0.01840368
▁captain,0.018260458
3,0.0161148
0,0.010163476
</s>,0.010005906
