Token,Probability
2,0.49433097
1,0.28609684
4,0.17083623
0,0.010259512
3,0.009341393
5,0.006470593
<0x0A>,0.0054915217
6,0.004017683
9,0.0031289745
7,0.0028713085
