Token,Probability
1,0.54477865
2,0.21501163
▁SELECT,0.06112247
0,0.030257817
3,0.021456005
4,0.02112336
<0x0A>,0.019535916
9,0.015697548
5,0.015575391
7,0.012321148
