Token,Probability
2,0.33514103
▁SELECT,0.2451944
1,0.2215147
<0x0A>,0.061033715
▁CREATE,0.053027015
0,0.010199756
SELECT,0.009001254
3,0.006901501
4,0.0058116466
9,0.004893897
