Token,Probability
1,0.48719013
2,0.18204966
▁SELECT,0.082699776
4,0.03501729
9,0.034744784
3,0.031389296
7,0.027918218
5,0.026848687
6,0.021573527
0,0.016157826
