Token,Probability
2,0.36652473
1,0.34431812
<0x0A>,0.0963636
7,0.03517431
4,0.02494232
9,0.024364533
6,0.02218416
3,0.020041717
5,0.013667264
0,0.013246766
