Token,Probability
2,0.35655352
1,0.3537788
<0x0A>,0.09521827
▁CREATE,0.01720559
3,0.015543956
9,0.014152934
4,0.013717494
0,0.011641885
▁SELECT,0.011551288
</s>,0.009651463
