Token,Probability
2,0.37650618
1,0.32711422
5,0.061945006
▁SELECT,0.0399947
<0x0A>,0.03698905
4,0.03394306
3,0.02770352
0,0.023696076
9,0.013188851
7,0.01258489
