Token,Probability
1,0.38441208
2,0.3611217
<0x0A>,0.07055571
4,0.03520155
3,0.029875163
9,0.022906085
0,0.01944014
5,0.017979193
6,0.015866581
7,0.014446688
