Token,Probability
2,0.5009618
1,0.23479606
▁SELECT,0.14808401
▁CREATE,0.028707396
3,0.012639696
4,0.0095409425
9,0.0070902267
5,0.0068720835
7,0.0059241056
6,0.0055651832
