Token,Probability
1,0.8088857
2,0.09363531
<0x0A>,0.04527908
9,0.008118091
3,0.008118091
0,0.00705312
4,0.0047723795
5,0.0033577885
▁SELECT,0.0033057309
6,0.0020050271
