Token,Probability
1,0.31761432
6,0.20667557
<0x0A>,0.19415376
2,0.10806284
0,0.021954296
4,0.019989615
</s>,0.017918576
3,0.0138464
9,0.01310951
5,0.012706173
