Token,Probability
2,0.23769806
▁SELECT,0.20651565
1,0.17942391
5,0.11404877
4,0.06600636
3,0.052215334
7,0.044662144
6,0.030219914
9,0.018911142
SELECT,0.012499501
