Token,Probability
1,0.66864026
2,0.22049417
<0x0A>,0.024546238
0,0.016479567
9,0.012246573
3,0.011685762
4,0.00953764
5,0.0057848715
6,0.0040384913
7,0.0037059276
