Token,Probability
2,0.70200074
1,0.26644945
0,0.0077985246
3,0.0053598415
9,0.0041095335
<0x0A>,0.0029369511
4,0.0027162358
5,0.0021487193
6,0.0019872405
7,0.0015118129
