Token,Probability
2,0.3223239
1,0.29347923
▁SELECT,0.15708812
3,0.035051096
4,0.032416966
9,0.025643932
5,0.025049886
7,0.024661526
6,0.020767087
<0x0A>,0.01905695
