Token,Probability
1,0.64325875
▁SELECT,0.1786265
2,0.120864734
3,0.008963041
9,0.0073154205
7,0.0054363594
<0x0A>,0.0051470413
4,0.004949861
6,0.0046137776
SELECT,0.003915663
