Token,Probability
5,0.5242192
1,0.16495287
2,0.15255648
4,0.03099373
<0x0A>,0.030752534
▁SELECT,0.025896233
3,0.021135887
0,0.009090432
9,0.008212521
7,0.0077149495
