Token,Probability
▁SELECT,0.33381644
1,0.2480713
2,0.1993309
<0x0A>,0.032286648
4,0.02676657
3,0.022894662
9,0.022716492
7,0.022716492
5,0.016234746
6,0.015735256
