Token,Probability
3,0.34914348
1,0.27191323
2,0.2289739
▁SELECT,0.041052755
4,0.034033928
9,0.013327878
5,0.013327878
7,0.00998212
6,0.0087406365
0,0.008211068
