Token,Probability
2,0.33263603
1,0.31989294
<0x0A>,0.23772427
▁SELECT,0.020450072
3,0.011205714
0,0.009362726
▁CREATE,0.008795467
4,0.00872702
9,0.007178651
</s>,0.004819518
