Token,Probability
▁SELECT,0.48802552
1,0.2868954
<0x0A>,0.07601971
2,0.06013654
4,0.012803808
5,0.01147726
3,0.011299321
7,0.009440936
9,0.008596071
6,0.0064886543
