Token,Probability
2,0.31060398
1,0.29407394
<0x0A>,0.13569283
▁SELECT,0.06164125
▁CREATE,0.047632664
9,0.018508058
4,0.01343541
3,0.013124179
0,0.012621399
5,0.0076552657
