Token,Probability
2,0.4114223
1,0.3864955
<0x0A>,0.08556769
3,0.0198533
4,0.016981428
0,0.015461766
9,0.013225149
5,0.010710051
6,0.009828095
7,0.008472349
