Token,Probability
▁SELECT,0.37702408
1,0.21482185
2,0.13234791
<0x0A>,0.086795874
4,0.03733044
3,0.032687627
5,0.025656812
7,0.017771954
9,0.016565282
6,0.016565282
