Token,Probability
2,0.4439362
1,0.43027773
3,0.019812359
0,0.019353405
4,0.014723295
<0x0A>,0.0126922745
9,0.011923288
7,0.008655379
5,0.007942622
6,0.0061375825
