Token,Probability
1,0.25848457
2,0.24664773
9,0.24664773
▁SELECT,0.0752233
5,0.05251433
3,0.034171723
▁CREATE,0.01887142
4,0.018578844
7,0.011268639
8,0.011180947
