Token,Probability
▁SELECT,0.43068683
1,0.22695602
<0x0A>,0.16604456
2,0.07197499
3,0.013418458
4,0.01231347
5,0.0103689805
6,0.0103689805
9,0.009740756
0,0.009441065
