Token,Probability
2,0.37886542
1,0.2352429
<0x0A>,0.13829216
▁SELECT,0.045249023
3,0.029444098
4,0.02239989
▁CREATE,0.016260576
9,0.012663749
0,0.012083836
5,0.01117572
