Token,Probability
▁SELECT,0.80624884
2,0.046929307
1,0.037708763
<0x0A>,0.033538867
▁CREATE,0.031753957
SELECT,0.009836918
4,0.007030128
3,0.006351192
5,0.0031196005
7,0.0029767435
