Token,Probability
4,0.4272175
2,0.3486848
1,0.17261147
3,0.015930425
5,0.011296363
6,0.006745366
0,0.00509167
7,0.0037543615
9,0.0033391984
<0x0A>,0.0022070755
