Token,Probability
1,0.31095484
2,0.21371593
5,0.2055286
<0x0A>,0.10016665
4,0.03127355
▁SELECT,0.023240527
0,0.020832675
9,0.019267075
3,0.013877554
▁CREATE,0.009316948
