Token,Probability
1,0.5216686
2,0.26644227
▁SELECT,0.087863326
<0x0A>,0.02103305
3,0.016900532
0,0.0151495375
4,0.013474279
9,0.011258181
5,0.008108963
7,0.006722567
