Token,Probability
▁SELECT,0.49665987
1,0.2038288
2,0.0925934
<0x0A>,0.072111815
▁CREATE,0.033274136
4,0.012629438
SELECT,0.010887257
9,0.007965287
▁WHERE,0.007252476
5,0.006920361
