Token,Probability
1,0.4978048
2,0.2664557
▁SELECT,0.102727816
<0x0A>,0.02478424
0,0.017991431
3,0.014344018
4,0.013370096
9,0.011616141
SELECT,0.0076778
▁CREATE,0.007100804
