Token,Probability
1,0.5599617
2,0.16169
<0x0A>,0.08258316
▁SELECT,0.04251017
▁CREATE,0.039315477
0,0.019769065
4,0.011804648
3,0.010581617
9,0.0068320055
5,0.004411075
