Token,Probability
2,0.5656915
1,0.25497714
<0x0A>,0.14756945
3,0.004780817
0,0.004387124
9,0.0029224546
4,0.0020723306
▁CREATE,0.0015280407
5,0.0014242907
6,0.0012767259
