Token,Probability
2,0.41684827
1,0.34557936
4,0.088061444
<0x0A>,0.038471196
3,0.030671911
0,0.012489769
9,0.011022183
6,0.010035811
5,0.009651345
7,0.008255232
