Token,Probability
1,0.5355034
2,0.30512062
3,0.025045827
0,0.024657529
9,0.022627018
4,0.022102864
5,0.014839162
<0x0A>,0.014495413
6,0.014495413
7,0.008930365
