Token,Probability
1,0.46487582
▁SELECT,0.23743536
2,0.15816604
<0x0A>,0.038458616
3,0.020108556
4,0.015907176
5,0.0119139245
7,0.009723862
6,0.008382493
9,0.008188313
