Token,Probability
1,0.33420044
2,0.1995602
<0x0A>,0.18601055
▁SELECT,0.13502918
3,0.026381906
4,0.021701165
0,0.016001435
▁CREATE,0.013686753
5,0.011346716
7,0.009705361
