Token,Probability
▁SELECT,0.27985737
8,0.2320099
1,0.16711046
2,0.09085638
<0x0A>,0.03699721
3,0.035858925
7,0.03530299
9,0.024645457
5,0.024074543
4,0.02333385
