Token,Probability
1,0.3562446
2,0.35072154
▁SELECT,0.14281571
<0x0A>,0.02901477
9,0.017325511
▁CREATE,0.015289709
4,0.014251577
3,0.013388118
0,0.0105084535
SELECT,0.007870467
