Token,Probability
▁SELECT,0.8607513
1,0.043190394
2,0.026608828
▁CREATE,0.026401756
SELECT,0.012569121
<0x0A>,0.011534073
0,0.0021671883
3,0.0020200415
9,0.0020043214
7,0.0020043214
