Token,Probability
7,0.7539385
1,0.09004512
2,0.08198701
9,0.014585068
6,0.011903986
8,0.010838702
<0x0A>,0.009640141
3,0.0066775307
4,0.006421719
5,0.006079961
