Token,Probability
1,0.44197854
2,0.19766504
▁SELECT,0.11350948
<0x0A>,0.07680435
3,0.03201682
▁CREATE,0.027816694
4,0.020192754
9,0.015849475
0,0.011870708
5,0.010475863
