Token,Probability
▁SELECT,0.46762365
1,0.24835303
2,0.10681532
<0x0A>,0.051250547
▁CREATE,0.024209047
SELECT,0.0140111195
4,0.010250755
9,0.010170982
0,0.008236713
3,0.0077983625
