Token,Probability
2,0.34175444
1,0.23488417
▁SELECT,0.14930145
5,0.06729543
4,0.042775586
9,0.029629782
3,0.023075698
7,0.022018984
▁CREATE,0.01573626
6,0.014216525
