Token,Probability
<0x0A>,0.6506337
1,0.13531892
2,0.12225045
</s>,0.008126533
4,0.0073417104
9,0.006950991
3,0.0060391263
5,0.0054986873
0,0.004814811
▁CREATE,0.0033612798
