Token,Probability
2,0.3743581
1,0.18532069
▁SELECT,0.14660074
▁CREATE,0.1224895
<0x0A>,0.052272104
</s>,0.011304636
3,0.009298939
4,0.008735545
9,0.008667564
▁UN,0.0077090915
