Token,Probability
1,0.4794374
2,0.23733872
▁SELECT,0.0648848
<0x0A>,0.05053233
0,0.027689433
▁CREATE,0.019634748
4,0.01933034
3,0.01917991
9,0.013814771
5,0.009872972
