Token,Probability
2,0.83450544
1,0.085250095
▁SELECT,0.044923645
3,0.009639814
4,0.0047720536
7,0.004244352
9,0.0026353784
5,0.002219211
▁CREATE,0.002101107
8,0.0019130795
