Token,Probability
3,0.74988025
2,0.13656333
1,0.040684655
▁SELECT,0.02862523
4,0.025261676
<0x0A>,0.005725406
SELECT,0.004059921
5,0.001458963
0,0.0010508518
9,0.0009795015
