Token,Probability
1,0.68117636
▁SELECT,0.13624385
2,0.105281085
▁CREATE,0.016788537
3,0.01127129
4,0.0075671864
9,0.0068363827
7,0.004735424
5,0.0046985727
<0x0A>,0.0045897304
