Token,Probability
6,0.37976795
2,0.17387044
<0x0A>,0.14527419
1,0.13754284
</s>,0.039715756
▁CREATE,0.015552913
4,0.013725398
3,0.011467999
5,0.010857684
7,0.010120474
