Token,Probability
1,0.7086345
2,0.17639308
▁SELECT,0.05954768
3,0.012481873
4,0.00812211
9,0.0076898583
5,0.0038667035
7,0.0036041639
6,0.0031313521
<0x0A>,0.0029416329
