Token,Probability
1,0.41066483
▁SELECT,0.20329383
2,0.12721804
3,0.041952055
4,0.041952055
5,0.031915437
7,0.029981783
9,0.02485577
6,0.02466234
<0x0A>,0.019357694
