Token,Probability
2,0.85310656
1,0.09722321
3,0.008833682
▁CREATE,0.0064125657
4,0.006362663
<0x0A>,0.004140264
▁SELECT,0.0029821203
0,0.0027796417
5,0.0027796417
9,0.0024339354
