Token,Probability
1,0.7897836
2,0.098853014
<0x0A>,0.031105477
0,0.020559466
▁SELECT,0.010666111
9,0.007446145
3,0.0060773664
4,0.004807593
▁CREATE,0.0030321106
5,0.0030085144
