Token,Probability
2,0.5517472
1,0.31437606
<0x0A>,0.030169757
3,0.019940991
4,0.0184424
5,0.010345249
9,0.008779899
0,0.00864378
7,0.0065246667
6,0.006473892
