Token,Probability
<0x0A>,0.43103617
1,0.28268042
2,0.18538636
0,0.016583025
9,0.013855636
3,0.013324834
4,0.012323458
</s>,0.007833266
6,0.0073586726
7,0.005511391
