Token,Probability
5,0.42711213
2,0.12924814
▁SELECT,0.070822135
4,0.061531343
▁CREATE,0.04867529
1,0.041310184
3,0.04035324
<0x0A>,0.025851255
7,0.015679577
SELECT,0.011652074
