Token,Probability
1,0.44451448
▁SELECT,0.27817008
2,0.0835218
<0x0A>,0.031701297
4,0.026487427
7,0.02547271
3,0.023558404
5,0.022655897
6,0.018204525
9,0.01631843
