Token,Probability
1,0.51034766
<0x0A>,0.26270446
2,0.118410185
0,0.015172237
3,0.013285254
9,0.0116329575
4,0.011452605
5,0.0075697093
6,0.0047741556
7,0.004147859
