Token,Probability
1,0.4297063
2,0.25658935
▁SELECT,0.14620021
<0x0A>,0.021730721
9,0.021393817
0,0.0207356
3,0.018587273
4,0.018587273
5,0.015530246
7,0.008848868
