Token,Probability
2,0.8976546
1,0.080926016
3,0.0053795134
4,0.0026013625
▁SELECT,0.002295694
5,0.001773975
9,0.0016535266
▁CREATE,0.0014478762
0,0.0013708216
7,0.0012678028
