Token,Probability
4,0.7578823
1,0.11622502
2,0.076222226
3,0.012638884
5,0.009319329
<0x0A>,0.006925537
0,0.0058318865
6,0.0028422347
9,0.0022308955
7,0.0020957324
