Token,Probability
▁SELECT,0.33875299
1,0.2638211
2,0.20546408
3,0.049570512
▁CREATE,0.022695035
4,0.017400887
9,0.015118153
7,0.013446364
<0x0A>,0.01283061
5,0.01283061
