Token,Probability
▁SELECT,0.57119393
1,0.13149631
2,0.11972875
<0x0A>,0.09545609
SELECT,0.016203526
3,0.012041437
4,0.009525561
▁CREATE,0.006861004
0,0.005868528
5,0.0055562104
