Token,Probability
<0x0A>,0.38787207
1,0.30683208
2,0.18037727
9,0.016389044
4,0.013909202
3,0.013800959
0,0.011990481
</s>,0.009485251
5,0.00856921
6,0.007329634
