Token,Probability
1,0.3931598
2,0.29217157
<0x0A>,0.13693805
</s>,0.024551643
▁SELECT,0.02306413
0,0.016227644
9,0.014098821
▁CREATE,0.013989103
3,0.013989103
4,0.013453188
