Token,Probability
1,0.40931016
2,0.2813145
<0x0A>,0.16929805
0,0.043140974
3,0.016762776
9,0.01574717
4,0.011431221
5,0.007555575
6,0.0073805503
7,0.0064626257
