Token,Probability
1,0.35827497
▁SELECT,0.26007974
2,0.20735365
▁CREATE,0.026987216
<0x0A>,0.025751382
4,0.017154118
3,0.017020624
9,0.015497455
7,0.013570026
6,0.010734773
