Token,Probability
1,0.4745801
2,0.352678
7,0.054936636
4,0.021682227
<0x0A>,0.016239239
6,0.015255353
3,0.014901964
0,0.014108895
9,0.013890157
5,0.010162256
