Token,Probability
2,0.33670464
▁SELECT,0.18887417
1,0.14941177
▁CREATE,0.13604097
<0x0A>,0.09875515
0,0.008298553
▁VARCHAR,0.0055713844
4,0.0049552917
3,0.0048784674
ql,0.004691576
