Token,Probability
▁SELECT,0.33896554
1,0.26814383
2,0.25189778
<0x0A>,0.03330095
▁CREATE,0.026758065
0,0.010727101
3,0.010316153
9,0.0097671375
4,0.009615713
SELECT,0.0073152487
