Token,Probability
1,0.4566404
2,0.24442199
▁SELECT,0.11278222
<0x0A>,0.06578529
▁CREATE,0.017295714
3,0.017027568
4,0.014338651
9,0.013469915
0,0.009330337
7,0.0068262205
