Token,Probability
1,0.30824038
2,0.2987568
▁SELECT,0.23633611
9,0.023037652
3,0.018224282
7,0.017941741
4,0.01712013
▁CREATE,0.0169869
6,0.015226959
<0x0A>,0.012623592
