Token,Probability
▁SELECT,0.6152304
1,0.1642984
<0x0A>,0.06383949
2,0.050501186
▁CREATE,0.03782364
SELECT,0.009196949
4,0.0066243145
9,0.005937997
3,0.004697342
0,0.0046245167
