Token,Probability
1,0.4282461
<0x0A>,0.19760312
2,0.19302565
0,0.028245892
▁SELECT,0.026742674
3,0.017132001
4,0.016347468
9,0.01177464
▁CREATE,0.009461189
5,0.0077825612
