Token,Probability
▁SELECT,0.54446006
1,0.16347654
2,0.09838192
7,0.07843691
<0x0A>,0.021276582
9,0.017096216
4,0.010369378
3,0.009441426
6,0.009009072
8,0.008800377
