Token,Probability
1,0.38899887
2,0.31256938
▁SELECT,0.22868063
<0x0A>,0.029073479
SELECT,0.010949173
▁CREATE,0.009891754
3,0.0044238656
9,0.0020412786
0,0.0016922795
4,0.0015773779
