Token,Probability
▁SELECT,0.43339717
<0x0A>,0.40713897
1,0.07242794
2,0.025030425
9,0.008855419
3,0.005945247
4,0.005762331
0,0.0045229057
5,0.0043157865
▁CREATE,0.003808668
