Token,Probability
2,0.48807907
1,0.3407341
<0x0A>,0.06762075
3,0.023923289
0,0.01907331
9,0.013315316
4,0.011935771
5,0.008463729
6,0.0061440086
7,0.0052964664
