Token,Probability
5,0.34442872
2,0.25198942
1,0.24044998
4,0.04413264
3,0.026977742
0,0.023075284
6,0.015371454
▁SELECT,0.012743384
7,0.009470078
9,0.008690232
