Token,Probability
2,0.57874364
1,0.3565536
▁SELECT,0.013504826
3,0.010766986
9,0.0070062117
4,0.006581726
0,0.0052474095
<0x0A>,0.004559029
5,0.0039920188
7,0.003207677
