Token,Probability
▁SELECT,0.5847497
1,0.22899127
2,0.067689694
<0x0A>,0.019545523
4,0.01332889
3,0.013020127
▁CREATE,0.011312082
5,0.011050038
7,0.010299769
9,0.008605778
