Token,Probability
2,0.43247238
1,0.33945143
<0x0A>,0.06896375
0,0.01945212
▁SELECT,0.017711354
▁CREATE,0.017711354
3,0.013474089
9,0.010493631
4,0.00978114
5,0.009554559
