Token,Probability
1,0.38614166
2,0.3201227
<0x0A>,0.086835615
▁SELECT,0.044006146
3,0.030244954
0,0.017641723
▁CREATE,0.01670285
4,0.016188957
9,0.014855823
5,0.011390354
