Token,Probability
▁SELECT,0.5965466
1,0.16826369
<0x0A>,0.10779377
2,0.058606457
SELECT,0.010673029
▁CREATE,0.0076276693
9,0.005120975
3,0.005002348
▁FROM,0.004051025
5,0.003575017
