Token,Probability
3,0.69066256
1,0.14252627
2,0.10591654
4,0.016242826
▁SELECT,0.014674172
5,0.0056133713
7,0.0049926355
0,0.0035680756
▁CREATE,0.0034046813
6,0.0029812385
