Token,Probability
1,0.34695026
2,0.30618253
<0x0A>,0.1961479
4,0.024170164
0,0.021835923
3,0.020353317
9,0.014208906
5,0.014098331
6,0.010395458
7,0.007908448
