Token,Probability
2,0.85689837
1,0.114170656
3,0.0068031223
▁SELECT,0.005639987
4,0.0021075092
<0x0A>,0.002042668
9,0.0019339593
0,0.001918909
▁CREATE,0.0011019368
5,0.0010033248
