Token,Probability
2,0.98447406
1,0.012011416
3,0.0011892914
4,0.00070463173
0,0.00040463597
<0x0A>,0.00027593778
6,0.00016867736
7,0.00012633351
9,0.000123407
5,0.00011593015
