Token,Probability
1,0.39256433
2,0.22020862
▁SELECT,0.15134703
3,0.03796873
<0x0A>,0.032987803
4,0.032987803
9,0.027996385
7,0.02692386
5,0.023209818
6,0.01738335
