Token,Probability
2,0.5172188
1,0.24431689
▁SELECT,0.13179907
<0x0A>,0.018693084
▁CREATE,0.017976964
3,0.012259223
0,0.0074939127
4,0.0069850953
SELECT,0.006930737
5,0.004876382
