Token,Probability
1,0.4531748
2,0.41911817
3,0.023097292
4,0.01929851
9,0.015029696
5,0.01285558
<0x0A>,0.012363091
6,0.0106576495
7,0.009856714
8,0.008300186
