Token,Probability
1,0.40339202
2,0.4002528
<0x0A>,0.03871236
0,0.030864181
▁SELECT,0.02121262
3,0.016264282
4,0.013171216
9,0.0105010085
5,0.008051403
▁CREATE,0.007988745
