Token,Probability
1,0.38704124
<0x0A>,0.21374446
▁SELECT,0.14690429
2,0.13800381
0,0.012441421
3,0.010476726
4,0.009841974
9,0.009613984
5,0.007725054
SELECT,0.0067116427
