Token,Probability
▁SELECT,0.4512322
2,0.19712876
1,0.19407256
SELECT,0.03881695
3,0.030706737
4,0.026678475
▁CREATE,0.024673557
<0x0A>,0.007947994
9,0.007643511
5,0.0036388566
