Token,Probability
2,0.6710919
1,0.25471777
▁SELECT,0.017469712
3,0.0111044245
4,0.009205891
<0x0A>,0.0071137617
9,0.005897515
5,0.0042811367
0,0.0039904583
7,0.0034669703
