Token,Probability
1,0.3240474
▁CREATE,0.19049762
▁SELECT,0.15187795
2,0.12889715
<0x0A>,0.074599944
4,0.009484318
9,0.008435528
3,0.0064174104
</s>,0.0061715636
0,0.0061235363
