Token,Probability
▁SELECT,0.53149074
1,0.22504735
2,0.090219736
<0x0A>,0.057796936
4,0.0127958795
9,0.011834255
3,0.011204448
0,0.008932964
SELECT,0.0080074575
5,0.0074056876
