Token,Probability
1,0.40314338
<0x0A>,0.38468212
2,0.13716263
3,0.01246257
4,0.009936027
9,0.006882485
▁CREATE,0.0054871957
0,0.004880413
5,0.004240176
6,0.0034070772
