Token,Probability
4,0.67698616
2,0.13123974
1,0.12328834
3,0.020928008
5,0.012017944
0,0.011114781
9,0.0063330107
6,0.006283728
<0x0A>,0.004251783
7,0.0038112733
