Token,Probability
1,0.39429325
2,0.26061195
<0x0A>,0.09969295
</s>,0.0478332
▁CREATE,0.047460955
▁SELECT,0.03313309
0,0.0123809315
3,0.012094127
4,0.011813967
9,0.007054442
