Token,Probability
1,0.8951516
2,0.07821748
▁SELECT,0.006126466
3,0.0041778865
9,0.0026764548
7,0.0026349602
4,0.0020361394
0,0.0018831211
5,0.0017416023
<0x0A>,0.0017280491
