Token,Probability
2,0.46557525
1,0.3741002
▁SELECT,0.024868108
3,0.022466464
0,0.017225636
4,0.016958578
5,0.014619208
9,0.013104573
7,0.011931849
6,0.011746863
