Token,Probability
1,0.35791355
2,0.3158576
3,0.14461014
<0x0A>,0.086350664
0,0.023978712
4,0.023978712
5,0.010723944
6,0.010232859
9,0.008351816
7,0.0056954436
