Token,Probability
1,0.41166893
2,0.3181131
<0x0A>,0.07980566
4,0.029821198
3,0.024530247
0,0.022510221
9,0.01646883
5,0.012926532
▁SELECT,0.012825938
6,0.012825938
