Token,Probability
1,0.43473
2,0.38968945
3,0.034050684
9,0.025502784
4,0.025502784
5,0.021475498
6,0.020652784
7,0.020492064
8,0.011316792
0,0.01054841
