Token,Probability
1,0.51697356
2,0.32351378
3,0.026555628
4,0.022537468
9,0.019580893
0,0.018684218
5,0.014551284
7,0.012158053
6,0.010729443
<0x0A>,0.010158433
