Token,Probability
1,0.57576215
2,0.19589321
<0x0A>,0.16755633
3,0.011949562
4,0.008811055
0,0.007477845
9,0.0058694277
6,0.003879455
7,0.0033705286
5,0.0032924504
