Token,Probability
2,0.8450559
1,0.052360516
<0x0A>,0.041745447
▁SELECT,0.017132295
▁CREATE,0.0065026856
</s>,0.005649631
3,0.0032443104
0,0.0027534105
▁UN,0.002336789
4,0.0017501743
