Token,Probability
▁SELECT,0.37721983
1,0.2512826
2,0.16224024
<0x0A>,0.07906957
▁CREATE,0.051451556
4,0.01342194
3,0.010617628
5,0.0070178234
SELECT,0.0064904257
7,0.0060497425
