Token,Probability
1,0.39865112
2,0.33569792
<0x0A>,0.15369369
9,0.014634754
4,0.00990237
0,0.009748848
3,0.009230024
</s>,0.008209353
6,0.005821303
▁CREATE,0.005776001
