Token,Probability
1,0.2993246
▁SELECT,0.18440855
3,0.18440855
2,0.17055
<0x0A>,0.043460004
4,0.042122878
9,0.016755326
5,0.01274678
7,0.010567452
6,0.008294487
