Token,Probability
1,0.41817
2,0.2919297
<0x0A>,0.122648865
3,0.03920093
4,0.02913166
9,0.023776568
6,0.018373108
5,0.01583861
0,0.013547481
7,0.008954337
