Token,Probability
6,0.7973906
1,0.08019568
2,0.057762783
5,0.014155378
7,0.011920024
4,0.010601888
3,0.007878654
0,0.0072865644
9,0.0048161247
<0x0A>,0.0039308066
