Token,Probability
1,0.30427623
▁SELECT,0.29491463
2,0.19340974
<0x0A>,0.09801529
▁CREATE,0.014010556
0,0.013793342
SELECT,0.010330735
4,0.009704828
3,0.009045894
9,0.008108687
