Token,Probability
1,0.4117516
2,0.38080797
3,0.04141095
4,0.037120532
9,0.022165682
5,0.020822732
0,0.0158411
6,0.014765528
7,0.014650621
▁SELECT,0.011772106
