Token,Probability
▁SELECT,0.3901738
▁CREATE,0.19315003
1,0.15399264
2,0.08242632
<0x0A>,0.08051691
4,0.008552981
0,0.007090669
3,0.0070354897
SELECT,0.0058783717
9,0.0049889092
