Token,Probability
1,0.4362319
2,0.30453894
<0x0A>,0.124009915
3,0.026197763
4,0.020562861
0,0.013173062
9,0.012569824
5,0.011006506
6,0.0100215385
7,0.007865995
