Token,Probability
1,0.41980013
2,0.38825163
▁SELECT,0.04494339
3,0.024820097
4,0.021229753
5,0.018158773
0,0.017738124
9,0.013285239
7,0.008849879
<0x0A>,0.008577595
