Token,Probability
▁SELECT,0.67463934
<0x0A>,0.18157671
2,0.035754576
1,0.035200253
▁CREATE,0.02941091
SELECT,0.009254554
9,0.005071077
4,0.004074725
7,0.003299813
3,0.0031733993
