Token,Probability
1,0.28660163
▁SELECT,0.20643142
2,0.19091786
▁CREATE,0.09089052
<0x0A>,0.0675441
4,0.01734676
9,0.014837471
0,0.01309402
5,0.012891017
3,0.011829463
