Token,Probability
2,0.3722766
1,0.28100914
▁SELECT,0.085036
<0x0A>,0.03803045
▁CREATE,0.029850442
4,0.027823672
3,0.024363222
</s>,0.01741161
5,0.01727611
9,0.015730077
