Token,Probability
▁SELECT,0.45603535
0,0.15275271
1,0.14575766
2,0.12370291
▁CREATE,0.03226983
SELECT,0.030314704
<0x0A>,0.011779025
9,0.0037648021
</s>,0.003001562
3,0.0028197067
