Token,Probability
▁SELECT,0.5089638
1,0.20887834
2,0.13277115
<0x0A>,0.04922686
▁CREATE,0.016360616
3,0.014103733
4,0.013993976
SELECT,0.009321998
9,0.0070366133
7,0.006767045
