Token,Probability
1,0.50507313
2,0.2923139
▁SELECT,0.033313185
9,0.024756255
3,0.023622585
0,0.0216773
4,0.019280192
7,0.015492069
<0x0A>,0.012255236
5,0.011512728
