Token,Probability
1,0.38887605
2,0.3124707
7,0.045724563
3,0.03972619
4,0.03617111
9,0.03451471
5,0.033192474
0,0.02625741
<0x0A>,0.023907643
6,0.02353699
