Token,Probability
2,0.81561226
▁SELECT,0.07705844
1,0.064889714
▁CREATE,0.011101321
3,0.0066289017
4,0.004020632
7,0.0035205826
<0x0A>,0.0026993246
5,0.0026574754
6,0.0022378187
