Token,Probability
1,0.25752157
2,0.24765609
▁SELECT,0.21685493
▁CREATE,0.110758655
<0x0A>,0.056129757
3,0.011139291
0,0.009677984
4,0.009677984
5,0.006009197
9,0.005916033
