Token,Probability
1,0.39670637
2,0.3556053
▁SELECT,0.07630656
▁CREATE,0.064760536
<0x0A>,0.018699728
3,0.013788315
4,0.010009242
0,0.009777379
9,0.0076743523
5,0.0053158686
