Token,Probability
1,0.3532596
2,0.33708265
▁SELECT,0.08006415
▁CREATE,0.047067285
4,0.026402352
3,0.02559004
7,0.02559004
6,0.022059994
5,0.016013836
0,0.015400356
