Token,Probability
▁SELECT,0.4690026
1,0.20014575
2,0.19550937
▁CREATE,0.041626345
4,0.012498496
3,0.012208969
<0x0A>,0.01120358
5,0.009508355
9,0.007944528
SELECT,0.007177283
