Token,Probability
▁SELECT,0.3061188
1,0.3061188
2,0.21707071
4,0.02252438
3,0.022002602
5,0.017270042
<0x0A>,0.016738698
▁CREATE,0.016479189
7,0.015972177
9,0.014317367
