Token,Probability
1,0.42645743
<0x0A>,0.23005652
2,0.20783876
0,0.029477805
9,0.018737232
3,0.016535548
4,0.013390897
5,0.00979699
6,0.008990223
</s>,0.0065773875
