Token,Probability
1,0.4158269
2,0.31882554
▁SELECT,0.08514295
▁CREATE,0.03257008
<0x0A>,0.024972346
9,0.01855787
4,0.017708044
3,0.015873387
8,0.008834871
5,0.008563051
