Token,Probability
1,0.37070164
2,0.3375277
▁SELECT,0.07770328
▁CREATE,0.04749906
<0x0A>,0.04392945
4,0.021746656
3,0.017749103
6,0.013190013
7,0.01173144
5,0.010352961
