Token,Probability
▁SELECT,0.8198385
1,0.07391068
2,0.042776223
<0x0A>,0.021677935
SELECT,0.015133637
▁CREATE,0.013887405
4,0.0020641787
9,0.0017794332
3,0.001658614
0,0.0013223625
