Token,Probability
1,0.42173734
2,0.2744297
▁SELECT,0.112625726
<0x0A>,0.052375827
4,0.015242236
9,0.014431058
3,0.0139870625
0,0.013139629
▁CREATE,0.012636256
5,0.00784603
