Token,Probability
1,0.36943808
2,0.30152658
<0x0A>,0.19929689
4,0.020359458
3,0.020043815
0,0.01755095
9,0.013668695
5,0.0111560635
6,0.008825173
7,0.0074315397
