Token,Probability
2,0.43200183
1,0.3753297
0,0.04624969
<0x0A>,0.029169317
3,0.018980836
9,0.016620176
4,0.015983468
6,0.008758217
5,0.008488754
7,0.0070374245
