Token,Probability
1,0.48933846
2,0.29219735
9,0.03278363
0,0.03103892
4,0.028482912
<0x0A>,0.02696708
3,0.023613164
5,0.01824684
7,0.015977466
6,0.01454765
