Token,Probability
2,0.8579792
1,0.09330091
<0x0A>,0.012926343
3,0.0070279306
4,0.005516286
0,0.004296088
▁SELECT,0.0039423117
5,0.0031677366
9,0.0030226752
7,0.0018477244
