Token,Probability
2,0.58411807
1,0.23972158
0,0.08888031
<0x0A>,0.019524412
▁SELECT,0.012904849
3,0.0127047775
4,0.0068537137
9,0.005337678
▁CREATE,0.004322583
5,0.0042889444
