Token,Probability
1,0.6219596
2,0.25525174
<0x0A>,0.021116668
▁CREATE,0.01778202
0,0.015449285
▁SELECT,0.01497396
3,0.009667916
4,0.008077846
7,0.006193499
9,0.0046750987
