Token,Probability
2,0.48658806
<0x0A>,0.24852489
1,0.16555326
▁CREATE,0.010098813
3,0.009413129
▁WITH,0.007864963
4,0.0069952435
9,0.0065714233
▁SELECT,0.006221698
0,0.0047332183
