Token,Probability
2,0.815142
1,0.16303864
<0x0A>,0.005200084
0,0.0043110214
3,0.0030809478
9,0.0019583697
4,0.0014105608
6,0.0010985459
5,0.0009770668
7,0.0006663017
