Token,Probability
1,0.48843363
2,0.25339603
<0x0A>,0.064571045
▁SELECT,0.025286386
0,0.021460276
4,0.02129327
▁CREATE,0.020160064
3,0.019236866
5,0.013640981
9,0.013429497
