Token,Probability
1,0.47333282
2,0.2067838
▁SELECT,0.10479293
▁CREATE,0.042340174
<0x0A>,0.037365068
4,0.018068567
3,0.01697385
9,0.014979367
0,0.013532733
5,0.009671407
