Token,Probability
<0x0A>,0.53206855
1,0.1882385
2,0.12248913
0,0.013216417
4,0.013011516
3,0.012710105
9,0.012415675
﻿,0.012128067
7,0.009154744
5,0.0076490757
