Token,Probability
3,0.64177555
2,0.24742652
1,0.09102313
4,0.0058189137
0,0.0024447092
<0x0A>,0.001933924
5,0.0019039413
9,0.0013085585
7,0.0012486352
6,0.0010680143
