Token,Probability
1,0.5591454
2,0.24048543
0,0.040504355
3,0.03254616
4,0.030814087
9,0.021850461
5,0.019132901
6,0.016884727
7,0.01356726
<0x0A>,0.011695708
