Token,Probability
2,0.60391057
1,0.33351105
▁SELECT,0.016734771
0,0.011412121
▁CREATE,0.005920531
3,0.005874457
<0x0A>,0.0049855867
9,0.0038225818
4,0.003047628
7,0.0018923153
