Token,Probability
1,0.7517969
2,0.22573036
3,0.004038623
<0x0A>,0.0037060485
9,0.002819413
4,0.0020952101
5,0.0019226725
6,0.00182035
7,0.001497379
8,0.0014066574
