Token,Probability
▁SELECT,0.39516655
1,0.23781542
2,0.10552994
<0x0A>,0.07720736
4,0.025861226
3,0.023917725
7,0.020943059
5,0.014506833
0,0.014393941
9,0.013734794
