Token,Probability
1,0.4876958
2,0.30519226
4,0.03819929
3,0.035605654
9,0.02409199
6,0.021427859
5,0.021261105
<0x0A>,0.01876286
0,0.016048726
7,0.015433907
