Token,Probability
▁SELECT,0.68663377
<0x0A>,0.19367394
1,0.044586275
2,0.018586325
▁CREATE,0.0121892085
9,0.0056685084
4,0.004414639
3,0.004312374
5,0.0034381244
SELECT,0.003280681
