Token,Probability
1,0.44998172
2,0.25639185
▁SELECT,0.14270356
3,0.023114428
4,0.021377351
▁CREATE,0.016779276
<0x0A>,0.0120856585
9,0.0118982885
5,0.009864028
0,0.009339073
