Token,Probability
2,0.3844604
1,0.23318702
▁SELECT,0.19636317
3,0.07933788
▁CREATE,0.020696525
4,0.020535462
5,0.01057075
7,0.0102455225
6,0.007917127
<0x0A>,0.007855514
