Token,Probability
1,0.4361159
▁SELECT,0.2524045
2,0.15309109
<0x0A>,0.032341316
3,0.01931188
9,0.015040108
4,0.015040108
5,0.0121798515
▁CREATE,0.011264521
0,0.010256463
