Token,Probability
2,0.5057899
1,0.33692873
<0x0A>,0.049690254
3,0.01664415
4,0.014574105
0,0.0134788435
9,0.008908972
▁SELECT,0.0087708505
5,0.0066205855
▁CREATE,0.005618818
