Token,Probability
1,0.49400744
<0x0A>,0.14832793
2,0.13611336
▁SELECT,0.07061468
▁CREATE,0.0405506
3,0.014801641
4,0.013477049
9,0.012464232
0,0.011617942
7,0.008769683
