Token,Probability
1,0.3247423
2,0.31721961
▁SELECT,0.0894759
▁CREATE,0.05867973
<0x0A>,0.04902875
4,0.019199934
3,0.01905052
9,0.01426818
0,0.012991326
5,0.0075188023
