Token,Probability
2,0.81066537
1,0.09238645
▁SELECT,0.04983875
3,0.009076312
<0x0A>,0.0071799527
▁CREATE,0.006046127
4,0.004635726
5,0.0037249106
0,0.0030401833
7,0.0028337627
