Token,Probability
1,0.518841
▁SELECT,0.14520696
8,0.109607965
9,0.06196673
2,0.06006021
<0x0A>,0.02904322
7,0.017893009
▁CREATE,0.00899717
4,0.008857682
3,0.0074589155
