Token,Probability
1,0.5441055
2,0.20977138
▁SELECT,0.114050716
<0x0A>,0.025448157
4,0.016689308
3,0.01604995
0,0.015678154
5,0.009734787
9,0.009003206
7,0.0081975125
