Token,Probability
1,0.541538
2,0.31341818
0,0.043084502
3,0.016740832
4,0.013346955
9,0.009538639
▁CREATE,0.008617442
5,0.00815883
6,0.00778521
▁SELECT,0.0075456845
