Token,Probability
1,0.7499
2,0.12929899
<0x0A>,0.028182182
0,0.015685745
3,0.012026679
4,0.011475937
9,0.007949149
5,0.0062882947
7,0.0046366975
6,0.003997083
