Token,Probability
2,0.78215355
1,0.11445435
5,0.049226206
3,0.009468672
4,0.008894994
<0x0A>,0.0074320454
6,0.006873518
▁CREATE,0.0056100017
7,0.004301338
0,0.004072425
