Token,Probability
1,0.5900188
2,0.1991816
▁SELECT,0.06170358
<0x0A>,0.041103445
9,0.016096342
▁CREATE,0.013875913
3,0.012733255
4,0.010392579
0,0.008958963
5,0.0076033734
