Token,Probability
▁SELECT,0.59076005
<0x0A>,0.33138636
1,0.0335898
SELECT,0.0073787
2,0.00651168
<0x09>,0.0055263904
3,0.0031000243
▁CREATE,0.002395513
​,0.0022680264
4,0.0022503762
