Token,Probability
1,0.5393823
<0x0A>,0.12911934
4,0.12514676
2,0.08874234
3,0.03264648
9,0.018313015
5,0.015910624
8,0.012884816
0,0.010272671
6,0.0084500685
