Token,Probability
1,0.39648557
<0x0A>,0.33387434
2,0.13280603
▁SELECT,0.024566645
▁CREATE,0.021850027
3,0.015253779
9,0.010648853
4,0.00889745
</s>,0.0065605678
0,0.005396576
