Token,Probability
1,0.315758
2,0.26382568
6,0.1885477
▁SELECT,0.03983172
9,0.031020975
<0x0A>,0.02824492
4,0.019718133
3,0.018815171
7,0.015476938
▁CREATE,0.013341955
