Token,Probability
1,0.37331313
2,0.29996553
4,0.086615615
<0x0A>,0.06538089
3,0.025404276
9,0.021729428
▁CREATE,0.014818184
5,0.014250508
0,0.011814085
▁SELECT,0.00891774
