Token,Probability
1,0.4131715
2,0.37036455
<0x0A>,0.05091272
3,0.023309544
▁SELECT,0.023128146
4,0.021058416
9,0.013918762
▁CREATE,0.011360163
5,0.011097006
0,0.010671887
