Token,Probability
2,0.9148374
1,0.05242436
3,0.008230188
▁SELECT,0.006261197
4,0.004236538
▁CREATE,0.0028001803
5,0.0021302649
<0x0A>,0.0014755913
0,0.0014080192
7,0.0012425726
