Token,Probability
1,0.33910578
2,0.2992598
▁SELECT,0.16786954
5,0.05159886
▁CREATE,0.03154175
4,0.02574363
3,0.018112903
6,0.015492788
7,0.011159037
9,0.010401366
