Token,Probability
1,0.47981647
2,0.22313538
<0x0A>,0.10376759
3,0.035582047
4,0.0336884
6,0.030914215
0,0.026236555
9,0.020274037
5,0.017477313
7,0.010767461
