Token,Probability
1,0.7339102
2,0.19752924
3,0.01766922
4,0.012529354
9,0.009911534
5,0.0076590404
<0x0A>,0.004502517
7,0.0041641477
6,0.0027096625
8,0.0021435195
