Token,Probability
▁SELECT,0.53802013
▁CREATE,0.1933416
1,0.079969555
2,0.070023686
<0x0A>,0.031562146
0,0.018554429
SELECT,0.0097014075
4,0.006667674
3,0.0051122825
9,0.0037695607
