Token,Probability
1,0.47037455
2,0.3232834
▁SELECT,0.050357837
3,0.026125303
4,0.022698056
5,0.017403206
7,0.015238755
0,0.014654968
6,0.012832318
▁CREATE,0.012633371
