Token,Probability
1,0.3552634
▁SELECT,0.29452372
2,0.18430823
<0x0A>,0.028709685
3,0.028044624
4,0.02150256
5,0.018681748
9,0.012940468
7,0.011782431
0,0.011509491
