Token,Probability
2,0.7478303
1,0.18614969
6,0.025992319
▁SELECT,0.010258571
3,0.004412156
▁CREATE,0.0038634131
4,0.0034361908
7,0.00325332
5,0.0031043396
0,0.0030801815
