Token,Probability
1,0.3521111
2,0.26166674
▁SELECT,0.07042665
4,0.051124264
3,0.045470864
7,0.0437289
5,0.0410795
9,0.040127892
6,0.0340561
8,0.024915975
