Token,Probability
<0x0A>,0.3113043
1,0.26836106
▁SELECT,0.17058069
2,0.09059471
</s>,0.03058343
▁CREATE,0.027846532
0,0.007612818
3,0.007040706
SELECT,0.0067182886
▁UN,0.0060222344
