Token,Probability
▁SELECT,0.4657748
2,0.16096747
1,0.13449337
▁CREATE,0.06453061
<0x0A>,0.044699054
SELECT,0.015327365
4,0.008204148
3,0.006096804
9,0.0058632395
0,0.0050150948
