Token,Probability
4,0.57543695
1,0.20840946
2,0.10644514
3,0.023751121
5,0.023020377
<0x0A>,0.021124681
0,0.012226029
6,0.009823891
9,0.009156873
7,0.0047877817
