Token,Probability
2,0.6499183
1,0.32679945
<0x0A>,0.012185956
3,0.0026560677
9,0.0017283361
6,0.0010482889
0,0.0010240052
4,0.0010002842
8,0.0006928767
5,0.0006114615
