Token,Probability
1,0.43253505
2,0.38171083
4,0.029665235
<0x0A>,0.027435858
3,0.023467133
5,0.014800535
0,0.014571073
9,0.012561051
▁CREATE,0.00993661
7,0.008565892
