Token,Probability
▁SELECT,0.38150454
1,0.30654752
2,0.15175202
3,0.022732832
4,0.021523014
7,0.017983152
5,0.017294228
<0x0A>,0.0117018595
6,0.011165992
▁CREATE,0.01099288
