Token,Probability
2,0.67988366
1,0.20735279
<0x0A>,0.051614195
3,0.013152465
4,0.009473366
9,0.007040007
0,0.0053977603
5,0.00487647
6,0.0035677021
7,0.0031731797
