Token,Probability
1,0.6738208
2,0.15512235
<0x0A>,0.07213859
</s>,0.013875876
9,0.013660749
4,0.009762897
3,0.009686922
0,0.009388886
▁CREATE,0.0051850355
5,0.00403811
