Token,Probability
▁SELECT,0.34163132
1,0.2384971
2,0.14579035
<0x0A>,0.07504644
▁CREATE,0.05983224
4,0.012541518
SELECT,0.01244392
9,0.011874072
3,0.011242145
0,0.008963019
