Token,Probability
1,0.6288402
2,0.16532938
▁SELECT,0.07110728
▁CREATE,0.03281062
<0x0A>,0.019138264
9,0.01197642
4,0.0094741285
3,0.009327246
0,0.0078543285
5,0.003540223
