Token,Probability
1,0.49709982
2,0.40572104
▁SELECT,0.036292218
0,0.013991896
▁CREATE,0.0075480617
9,0.0069264914
<0x0A>,0.0065578697
3,0.005352378
4,0.0038854093
7,0.0032718426
