Token,Probability
2,0.40545756
1,0.3335203
▁CREATE,0.051146995
<0x0A>,0.048425
4,0.019718923
3,0.018380057
9,0.017132098
5,0.011774707
▁SELECT,0.010150432
</s>,0.0077220406
