Token,Probability
1,0.5277851
▁SELECT,0.15359421
2,0.1313761
<0x0A>,0.046479054
3,0.02775391
4,0.01937535
0,0.018779233
7,0.016702596
5,0.01473999
6,0.0129067665
