Token,Probability
1,0.4731689
2,0.38618922
3,0.021282602
4,0.01619095
0,0.015815886
<0x0A>,0.013957471
9,0.013422769
▁CREATE,0.012414031
5,0.011303104
6,0.008334387
