Token,Probability
4,0.5807993
1,0.16640177
2,0.15878168
3,0.021155613
5,0.014654064
<0x0A>,0.013874189
0,0.010975387
9,0.005475824
7,0.004757478
6,0.0045042895
