Token,Probability
1,0.53232056
2,0.20522787
<0x0A>,0.11602532
9,0.023388535
4,0.022317495
3,0.02180051
5,0.015100773
0,0.01301768
7,0.009598635
6,0.009230917
