Token,Probability
1,0.26959792
2,0.22176522
▁SELECT,0.18674503
8,0.0725613
▁CREATE,0.045763835
9,0.03374414
7,0.031948306
<0x0A>,0.028194282
4,0.01834637
0,0.013957183
