Token,Probability
2,0.8752248
1,0.08665899
3,0.008992185
<0x0A>,0.006376413
0,0.0035490084
4,0.003439817
9,0.0026580847
▁SELECT,0.001770666
▁CREATE,0.0017296486
5,0.00145651
