Token,Probability
1,0.38418293
2,0.2855005
<0x0A>,0.21550709
3,0.020843795
4,0.019428553
9,0.014896388
5,0.013457765
0,0.012741557
6,0.0098459115
7,0.00676699
