Token,Probability
1,0.48167062
2,0.1690823
▁SELECT,0.10916773
3,0.042750698
4,0.036282048
5,0.033035178
7,0.029844796
6,0.026962528
9,0.021496402
0,0.016741415
