Token,Probability
2,0.5304564
1,0.38809022
9,0.014471416
3,0.011997226
0,0.00964004
4,0.008985506
<0x0A>,0.0077459905
5,0.004018567
7,0.0030097675
8,0.0022192635
