Token,Probability
2,0.53380394
1,0.34464973
3,0.025359504
4,0.022910401
6,0.013156338
5,0.011253213
7,0.010008814
0,0.00876401
9,0.008105384
▁SELECT,0.0064621763
