Token,Probability
1,0.40339983
2,0.20603648
▁SELECT,0.13724989
9,0.050887417
4,0.03723003
7,0.035248682
3,0.032094292
5,0.020884154
8,0.020241616
6,0.019164376
