Token,Probability
▁SELECT,0.43239948
1,0.21073468
<0x0A>,0.14827035
2,0.086485334
9,0.024778465
4,0.013057333
3,0.011433383
▁CREATE,0.0102488175
0,0.009478608
5,0.009331656
