Token,Probability
▁SELECT,0.58867466
1,0.15598327
2,0.13765475
<0x0A>,0.056053758
▁CREATE,0.013629666
SELECT,0.012605379
9,0.0046372605
3,0.004255389
4,0.0041244645
0,0.0033926922
