Token,Probability
▁SELECT,0.270956
1,0.2545396
▁CREATE,0.15080972
2,0.11653673
<0x0A>,0.07823906
4,0.01402749
3,0.01328096
9,0.012187294
0,0.010588504
▁VARCHAR,0.010262731
