Token,Probability
1,0.5403112
2,0.3328761
<0x0A>,0.041018385
9,0.017919606
3,0.0121250115
4,0.011844136
▁SELECT,0.0088708475
5,0.0072969603
7,0.006339709
8,0.0052558035
