Token,Probability
▁SELECT,0.558589
<0x0A>,0.3084821
1,0.06567964
3,0.022346372
2,0.016221726
SELECT,0.013448283
4,0.002931206
5,0.0028189134
0,0.0023737631
9,0.0016061685
