Token,Probability
▁SELECT,0.6519526
<0x0A>,0.15245156
1,0.09103298
2,0.049493775
SELECT,0.010374459
3,0.008079637
4,0.00801676
5,0.007414291
0,0.006391519
9,0.0050167604
