Token,Probability
▁SELECT,0.6731591
<0x0A>,0.2515412
1,0.029576547
SELECT,0.021303186
2,0.010545842
3,0.003045132
4,0.0020604392
0,0.0019660848
5,0.0017623872
9,0.0013833134
