Token,Probability
▁SELECT,0.7557622
<0x0A>,0.20025708
SELECT,0.02668167
1,0.010950135
2,0.0026212842
0,0.0009718798
3,0.00051214464
4,0.00049638766
5,0.00039885868
7,0.00023084169
