Token,Probability
▁SELECT,0.8804255
<0x0A>,0.0781422
SELECT,0.02874691
1,0.007858968
2,0.00201835
0,0.00076607923
4,0.00039127498
3,0.0003399456
▁CREATE,0.00031195162
5,0.00020141111
