Token,Probability
▁SELECT,0.70595855
<0x0A>,0.2401903
SELECT,0.024156572
1,0.016602553
2,0.0057826904
4,0.0013628206
3,0.0012121177
5,0.0011566108
0,0.0010207054
7,0.0006142714
