Token,Probability
▁SELECT,0.8155463
<0x0A>,0.12506808
1,0.017738424
2,0.014032248
SELECT,0.005988229
3,0.0036320444
5,0.003465721
0,0.0028066263
4,0.002741611
7,0.0026781014
