Token,Probability
▁SELECT,0.8155408
1,0.07705169
<0x0A>,0.03366139
2,0.028345734
3,0.008781099
SELECT,0.008249079
4,0.0061782743
5,0.0050425604
0,0.004555574
7,0.0043810527
