Token,Probability
2,0.6130973
▁SELECT,0.23270549
<0x0A>,0.10326243
1,0.034588583
▁CREATE,0.0061052474
SELECT,0.002245995
3,0.0019361686
0,0.0017086631
4,0.00088644266
5,0.0008262555
