Token,Probability
<0x0A>,0.53555053
▁SELECT,0.42365536
1,0.014956864
SELECT,0.010279692
2,0.008589004
3,0.0015399236
0,0.0011899606
▁CREATE,0.00055772334
4,0.00054907665
5,0.0005363573
