Token,Probability
<0x0A>,0.75225747
▁SELECT,0.18149057
1,0.020362677
5,0.011333536
2,0.008965566
SELECT,0.0060664043
▁AV,0.005879761
3,0.0027774025
0,0.0025288537
4,0.0019541467
