Token,Probability
▁SELECT,0.5063973
<0x0A>,0.4539316
SELECT,0.020258442
1,0.009720107
2,0.0044850917
0,0.0009775768
▁CREATE,0.00072081987
3,0.00069320574
5,0.00051918713
4,0.00046177456
