Token,Probability
▁SELECT,0.8629339
<0x0A>,0.10306276
SELECT,0.028619496
1,0.0032110184
2,0.0007392184
0,0.000380517
3,0.00017695685
4,0.00016753936
5,0.000108171545
7,9.696435e-05
