Token,Probability
▁SELECT,0.6952862
<0x0A>,0.2402845
SELECT,0.029841082
1,0.01673933
2,0.007032721
0,0.0018203178
3,0.0015939234
4,0.0012413488
▁CREATE,0.0011214652
5,0.00093701936
