Token,Probability
▁SELECT,0.85903275
<0x0A>,0.08116078
SELECT,0.030805157
1,0.01755225
2,0.005698381
0,0.0011046815
3,0.0009902301
4,0.0008670744
5,0.0007894803
7,0.00052590726
