Token,Probability
▁SELECT,0.87045133
<0x0A>,0.10396059
SELECT,0.017238354
1,0.005257401
2,0.0010764832
0,0.0005412897
3,0.00024782048
4,0.0002346317
5,0.00016899887
▁CREATE,0.00012756704
