Token,Probability
▁SELECT,0.46672505
1,0.1856504
<0x0A>,0.17714885
2,0.06027186
3,0.024735522
5,0.016606644
4,0.014770254
0,0.012633668
SELECT,0.010722056
7,0.009611188
