Token,Probability
▁SELECT,0.8779153
SELECT,0.056123246
<0x0A>,0.026510745
1,0.022324286
2,0.010545245
3,0.0016685001
4,0.0010857139
5,0.00093594386
0,0.00087239547
7,0.0007403925
