Token,Probability
▁SELECT,0.77101284
<0x0A>,0.19192028
SELECT,0.01900268
1,0.011891574
2,0.002492609
0,0.0008749881
3,0.0005475536
4,0.00053486956
5,0.00043315053
9,0.00023549986
