Token,Probability
▁SELECT,0.9013965
<0x0A>,0.050064906
SELECT,0.0396046
1,0.006882247
2,0.00073680666
0,0.0003168966
3,0.00014969136
▁select,0.00013523486
4,0.00011841561
5,0.00011657975
