Token,Probability
▁SELECT,0.6967646
<0x0A>,0.17074952
1,0.06686647
2,0.02421743
SELECT,0.0082395645
0,0.007740356
3,0.005156188
4,0.004843791
5,0.004444912
7,0.002984173
