Token,Probability
▁SELECT,0.9018378
SELECT,0.057652563
<0x0A>,0.03840489
1,0.0011872292
2,0.00032968164
0,0.000120339275
4,6.5940476e-05
3,5.8192272e-05
▁CREATE,5.509533e-05
5,4.257438e-05
