Token,Probability
▁SELECT,0.8783517
SELECT,0.08298601
<0x0A>,0.036253903
1,0.001183732
2,0.00059988606
▁CREATE,0.0001458644
0,0.000111838104
▁select,8.574925e-05
3,5.8020843e-05
▁Select,3.659329e-05
