Token,Probability
▁SELECT,0.72236276
<0x0A>,0.112522416
1,0.059295148
SELECT,0.046906322
2,0.033785358
0,0.009679667
3,0.003478461
4,0.0028837456
5,0.002839037
7,0.0019209887
