Token,Probability
<0x0A>,0.67251
▁SELECT,0.29379788
1,0.016190983
SELECT,0.0060501285
2,0.0031143394
0,0.0012195928
▁CREATE,0.0008382131
3,0.0007632016
5,0.00068412954
4,0.00059438206
