Token,Probability
▁SELECT,0.86750174
<0x0A>,0.0858943
SELECT,0.018575946
1,0.01665137
2,0.0055341055
0,0.0014324231
4,0.00066613866
5,0.0006609547
3,0.00059712277
▁CREATE,0.0005228582
