Token,Probability
▁SELECT,0.8208918
<0x0A>,0.14264959
1,0.01677293
SELECT,0.006937586
2,0.005036147
0,0.0016096494
3,0.00096870406
5,0.000946264
4,0.0008157305
▁CREATE,0.00052667526
