Token,Probability
▁SELECT,0.9063746
<0x0A>,0.05704427
SELECT,0.01465018
1,0.011058535
2,0.00436455
▁CREATE,0.0014392759
0,0.001231078
5,0.00082650664
3,0.00078252074
4,0.0006487325
