Token,Probability
▁SELECT,0.7977966
<0x0A>,0.17253563
SELECT,0.01997245
1,0.0055461484
2,0.0014355402
0,0.00058001064
4,0.0003629614
3,0.00030564412
5,0.00020360289
7,0.00019733868
