Token,Probability
▁SELECT,0.6516543
<0x0A>,0.25123513
1,0.034000978
SELECT,0.03144576
2,0.012314337
3,0.007410899
0,0.00399788
5,0.0020102605
4,0.0018737689
7,0.0009060954
