Token,Probability
▁SELECT,0.7692852
<0x0A>,0.17435384
2,0.02715909
SELECT,0.018091854
1,0.0067604315
3,0.0012702475
0,0.0006960382
4,0.0006589957
5,0.0004355696
7,0.00024054437
