Token,Probability
▁SELECT,0.89198107
<0x0A>,0.07096557
SELECT,0.024525046
1,0.007137195
2,0.0026256274
0,0.00077613397
3,0.00036661973
5,0.00027032843
4,0.00026201134
▁CREATE,0.00023303766
