Token,Probability
▁SELECT,0.79625195
<0x0A>,0.14961131
1,0.020890418
SELECT,0.015046804
2,0.0071076066
0,0.0027617186
4,0.001839701
3,0.0017282394
5,0.0011878004
7,0.0010730883
