Token,Probability
▁SELECT,0.6178395
<0x0A>,0.33070567
1,0.017390365
SELECT,0.013333656
2,0.009529133
0,0.0019818707
3,0.0016049679
4,0.0014959946
5,0.0011834292
▁CREATE,0.00083264644
