Token,Probability
▁SELECT,0.7413064
<0x0A>,0.10847709
4,0.07572922
1,0.027002085
SELECT,0.017030003
2,0.012459416
3,0.006264988
5,0.0031502335
0,0.0029593706
7,0.0009239606
