Token,Probability
▁SELECT,0.867179
<0x0A>,0.08998297
SELECT,0.038101185
1,0.0026336492
2,0.000494848
0,0.00030966796
4,0.00022655791
3,0.0002030852
5,0.00017922207
7,0.00012708746
