Token,Probability
▁SELECT,0.7720719
<0x0A>,0.145068
1,0.03784325
SELECT,0.024433436
2,0.010027464
0,0.0024573356
3,0.0020855137
4,0.0014001476
5,0.001325633
7,0.0008040371
