Token,Probability
<0x0A>,0.6327168
▁SELECT,0.29887426
1,0.037997596
SELECT,0.009384745
2,0.0073661706
0,0.002372835
3,0.002160491
5,0.0020615547
▁CREATE,0.0013520006
4,0.0012503961
