Token,Probability
▁SELECT,0.77331257
<0x0A>,0.20490745
SELECT,0.014613318
1,0.0045982846
2,0.00083089306
0,0.00039556442
3,0.00022189152
4,0.0001674925
5,0.00015982246
9,0.00010238612
