Token,Probability
▁SELECT,0.87872404
<0x0A>,0.036269274
1,0.036269274
SELECT,0.02378597
2,0.010890011
3,0.0032697741
4,0.0022472804
5,0.0020144493
0,0.0016963364
7,0.0012905047
