Token,Probability
▁SELECT,0.9351588
SELECT,0.030534016
<0x0A>,0.027370514
1,0.0037625288
2,0.0015441389
0,0.00055925
▁CREATE,0.00019478747
3,0.00019478747
▁select,0.00011273434
4,0.000110986555
