Token,Probability
▁SELECT,0.8585384
<0x0A>,0.11086979
SELECT,0.015480891
1,0.009840254
2,0.0019681745
0,0.00082045724
3,0.00044607482
4,0.00033149467
5,0.000308987
▁CREATE,0.00027268007
