Token,Probability
▁SELECT,0.795167
<0x0A>,0.1590434
1,0.017027032
SELECT,0.015995415
2,0.00469144
0,0.001940464
4,0.0011677919
3,0.001149687
5,0.0009023996
7,0.00080261077
