Token,Probability
▁SELECT,0.8695302
<0x0A>,0.10548598
SELECT,0.020132352
1,0.0027246175
2,0.0007276141
0,0.00023074963
4,0.00018396965
3,0.0001466734
5,0.00012065024
7,8.488805e-05
