Token,Probability
▁SELECT,0.6937856
<0x0A>,0.19569121
1,0.06254666
2,0.016063314
SELECT,0.009896319
3,0.0056387535
5,0.0036406526
0,0.0034200766
4,0.0028353431
9,0.0015536399
