Token,Probability
▁SELECT,0.711356
<0x0A>,0.21695131
2,0.030293193
SELECT,0.023963885
1,0.01302894
0,0.0012024492
3,0.0007643232
4,0.00041232147
5,0.000381335
7,0.00029467288
