Token,Probability
▁SELECT,0.7714947
<0x0A>,0.19813623
SELECT,0.01247005
1,0.011354109
2,0.0021002989
0,0.0007315368
▁CREATE,0.00070351205
3,0.000597063
4,0.000597063
5,0.00056528783
