Token,Probability
▁SELECT,0.7419316
<0x0A>,0.13511579
1,0.069010384
0,0.014924542
SELECT,0.014465364
2,0.011090979
5,0.003330116
3,0.0025934968
9,0.0016485269
4,0.00148932
