Token,Probability
▁SELECT,0.93164885
<0x0A>,0.044259984
SELECT,0.015058701
1,0.00473843
2,0.0019144989
3,0.00042055963
0,0.00035972372
5,0.00031994487
4,0.0002611314
7,0.0001986583
