Token,Probability
▁SELECT,0.8247519
<0x0A>,0.091099985
1,0.039798636
SELECT,0.018799545
2,0.010711658
0,0.0034236514
3,0.0032162226
5,0.0019969982
4,0.0015797556
7,0.0014050639
