Token,Probability
▁SELECT,0.71316415
<0x0A>,0.23888007
SELECT,0.025977002
1,0.015511576
2,0.0024351885
0,0.0014428013
3,0.00045755834
4,0.00035082214
5,0.00034002846
▁CREATE,0.0002668914
