Token,Probability
▁SELECT,0.9095872
<0x0A>,0.048206355
SELECT,0.038734898
1,0.0021852732
2,0.00043368075
0,0.00021806837
4,8.606658e-05
3,7.9598576e-05
5,6.3959254e-05
▁CREATE,5.343995e-05
