Token,Probability
2,0.381355
▁SELECT,0.33132696
<0x0A>,0.105898455
1,0.10264031
SELECT,0.028060298
3,0.013254747
4,0.009399023
5,0.009109845
7,0.0053974045
0,0.0043369364
