Token,Probability
▁SELECT,0.7870005
<0x0A>,0.14332344
2,0.03197978
1,0.017939031
SELECT,0.012720678
0,0.001935598
3,0.0016046672
4,0.00085223233
5,0.0006901587
7,0.0004597448
