Token,Probability
▁SELECT,0.6421704
1,0.17283782
<0x0A>,0.0816428
2,0.035667103
SELECT,0.01711326
3,0.013327821
5,0.007476231
4,0.0070232684
0,0.0054697273
7,0.005178633
