Token,Probability
▁SELECT,0.4576172
<0x0A>,0.4366614
1,0.042565025
2,0.023876818
SELECT,0.020106295
3,0.0066303527
0,0.0023826673
5,0.0021525605
4,0.002086333
7,0.0011432163
