Token,Probability
▁SELECT,0.8148044
<0x0A>,0.14159176
SELECT,0.022755869
1,0.013170086
2,0.003103826
0,0.0012250087
3,0.0008962356
4,0.00047972033
5,0.00044366874
9,0.00026081945
