Token,Probability
▁SELECT,0.8133919
<0x0A>,0.15283182
SELECT,0.016362024
1,0.009322802
2,0.004369509
0,0.00083393534
3,0.00053423905
4,0.00043945303
5,0.0003503625
7,0.00028595756
