Token,Probability
▁SELECT,0.8347425
<0x0A>,0.05505724
1,0.036676027
2,0.03445394
SELECT,0.017324528
3,0.005894374
4,0.003384854
0,0.003280713
5,0.0029179268
7,0.0020853484
