Token,Probability
▁SELECT,0.8665271
<0x0A>,0.10030779
SELECT,0.016632663
1,0.0083634285
2,0.003326742
3,0.0009910958
0,0.0009238029
4,0.00081525324
5,0.00055595435
7,0.00039423068
