Token,Probability
▁SELECT,0.7104701
<0x0A>,0.23797765
1,0.021792194
SELECT,0.013217634
2,0.006857218
0,0.0020750584
4,0.0016034809
3,0.0014946085
5,0.0011020552
7,0.000844975
