Token,Probability
▁SELECT,0.79765314
<0x0A>,0.16460502
SELECT,0.02262768
1,0.008723747
2,0.002788277
0,0.0009864541
3,0.0004733058
4,0.00038933073
5,0.00036007207
7,0.00027392837
