Token,Probability
▁SELECT,0.8704831
SELECT,0.055648122
<0x0A>,0.0514661
2,0.011305602
1,0.0081431195
0,0.0005807403
4,0.0004777039
3,0.00044180395
▁select,0.000315743
▁CREATE,0.0003060286
