Token,Probability
▁SELECT,0.72907495
<0x0A>,0.07447969
2,0.06888246
1,0.056220222
SELECT,0.027399551
3,0.012349944
4,0.00749062
5,0.0070919762
7,0.0047613275
0,0.0037665202
