Token,Probability
▁SELECT,0.6755751
<0x0A>,0.28162158
1,0.017724346
SELECT,0.015888004
2,0.0032278434
0,0.0012347602
4,0.0009541487
3,0.0008225276
5,0.00076668005
7,0.00040401198
