Token,Probability
▁SELECT,0.8862548
<0x0A>,0.073893845
SELECT,0.036580104
1,0.0020002148
2,0.0004127676
0,0.00020755258
3,8.996739e-05
4,8.3206236e-05
5,6.183362e-05
7,5.4143326e-05
