Token,Probability
<0x0A>,0.5822744
▁SELECT,0.38186488
1,0.014018519
SELECT,0.009485405
2,0.004047874
0,0.0012249246
▁CREATE,0.0011779984
3,0.0009246216
4,0.00076057296
9,0.0006063816
