Token,Probability
▁SELECT,0.819253
<0x0A>,0.12962466
SELECT,0.02892317
1,0.012056971
2,0.0047586095
0,0.001070117
3,0.0009667702
4,0.0007829144
5,0.00060028123
▁CREATE,0.0005683349
