Token,Probability
▁SELECT,0.885412
<0x0A>,0.077366434
SELECT,0.028461521
1,0.0057823085
2,0.000879845
0,0.0007467148
3,0.00025207983
4,0.00021561529
5,0.00014819007
9,0.000120949226
