Token,Probability
▁SELECT,0.8525699
<0x0A>,0.0898602
SELECT,0.03410709
1,0.014900283
2,0.003651471
3,0.0009904882
0,0.0008948315
5,0.00057774666
4,0.00055997126
7,0.0004980487
