Token,Probability
▁SELECT,0.7362011
<0x0A>,0.21762063
SELECT,0.017313791
1,0.017045366
2,0.004733327
0,0.0016357941
4,0.0010156876
3,0.0009999408
5,0.0008552947
7,0.00045424356
