Token,Probability
▁SELECT,0.77038574
<0x0A>,0.18298267
SELECT,0.023629982
1,0.0115163345
2,0.00417094
5,0.0019245726
3,0.0012523433
4,0.0010221327
0,0.00094531826
7,0.0005557239
