Token,Probability
▁SELECT,0.8549336
<0x0A>,0.078288354
1,0.022429988
SELECT,0.017197669
2,0.014709946
0,0.0025762538
3,0.0019446585
4,0.001729615
5,0.0015871839
7,0.00091859157
