Token,Probability
▁SELECT,0.8136171
1,0.07686994
<0x0A>,0.043120127
2,0.021682162
SELECT,0.009849566
3,0.0070391675
5,0.005700491
4,0.004544828
9,0.004474367
0,0.003680514
