Token,Probability
▁SELECT,0.7758033
<0x0A>,0.09863232
1,0.05116978
2,0.02738921
SELECT,0.012539693
3,0.006817713
0,0.0054355543
5,0.004233214
▁CREATE,0.0039457893
7,0.0038243902
