Token,Probability
▁SELECT,0.78270125
<0x0A>,0.15173356
1,0.025958553
SELECT,0.019594545
2,0.007096673
5,0.0045819567
0,0.001836871
3,0.0015589324
4,0.0015228195
7,0.0011316634
