Token,Probability
▁SELECT,0.8268135
<0x0A>,0.06893777
1,0.043140154
SELECT,0.023824256
2,0.020062035
3,0.004238213
0,0.0029128783
5,0.0026315665
4,0.0024915168
7,0.0015111815
