Token,Probability
▁SELECT,0.842264
<0x0A>,0.08082962
1,0.03265812
SELECT,0.022097588
0,0.00865354
2,0.0070628137
▁CREATE,0.002347336
3,0.00096334465
5,0.0007444151
4,0.00065694406
