Token,Probability
▁SELECT,0.73489356
<0x0A>,0.12185729
1,0.05938851
SELECT,0.058467776
2,0.011878449
9,0.0022670415
0,0.0022493992
3,0.0022318945
5,0.0018216191
7,0.0016201815
