Token,Probability
▁SELECT,0.8560408
<0x0A>,0.07249865
SELECT,0.030697864
2,0.02795072
1,0.010282496
0,0.0005578755
3,0.0005449523
4,0.0002676716
5,0.00024562923
▁CREATE,0.0002036338
