Token,Probability
▁SELECT,0.48843482
<0x0A>,0.38638377
1,0.06307541
2,0.016976517
SELECT,0.014520785
5,0.0070217922
3,0.0064435587
0,0.0048260023
4,0.004463323
▁CREATE,0.002996533
