Token,Probability
▁SELECT,0.8257429
<0x0A>,0.07215261
1,0.03802176
2,0.03252173
SELECT,0.016610473
3,0.003976277
4,0.002319342
0,0.0021959087
5,0.0021450405
7,0.0012222072
