Token,Probability
▁SELECT,0.54545534
5,0.17163512
<0x0A>,0.07981774
1,0.06617124
2,0.062162124
SELECT,0.0137623055
4,0.01323508
0,0.011863849
3,0.010551926
7,0.0057819784
