Token,Probability
▁SELECT,0.5907138
1,0.32116553
<0x0A>,0.056689087
SELECT,0.012649044
▁CREATE,0.008761737
2,0.005440286
0,0.0014642332
5,0.00065484556
3,0.00062975887
4,0.00031914623
