Token,Probability
▁SELECT,0.6340857
<0x0A>,0.2995209
1,0.032571387
SELECT,0.010657317
2,0.009628083
0,0.002868378
3,0.0022690734
5,0.0016600898
4,0.0015353321
9,0.00082824955
