Token,Probability
▁SELECT,0.74524
<0x0A>,0.2237616
SELECT,0.013649547
1,0.009454765
2,0.0029061558
0,0.0008261481
▁CREATE,0.00069568644
3,0.0006586627
4,0.00059042143
5,0.0005292503
