Token,Probability
▁SELECT,0.7191357
<0x0A>,0.2524404
SELECT,0.016012387
1,0.005078039
▁CREATE,0.001957758
2,0.0010077676
<0x09>,0.00051071175
▁select,0.00039157626
0,0.0003297403
▁S,0.00031710815
