Token,Probability
▁SELECT,0.8136403
<0x0A>,0.15287848
SELECT,0.016113272
1,0.010902787
2,0.002569486
0,0.0010062252
3,0.0005778265
4,0.0004327721
5,0.00041619284
7,0.00029512492
