Token,Probability
▁SELECT,0.6588433
<0x0A>,0.19475369
1,0.06730508
SELECT,0.039566614
2,0.01898427
0,0.007852235
3,0.0034844081
4,0.0024515875
5,0.0022673474
9,0.001242404
