Token,Probability
▁SELECT,0.6088078
<0x0A>,0.27441117
1,0.06122941
SELECT,0.025926163
2,0.011869863
0,0.004795858
5,0.0027973992
3,0.002468696
4,0.0023556463
7,0.001657404
