Token,Probability
▁SELECT,0.89086986
<0x0A>,0.0828638
SELECT,0.01509062
1,0.006801875
2,0.002090725
0,0.000589716
3,0.00029885356
4,0.00028516806
5,0.00022036077
▁select,0.00017431972
