Token,Probability
▁SELECT,0.83017606
<0x0A>,0.12731163
SELECT,0.026685968
1,0.0065396777
2,0.0054215826
▁CREATE,0.0018302458
4,0.00057143066
0,0.00047004604
3,0.00026162004
5,0.0001411334
