Token,Probability
▁SELECT,0.8784936
<0x0A>,0.054432347
1,0.024154209
SELECT,0.018519675
2,0.009607879
3,0.0029532202
4,0.0021271247
0,0.0021105714
5,0.0020456356
7,0.0015441269
