Token,Probability
▁SELECT,0.74124295
<0x0A>,0.219111
1,0.01562627
SELECT,0.01040934
2,0.005931063
0,0.001596324
4,0.0011319631
5,0.0011231542
3,0.0010306642
7,0.0006449732
