Token,Probability
▁SELECT,0.84982437
<0x0A>,0.12435678
SELECT,0.019070731
1,0.004092239
2,0.00087812153
0,0.0004213273
4,0.00021020799
3,0.00018263186
▁CREATE,0.00014560681
5,0.0001265054
