Token,Probability
▁SELECT,0.90443575
SELECT,0.06450135
<0x0A>,0.026060903
7,0.0020733927
1,0.0015408148
2,0.00038957896
0,0.0002021109
▁CREATE,0.00014220277
4,8.760859e-05
3,8.6250344e-05
