Token,Probability
▁SELECT,0.92909855
<0x0A>,0.036025062
SELECT,0.019894928
1,0.00829344
2,0.0029571173
3,0.00090186973
0,0.0006007748
4,0.00051386986
5,0.0004499595
7,0.0003789039
