Token,Probability
▁SELECT,0.8203311
<0x0A>,0.15174599
SELECT,0.014562621
1,0.007794809
2,0.0023222128
0,0.0007657845
▁CREATE,0.00067580247
3,0.00036173098
5,0.00025450953
4,0.0002061081
