Token,Probability
▁SELECT,0.85601526
<0x0A>,0.08882457
SELECT,0.035331972
1,0.010608582
5,0.0029002246
2,0.002442234
0,0.000818046
4,0.00080536335
3,0.00079287734
7,0.000417817
