Token,Probability
▁SELECT,0.89462686
<0x0A>,0.07229694
SELECT,0.023471376
1,0.006027948
2,0.0014429926
0,0.0005185503
3,0.000356394
4,0.00023191003
5,0.00020626503
7,0.00016063938
