Token,Probability
<0x0A>,0.5665348
▁SELECT,0.36011145
1,0.024891803
SELECT,0.019691037
2,0.019385755
3,0.0019345043
0,0.0015303188
5,0.0013192171
4,0.00097272976
7,0.0007694926
