Token,Probability
▁SELECT,0.89733183
<0x0A>,0.06812204
SELECT,0.03167969
1,0.0017595371
2,0.00034647342
0,0.00022722279
3,8.8981724e-05
4,7.976271e-05
5,6.0680268e-05
7,4.8378522e-05
