Token,Probability
<0x0A>,0.48156855
▁SELECT,0.43847314
1,0.03226308
SELECT,0.01809795
2,0.012634403
5,0.0028191165
0,0.00269002
3,0.0024302304
4,0.0022475957
9,0.0020147318
