Token,Probability
▁SELECT,0.89389145
<0x0A>,0.056258626
SELECT,0.04313498
1,0.004270942
2,0.0009382014
0,0.00026463188
3,0.00025850165
4,0.00017219923
5,0.00016050732
7,0.0001341089
