Token,Probability
▁SELECT,0.74659985
<0x0A>,0.21727294
SELECT,0.029867755
1,0.003377352
2,0.0009305583
0,0.00049036974
3,0.0002280431
4,0.00020441652
5,0.00017213596
7,0.00011377493
