Token,Probability
▁SELECT,0.79051435
<0x0A>,0.13737078
1,0.03314225
SELECT,0.020101791
2,0.008249758
0,0.0026162614
3,0.0018407697
▁CREATE,0.0011792415
5,0.0011519243
4,0.00094017317
