Token,Probability
▁SELECT,0.71335536
<0x0A>,0.2504113
1,0.014805217
SELECT,0.013065559
2,0.0033818306
0,0.0009689107
3,0.0008822033
4,0.0006607397
5,0.0006255758
9,0.00036489512
