Token,Probability
▁SELECT,0.54588526
2,0.20081998
1,0.10749117
<0x0A>,0.047698922
3,0.017823786
SELECT,0.015245492
5,0.0125406
4,0.012154766
7,0.010643069
6,0.006208047
