Token,Probability
▁SELECT,0.88686806
<0x0A>,0.063248485
SELECT,0.033329614
1,0.008559752
2,0.003624427
0,0.0011859079
3,0.00080242543
4,0.00070262724
5,0.00035607413
▁CREATE,0.00027515276
