Token,Probability
▁SELECT,0.73560303
<0x0A>,0.09955304
2,0.09064408
1,0.03605572
SELECT,0.012077155
3,0.0063642133
4,0.004306242
0,0.0040770676
5,0.0038002452
7,0.0017263392
