Token,Probability
▁SELECT,0.7508026
<0x0A>,0.1367313
2,0.050300635
1,0.031477332
SELECT,0.013538232
3,0.0033437074
4,0.00299728
0,0.002352592
▁CREATE,0.0021253899
5,0.0017620099
