Token,Probability
▁SELECT,0.8647639
<0x0A>,0.111673735
SELECT,0.018517321
1,0.0031188258
2,0.0005814496
0,0.0003695919
▁CREATE,0.0002241688
3,0.00012379777
5,9.199869e-05
4,8.916819e-05
