Token,Probability
▁SELECT,0.84864837
<0x0A>,0.12812674
SELECT,0.014152551
1,0.005206432
2,0.0014571134
0,0.0006026883
▁CREATE,0.00031759444
3,0.00025719582
4,0.00022171663
5,0.00017815433
