Token,Probability
▁SELECT,0.49516225
<0x0A>,0.26093218
1,0.13966693
2,0.039394867
SELECT,0.012789641
0,0.011828483
5,0.009069213
3,0.008928607
4,0.0061365366
9,0.0042506545
