Token,Probability
▁SELECT,0.9066104
<0x0A>,0.058870368
SELECT,0.030068044
1,0.0026686904
2,0.00050143205
0,0.00019181486
4,0.0001679587
7,0.00015655473
3,0.00013924265
5,0.00010107933
