Token,Probability
▁SELECT,0.69486564
<0x0A>,0.17028417
1,0.06363054
SELECT,0.0356935
2,0.013868999
0,0.008153164
3,0.002884477
5,0.002688628
4,0.002372706
7,0.0014168074
