Token,Probability
▁SELECT,0.85026455
<0x0A>,0.118723534
SELECT,0.016067483
1,0.0117552215
2,0.0011106246
0,0.0004487329
4,0.00029199605
3,0.0002874691
5,0.00018705969
9,0.0001650796
