Token,Probability
▁SELECT,0.79842347
<0x0A>,0.16999416
SELECT,0.025267374
1,0.0036401106
2,0.00084457366
0,0.00045918667
▁CREATE,0.00022731391
3,0.00019141748
4,0.00017428762
5,0.00015142371
