Token,Probability
▁SELECT,0.6337426
4,0.15530531
<0x0A>,0.15289752
SELECT,0.030107306
1,0.014445644
2,0.006310834
3,0.0018365575
5,0.0012044437
▁CREATE,0.0011139284
0,0.0007596332
