Token,Probability
▁SELECT,0.82670695
<0x0A>,0.1287761
SELECT,0.037475985
1,0.004075324
2,0.0012141119
0,0.00029986448
3,0.00022991406
4,0.00020609365
5,0.00019060544
▁CREATE,0.00015801746
