Token,Probability
▁SELECT,0.44651487
<0x0A>,0.43959233
1,0.06432657
SELECT,0.018002944
2,0.013171234
0,0.0038330476
3,0.0029851804
5,0.00239866
4,0.0020677743
9,0.0016103841
