Token,Probability
▁SELECT,0.7037578
<0x0A>,0.1835862
1,0.054267976
SELECT,0.025236953
2,0.014492363
▁CREATE,0.0031098027
0,0.0030856018
3,0.0025183947
5,0.0024793507
4,0.0023843686
