Token,Probability
▁SELECT,0.7653229
<0x0A>,0.19050394
SELECT,0.025781903
1,0.014690086
2,0.0013879084
0,0.00040707225
3,0.00030727423
4,0.0002864111
5,0.00020629416
▁CREATE,0.00020468878
