Token,Probability
▁SELECT,0.86725885
<0x0A>,0.06583901
SELECT,0.059017707
1,0.0049982485
2,0.0009318345
0,0.00035645848
4,0.00027761015
9,0.00026489745
3,0.0002128511
5,0.00018931368
