Token,Probability
▁SELECT,0.80680436
<0x0A>,0.16137102
SELECT,0.028042082
1,0.0021455453
2,0.0004325018
0,0.00025227608
3,0.000114601564
4,0.00011282484
5,9.726109e-05
7,7.284519e-05
