Token,Probability
▁SELECT,0.8133364
<0x0A>,0.11717222
1,0.026144655
SELECT,0.013994224
9,0.008162759
2,0.0060188407
5,0.0033499897
3,0.0023204698
▁CREATE,0.0022490765
4,0.0017653205
