Token,Probability
▁SELECT,0.8159174
<0x0A>,0.14178516
SELECT,0.035848908
1,0.003749043
2,0.00077972666
0,0.000437387
3,0.0002511702
4,0.00022691338
5,0.00015353727
7,0.0001006922
