Token,Probability
▁SELECT,0.8372524
<0x0A>,0.12839681
SELECT,0.015334812
1,0.009900898
2,0.0029039243
▁CREATE,0.0015788364
0,0.0010273684
4,0.00058996805
3,0.00054138503
5,0.0005125731
