Token,Probability
▁SELECT,0.83166945
<0x0A>,0.107399985
SELECT,0.046192158
1,0.009532291
2,0.0018335382
0,0.0007293311
3,0.0005253175
4,0.000478307
5,0.00041556035
7,0.00026414622
