Token,Probability
▁SELECT,0.9124608
<0x0A>,0.03429142
SELECT,0.032213807
1,0.01429479
2,0.0019045963
4,0.0010767613
0,0.00087882683
3,0.0007458507
5,0.0005629976
7,0.00041512842
