Token,Probability
▁SELECT,0.8545284
<0x0A>,0.0505228
SELECT,0.04254446
1,0.03211425
2,0.01026433
3,0.0023629828
4,0.0020370185
0,0.0015020033
5,0.0012948078
7,0.000773165
