Token,Probability
▁SELECT,0.88580537
<0x0A>,0.079857774
SELECT,0.025926024
1,0.005784878
2,0.0009370064
0,0.0004460819
▁CREATE,0.00021071416
3,0.00019036437
4,0.00015416178
5,0.00013393807
