Token,Probability
▁SELECT,0.7509901
<0x0A>,0.101635456
1,0.06876999
SELECT,0.029119045
2,0.02490684
3,0.006651417
5,0.0036732615
4,0.0035881705
0,0.0034777743
7,0.0021093767
