Token,Probability
▁SELECT,0.8784269
<0x0A>,0.07556609
SELECT,0.03353225
1,0.009758442
2,0.00085268304
0,0.0005253228
3,0.00019477119
4,0.00017596112
5,0.00017188497
7,0.00014474166
