Token,Probability
▁SELECT,0.8757366
<0x0A>,0.101373866
1,0.008321273
SELECT,0.008192264
2,0.0022222113
0,0.0010745912
4,0.0005531522
3,0.0004919837
5,0.00036276606
▁CREATE,0.00028922228
