Token,Probability
▁SELECT,0.54998
<0x0A>,0.35509378
SELECT,0.036846362
1,0.028695978
2,0.01420554
0,0.0034812167
5,0.002195576
3,0.001520831
7,0.001520831
4,0.0014511872
