Token,Probability
▁SELECT,0.49069938
<0x0A>,0.44678688
SELECT,0.028562127
1,0.019326104
2,0.0058027483
5,0.0016240032
0,0.0013569054
3,0.0013569054
4,0.00082300475
7,0.00082300475
