Token,Probability
▁SELECT,0.632435
<0x0A>,0.32301623
1,0.018223327
SELECT,0.016986009
2,0.0030693093
0,0.0014842208
3,0.00071772235
5,0.0006848555
4,0.0006848555
9,0.0004252364
