Token,Probability
▁SELECT,0.8316124
<0x0A>,0.13789484
SELECT,0.019865636
1,0.0059183277
2,0.0017909416
0,0.0005814336
3,0.00033650792
4,0.00029465617
▁CREATE,0.0002811629
5,0.00027897488
