Token,Probability
▁SELECT,0.9035042
<0x0A>,0.04863803
SELECT,0.044285428
1,0.002170659
2,0.00050758343
0,0.0002454513
3,0.00011685234
4,9.4629904e-05
5,7.663362e-05
7,4.8332226e-05
