Token,Probability
<0x0A>,0.58223176
▁SELECT,0.38785
1,0.012083834
SELECT,0.008370227
2,0.0025929755
0,0.001064155
▁CREATE,0.00094647903
3,0.0006158857
5,0.0005105871
4,0.0004910269
