Token,Probability
▁SELECT,0.6025043
<0x0A>,0.19868486
1,0.10307634
SELECT,0.031436507
2,0.024674797
9,0.011035251
3,0.005012989
7,0.004783427
5,0.004746203
4,0.00393474
