Token,Probability
▁SELECT,0.7656058
<0x0A>,0.20286536
SELECT,0.025791433
1,0.0033306498
2,0.00061610824
0,0.0005028529
4,0.00022665357
3,0.00017929773
5,0.00013640251
▁select,9.672387e-05
