Token,Probability
▁SELECT,0.75615793
<0x0A>,0.16872165
SELECT,0.030726492
1,0.029319424
2,0.008941919
3,0.001059649
0,0.00089231395
5,0.00078746426
4,0.0007339974
9,0.00058978354
