Token,Probability
▁SELECT,0.7236151
<0x0A>,0.22069013
1,0.028948247
SELECT,0.008229269
2,0.007852423
0,0.0030038194
3,0.0015222615
5,0.0013645466
4,0.0012619992
7,0.0008472662
