Token,Probability
▁SELECT,0.84891665
<0x0A>,0.13018559
SELECT,0.013508729
1,0.00425071
2,0.0012083714
0,0.00046586865
4,0.00026337826
3,0.00023980865
5,0.00022527936
7,0.00014545128
