Token,Probability
▁SELECT,0.6948887
<0x0A>,0.2054087
1,0.04728777
SELECT,0.03301218
2,0.009311514
0,0.0025258157
3,0.0021103984
5,0.0013414507
4,0.0013206535
7,0.00079478323
