Token,Probability
▁SELECT,0.5906379
<0x0A>,0.29699138
1,0.046262335
2,0.025748866
SELECT,0.012947344
3,0.007976627
0,0.004074062
5,0.0034040068
4,0.0030275863
7,0.001779826
