Token,Probability
▁SELECT,0.72153527
<0x0A>,0.21328542
1,0.030726679
SELECT,0.0130104935
2,0.010536219
0,0.0020747047
5,0.0017607788
3,0.0016801469
4,0.001298317
7,0.0009954541
