Token,Probability
▁SELECT,0.5988362
<0x0A>,0.3575814
1,0.019552693
SELECT,0.011675447
2,0.0037609653
0,0.001507742
▁CREATE,0.0010362548
3,0.0008070361
<0x09>,0.00064847176
​,0.0005050303
