Token,Probability
▁SELECT,0.60900706
<0x0A>,0.23479313
2,0.07864585
1,0.030798156
SELECT,0.027179278
3,0.0043003866
0,0.0034825588
5,0.0032972204
4,0.0025280665
7,0.0017105755
