Token,Probability
▁SELECT,0.7200449
<0x0A>,0.22657217
1,0.020109424
SELECT,0.019797657
2,0.0043489677
0,0.0027003356
3,0.0012460003
4,0.0011889418
5,0.0008235558
9,0.0006265282
