Token,Probability
▁SELECT,0.8346806
<0x0A>,0.1240642
SELECT,0.03236408
1,0.0060810302
2,0.0009621588
0,0.0005231166
3,0.00018507145
4,0.0001711631
5,0.00015105092
7,0.00011581475
