Token,Probability
▁SELECT,0.9415399
<0x0A>,0.03272508
SELECT,0.019541036
1,0.003503515
2,0.0013936019
▁CREATE,0.0003109546
0,0.00024985903
3,0.00012962517
4,9.336551e-05
5,9.1202695e-05
