Token,Probability
▁SELECT,0.5630345
<0x0A>,0.38696754
SELECT,0.016869854
1,0.016479066
2,0.006206073
0,0.0018202353
4,0.001395623
5,0.0013008635
3,0.0012510283
▁CREATE,0.001148008
