Token,Probability
▁SELECT,0.7674233
<0x0A>,0.11229883
SELECT,0.045372833
1,0.042623833
9,0.013412184
2,0.006385157
0,0.0025398398
5,0.001962636
7,0.0018727605
3,0.001801016
