Token,Probability
▁SELECT,0.78282917
<0x0A>,0.18305553
SELECT,0.019906366
1,0.009701588
2,0.0019103558
0,0.00064996583
3,0.00034790163
4,0.00027094604
▁CREATE,0.0002372483
5,0.00021771128
