Token,Probability
▁SELECT,0.71665776
1,0.115177386
<0x0A>,0.11163375
SELECT,0.03857959
2,0.0073057436
▁CREATE,0.0036735588
0,0.0018185435
3,0.001320121
4,0.0012498655
5,0.00072336657
