Token,Probability
▁SELECT,0.8737995
<0x0A>,0.09803758
SELECT,0.0202312
1,0.004805331
2,0.0010072521
0,0.00045756492
▁CREATE,0.0003763826
4,0.00027109822
3,0.00018778424
5,0.00016062039
