Token,Probability
▁SELECT,0.76908594
<0x0A>,0.15624928
1,0.03125182
SELECT,0.015470773
2,0.014308128
0,0.0027521714
3,0.0022462567
5,0.0020452403
4,0.0018190742
7,0.0012699185
