Token,Probability
▁SELECT,0.6848951
<0x0A>,0.19931583
1,0.05800421
SELECT,0.023072481
2,0.01883121
0,0.0051885443
3,0.0020963612
5,0.0018645423
4,0.0015337308
7,0.0012323873
