Token,Probability
▁SELECT,0.8481049
<0x0A>,0.112999044
SELECT,0.02857063
1,0.0063749696
2,0.0016760533
0,0.0005032425
3,0.0002845075
4,0.00026107873
5,0.00022682916
▁CREATE,0.00021308627
