Token,Probability
▁SELECT,0.69051886
<0x0A>,0.20095243
1,0.065239705
SELECT,0.02254624
2,0.008968274
3,0.002589606
5,0.002032605
0,0.0018945964
4,0.0016719754
9,0.00089494383
