Token,Probability
▁SELECT,0.51289636
1,0.24227509
2,0.078655206
<0x0A>,0.05754537
SELECT,0.023616577
3,0.023616577
5,0.0122521175
4,0.0116910525
7,0.011243176
0,0.008486793
