Token,Probability
▁SELECT,0.54849696
3,0.3125241
<0x0A>,0.04868187
1,0.043638147
2,0.018768532
SELECT,0.009890322
4,0.006286672
5,0.0034718295
0,0.0022768814
7,0.00151673
