Token,Probability
▁SELECT,0.5536353
<0x0A>,0.40504822
1,0.019092942
SELECT,0.009525822
2,0.00521972
0,0.0016044102
3,0.0007819271
5,0.00068467826
4,0.00065844855
<0x09>,0.0005128003
