Token,Probability
▁SELECT,0.88605857
<0x0A>,0.07160451
SELECT,0.033823576
1,0.004949483
2,0.0009899588
0,0.0006594548
5,0.00039997953
4,0.00033681653
3,0.0002664438
7,0.00018746662
