Token,Probability
▁SELECT,0.9098223
<0x0A>,0.053791974
SELECT,0.027474253
1,0.004925862
2,0.0023087051
0,0.00044407995
3,0.00023956315
4,0.0002097685
▁CREATE,0.00015834159
5,0.00013756954
