Token,Probability
▁SELECT,0.8477822
<0x0A>,0.10948075
SELECT,0.032362446
1,0.0064728963
2,0.0013998622
0,0.00066643424
3,0.0003511862
4,0.00030511583
5,0.00023577525
7,0.00016204579
