Token,Probability
▁SELECT,0.8515653
<0x0A>,0.10493343
1,0.020026896
SELECT,0.015117095
2,0.0025461342
0,0.0014282519
3,0.00077048404
4,0.0007409673
5,0.00061428343
9,0.00047468144
