Token,Probability
▁SELECT,0.78318
<0x0A>,0.177503
1,0.014570334
SELECT,0.012462667
2,0.004918729
0,0.0019112119
3,0.0010554715
4,0.00094611855
5,0.0007782558
7,0.00051039265
