Token,Probability
▁SELECT,0.81306463
<0x0A>,0.14807007
SELECT,0.029615877
1,0.0051464676
2,0.0018350297
0,0.00077700044
3,0.0003019098
4,0.00019799729
▁select,0.00014373062
5,0.00013822438
