Token,Probability
▁SELECT,0.84401107
<0x0A>,0.1235061
SELECT,0.019541504
1,0.008404695
2,0.0015306087
0,0.0005901023
▁CREATE,0.0005289642
3,0.00037509183
5,0.00033886722
4,0.00033101736
