Token,Probability
▁SELECT,0.7367319
<0x0A>,0.19521452
SELECT,0.030408558
1,0.026009817
2,0.004663303
0,0.0013570986
5,0.0012070284
3,0.00091825885
4,0.0007793162
7,0.00064607576
