Token,Probability
▁SELECT,0.7316987
<0x0A>,0.21969578
1,0.021415582
SELECT,0.010768431
2,0.0061356677
5,0.0018279249
3,0.0017038132
0,0.0015036098
4,0.0014573488
7,0.0009784176
