Token,Probability
▁SELECT,0.893585
<0x0A>,0.07931018
SELECT,0.019741863
1,0.00413812
2,0.0010710923
4,0.00070243946
0,0.0003190975
3,0.00031170566
5,0.0001604523
7,0.000122065685
