Token,Probability
▁SELECT,0.72176474
<0x0A>,0.15855066
1,0.052284464
2,0.025882686
SELECT,0.0152156465
3,0.005820503
4,0.0052583865
5,0.004063366
7,0.002770975
0,0.0023701403
