Token,Probability
▁SELECT,0.77448845
<0x0A>,0.14326596
1,0.027773373
SELECT,0.018792404
2,0.017110677
0,0.0038780316
3,0.0035865933
5,0.002927292
4,0.0029045115
7,0.0014491145
