Token,Probability
▁SELECT,0.79476
<0x0A>,0.12379973
1,0.040824816
SELECT,0.0117882425
2,0.011160884
3,0.003051216
4,0.0029343255
5,0.0023031787
0,0.0021977082
▁CREATE,0.0015104613
