Token,Probability
▁SELECT,0.8959219
<0x0A>,0.063894175
SELECT,0.033669867
1,0.0027854673
2,0.0021524425
0,0.00034323693
3,0.00021817467
4,0.00017806898
5,0.00013546774
7,0.00013441352
