Token,Probability
▁SELECT,0.9115554
<0x0A>,0.04907145
SELECT,0.013207401
1,0.009365451
2,0.0067985877
▁CREATE,0.0032875822
0,0.0014250615
3,0.0010673216
5,0.00090582407
4,0.00067315134
