Token,Probability
▁SELECT,0.84025604
<0x0A>,0.081906766
4,0.033093326
SELECT,0.017713582
1,0.0161284
2,0.004478695
3,0.0016605421
0,0.0013342832
5,0.001123579
7,0.0005184465
