Token,Probability
▁SELECT,0.61972606
<0x0A>,0.14951588
1,0.11286051
2,0.04704726
SELECT,0.016775217
3,0.013064552
4,0.00890925
5,0.008635142
0,0.008567942
7,0.00480618
