Token,Probability
▁SELECT,0.85963184
<0x0A>,0.101076655
SELECT,0.03131209
1,0.0048774825
2,0.0010968491
0,0.00080876594
3,0.0002605245
4,0.00021263391
5,0.00018046006
7,0.00010860278
