Token,Probability
▁SELECT,0.88118035
<0x0A>,0.07347075
SELECT,0.039945353
1,0.0031780326
2,0.00068729784
0,0.0002629148
3,0.00020001504
5,0.00019386123
4,0.00015699361
7,0.00014980434
