Token,Probability
▁SELECT,0.8518381
<0x0A>,0.10016026
SELECT,0.0282515
1,0.009029722
2,0.0072555854
3,0.0006908788
0,0.0006592411
4,0.00055949064
5,0.00037857032
7,0.0002902599
