Token,Probability
▁SELECT,0.48573825
2,0.39030164
<0x0A>,0.08310001
SELECT,0.019431975
1,0.016363362
3,0.0012816776
▁CREATE,0.0009450498
0,0.00080834393
4,0.0004941307
5,0.00040646087
