Token,Probability
▁SELECT,0.7048667
<0x0A>,0.1897123
1,0.040077746
2,0.024119211
SELECT,0.0075894473
5,0.007530385
3,0.005095314
0,0.0045318655
4,0.003968234
7,0.0031391315
