Token,Probability
▁SELECT,0.6441511
<0x0A>,0.3188779
SELECT,0.014010518
1,0.013161663
2,0.0042729666
0,0.0011322234
3,0.00086135016
5,0.0007601389
4,0.0007030135
7,0.00051836966
