Token,Probability
▁SELECT,0.80698174
<0x0A>,0.12969376
SELECT,0.03894113
1,0.012942139
2,0.003122436
0,0.0012420194
4,0.0010875486
3,0.0008603217
5,0.0008469836
7,0.0006196664
