Token,Probability
▁SELECT,0.8522316
<0x0A>,0.11005534
SELECT,0.02533618
1,0.0069265263
2,0.0018353467
3,0.00066993193
0,0.00062444527
4,0.0005958498
5,0.00047135598
7,0.00036423572
