Token,Probability
▁SELECT,0.61455065
<0x0A>,0.26021713
1,0.06477316
2,0.017433459
0,0.013057058
SELECT,0.009627671
5,0.005153321
3,0.0034869113
9,0.0030532414
4,0.0020821297
