Token,Probability
▁SELECT,0.5742141
<0x0A>,0.40086603
SELECT,0.011108269
1,0.008126983
▁CREATE,0.0015510619
2,0.0007326697
0,0.0004273625
​,0.0003952457
<0x09>,0.00037421111
3,0.0002532039
