Token,Probability
▁SELECT,0.80921054
<0x0A>,0.15934299
SELECT,0.024057195
1,0.004313217
2,0.0010569994
0,0.00028448753
3,0.00024524357
5,0.00022859215
4,0.00022504815
▁CREATE,0.00021983492
