Token,Probability
▁SELECT,0.8636922
<0x0A>,0.10642776
SELECT,0.02095687
1,0.0058195125
2,0.0009500093
0,0.00073411036
▁CREATE,0.00022741675
4,0.00020226864
3,0.0001676866
5,0.00012856977
