Token,Probability
▁SELECT,0.8495852
<0x0A>,0.11144132
SELECT,0.020614574
1,0.010863116
2,0.0030402376
3,0.0012380013
0,0.0007221198
4,0.000589377
5,0.0003602789
7,0.00027623543
