Token,Probability
▁SELECT,0.76248825
<0x0A>,0.18395886
1,0.021294782
SELECT,0.015579595
2,0.006859603
3,0.0019962583
0,0.0015305844
5,0.0013194463
4,0.0012107919
9,0.0008927819
