Token,Probability
▁SELECT,0.8965834
<0x0A>,0.06394135
SELECT,0.032658048
1,0.0034963384
2,0.0011895692
▁CREATE,0.000792424
0,0.00040473058
3,0.0001465837
▁select,0.00012935964
4,9.99614e-05
