Token,Probability
▁SELECT,0.77832854
<0x0A>,0.1556755
2,0.02747836
SELECT,0.018020747
1,0.015413961
0,0.0011979195
3,0.00086959626
▁CREATE,0.00061663607
4,0.0005399446
5,0.00038588097
