Token,Probability
▁SELECT,0.60555375
<0x0A>,0.37307084
SELECT,0.011623377
1,0.0059366403
2,0.0012061016
0,0.00042338148
▁CREATE,0.00034555385
3,0.0003002224
4,0.00029098554
5,0.00027335563
