Token,Probability
▁SELECT,0.85011435
<0x0A>,0.11151073
SELECT,0.035088412
1,0.0019795527
2,0.00038979703
▁CREATE,0.00031077326
0,0.00016505044
▁select,6.880326e-05
3,5.885055e-05
4,4.173129e-05
