Token,Probability
▁SELECT,0.87372595
<0x0A>,0.070607886
SELECT,0.027650442
2,0.012659295
1,0.010172031
▁CREATE,0.0017266865
0,0.0009993295
3,0.00047575214
▁select,0.00039134308
5,0.0003071687
