Token,Probability
▁SELECT,0.8467157
SELECT,0.13396989
<0x0A>,0.007268518
1,0.0031506696
選,0.0012930322
选,0.00095342216
▁CREATE,0.0008283476
2,0.00055179844
▁select,0.00037045992
0,0.00036757695
