Token,Probability
▁SELECT,0.67030966
1,0.24659318
<0x0A>,0.050887376
SELECT,0.019927783
▁CREATE,0.0050385324
2,0.00417709
0,0.0011242485
3,0.00030735243
5,0.00026084663
9,0.00025881673
