Token,Probability
▁SELECT,0.5488951
2,0.33292174
<0x0A>,0.08158598
1,0.01937837
SELECT,0.008334532
3,0.002243209
0,0.0012583262
4,0.0012485338
7,0.0010431891
5,0.00088534306
