Token,Probability
▁SELECT,0.6817807
<0x0A>,0.14744543
1,0.09083849
2,0.029033726
SELECT,0.011730685
3,0.009207521
0,0.007693171
5,0.0058071106
4,0.005412821
7,0.0034675838
