Token,Probability
▁SELECT,0.8996732
<0x0A>,0.049194492
SELECT,0.0484318
1,0.0017503996
2,0.000287986
0,0.00015057696
4,7.00248e-05
3,6.228134e-05
▁CREATE,5.0436967e-05
5,4.2141666e-05
