Token,Probability
▁SELECT,0.51264864
<0x0A>,0.3362032
1,0.067244865
2,0.030309636
5,0.010152455
0,0.0076634763
3,0.0071431454
4,0.0055630873
9,0.0052670254
SELECT,0.0052260365
