Token,Probability
▁SELECT,0.9442439
SELECT,0.031809323
<0x0A>,0.016762337
7,0.003199148
1,0.0023405468
2,0.00053463125
0,0.00026260206
4,0.000134124
3,0.00012798203
5,0.00012698605
