Token,Probability
▁SELECT,0.4993508
1,0.22507505
<0x0A>,0.09987644
2,0.06153209
3,0.02545078
5,0.01656114
4,0.015679771
SELECT,0.012897828
0,0.011471566
7,0.010283045
