Token,Probability
<0x0A>,0.49453488
▁SELECT,0.3675071
1,0.05377817
2,0.04458367
SELECT,0.020733332
3,0.004082635
5,0.0031059054
4,0.002168271
0,0.0019285002
9,0.0015136972
