Token,Probability
▁SELECT,0.8236727
<0x0A>,0.12435597
SELECT,0.036189653
1,0.009589304
2,0.002704787
▁CREATE,0.00058495125
3,0.0005326042
5,0.0005003353
0,0.00043131603
4,0.00038966155
