Token,Probability
<0x0A>,0.6287749
▁SELECT,0.31126612
3,0.03895952
1,0.009326275
SELECT,0.0055689733
2,0.0014872046
▁CREATE,0.0013124534
<0x09>,0.00055140303
0,0.00031664415
4,0.0002316618
