Token,Probability
▁SELECT,0.8579567
<0x0A>,0.11079466
SELECT,0.021145532
1,0.004792507
2,0.0029990743
0,0.0004895854
4,0.00041227226
3,0.00031610008
▁CREATE,0.0001872831
5,0.0001829447
