Token,Probability
▁SELECT,0.67996746
<0x0A>,0.20416325
1,0.047001053
SELECT,0.026780391
0,0.015022438
2,0.013678085
3,0.0034583616
4,0.0025901932
5,0.0020650823
▁CREATE,0.0014529667
