Token,Probability
▁SELECT,0.83874446
<0x0A>,0.10498119
SELECT,0.05196945
1,0.0026487652
2,0.0005423499
0,0.00026639333
4,0.0001360604
3,0.00012982973
5,9.278513e-05
7,7.998578e-05
