Token,Probability
▁SELECT,0.792955
<0x0A>,0.11603494
1,0.037087
2,0.023945166
SELECT,0.008740382
3,0.0039395993
0,0.003503952
4,0.002997089
5,0.0027935938
7,0.0018178263
