Token,Probability
▁SELECT,0.7603304
<0x0A>,0.20146751
SELECT,0.028131168
1,0.007112672
2,0.0010822753
0,0.00048402342
3,0.00019864281
4,0.00018807124
5,0.00014994347
▁CREATE,0.00013867502
