Token,Probability
▁SELECT,0.80697584
<0x0A>,0.15890294
SELECT,0.013457595
1,0.009542864
2,0.003679102
4,0.0017243604
0,0.0011308632
3,0.0010296626
5,0.0008876246
7,0.0005177469
