Token,Probability
▁SELECT,0.877029
<0x0A>,0.10312224
SELECT,0.014399091
1,0.0029253527
2,0.00094233215
0,0.00033338415
▁CREATE,0.00021524899
4,0.00017844766
3,0.0001479383
5,0.00011702884
