Token,Probability
▁SELECT,0.88165504
<0x0A>,0.078251325
SELECT,0.027468802
1,0.008119762
2,0.0014787185
0,0.00079150096
4,0.0004138459
3,0.0004106253
5,0.00025696275
7,0.00025696275
