Token,Probability
<0x0A>,0.6442782
▁SELECT,0.32396343
1,0.015632946
SELECT,0.0062671276
2,0.0030070005
0,0.0013136613
3,0.0010805883
▁CREATE,0.0007602889
4,0.00067621487
9,0.0006452488
