Token,Probability
▁SELECT,0.7897293
<0x0A>,0.17621243
SELECT,0.015886031
1,0.011264883
2,0.0022355844
0,0.0010726452
4,0.0008033741
3,0.0005831871
5,0.00046495727
▁CREATE,0.00026492466
