Token,Probability
▁SELECT,0.59094
<0x0A>,0.3473957
SELECT,0.036615238
2,0.017568184
1,0.0054423693
0,0.0006250973
3,0.0003022773
4,0.00020613523
5,0.000140572
▁select,0.00013624705
