Token,Probability
▁SELECT,0.8268675
<0x0A>,0.10031041
SELECT,0.039900724
1,0.024201013
2,0.0042055054
0,0.0013977055
4,0.00066540757
3,0.00062022806
5,0.00042627612
7,0.0004099457
