Token,Probability
▁SELECT,0.86427355
<0x0A>,0.100046925
SELECT,0.028663926
1,0.0040972945
2,0.00088610203
0,0.00043865235
3,0.00031105106
4,0.00022756982
5,0.00021714864
7,0.00015278315
