Token,Probability
▁SELECT,0.8906943
<0x0A>,0.075433485
SELECT,0.030477883
1,0.0022078105
2,0.00036041514
0,0.00014907417
4,0.000112527094
▁CREATE,8.493991e-05
▁select,8.105023e-05
3,7.733867e-05
