Token,Probability
▁SELECT,0.57070446
<0x0A>,0.31028664
1,0.07486013
2,0.013213599
SELECT,0.013008741
0,0.0036407292
3,0.003138505
5,0.0030182707
4,0.0022429882
9,0.0016029915
