Token,Probability
▁SELECT,0.82976514
<0x0A>,0.14646225
SELECT,0.01496206
1,0.0050116624
2,0.0014930638
0,0.00047349813
4,0.00035741515
3,0.0003279826
7,0.00023439858
5,0.00021509624
