Token,Probability
1,0.8588788
▁SELECT,0.083722085
<0x0A>,0.038330764
2,0.0075477744
SELECT,0.0029099265
0,0.0019999612
▁CREATE,0.0015820996
3,0.001148481
5,0.0010958883
9,0.0007131081
