Token,Probability
▁SELECT,0.57964426
<0x0A>,0.38612637
SELECT,0.022126801
1,0.0072966446
2,0.0020420966
▁CREATE,0.0005368909
4,0.0004148771
3,0.00040844508
0,0.0003958785
5,0.00021024949
