Token,Probability
▁SELECT,0.8950356
<0x0A>,0.06090794
SELECT,0.018575871
2,0.015642453
1,0.0063201226
▁CREATE,0.0009320918
3,0.00062090706
0,0.00056534226
4,0.0002932957
5,0.0002608626
