Token,Probability
▁SELECT,0.79430664
<0x0A>,0.17178085
SELECT,0.012639725
1,0.010981583
2,0.00510691
▁CREATE,0.0013218496
0,0.00069114513
3,0.0005640962
4,0.00040314143
7,0.0003757691
