Token,Probability
▁SELECT,0.7507441
<0x0A>,0.2084741
SELECT,0.014637181
2,0.013537178
1,0.008604755
0,0.0010438751
3,0.00070632127
4,0.000496959
5,0.00046321674
7,0.0002680893
