Token,Probability
▁SELECT,0.6434896
<0x0A>,0.33383802
SELECT,0.012160049
1,0.006768087
2,0.0010542645
0,0.00044292977
4,0.00033696322
5,0.00032153254
3,0.0003165476
▁CREATE,0.00027717836
