Token,Probability
▁SELECT,0.62993354
<0x0A>,0.33717912
1,0.0143588185
SELECT,0.010102691
2,0.0025147586
3,0.00068214664
0,0.00067683804
▁CREATE,0.0005973075
5,0.00054385467
4,0.0004990691
