Token,Probability
▁SELECT,0.7724262
<0x0A>,0.16704889
1,0.022607608
SELECT,0.016800547
2,0.00871601
0,0.0027641244
3,0.0023642809
5,0.0016505341
4,0.0016376897
7,0.0010328778
