Token,Probability
▁SELECT,0.90143085
<0x0A>,0.05762654
SELECT,0.025571626
1,0.009858739
2,0.0022696108
0,0.00067615754
3,0.0004985673
4,0.00046836064
5,0.00039132996
7,0.00033999336
