Token,Probability
▁SELECT,0.75914466
<0x0A>,0.2075386
SELECT,0.023651876
1,0.0045494437
2,0.0013239635
0,0.0006014375
4,0.00037053492
3,0.00036765137
5,0.00029773315
▁CREATE,0.0002668863
