Token,Probability
▁SELECT,0.8185139
<0x0A>,0.12749986
SELECT,0.02714629
1,0.02147448
2,0.0019209172
0,0.00078834285
3,0.0006044434
5,0.0004387789
4,0.0004058041
9,0.00026822014
