Token,Probability
▁SELECT,0.86376387
<0x0A>,0.07909696
SELECT,0.030021822
1,0.015575115
2,0.005911647
3,0.001146025
0,0.0011107656
4,0.00092085707
5,0.0007634173
7,0.0004814812
