Token,Probability
▁SELECT,0.58887154
1,0.16871452
2,0.08483499
<0x0A>,0.06606955
SELECT,0.01849075
3,0.017370451
0,0.0136342235
4,0.01203216
5,0.009820363
7,0.0065417723
