Token,Probability
▁SELECT,0.90622026
<0x0A>,0.048027914
SELECT,0.019710615
1,0.01333687
2,0.0049836244
▁CREATE,0.0030703219
0,0.0013947566
3,0.00059987727
5,0.00045636258
4,0.0003964947
