Token,Probability
▁SELECT,0.73415333
<0x0A>,0.21701531
SELECT,0.022873247
1,0.013446488
2,0.0055184276
4,0.0012904202
▁CREATE,0.0012313277
0,0.0011211365
3,0.0008529157
5,0.0007826795
