Token,Probability
▁SELECT,0.62264663
<0x0A>,0.32811174
SELECT,0.019704638
1,0.017389284
2,0.003972087
3,0.0022107994
0,0.0014727098
5,0.00095085293
4,0.00085233914
9,0.00072337076
