Token,Probability
▁SELECT,0.8642692
<0x0A>,0.10162192
SELECT,0.01970031
1,0.008741959
2,0.002352866
0,0.0005416605
▁CREATE,0.00047060283
3,0.00045612396
5,0.00034162105
4,0.0003337074
