Token,Probability
▁SELECT,0.71849465
<0x0A>,0.2444555
SELECT,0.017708296
1,0.014453089
2,0.0014310498
0,0.0008478689
3,0.0003912272
▁CREATE,0.00036752396
4,0.00032433876
5,0.00029301565
