Token,Probability
▁SELECT,0.50561875
<0x0A>,0.33159286
1,0.11459543
SELECT,0.012958091
2,0.010250694
▁CREATE,0.008366372
0,0.0045843935
3,0.0023232577
5,0.0020343123
9,0.0016733798
