Token,Probability
▁SELECT,0.69388217
<0x0A>,0.26751542
SELECT,0.017644554
1,0.01104168
2,0.0035847086
4,0.0012101444
▁CREATE,0.0011279786
0,0.00078132795
3,0.0007397465
5,0.00062292896
