Token,Probability
▁SELECT,0.74012667
<0x0A>,0.110010006
1,0.08978755
2,0.020349804
SELECT,0.011963033
0,0.0074862754
5,0.0065041883
3,0.003735041
4,0.0023741366
7,0.0021116007
