Token,Probability
▁SELECT,0.816482
<0x0A>,0.15341243
SELECT,0.022449197
1,0.0042511625
2,0.0012566411
0,0.0005664126
4,0.0002870439
3,0.0002848101
5,0.0002133129
7,0.00013558994
