Token,Probability
▁SELECT,0.7665934
<0x0A>,0.10872607
1,0.06292582
SELECT,0.032139365
4,0.008384054
2,0.007937863
3,0.0033611024
0,0.0021532034
5,0.0020227472
9,0.0013059839
