Token,Probability
▁SELECT,0.89744985
<0x0A>,0.07252507
SELECT,0.012407576
1,0.011297226
2,0.0018879558
▁CREATE,0.0012774549
0,0.00092011626
5,0.00038656982
3,0.00037176057
4,0.00034651897
