Token,Probability
▁SELECT,0.8336351
<0x0A>,0.14261815
SELECT,0.016253298
1,0.0047299787
2,0.0009684903
0,0.0004574824
4,0.00019522954
3,0.00018628933
▁CREATE,0.0001310709
5,0.0001310709
