Token,Probability
<0x0A>,0.6584967
▁SELECT,0.31595013
1,0.0097671235
SELECT,0.009033112
2,0.0025678896
0,0.0007357127
3,0.00064926426
4,0.00049393415
5,0.0004427597
9,0.00037284108
