Token,Probability
▁SELECT,0.7117223
1,0.0993787
<0x0A>,0.07047005
2,0.060276225
SELECT,0.026332736
▁CREATE,0.011776727
0,0.007544455
3,0.0023739678
5,0.0019075368
9,0.0015814037
