Token,Probability
▁SELECT,0.73444384
<0x0A>,0.13585845
1,0.063180044
SELECT,0.03226921
2,0.014097374
3,0.0054350216
0,0.0033746816
5,0.0032708535
4,0.002411776
7,0.001893025
