Token,Probability
▁SELECT,0.91529965
SELECT,0.054968018
<0x0A>,0.021864766
1,0.006564993
2,0.00043300827
0,0.00021103137
▁CREATE,0.00010948163
3,9.8138706e-05
4,7.0686656e-05
5,6.851186e-05
