Token,Probability
▁SELECT,0.8445787
<0x0A>,0.13363177
SELECT,0.014760622
1,0.004501735
2,0.00089339673
0,0.0005130345
3,0.00021220032
▁CREATE,0.00012090809
5,0.00011996717
4,0.00011996717
