Token,Probability
▁SELECT,0.87642497
<0x0A>,0.08025637
SELECT,0.017087568
1,0.013946466
2,0.006587844
3,0.0010754359
0,0.0009640145
4,0.000949069
5,0.0006677534
7,0.00048473696
