Token,Probability
▁SELECT,0.6617125
2,0.1365521
1,0.06551842
<0x0A>,0.063502625
SELECT,0.01736065
3,0.0170915
5,0.010047574
4,0.008936498
0,0.0050522373
7,0.00497391
