Token,Probability
▁SELECT,0.74730164
<0x0A>,0.16674554
1,0.03606125
SELECT,0.022566553
2,0.009705754
0,0.0030067023
3,0.0024732458
▁CREATE,0.0023784973
5,0.0023053186
4,0.0021320712
