Token,Probability
<0x0A>,0.5495699
▁SELECT,0.42136988
SELECT,0.012332784
1,0.010304427
2,0.002044976
0,0.00078840845
▁CREATE,0.00047078019
3,0.00044572575
<0x09>,0.00032356218
4,0.00031360722
