Token,Probability
<0x0A>,0.6698197
▁SELECT,0.30666584
1,0.009045986
SELECT,0.006566682
2,0.0015842856
▁CREATE,0.0010553617
0,0.0010070332
3,0.0005348313
▁D,0.00035350194
5,0.00031196434
