Token,Probability
▁SELECT,0.84511065
<0x0A>,0.07984542
1,0.042738173
SELECT,0.011502825
2,0.011148919
▁CREATE,0.003047945
0,0.0012705724
3,0.0011300705
9,0.00092957064
4,0.0008203432
