Token,Probability
▁SELECT,0.81260407
<0x0A>,0.14343314
1,0.014652618
SELECT,0.011591175
2,0.008028972
3,0.0015809983
5,0.0015323563
4,0.0015323563
0,0.0014852106
7,0.00095146155
