Token,Probability
▁SELECT,0.71124655
<0x0A>,0.18553975
1,0.05838267
SELECT,0.02981895
2,0.005263357
9,0.0019062617
3,0.0015558455
0,0.0014055892
5,0.0014055892
7,0.0009812594
