Token,Probability
▁SELECT,0.6819209
<0x0A>,0.21795501
1,0.05017609
SELECT,0.023701508
2,0.007877229
0,0.005673755
5,0.0031579204
3,0.0021201272
9,0.0018419985
4,0.0012960078
