Token,Probability
▁SELECT,0.6617615
<0x0A>,0.20500416
1,0.06866779
SELECT,0.022293165
2,0.019983467
0,0.005253884
3,0.0038739715
5,0.0036109386
4,0.0025806213
7,0.0020898508
