Token,Probability
▁SELECT,0.8219538
1,0.0614322
<0x0A>,0.04565254
SELECT,0.037847284
2,0.018735765
3,0.0043132175
5,0.0020695047
4,0.0020695047
0,0.0017156794
7,0.0013257742
