Token,Probability
▁SELECT,0.84969234
<0x0A>,0.10802625
1,0.0148499925
SELECT,0.011565186
2,0.007125105
0,0.0019327364
3,0.0013180118
5,0.001136197
4,0.001118582
7,0.00081200356
