Token,Probability
▁SELECT,0.8865904
<0x0A>,0.04483585
7,0.038954064
SELECT,0.015986715
1,0.0065609342
2,0.0027137205
4,0.00084726495
5,0.0006445651
0,0.00060080073
3,0.0005470353
