Token,Probability
▁SELECT,0.87774295
<0x0A>,0.05973116
SELECT,0.045087446
2,0.00860509
1,0.006101922
4,0.0005208289
0,0.00050480466
3,0.000456053
5,0.00025582255
7,0.00021542421
