Token,Probability
▁SELECT,0.72741127
<0x0A>,0.1501098
1,0.059709553
2,0.032974746
SELECT,0.010135606
0,0.005467749
3,0.0027926532
5,0.0021412012
9,0.0018314667
▁CREATE,0.0016289401
