Token,Probability
▁SELECT,0.8285267
<0x0A>,0.12508881
SELECT,0.018592793
1,0.018020753
2,0.0033075628
0,0.0012359458
3,0.0009853819
4,0.0008628292
5,0.0008297748
▁CREATE,0.0005441796
