Token,Probability
▁SELECT,0.79469746
<0x0A>,0.11812123
1,0.041464455
SELECT,0.019894863
2,0.0108166495
0,0.003511652
5,0.0022850756
3,0.002000879
4,0.002000879
7,0.0015103426
