Token,Probability
▁SELECT,0.6912396
<0x0A>,0.16676933
1,0.10436157
SELECT,0.021875372
2,0.0075599262
0,0.0014316092
3,0.0013660508
4,0.0011593524
5,0.0010392367
7,0.00069771043
