Token,Probability
▁SELECT,0.86015296
8,0.045586437
<0x0A>,0.031824462
SELECT,0.017034406
1,0.016002344
2,0.010171709
7,0.0045136684
3,0.0028026004
4,0.0021155137
0,0.0018963342
