Token,Probability
▁SELECT,0.73970675
<0x0A>,0.21526693
SELECT,0.022337208
1,0.014198394
2,0.003791707
0,0.0008593674
3,0.0008526798
4,0.000782463
5,0.00050915836
9,0.0002901097
