Token,Probability
▁SELECT,0.83619094
<0x0A>,0.13438812
SELECT,0.012696888
1,0.010691851
2,0.0022764264
0,0.0007163094
▁CREATE,0.0004846792
3,0.00036585506
5,0.000360183
4,0.00034368903
