Token,Probability
▁SELECT,0.7305678
<0x0A>,0.17352507
1,0.038718674
SELECT,0.020086983
0,0.017181307
2,0.009268621
3,0.002361854
4,0.0018683804
5,0.0015012859
▁CREATE,0.0011969295
