Token,Probability
▁SELECT,0.87850755
<0x0A>,0.08698403
SELECT,0.021993008
1,0.00847906
2,0.001250492
0,0.0005999926
4,0.00045289818
3,0.00039348478
5,0.00029470646
9,0.00021393393
