Token,Probability
▁SELECT,0.77715474
<0x0A>,0.10036007
1,0.038692255
SELECT,0.03750182
2,0.027868986
3,0.003831052
4,0.0029604074
5,0.0027810454
7,0.0025520306
0,0.002435165
