Token,Probability
▁SELECT,0.8546007
<0x0A>,0.09588354
SELECT,0.036393292
1,0.008248319
2,0.0020855016
0,0.00071512134
4,0.00039492748
3,0.00037979806
5,0.00028004553
7,0.00019247229
