Token,Probability
▁SELECT,0.8741959
<0x0A>,0.09359055
SELECT,0.020559117
1,0.008981613
2,0.00079716346
0,0.0004797414
3,0.00024122915
4,0.0002079525
5,0.00016840508
7,0.00016195358
