Token,Probability
<0x0A>,0.3899838
▁SELECT,0.37212518
1,0.11349176
2,0.0561825
SELECT,0.019115131
5,0.009687077
7,0.00868344
3,0.0077837855
0,0.0058755097
4,0.005650422
