Token,Probability
▁SELECT,0.8656733
<0x0A>,0.0598375
1,0.024176538
SELECT,0.023432704
2,0.0080981245
▁CREATE,0.007972575
0,0.0019385595
3,0.0017650784
9,0.0016842495
5,0.001486345
