Token,Probability
▁SELECT,0.7175033
<0x0A>,0.24411821
SELECT,0.019727776
1,0.009032033
2,0.0031705422
5,0.0013743283
4,0.0009745446
3,0.00095943565
0,0.0008600326
7,0.00060039957
