Token,Probability
▁SELECT,0.87842476
<0x0A>,0.09552427
SELECT,0.011956264
1,0.008478261
2,0.001982543
0,0.00056358776
▁CREATE,0.0005592019
3,0.00051315245
4,0.0003526842
5,0.00034993957
