Token,Probability
▁SELECT,0.85210204
<0x0A>,0.10019129
SELECT,0.035170455
1,0.0077259224
2,0.0020471658
0,0.0007831107
3,0.00039070842
4,0.00030191606
5,0.00024070848
7,0.00016414892
