Token,Probability
▁SELECT,0.6912053
<0x0A>,0.24645686
1,0.025177153
SELECT,0.017035713
2,0.0066193654
0,0.004621061
▁CREATE,0.0018817211
3,0.0016348676
4,0.0011592949
5,0.001150273
