Token,Probability
▁SELECT,0.81964475
<0x0A>,0.07865892
1,0.0705094
SELECT,0.0126416385
2,0.007788287
0,0.0027553886
3,0.0017378018
5,0.0013117617
4,0.0012226964
9,0.00093017827
