Token,Probability
▁SELECT,0.87903076
<0x0A>,0.049591523
4,0.018822819
SELECT,0.018530998
1,0.016611079
2,0.0069245286
3,0.0027759897
5,0.0019079081
0,0.0015211169
7,0.0011042126
