Token,Probability
▁SELECT,0.52514005
<0x0A>,0.40897948
1,0.040494453
SELECT,0.013146624
2,0.0040094936
0,0.0012815112
▁CREATE,0.0012324172
3,0.0010791406
9,0.0009980418
4,0.0007895161
