Token,Probability
▁SELECT,0.82130265
<0x0A>,0.142721
SELECT,0.026816482
1,0.005363634
2,0.0016615762
0,0.00060178305
3,0.000269134
4,0.00023566162
5,0.000203153
7,0.00012515894
