Token,Probability
▁SELECT,0.8305538
<0x0A>,0.06924963
1,0.03536925
2,0.025475513
SELECT,0.018638285
3,0.005466591
0,0.003238848
5,0.002949005
4,0.0025027879
7,0.0022087025
