Token,Probability
▁SELECT,0.69259226
<0x0A>,0.27549416
1,0.016035683
SELECT,0.00793824
2,0.002478439
0,0.0010412703
9,0.0009858549
4,0.0006266475
3,0.0005705691
5,0.000357053
