Token,Probability
▁SELECT,0.9219225
<0x0A>,0.036881544
SELECT,0.036881544
1,0.0025493442
2,0.0005777934
0,0.00032921677
3,0.00015551099
4,0.0001249566
▁select,9.000286e-05
▁CREATE,8.005021e-05
