Token,Probability
▁SELECT,0.67363346
<0x0A>,0.17300339
1,0.072118536
2,0.026530927
SELECT,0.02531599
3,0.0071407026
5,0.0040686494
0,0.0039434703
4,0.0039127823
7,0.003269252
