Token,Probability
<0x0A>,0.44211137
▁SELECT,0.27237692
1,0.1413073
2,0.058905642
5,0.012640102
3,0.012541735
7,0.010896448
4,0.010236265
0,0.009466997
SELECT,0.008486162
