Token,Probability
▁SELECT,0.7157203
<0x0A>,0.09242656
1,0.07783097
2,0.037343707
SELECT,0.026897665
3,0.011212614
5,0.008732392
4,0.008203325
0,0.005908632
7,0.0051335087
