Token,Probability
1,0.4022247
▁SELECT,0.31818593
<0x0A>,0.24017932
SELECT,0.01387132
2,0.008955997
9,0.0037043612
3,0.0027528475
0,0.00231813
5,0.001777372
4,0.0016057218
