Token,Probability
▁SELECT,0.9021072
<0x0A>,0.054175746
SELECT,0.033902317
1,0.0066757617
2,0.0012062854
0,0.00049505854
3,0.0002356832
4,0.00020637113
▁CREATE,0.00019538825
5,0.0001684352
