Token,Probability
▁SELECT,0.8991765
<0x0A>,0.04840506
1,0.02359074
SELECT,0.011143478
2,0.008544
3,0.0017769827
5,0.001592877
0,0.0013947698
4,0.0010777945
7,0.0010124942
