Token,Probability
▁SELECT,0.7223832
<0x0A>,0.13362746
1,0.061179105
SELECT,0.03076279
2,0.01925086
3,0.012046881
5,0.0041308915
4,0.0038806137
7,0.003293434
0,0.0029522153
