Token,Probability
▁SELECT,0.5278159
<0x0A>,0.3627622
1,0.062061295
2,0.010052386
0,0.0095920535
SELECT,0.007707432
5,0.004289832
▁M,0.0028800569
3,0.002857644
9,0.002157063
