Token,Probability
▁SELECT,0.8252921
<0x0A>,0.10329743
1,0.035698634
SELECT,0.01686284
2,0.0073094997
4,0.0025064375
0,0.0019983063
3,0.0016959403
5,0.001439326
▁CREATE,0.0010048115
