Token,Probability
▁SELECT,0.84640926
<0x0A>,0.12385703
SELECT,0.027207782
1,0.001419604
2,0.00032426813
0,0.0001461591
▁CREATE,8.934527e-05
3,7.2354e-05
▁select,6.744134e-05
4,6.639576e-05
