Token,Probability
▁SELECT,0.7719406
<0x0A>,0.14732744
SELECT,0.06046306
1,0.013076053
2,0.0032044246
0,0.00069300545
▁CREATE,0.00065612444
3,0.00063593755
5,0.00037678055
4,0.00034306257
