Token,Probability
▁SELECT,0.7458035
<0x0A>,0.23837312
SELECT,0.008958359
1,0.0038529425
2,0.0011038864
0,0.00051738124
3,0.0001774107
5,0.00016280121
9,0.00015293759
4,0.00013184044
