Token,Probability
▁SELECT,0.80949515
<0x0A>,0.14742002
SELECT,0.01760681
1,0.01414747
4,0.004629034
2,0.0028967755
0,0.0011168065
3,0.00072106445
5,0.0004108502
▁CREATE,0.0003770173
