Token,Probability
▁SELECT,0.8701611
<0x0A>,0.07603383
SELECT,0.028411767
1,0.01863289
2,0.0021401283
0,0.0011366137
4,0.00069479796
3,0.000647623
5,0.00054535316
7,0.0004521137
