Token,Probability
▁SELECT,0.89897364
<0x0A>,0.058374476
SELECT,0.03485699
1,0.004572242
2,0.0016175961
0,0.00046708394
3,0.00019319431
4,0.00018871897
5,0.00013592918
7,0.00010340947
