Token,Probability
▁SELECT,0.8645628
<0x0A>,0.10821273
SELECT,0.020977993
1,0.0035889114
2,0.00081340515
0,0.00038422534
4,0.00037532477
3,0.00023487225
5,0.00017454222
7,0.00010753235
