Token,Probability
▁SELECT,0.70641804
<0x0A>,0.24413155
SELECT,0.041118458
1,0.0059236763
2,0.00067508424
5,0.00029723556
▁CREATE,0.0002903501
0,0.00028584863
3,0.0001964607
4,0.00018312152
