Token,Probability
▁SELECT,0.8917674
SELECT,0.063597895
<0x0A>,0.041708518
1,0.0014840395
2,0.00048557587
▁CREATE,0.00021716296
0,0.00014131064
4,0.00010178224
3,8.372379e-05
▁select,7.865121e-05
