Token,Probability
▁SELECT,0.8395199
<0x0A>,0.11722325
SELECT,0.022025594
1,0.01400032
2,0.0031238939
0,0.0010628513
3,0.0007836974
4,0.00043619328
5,0.0004327988
▁CREATE,0.000304512
