Token,Probability
▁SELECT,0.8173583
<0x0A>,0.15599556
SELECT,0.012705248
1,0.007706122
▁CREATE,0.0015293268
2,0.0011634504
0,0.00072806864
5,0.0003230785
3,0.0003058846
4,0.00028289697
