Token,Probability
▁SELECT,0.8149812
<0x0A>,0.14611809
SELECT,0.015889606
1,0.010751444
2,0.0055777756
0,0.0011243753
5,0.0010983292
▁CREATE,0.001048033
3,0.00089643005
4,0.00076079037
