Token,Probability
▁SELECT,0.8646011
<0x0A>,0.08042043
SELECT,0.042378586
1,0.01038532
2,0.00078227866
0,0.00040584087
3,0.00018009078
4,0.0001493005
5,0.000118106414
9,0.00010838053
