Token,Probability
▁SELECT,0.8933577
SELECT,0.05622503
<0x0A>,0.026147068
1,0.009178485
2,0.006308274
5,0.0032726892
▁CREATE,0.0014983463
4,0.000802007
3,0.0007834285
0,0.0007712826
