Token,Probability
▁SELECT,0.86549985
<0x0A>,0.10665051
SELECT,0.016874561
1,0.00574128
2,0.0017509914
▁CREATE,0.0013530614
0,0.0005774157
4,0.00029491508
3,0.00024259054
5,0.00021916228
