Token,Probability
▁SELECT,0.90027285
<0x0A>,0.07866496
SELECT,0.011692503
1,0.0045078616
2,0.0022490555
4,0.0005383873
0,0.00040639605
3,0.00034760896
5,0.00024457346
▁CREATE,0.00020919475
