Token,Probability
▁SELECT,0.56036735
1,0.25257733
<0x0A>,0.14168304
SELECT,0.018877437
2,0.012380126
▁CREATE,0.005450896
9,0.002399997
0,0.0017152005
3,0.0011788389
5,0.000835922
