Token,Probability
▁SELECT,0.8750987
<0x0A>,0.05771902
1,0.025215572
SELECT,0.019637907
2,0.011910994
3,0.0024388444
0,0.0020377305
5,0.0014114947
4,0.0012263278
7,0.0009329411
