Token,Probability
▁SELECT,0.76364017
<0x0A>,0.15036966
1,0.054460283
SELECT,0.022350457
2,0.004401066
0,0.0010618066
▁CREATE,0.00091533444
9,0.0005423177
3,0.00048994325
4,0.00047117376
