Token,Probability
<0x0A>,0.5805127
▁SELECT,0.3689963
1,0.0192529
SELECT,0.011861366
2,0.0096056275
0,0.0016822997
3,0.0016433292
5,0.001279826
9,0.0011383009
4,0.0009146504
