Token,Probability
▁SELECT,0.6044124
2,0.19931406
<0x0A>,0.10340276
1,0.050394487
SELECT,0.011876589
3,0.008895155
5,0.0045788335
4,0.0045078453
0,0.0041366313
7,0.0023204398
