Token,Probability
▁SELECT,0.8011068
<0x0A>,0.097185284
1,0.04380484
2,0.022026455
SELECT,0.0123557225
3,0.004726485
0,0.004371284
4,0.0036239217
5,0.0027569341
7,0.0023581306
