Token,Probability
<0x0A>,0.49466532
▁SELECT,0.4646951
1,0.014253557
SELECT,0.013285776
2,0.0030825478
▁CREATE,0.0019902424
0,0.0010653001
3,0.0008831647
4,0.0008427217
5,0.00079166377
