Token,Probability
▁SELECT,0.82352024
<0x0A>,0.14764905
SELECT,0.024868157
1,0.0023495248
2,0.00047362028
0,0.0002237224
▁CREATE,0.0001636788
4,0.00012068917
5,8.2948376e-05
3,8.230287e-05
