Token,Probability
▁SELECT,0.55823106
<0x0A>,0.15993588
7,0.103262365
1,0.07097111
2,0.03458856
SELECT,0.013026171
3,0.011406096
5,0.011229261
0,0.010799075
4,0.007657691
