Token,Probability
▁SELECT,0.78578717
<0x0A>,0.17533281
1,0.013626255
SELECT,0.008797772
2,0.006692992
3,0.0015051212
5,0.0014588136
4,0.0013179282
0,0.0012873984
▁CREATE,0.0010344536
