Token,Probability
▁SELECT,0.8594784
<0x0A>,0.08918392
SELECT,0.04346477
1,0.003248524
2,0.003248524
0,0.0004328239
3,0.00015675843
4,0.00012497872
5,0.000108583394
▁CREATE,7.760106e-05
