Token,Probability
▁SELECT,0.84919214
<0x0A>,0.113143906
SELECT,0.029980151
1,0.0038115487
2,0.0019016521
▁CREATE,0.0005621272
0,0.00024366412
3,0.0002201322
4,0.00021841913
5,0.0001648714
