Token,Probability
▁SELECT,0.8182237
<0x0A>,0.14669944
SELECT,0.028886832
1,0.003615611
2,0.0009731284
0,0.00035799394
3,0.00023477816
4,0.00021544454
5,0.00015517889
▁CREATE,9.560294e-05
