Token,Probability
▁SELECT,0.80982596
1,0.05510935
2,0.04095379
<0x0A>,0.03671074
SELECT,0.025628224
3,0.007228773
4,0.0054565645
5,0.004929595
0,0.0043844725
7,0.003550654
