Token,Probability
▁SELECT,0.7775461
<0x0A>,0.14609659
1,0.029221157
SELECT,0.018574096
2,0.013803096
3,0.0030321376
0,0.0027824459
4,0.0022357584
5,0.0021003005
7,0.001324643
