Token,Probability
▁SELECT,0.5172003
<0x0A>,0.29012308
1,0.07109772
2,0.052835338
5,0.0118816225
SELECT,0.010083801
3,0.00962203
9,0.0074353283
7,0.007320055
4,0.0072630895
