Token,Probability
▁SELECT,0.8650003
<0x0A>,0.11170427
SELECT,0.014883152
1,0.0050637377
2,0.0012121764
0,0.0005092735
▁CREATE,0.00040602827
3,0.00022423008
4,0.00021733125
5,0.00014820702
