Token,Probability
▁SELECT,0.79523546
<0x0A>,0.12387379
1,0.02896645
SELECT,0.02054029
2,0.014565246
3,0.0032499456
0,0.0029591091
4,0.0025709185
5,0.0024724281
7,0.0016088397
