Token,Probability
▁SELECT,0.85219157
<0x0A>,0.117147796
SELECT,0.027825039
1,0.0016973384
2,0.00033162476
0,0.00018748363
3,8.650949e-05
▁CREATE,8.5168285e-05
4,7.228138e-05
▁select,5.1255178e-05
