Token,Probability
▁SELECT,0.7676601
<0x0A>,0.13763388
1,0.03590394
2,0.019217996
SELECT,0.017498184
▁CREATE,0.008201233
0,0.0048212567
3,0.002207332
5,0.0016661816
4,0.0009949224
