Token,Probability
<0x0A>,0.5126729
▁SELECT,0.38098612
1,0.040155645
2,0.0307884
SELECT,0.011150819
3,0.0080946265
0,0.0033743423
5,0.0027326257
4,0.002587198
7,0.0015815225
