Token,Probability
▁SELECT,0.7034125
1,0.11129602
<0x0A>,0.1078718
SELECT,0.02814004
2,0.020911902
3,0.006038351
5,0.003991106
4,0.003898652
9,0.0031572252
0,0.0026174316
