Token,Probability
▁SELECT,0.8185494
<0x0A>,0.14448255
SELECT,0.025904292
1,0.0070818397
2,0.0016303322
0,0.00068495393
3,0.00027459272
▁CREATE,0.00025395676
5,0.00019778173
4,0.0001759107
