Token,Probability
▁SELECT,0.42153198
<0x0A>,0.26794204
1,0.20867346
2,0.03800226
0,0.01609117
SELECT,0.009608476
3,0.009385897
5,0.0076009305
4,0.005966039
7,0.0041325544
