Token,Probability
▁SELECT,0.8119535
<0x0A>,0.14109634
SELECT,0.025297184
1,0.014640886
2,0.0033442937
0,0.0008588857
3,0.0006043016
4,0.0004970849
5,0.00038112825
9,0.00026607036
