Token,Probability
▁SELECT,0.79880863
<0x0A>,0.070898294
1,0.05521565
8,0.019997783
SELECT,0.012129268
2,0.011941222
7,0.0065432494
3,0.0056848736
9,0.004900667
5,0.003968681
