Token,Probability
▁SELECT,0.77610606
<0x0A>,0.15523097
1,0.030566791
SELECT,0.0216751
2,0.006820373
0,0.0020639088
3,0.0020004092
7,0.0013965105
4,0.0011221278
5,0.0010541414
