Token,Probability
<0x0A>,0.6255051
▁SELECT,0.34008121
SELECT,0.01578203
1,0.011367369
2,0.0024202527
0,0.0008495886
3,0.0005485356
▁CREATE,0.0005358288
4,0.000476576
5,0.0003920207
