Token,Probability
▁SELECT,0.7277294
<0x0A>,0.22194491
2,0.022321587
1,0.011400752
SELECT,0.010710015
0,0.0012494979
3,0.0008860267
▁CREATE,0.00080673647
4,0.0005720618
5,0.00043520168
