Token,Probability
▁SELECT,0.6371908
<0x0A>,0.09324161
1,0.0862344
4,0.069291286
2,0.038868885
SELECT,0.022849841
3,0.018075712
5,0.009982356
0,0.0074764392
7,0.0048650117
