Token,Probability
▁SELECT,0.8000635
<0x0A>,0.106598146
1,0.04046009
2,0.018236792
SELECT,0.013033247
3,0.0038226394
5,0.0037050291
0,0.0036475877
4,0.0027319172
9,0.0019071853
