Token,Probability
▁SELECT,0.6892171
<0x0A>,0.25754163
1,0.027144685
SELECT,0.015957538
2,0.0029518476
0,0.0017764533
3,0.0010525137
4,0.0008261275
▁CREATE,0.0005950373
5,0.00058581214
