Token,Probability
▁SELECT,0.83920926
<0x0A>,0.11717986
SELECT,0.03203519
1,0.0061140233
2,0.0022668645
▁CREATE,0.00069677696
0,0.0004714629
4,0.00039085644
3,0.0003614831
5,0.0002092104
