Token,Probability
▁SELECT,0.59041727
<0x0A>,0.33119404
1,0.049227603
SELECT,0.011969862
2,0.0069276243
0,0.0032980437
3,0.0013964796
4,0.0011221028
5,0.0010623856
9,0.000573114
