Token,Probability
▁SELECT,0.81204104
<0x0A>,0.13050687
1,0.022678694
SELECT,0.011493003
2,0.010222089
▁CREATE,0.0054714894
0,0.0014162158
3,0.0010121239
5,0.00095825957
4,0.00084566104
