Token,Probability
▁SELECT,0.6430192
<0x0A>,0.2765591
1,0.033030275
SELECT,0.018820085
2,0.013345437
0,0.0032197367
3,0.0030483855
5,0.0022831352
4,0.0019225926
7,0.0015448466
