Token,Probability
▁SELECT,0.7826335
<0x0A>,0.14936823
1,0.029183459
2,0.010405682
▁CREATE,0.00855948
SELECT,0.008231573
3,0.0019248576
0,0.0017941647
5,0.0017254312
4,0.0015466665
