Token,Probability
▁SELECT,0.83721995
<0x0A>,0.059707746
1,0.04577952
SELECT,0.017106555
2,0.015575697
3,0.0051363194
5,0.0040001697
4,0.0033949
0,0.0033422671
7,0.0030194866
