Token,Probability
▁SELECT,0.47329122
<0x0A>,0.43093657
1,0.035373427
SELECT,0.025083516
2,0.017786877
0,0.003907258
5,0.0026232088
3,0.0025030838
7,0.0019494034
4,0.0017203424
