Token,Probability
▁SELECT,0.9397997
<0x0A>,0.037013836
SELECT,0.018039104
1,0.0031840908
2,0.0006674217
3,0.00026136608
0,0.000181043
4,0.0001432168
7,0.00011780692
5,0.000109808134
