Token,Probability
▁SELECT,0.71296185
<0x0A>,0.20110013
1,0.042152874
SELECT,0.027644532
2,0.0062167076
0,0.002531477
5,0.00142003
3,0.0013871349
4,0.0009913407
7,0.0008612917
