Token,Probability
▁SELECT,0.7211383
<0x0A>,0.23411933
SELECT,0.037043057
1,0.0048589916
2,0.00078703574
0,0.00043464242
3,0.0002987251
4,0.00023264735
5,0.00021182782
▁select,0.00012648817
