Token,Probability
2,0.9300145
1,0.03779116
▁SELECT,0.012857795
3,0.0033021548
4,0.0028025021
<0x0A>,0.0026741666
7,0.0020343985
▁CREATE,0.0015476886
5,0.0013765428
6,0.0012931424
