Token,Probability
1,0.4037587
2,0.20302263
0,0.14853454
<0x0A>,0.1384494
9,0.02642353
3,0.013495818
4,0.012384459
▁SELECT,0.011817334
5,0.0064249733
6,0.0041482747
