Token,Probability
1,0.39198896
2,0.18661474
<0x0A>,0.08280978
9,0.07658653
0,0.06106011
3,0.040993817
4,0.038812164
7,0.02730777
8,0.017494014
6,0.016692905
