Token,Probability
<0x0A>,0.7263903
1,0.13125604
2,0.04753779
▁CREATE,0.01438538
﻿,0.007010875
▁SELECT,0.00643354
▁UN,0.0061870753
9,0.005546058
▁WITH,0.0049327663
0,0.004153806
