Token,Probability
1,0.39654335
▁SELECT,0.29932663
<0x0A>,0.11540069
2,0.07165392
▁CREATE,0.014557376
9,0.013049149
4,0.011426216
3,0.011074669
SELECT,0.009697303
0,0.009697303
