Token,Probability
2,0.6337469
1,0.2560569
<0x0A>,0.028728787
9,0.014673229
0,0.009698412
▁CREATE,0.007915613
3,0.0074360305
4,0.0066137426
▁SELECT,0.00592852
6,0.003377969
