Token,Probability
<0x0A>,0.4005266
1,0.23916537
2,0.23545745
4,0.03016984
3,0.016923746
</s>,0.016792046
9,0.010926792
6,0.007932
0,0.0075687678
7,0.005283851
