Token,Probability
▁SELECT,0.36997935
3,0.30196837
1,0.10936569
2,0.09803478
4,0.022393255
<0x0A>,0.019916972
7,0.018710263
6,0.012270492
9,0.012080254
5,0.0112600345
