Token,Probability
2,0.65833545
1,0.23473676
0,0.023793256
4,0.015726382
3,0.013556989
<0x0A>,0.012835499
9,0.006555731
▁SELECT,0.003823924
5,0.0033746012
▁CREATE,0.002628142
