Token,Probability
2,0.5476558
1,0.30720708
<0x0A>,0.042230684
3,0.018305644
▁SELECT,0.012005136
▁CREATE,0.009422938
4,0.008446668
5,0.008059867
9,0.0078118904
0,0.0054535787
