Token,Probability
1,0.44134694
2,0.29400048
▁SELECT,0.08164097
▁CREATE,0.072612986
<0x0A>,0.028435653
3,0.010792957
4,0.009088581
0,0.008083551
9,0.007246048
7,0.005178517
