Token,Probability
<0x0A>,0.5578169
2,0.15981722
1,0.13885161
</s>,0.06767087
3,0.008404088
4,0.0075924615
9,0.006752875
0,0.0064941766
﻿,0.005341964
5,0.0043941797
