Token,Probability
1,0.64876574
2,0.13813019
▁SELECT,0.11099073
<0x0A>,0.030581163
3,0.012748124
4,0.009698262
▁CREATE,0.009254146
9,0.008492081
5,0.0062129404
0,0.0059749256
