Token,Probability
2,0.96576667
1,0.02573681
3,0.003049903
4,0.0016071858
0,0.0012914102
<0x0A>,0.00060056156
6,0.0004225478
9,0.00033952668
5,0.00031156722
7,0.0002771136
