Token,Probability
1,0.38893297
<0x0A>,0.23961465
2,0.20818081
0,0.043637067
3,0.02391114
9,0.02281617
4,0.018622015
6,0.01250223
7,0.009585792
5,0.009218565
