Token,Probability
5,0.3583501
2,0.27475655
1,0.20739713
4,0.0434728
<0x0A>,0.030586934
3,0.021520596
0,0.018264292
6,0.012358239
9,0.009041481
7,0.006563411
