Token,Probability
2,0.44359463
1,0.2527526
▁CREATE,0.051349808
3,0.04675453
▁SELECT,0.03367603
4,0.03367603
7,0.025419997
8,0.024067169
5,0.023145173
9,0.02191341
