Token,Probability
1,0.5303713
2,0.29751134
<0x0A>,0.048948314
0,0.022585936
3,0.017317237
9,0.01626804
4,0.014356494
5,0.008707654
7,0.0058918935
6,0.00536463
