Token,Probability
1,0.3138306
2,0.19184081
▁SELECT,0.13288425
<0x0A>,0.11102894
▁CREATE,0.07512593
</s>,0.043479554
4,0.012073837
9,0.011702364
3,0.010572204
▁WITH,0.0070978426
