Token,Probability
1,0.3625486
▁SELECT,0.34058288
2,0.10387191
7,0.02861972
4,0.023912672
<0x0A>,0.022640064
3,0.022463875
9,0.021943502
5,0.01847828
6,0.017909765
