Token,Probability
1,0.929351
2,0.02185624
4,0.017978452
▁SELECT,0.0068773706
8,0.004801179
3,0.0035959168
<0x0A>,0.0034581595
▁CREATE,0.0024522021
9,0.0018801686
7,0.0016335187
