Token,Probability
2,0.56342983
1,0.23123112
<0x0A>,0.082448
4,0.014782111
3,0.013778443
▁CREATE,0.013354525
</s>,0.00984701
9,0.009770379
▁SELECT,0.008758112
﻿,0.0052297073
