Token,Probability
<0x0A>,0.4775147
1,0.15381992
</s>,0.14908737
2,0.11610935
4,0.012237837
﻿,0.009237603
3,0.008883717
9,0.0075986455
0,0.006972909
©,0.0052224672
