Token,Probability
1,0.4312455
2,0.18547638
▁SELECT,0.17153761
3,0.038275212
7,0.03198014
4,0.029346624
6,0.026306143
5,0.024329208
9,0.021303365
8,0.0131246215
