Token,Probability
2,0.49582586
1,0.31763798
<0x0A>,0.098399654
</s>,0.01736857
▁CREATE,0.008140485
0,0.0074119964
9,0.0072970837
3,0.006696181
4,0.0058633713
▁UN,0.0037269858
