Token,Probability
2,0.36255905
▁SELECT,0.28236127
1,0.15351717
▁CREATE,0.05736518
3,0.025655292
4,0.022289705
7,0.020614607
5,0.018192327
<0x0A>,0.015319475
6,0.013732289
