Token,Probability
1,0.33991528
2,0.32689333
<0x0A>,0.20139314
9,0.022419844
3,0.01801485
4,0.016402707
0,0.010026773
5,0.0076877945
6,0.0063734055
7,0.006129244
