Token,Probability
1,0.3608065
2,0.24604864
<0x0A>,0.10097816
6,0.079880305
9,0.022355933
4,0.02149949
▁CREATE,0.017410818
</s>,0.015977066
3,0.015364994
0,0.012837932
