Token,Probability
▁SELECT,0.6983487
2,0.08211277
<0x0A>,0.07246427
1,0.07246427
3,0.029050367
SELECT,0.013615633
4,0.0054159244
9,0.0043179514
▁CREATE,0.0038404656
7,0.0036360798
