Token,Probability
<0x0A>,0.5946408
1,0.18421112
2,0.1170917
0,0.031269554
3,0.010151739
4,0.0096114725
</s>,0.008615669
9,0.0059214565
5,0.004101673
6,0.0030481047
