Token,Probability
1,0.37519982
2,0.3209254
<0x0A>,0.16911581
3,0.026549773
4,0.0225325
9,0.019123085
0,0.0131430905
5,0.013040812
6,0.010981464
7,0.009466614
