Token,Probability
<0x0A>,0.48727083
1,0.24121654
2,0.16578555
</s>,0.015541404
9,0.010765214
3,0.010434004
4,0.010434004
5,0.005762204
0,0.0050851274
7,0.0036058952
