Token,Probability
2,0.45146963
▁CREATE,0.3831573
1,0.055631973
▁SELECT,0.043666035
<0x0A>,0.009819626
</s>,0.0075880196
4,0.0039674877
3,0.003187966
▁UN,0.0028800871
CREATE,0.002463469
