Token,Probability
1,0.4922729
2,0.3383339
<0x0A>,0.034027133
▁CREATE,0.020160409
3,0.019847851
4,0.015700944
▁SELECT,0.013856034
9,0.009980126
6,0.009087008
7,0.008536454
