Token,Probability
<0x0A>,0.40038604
1,0.18765716
▁SELECT,0.1372929
▁CREATE,0.0921741
2,0.07945904
9,0.011094969
▁UN,0.0078062853
4,0.0073908423
3,0.006223713
</s>,0.0038343186
