Token,Probability
1,0.34217772
<0x0A>,0.31155637
2,0.22265927
0,0.019608345
3,0.018276988
4,0.017576808
9,0.012463823
5,0.008633438
6,0.0072135073
7,0.006267204
