Token,Probability
2,0.64689213
<0x0A>,0.16228712
1,0.09920412
</s>,0.045065504
©,0.004159124
3,0.004062779
﻿,0.003448035
4,0.003164095
▁CREATE,0.0026853324
0,0.0024071166
