Token,Probability
▁SELECT,0.34467882
1,0.25021002
▁CREATE,0.14368351
2,0.096464545
<0x0A>,0.06787128
4,0.008696543
9,0.008363384
3,0.0072662337
0,0.005793147
SELECT,0.0056589483
