Token,Probability
<0x0A>,0.29616493
1,0.24361864
2,0.20196693
</s>,0.05309945
﻿,0.01820787
©,0.016708482
3,0.01644944
4,0.01644944
0,0.01606839
9,0.013851819
