Token,Probability
2,0.35118955
1,0.30038837
<0x0A>,0.23031574
0,0.02371277
3,0.020124765
4,0.013301658
9,0.012593756
6,0.010440591
5,0.007119864
7,0.0070644566
