Token,Probability
1,0.49406853
8,0.18606792
2,0.074593194
9,0.06738934
▁SELECT,0.034419104
<0x0A>,0.030612985
▁CREATE,0.029671121
7,0.02498559
3,0.009263776
4,0.008239373
