Token,Probability
1,0.49117523
2,0.27125272
<0x0A>,0.05341283
6,0.028814059
4,0.028367339
3,0.026441269
7,0.023701798
9,0.017071767
5,0.016289994
0,0.01035455
