Token,Probability
<0x0A>,0.4934494
2,0.22591761
1,0.21222995
3,0.012161745
9,0.010321538
4,0.008759775
0,0.0067163534
5,0.0051496066
6,0.0050697695
7,0.0033771945
