Token,Probability
1,0.47559842
<0x0A>,0.21605033
2,0.13840702
▁CREATE,0.02057237
4,0.017459542
9,0.016401723
3,0.016021777
0,0.010756513
▁SELECT,0.009200533
5,0.008509102
