Token,Probability
2,0.39477697
1,0.33243555
<0x0A>,0.19542877
3,0.011645077
9,0.011198961
4,0.01043858
5,0.0063313185
0,0.0059943716
6,0.0048543904
</s>,0.00415218
