Token,Probability
1,0.71159863
2,0.15631747
9,0.07383915
3,0.010720969
0,0.008818829
4,0.0087502
5,0.005649553
8,0.0048702196
7,0.0048323194
<0x0A>,0.004794714
