Token,Probability
1,0.5534961
2,0.22363265
3,0.041692335
4,0.037081927
9,0.03429518
<0x0A>,0.027990907
6,0.023205278
5,0.018356888
7,0.016455006
8,0.010707477
