Token,Probability
1,0.34664378
2,0.20062202
<0x0A>,0.14908963
▁SELECT,0.07323036
▁CREATE,0.050725188
9,0.016468057
4,0.015591645
0,0.015111939
3,0.012334006
﻿,0.012238022
