Token,Probability
<0x0A>,0.4224239
1,0.24068987
2,0.22434764
4,0.01456792
3,0.012956976
0,0.012756097
5,0.008365652
▁CREATE,0.0081082685
9,0.0074989223
6,0.006364253
