Token,Probability
<0x0A>,0.58258766
2,0.17492452
1,0.09736017
▁CREATE,0.05170759
</s>,0.010670465
▁UN,0.0067297784
9,0.0066254423
▁SELECT,0.006127533
3,0.005407529
4,0.0045535956
