Token,Probability
<0x0A>,0.6505162
1,0.10212563
▁CREATE,0.05910578
2,0.049384728
</s>,0.019188836
﻿,0.017746774
▁UN,0.015784306
▁SELECT,0.014038854
9,0.0047024265
▁VARCHAR,0.0032067765
