Token,Probability
▁SELECT,0.51805633
2,0.15433823
1,0.14273952
<0x0A>,0.046704195
▁CREATE,0.036090206
4,0.014811391
3,0.0124724405
SELECT,0.011093219
0,0.0078050545
5,0.0073896763
