Token,Probability
2,0.42275313
1,0.32413605
<0x0A>,0.10279388
</s>,0.027451297
3,0.01886698
4,0.01717858
9,0.014353242
0,0.012967073
5,0.007988783
6,0.005936759
