Token,Probability
2,0.34686923
<0x0A>,0.21203692
</s>,0.19155937
1,0.13690132
▁CREATE,0.015601786
3,0.011962304
▁UN,0.008751809
4,0.008031111
9,0.007845071
﻿,0.006658025
