Token,Probability
<0x0A>,0.50879115
2,0.2257747
1,0.21543573
3,0.009102965
4,0.006159374
0,0.005741168
9,0.00569649
6,0.003195441
8,0.0026908312
</s>,0.002628498
