Token,Probability
4,0.33367425
1,0.28540674
2,0.24412128
3,0.030555364
<0x0A>,0.022884909
5,0.022180816
6,0.016612662
9,0.0123454835
7,0.009174383
0,0.0080333585
