Token,Probability
1,0.35203752
▁SELECT,0.24963197
<0x0A>,0.22029947
2,0.07321683
4,0.012822966
0,0.011952318
3,0.0099088205
9,0.009679283
▁CREATE,0.008214701
5,0.006498363
