Token,Probability
1,0.38302177
2,0.29367298
<0x0A>,0.17129792
0,0.03762916
3,0.019674864
4,0.017093817
9,0.016697839
7,0.01212133
6,0.010287241
5,0.008011711
