Token,Probability
2,0.30694523
1,0.2838779
▁SELECT,0.18328536
▁CREATE,0.054603983
<0x0A>,0.04154052
3,0.018723778
4,0.014811728
5,0.014696462
9,0.01369861
7,0.010340252
