Token,Probability
1,0.34989843
▁SELECT,0.2641172
2,0.1678831
3,0.037459783
4,0.035466213
7,0.0267713
5,0.025545355
6,0.02084951
9,0.01783353
<0x0A>,0.01649332
