Token,Probability
1,0.41077524
2,0.30526224
<0x0A>,0.18806662
0,0.024286514
3,0.015558526
4,0.012698499
9,0.0110326465
6,0.01020353
5,0.006904054
7,0.0054190536
