Token,Probability
<0x0A>,0.3648557
1,0.32198405
2,0.18928465
9,0.015296546
3,0.014257948
4,0.012484676
▁CREATE,0.008580584
7,0.006630561
0,0.006578962
6,0.006578962
