Token,Probability
1,0.6338991
2,0.32886252
<0x0A>,0.025758503
9,0.0027149261
3,0.0014645928
0,0.0010224506
8,0.00095302874
4,0.0006299135
▁UN,0.00045726818
7,0.0003850584
