Token,Probability
1,0.60609037
2,0.2818582
<0x0A>,0.060481742
9,0.008249513
3,0.008185314
0,0.007933478
4,0.0059885033
5,0.002457677
7,0.002053466
▁CREATE,0.0020216298
