Token,Probability
1,0.46367767
2,0.29937282
<0x0A>,0.0793259
9,0.026779246
0,0.025955334
3,0.021350278
4,0.021184126
5,0.01411167
6,0.010085156
7,0.0089699235
