Token,Probability
6,0.56701094
<0x0A>,0.11609875
1,0.10821593
▁SELECT,0.06719279
2,0.053990934
▁CREATE,0.027575871
4,0.009604709
5,0.009529966
3,0.007480155
0,0.006298923
