Token,Probability
1,0.62469363
<0x0A>,0.21588835
2,0.113765165
9,0.009710413
3,0.00710429
0,0.0055328263
4,0.0051170285
</s>,0.0050772075
5,0.00278208
6,0.0020836815
