Token,Probability
1,0.36576697
<0x0A>,0.3600963
2,0.1754969
3,0.01671086
4,0.016323756
9,0.012712955
0,0.011045205
6,0.009300996
5,0.007893653
7,0.0068581244
