Token,Probability
<0x0A>,0.6151038
2,0.19055027
1,0.13512038
</s>,0.028994426
9,0.0066748955
3,0.0057541193
4,0.0032277685
6,0.002961967
5,0.0017412505
0,0.0010644052
