Token,Probability
1,0.2396746
<0x0A>,0.21151209
2,0.21151209
▁SELECT,0.114997126
▁CREATE,0.054746844
4,0.01341629
▁WITH,0.012505358
3,0.012026286
9,0.010780292
﻿,0.009970141
