Token,Probability
2,0.6974734
1,0.26889995
<0x0A>,0.012975843
0,0.0044843312
3,0.0030342503
9,0.0020691787
4,0.0015864945
6,0.0015864945
▁CREATE,0.0014332783
8,0.0012747842
