Token,Probability
2,0.42629606
1,0.34793273
<0x0A>,0.05462254
9,0.035266962
3,0.027040116
4,0.027040116
7,0.016789591
0,0.016529292
5,0.014473531
6,0.0115393065
