Token,Probability
2,0.7640369
1,0.16015084
<0x0A>,0.029165633
3,0.0096178055
4,0.0059718313
9,0.0045077745
6,0.0038256987
7,0.0031469339
▁CREATE,0.0031224443
5,0.003074035
