Token,Probability
1,0.32577753
<0x0A>,0.2638227
2,0.19914383
▁SELECT,0.0473008
4,0.01686562
3,0.016219508
▁CREATE,0.015118244
</s>,0.014313666
0,0.013341804
9,0.009460756
