Token,Probability
1,0.47244337
8,0.17380221
2,0.14408708
7,0.05384141
9,0.053006675
4,0.021584606
3,0.020757712
6,0.014266553
5,0.0128887575
0,0.012298537
