Token,Probability
<0x0A>,0.6697854
2,0.2792081
1,0.021699082
</s>,0.0070446604
▁CREATE,0.0033276617
﻿,0.0023781727
©,0.0018092183
▁UN,0.0015354636
4,0.001334034
3,0.0009991453
