Token,Probability
1,0.40356877
2,0.29990685
<0x0A>,0.16562429
3,0.024810933
4,0.022067301
9,0.020250095
0,0.017320821
6,0.011811775
5,0.011096136
7,0.0091990195
