Token,Probability
6,0.24227503
1,0.21717392
▁SELECT,0.19165534
2,0.17450416
4,0.029391296
▁CREATE,0.028265331
7,0.028265331
5,0.019125279
3,0.016878001
9,0.012156769
