Token,Probability
▁SELECT,0.59380233
<0x0A>,0.34366643
1,0.023570219
▁CREATE,0.00814565
2,0.0064942776
SELECT,0.0047143395
3,0.0019499357
​,0.0016941335
<0x09>,0.0015791062
9,0.0012989374
