Token,Probability
<0x0A>,0.42024088
1,0.32985082
2,0.09599207
▁SELECT,0.021756023
9,0.01668092
3,0.016551107
4,0.016294507
▁CREATE,0.015427328
0,0.015069956
5,0.007402114
