Token,Probability
1,0.22642304
2,0.22642304
<0x0A>,0.16565463
6,0.07703657
9,0.044238374
▁CREATE,0.038736418
4,0.030404562
3,0.01640203
5,0.014934219
▁UN,0.0140293995
