Token,Probability
▁SELECT,0.644933
1,0.1351853
2,0.079471335
<0x0A>,0.04492902
4,0.020251097
3,0.014586318
▁CREATE,0.013075091
5,0.0096409675
7,0.006783268
6,0.0059396275
