Token,Probability
1,0.45826748
2,0.20655733
4,0.11954622
<0x0A>,0.07194418
3,0.030942807
0,0.026674364
9,0.020774016
5,0.017493475
6,0.013000048
7,0.010693548
