Token,Probability
2,0.9402296
1,0.031183034
<0x0A>,0.008458625
3,0.0025596588
4,0.0021893925
7,0.0021723544
6,0.002122032
9,0.002089133
5,0.0011447504
0,0.0010261475
