Token,Probability
<0x0A>,0.354795
1,0.2308695
2,0.13678567
</s>,0.05702075
▁CREATE,0.044407807
▁SELECT,0.01752674
﻿,0.011859184
9,0.010303439
©,0.009603861
▁UN,0.006971655
