Token,Probability
<0x0A>,0.8358781
1,0.103808224
2,0.031659722
3,0.004120534
4,0.0029911867
</s>,0.0027448672
9,0.001717694
▁CREATE,0.0017043268
0,0.0016010669
<0x09>,0.0015639783
