Token,Probability
1,0.46272686
2,0.40835503
<0x0A>,0.08167614
▁SELECT,0.0203308
3,0.006009773
9,0.0033189117
4,0.0017489437
▁CREATE,0.0017353332
0,0.0014959507
SELECT,0.0013943794
