Token,Probability
<0x0A>,0.4793584
2,0.23362063
1,0.13415703
4,0.04821034
0,0.012675057
3,0.012285086
9,0.010345081
</s>,0.008312506
▁CREATE,0.00733576
5,0.006274608
