Token,Probability
1,0.36338258
2,0.36338258
<0x0A>,0.116144046
3,0.03200105
9,0.026947586
4,0.01956185
0,0.015116226
5,0.012241491
6,0.012241491
7,0.008680518
