Token,Probability
2,0.6550053
1,0.21264908
▁SELECT,0.040584788
3,0.019779446
4,0.017319461
5,0.009868332
6,0.008117468
7,0.007806493
▁CREATE,0.0067296177
0,0.006522569
