Token,Probability
1,0.3693787
2,0.3580141
▁SELECT,0.06519921
<0x0A>,0.04377268
4,0.025732633
3,0.024940923
▁CREATE,0.023429828
5,0.01687587
9,0.013454619
6,0.01187366
