Token,Probability
2,0.8586641
1,0.093375385
<0x0A>,0.020193845
3,0.0068706092
0,0.0055206893
4,0.0035923813
9,0.002046877
5,0.002046877
6,0.0013958489
7,0.0013529031
