Token,Probability
<0x0A>,0.44696885
1,0.19834124
2,0.18343565
▁SELECT,0.05093824
</s>,0.025613356
▁UN,0.020104153
▁CREATE,0.017603785
3,0.0056265076
4,0.005453398
9,0.004347828
