Token,Probability
1,0.6706256
<0x0A>,0.09737053
2,0.060932923
▁CREATE,0.05548005
▁SELECT,0.02703882
9,0.011998404
3,0.0069441427
0,0.0063723037
4,0.0063723037
<s>,0.0039258623
