Token,Probability
<0x0A>,0.94336784
1,0.025139902
2,0.0129409125
</s>,0.0063563627
9,0.0018643151
4,0.0011132335
3,0.0008403127
▁UN,0.00080183207
﻿,0.0006343013
0,0.00061960774
