Token,Probability
<0x0A>,0.7344688
1,0.13375671
2,0.06569909
</s>,0.013243708
9,0.009391195
4,0.0055207987
3,0.005267983
0,0.0040391027
﻿,0.003706489
6,0.0032202534
