Token,Probability
2,0.9404038
1,0.037037626
<0x0A>,0.008136087
4,0.0024238857
3,0.0023863066
0,0.0016529463
9,0.0010672224
▁SELECT,0.00086426304
5,0.00086426304
7,0.0007508847
