Token,Probability
1,0.56428003
2,0.22270836
<0x0A>,0.055436492
3,0.027658291
4,0.024599794
9,0.017443867
5,0.01575922
0,0.015636582
6,0.01117496
7,0.009861868
