Token,Probability
1,0.4590169
2,0.1825843
<0x0A>,0.1701873
</s>,0.06212118
9,0.024327004
3,0.019547299
4,0.016850822
5,0.009526592
7,0.009019596
6,0.008606559
