Token,Probability
<0x0A>,0.7993099
2,0.075518206
1,0.068760104
</s>,0.0298053
9,0.0040653455
▁WITH,0.002316364
0,0.002316364
3,0.0020602169
4,0.0018612507
▁CREATE,0.0016044985
