Token,Probability
2,0.779621
1,0.14648645
3,0.016957037
4,0.016435323
5,0.009890953
6,0.008009938
9,0.0055918368
7,0.0054623024
<0x0A>,0.004458201
0,0.0033652266
