Token,Probability
▁SELECT,0.6225017
2,0.12257784
1,0.07791523
▁CREATE,0.04725797
7,0.03738413
SELECT,0.033250134
<0x0A>,0.0120424
3,0.00887951
9,0.008673816
4,0.007775159
