Token,Probability
2,0.95178753
1,0.018412491
▁SELECT,0.007857487
▁CREATE,0.007154323
<0x0A>,0.006264535
3,0.001453489
4,0.0012144354
0,0.00088158564
5,0.0006154459
▁UN,0.0003561928
