Token,Probability
1,0.4839553
2,0.24145426
<0x0A>,0.11054582
3,0.032422982
0,0.030697463
4,0.018764982
9,0.0137287555
5,0.009811498
7,0.00928934
6,0.00832691
