Token,Probability
8,0.3583917
1,0.23503903
2,0.17741676
9,0.05203617
7,0.046644922
4,0.030590486
6,0.023272015
3,0.021024512
<0x0A>,0.020698559
5,0.018846251
