Token,Probability
1,0.57067436
2,0.22001456
<0x0A>,0.0725531
4,0.02195525
9,0.019834915
3,0.019834915
0,0.018344298
5,0.012412372
6,0.01212484
</s>,0.008530891
