Token,Probability
1,0.38842782
<0x0A>,0.31211054
2,0.17371567
</s>,0.038761206
﻿,0.011280154
▁CREATE,0.010270698
4,0.007170102
3,0.0068417597
9,0.0063772206
▁UN,0.0034672348
