Token,Probability
2,0.47477126
1,0.28796333
▁SELECT,0.11817992
▁CREATE,0.03777257
<0x0A>,0.013680317
4,0.010992444
3,0.010654243
9,0.0074961954
0,0.0055273483
7,0.005399307
