Token,Probability
▁SELECT,0.24564153
1,0.17692897
0,0.16235913
2,0.13565612
▁CREATE,0.079748124
<0x0A>,0.05834498
</s>,0.026504401
SELECT,0.016201815
9,0.0061016595
﻿,0.006054176
