Token,Probability
1,0.46469402
2,0.300029
▁SELECT,0.042886913
0,0.033140436
4,0.029706893
3,0.028568842
7,0.016794756
<0x0A>,0.015654432
9,0.015654432
5,0.015532608
