Token,Probability
1,0.5373031
2,0.25780085
<0x0A>,0.08112063
3,0.027172009
4,0.025130002
9,0.01324258
6,0.013037273
7,0.012152075
5,0.009996023
0,0.0069240434
