Token,Probability
1,0.22305273
▁SELECT,0.21959463
2,0.18205033
4,0.17783314
▁CREATE,0.037275854
<0x0A>,0.02541992
9,0.023509584
3,0.020909857
SELECT,0.017885149
5,0.016670791
