Token,Probability
1,0.3883585
<0x0A>,0.24302855
9,0.1384735
2,0.13632666
4,0.016930493
3,0.015536295
0,0.010594834
7,0.009798618
8,0.00812334
6,0.007997399
