Token,Probability
<0x0A>,0.8964834
1,0.067528
2,0.0072294814
▁SELECT,0.006738618
</s>,0.0058090515
▁CREATE,0.004283326
▁UN,0.0017855561
9,0.0013905924
0,0.0011261362
4,0.0010415056
