Token,Probability
3,0.8240096
2,0.08287282
4,0.030967314
1,0.026487745
▁SELECT,0.013010343
<0x0A>,0.011392238
SELECT,0.0024255472
5,0.0009206339
▁CREATE,0.0008061341
9,0.00077525154
