Token,Probability
2,0.8717754
1,0.11798196
0,0.0035075112
3,0.0017636875
<0x0A>,0.0010950986
9,0.00084622647
4,0.00082019094
6,0.0006142946
5,0.0005506501
7,0.0005092681
