Token,Probability
<0x0A>,0.63058424
2,0.22484176
1,0.093727976
</s>,0.005853029
9,0.00580748
3,0.00580748
4,0.0038686155
▁WITH,0.003467805
﻿,0.0026588582
▁CREATE,0.002221559
