Token,Probability
1,0.48301908
▁SELECT,0.22114226
2,0.15681334
<0x0A>,0.029695446
▁CREATE,0.016919954
4,0.012282571
3,0.011720111
0,0.009792519
9,0.00919922
5,0.007108606
