Token,Probability
2,0.7602393
1,0.20783785
0,0.008990183
4,0.0066809366
3,0.005368284
9,0.002255385
5,0.0021187384
<0x0A>,0.0019291331
6,0.0018264665
7,0.001411384
