Token,Probability
2,0.45662054
1,0.28798696
<0x0A>,0.07630895
▁CREATE,0.02896361
▁SELECT,0.02363941
4,0.017430607
3,0.016894326
9,0.009854373
5,0.00876466
0,0.008105986
