Token,Probability
2,0.67096585
<0x0A>,0.13109283
1,0.13007265
3,0.015414071
4,0.008250557
0,0.0066815047
▁CREATE,0.0049266326
9,0.0037188171
▁SELECT,0.003632671
5,0.0027852654
