Token,Probability
<0x0A>,0.9505896
1,0.016355796
2,0.014892123
</s>,0.0037069423
9,0.002431072
3,0.0014403627
4,0.001418032
﻿,0.0011755899
0,0.0009594883
5,0.0007414352
