Token,Probability
1,0.5729287
2,0.2748942
▁SELECT,0.0203855
9,0.019300602
3,0.018706786
4,0.015268034
7,0.01316187
▁CREATE,0.01226821
5,0.011346239
6,0.009046011
