Token,Probability
1,0.35974112
▁SELECT,0.23226632
<0x0A>,0.21148089
2,0.096069515
▁CREATE,0.019980557
3,0.01484829
4,0.007947716
9,0.0070138355
▁UN,0.0043210983
0,0.0034993321
