Token,Probability
<0x0A>,0.42552295
2,0.30649272
1,0.21733586
3,0.007553937
0,0.006931882
4,0.006824414
9,0.0056576375
</s>,0.004690346
5,0.0028896385
6,0.002491024
