Token,Probability
<0x0A>,0.4388193
1,0.3812528
2,0.12770368
3,0.009470202
4,0.007669203
9,0.0054809325
</s>,0.004268554
0,0.004169673
7,0.0035665107
6,0.0033243534
