Token,Probability
2,0.28161246
1,0.16298479
5,0.15797026
▁SELECT,0.14839934
4,0.06483087
3,0.04525924
7,0.028768523
▁CREATE,0.025190562
6,0.024607021
9,0.016520372
