Token,Probability
2,0.50853664
1,0.24784096
4,0.19605833
3,0.01080463
<0x0A>,0.007966834
5,0.00766163
6,0.0057833013
0,0.0048321295
9,0.004434211
7,0.003269582
