Token,Probability
3,0.492124
2,0.33823156
1,0.13880995
4,0.0078925425
<0x0A>,0.0059112404
0,0.0029723584
9,0.0027705426
5,0.0023513292
7,0.0015786076
6,0.0015541336
