Token,Probability
6,0.46629807
2,0.19438195
1,0.18840145
<0x0A>,0.031485043
9,0.0271418
4,0.017661508
7,0.017118119
3,0.014527961
5,0.01088094
8,0.007025263
