Token,Probability
1,0.34602812
2,0.30063444
<0x0A>,0.20501488
3,0.026892096
9,0.01763627
4,0.017499022
0,0.01656774
5,0.01147614
6,0.007585265
7,0.0060004382
