Token,Probability
1,0.39665124
2,0.33401385
<0x0A>,0.12777169
3,0.05625711
0,0.018407255
4,0.015260152
9,0.010245181
5,0.007978954
6,0.006878289
7,0.0060700686
