Token,Probability
1,0.36555314
2,0.24734564
<0x0A>,0.169998
4,0.026480582
▁CREATE,0.022473777
0,0.018924817
3,0.016442167
5,0.012606646
9,0.011478483
▁WITH,0.009441942
