Token,Probability
1,0.4943204
▁SELECT,0.20286867
2,0.11741139
3,0.030868813
<0x0A>,0.02788765
4,0.021718923
9,0.020886883
0,0.018005619
▁CREATE,0.013697953
5,0.013173192
