Token,Probability
<0x0A>,0.6919112
1,0.13839096
2,0.09586061
</s>,0.012872363
4,0.009056839
3,0.008246346
9,0.00768644
5,0.004962738
0,0.0036879939
6,0.003204185
