Token,Probability
1,0.41234124
2,0.36962026
▁SELECT,0.08848108
3,0.021853285
4,0.016113602
<0x0A>,0.014220203
5,0.011606192
0,0.010988521
7,0.010733972
9,0.010162721
