Token,Probability
<0x0A>,0.38074845
2,0.2965272
1,0.24013503
9,0.014648332
3,0.011143863
4,0.010067642
</s>,0.005647435
0,0.0051020323
5,0.004099598
▁CREATE,0.003070457
