Token,Probability
5,0.44670442
2,0.20773686
1,0.124045335
4,0.07884801
6,0.037245166
3,0.03666773
7,0.025005221
9,0.013809195
0,0.012475568
8,0.007164116
