Token,Probability
4,0.4789764
2,0.29973578
1,0.1211042
3,0.027447535
5,0.017721461
6,0.013801487
9,0.012275297
7,0.007802653
8,0.0058439174
<0x0A>,0.005576305
