Token,Probability
2,0.49485484
1,0.36204353
4,0.029257603
3,0.025819745
<0x0A>,0.017199658
6,0.014483564
5,0.01182114
9,0.01136828
7,0.009800069
0,0.0066310586
