Token,Probability
▁SELECT,0.6340983
7,0.15539247
▁CREATE,0.07114385
2,0.052049957
1,0.033344455
<0x0A>,0.017571293
SELECT,0.007498507
9,0.005317238
8,0.004803724
3,0.004206281
