Token,Probability
6,0.78842294
1,0.06889163
2,0.054497764
<0x0A>,0.034640886
5,0.011423352
4,0.010002622
7,0.008827283
3,0.006768112
0,0.005654969
9,0.005654969
