Token,Probability
1,0.3928872
2,0.21360907
<0x0A>,0.15029275
▁CREATE,0.041410007
▁SELECT,0.0389011
0,0.024534618
9,0.022165181
3,0.018811343
4,0.017534101
7,0.008154114
