Token,Probability
1,0.5855503
<0x0A>,0.2023608
2,0.11263073
0,0.015362463
9,0.015242913
4,0.014889811
3,0.013878829
5,0.0067640017
6,0.0060160276
7,0.004948649
