Token,Probability
1,0.46572548
2,0.3354495
<0x0A>,0.051042512
4,0.029772831
9,0.022473713
3,0.0211121
6,0.018631363
5,0.013108801
8,0.011750653
7,0.008939425
