Token,Probability
1,0.43070987
2,0.36269408
<0x0A>,0.03944115
3,0.026687218
4,0.026479537
9,0.017365705
5,0.013845147
▁SELECT,0.013630495
7,0.012705021
0,0.012218299
