Token,Probability
<0x0A>,0.57508093
1,0.18964157
2,0.101507805
6,0.057837408
9,0.012218464
3,0.009817812
</s>,0.009441697
0,0.008869654
4,0.008869654
5,0.004322724
