Token,Probability
▁SELECT,0.46147096
1,0.1697657
2,0.1385587
<0x0A>,0.107909635
4,0.024457065
3,0.020594914
9,0.016940912
5,0.013193598
7,0.011110122
6,0.010195221
