Token,Probability
1,0.3670502
2,0.34481177
<0x0A>,0.18170303
3,0.017991036
4,0.01179881
9,0.0116158845
</s>,0.0088369
0,0.007859701
6,0.0061691506
©,0.0057953806
