Token,Probability
<0x0A>,0.32289436
2,0.20364691
1,0.19280902
▁CREATE,0.06067005
▁SELECT,0.05744125
﻿,0.032729037
▁UN,0.013858345
</s>,0.009599396
3,0.007896247
9,0.0065462193
