Token,Probability
1,0.6692449
2,0.16921161
<0x0A>,0.061765045
0,0.019896127
9,0.017286055
3,0.016238745
4,0.014108467
5,0.0077914353
6,0.0063096965
7,0.0051097474
