Token,Probability
1,0.29717073
2,0.2813556
0,0.18024316
<0x0A>,0.058061007
7,0.040217686
3,0.02119323
9,0.019448001
▁CREATE,0.018269707
6,0.015146119
▁SELECT,0.01502825
