Token,Probability
1,0.4477135
2,0.34867963
<0x0A>,0.03479473
8,0.029300101
9,0.027524898
4,0.02093984
3,0.016181054
0,0.014168602
7,0.014168602
6,0.012900661
