Token,Probability
2,0.2761319
▁SELECT,0.22892138
1,0.21171767
▁CREATE,0.0835601
0,0.06558707
<0x0A>,0.028208649
3,0.012714636
SELECT,0.012615687
4,0.012323446
9,0.009748649
