Token,Probability
1,0.47224018
2,0.24308841
<0x0A>,0.13529907
3,0.023146942
0,0.02107553
4,0.019644557
9,0.017747378
5,0.0111060245
6,0.011019597
7,0.008649381
