Token,Probability
1,0.44881606
2,0.22923282
<0x0A>,0.19004068
3,0.018095724
</s>,0.017954903
▁SELECT,0.017954903
4,0.01500188
9,0.013553071
▁CREATE,0.007484716
5,0.006108848
