Token,Probability
2,0.37133682
1,0.31026354
▁SELECT,0.07544165
▁CREATE,0.029313466
6,0.02546798
<0x0A>,0.02449232
7,0.0241126
4,0.023738768
3,0.020949392
9,0.019834483
