Token,Probability
<0x0A>,0.39999726
1,0.2623246
2,0.23150066
9,0.016253896
3,0.012173605
4,0.011258746
0,0.009333828
6,0.0091891205
</s>,0.007859871
7,0.0077987053
