Token,Probability
<0x0A>,0.839862
1,0.093496606
2,0.028963897
4,0.008169642
3,0.0054421546
9,0.0043728948
7,0.0042053713
5,0.0034323242
6,0.0024338823
8,0.0021478934
