Token,Probability
1,0.4987114
2,0.25872806
<0x0A>,0.095927246
9,0.03447218
0,0.019950967
4,0.017469648
3,0.017064964
6,0.012100873
5,0.010350425
7,0.009723325
