Token,Probability
1,0.53842586
2,0.32657182
▁SELECT,0.03992838
▁CREATE,0.017580228
3,0.014574521
4,0.011802807
9,0.011001425
5,0.0072149113
7,0.0062684235
<0x0A>,0.005934824
