Token,Probability
1,0.36460412
2,0.3479077
3,0.050120853
4,0.049343802
9,0.038730394
7,0.035819758
5,0.035541005
6,0.035264425
8,0.022768425
0,0.008574667
