Token,Probability
2,0.83987916
1,0.14368638
<0x0A>,0.009185563
3,0.0015837898
9,0.001123075
4,0.00086784514
0,0.0008089206
6,0.00040994104
8,0.00039423647
5,0.00033720827
