Token,Probability
2,0.5185148
1,0.29544082
▁SELECT,0.061927766
▁CREATE,0.029024959
3,0.01553594
4,0.012980766
<0x0A>,0.009722143
5,0.008446745
0,0.007630998
9,0.006083962
