Token,Probability
1,0.37098485
2,0.2889233
<0x0A>,0.20487729
0,0.014611169
4,0.013942076
3,0.012595615
9,0.01137919
©,0.010524031
5,0.0067948247
﻿,0.005129003
