Token,Probability
1,0.5252397
2,0.21895248
<0x0A>,0.12282122
9,0.031543095
3,0.023440838
4,0.01854323
6,0.017556375
5,0.010240545
0,0.0077905953
7,0.007729968
