Token,Probability
2,0.41925007
1,0.2297301
▁SELECT,0.19194669
▁CREATE,0.057632845
<0x0A>,0.029206904
3,0.012463977
4,0.008047348
5,0.0070464937
0,0.006170116
9,0.0053606895
