Token,Probability
1,0.39951858
2,0.28109646
5,0.059848886
▁SELECT,0.05119146
▁CREATE,0.036300186
4,0.025740685
<0x0A>,0.024754575
3,0.02362098
9,0.021339776
7,0.013458828
