Token,Probability
1,0.21051565
<0x0A>,0.18006358
2,0.17048077
▁CREATE,0.06572619
▁SELECT,0.05406489
8,0.04808631
</s>,0.0455272
﻿,0.03228362
9,0.032032385
4,0.014438128
