Token,Probability
▁CREATE,0.28273293
▁SELECT,0.20206012
1,0.12843722
2,0.11513039
<0x0A>,0.10002701
▁UN,0.015581202
﻿,0.011853554
3,0.010708794
</s>,0.009376934
SELECT,0.007834721
