Token,Probability
2,0.5410664
1,0.35484004
3,0.023404239
0,0.015110912
4,0.013758642
9,0.011055378
5,0.009456167
6,0.009165231
7,0.007962891
<0x0A>,0.006918279
