Token,Probability
1,0.3538178
2,0.2910426
<0x0A>,0.20003045
</s>,0.026034096
4,0.01654828
3,0.015185553
9,0.013612243
▁CREATE,0.0073432536
5,0.006135518
0,0.006087771
