Token,Probability
2,0.45367098
1,0.37027547
3,0.027674107
4,0.027674107
5,0.022411177
6,0.022411177
0,0.01829147
7,0.014929062
9,0.011269047
<0x0A>,0.007684822
