Token,Probability
2,0.74248314
1,0.17092933
<0x0A>,0.0308863
▁CREATE,0.008644084
3,0.006732019
4,0.0050420496
▁SELECT,0.0047737164
0,0.0047365674
9,0.0036888423
5,0.0029873154
