Token,Probability
▁SELECT,0.5745597
1,0.15707588
2,0.07191458
3,0.03673037
7,0.031417154
4,0.029978458
5,0.02028444
0,0.017761648
6,0.0155526195
8,0.01249688
