Token,Probability
▁SELECT,0.4088012
1,0.19310403
2,0.11441034
<0x0A>,0.11176003
▁CREATE,0.043765854
4,0.017138956
3,0.016226837
7,0.014098121
0,0.011065742
SELECT,0.010234138
