Token,Probability
1,0.5518751
2,0.42980078
<0x0A>,0.010107946
3,0.0016760618
9,0.0016244947
8,0.0007437479
6,0.000726519
0,0.0007096892
4,0.00067719014
7,0.00041720475
