Token,Probability
9,0.47597137
2,0.21121101
1,0.18207528
<0x0A>,0.061465908
</s>,0.01603434
3,0.007171001
6,0.006279138
0,0.006181789
8,0.0058987048
4,0.005287565
