Token,Probability
<0x0A>,0.5294512
1,0.2313001
2,0.1413909
0,0.014557277
9,0.012647581
4,0.008968478
3,0.007791949
﻿,0.0057904846
</s>,0.0051905573
6,0.005150164
