Token,Probability
2,0.52691686
1,0.379524
<0x0A>,0.05176583
0,0.011195146
3,0.006134434
9,0.0049678157
4,0.004086414
5,0.003084587
6,0.002256732
7,0.0015389575
