Token,Probability
2,0.894171
1,0.05806262
3,0.013471611
4,0.008904191
<0x0A>,0.00779677
5,0.004407894
9,0.0034328715
6,0.00291344
0,0.0027156249
7,0.0019407695
