Token,Probability
▁SELECT,0.28973386
2,0.24019782
1,0.19300438
3,0.069901556
4,0.041740123
7,0.041740123
5,0.031018624
6,0.022517104
9,0.015475766
<0x0A>,0.015235837
