Token,Probability
在,0.08506537
若,0.05578723
你,0.04734601
未,0.039559074
<0xE8>,0.036018945
我,0.028051585
<0xE9>,0.022716861
创,0.021009665
<0xE7>,0.020204797
其,0.018540965
