Token,Probability
1,0.45818067
2,0.26517463
<0x0A>,0.107140236
3,0.037026677
4,0.025448037
9,0.019359846
0,0.01762734
6,0.015556072
5,0.014728194
7,0.009888042
