Token,Probability
1,0.6182189
2,0.23101154
3,0.024158955
9,0.023599312
4,0.022695236
7,0.016474975
5,0.011060776
6,0.009992578
8,0.008957289
▁SELECT,0.008414594
