Token,Probability
1,0.3629527
2,0.3629527
<0x0A>,0.11069432
4,0.037661847
3,0.037077952
6,0.026498418
5,0.021967962
7,0.01684342
9,0.010623012
8,0.009015633
