Token,Probability
4,0.42515355
1,0.23115198
2,0.22056676
▁SELECT,0.02613794
3,0.023429899
<0x0A>,0.017548185
▁CREATE,0.010726989
5,0.009540782
9,0.006506248
7,0.0050276383
