Token,Probability
1,0.4093328
2,0.3187887
▁SELECT,0.111034505
3,0.02477515
4,0.022382481
7,0.017844869
9,0.017295841
▁CREATE,0.016375374
5,0.012074443
6,0.011611879
