Token,Probability
<0x0A>,0.308735
1,0.2900297
2,0.2189259
4,0.06272332
9,0.024949616
3,0.020522993
6,0.014667121
0,0.013250639
5,0.011512356
7,0.007912318
