Token,Probability
1,0.5335744
2,0.26829806
<0x0A>,0.04245092
3,0.03384482
4,0.028500197
9,0.014901673
0,0.014219276
5,0.012846045
7,0.009849405
6,0.008692069
