Token,Probability
3,0.49982858
<0x0A>,0.24743308
▁SELECT,0.21835893
1,0.01737253
2,0.0037865401
▁CREATE,0.003698825
SELECT,0.0015661811
﻿,0.0009648962
<0x09>,0.000906436
▁T,0.00068958016
