Token,Probability
<0x0A>,0.610841
▁CREATE,0.1121149
2,0.08462876
1,0.046372738
</s>,0.034461293
﻿,0.01318262
<s>,0.009202952
▁SELECT,0.008850391
▁WITH,0.008445103
▁UN,0.0061785695
