Token,Probability
1,0.43593454
2,0.39076918
<0x0A>,0.0455896
3,0.023284888
4,0.019153627
9,0.017853143
0,0.017714208
7,0.010252198
5,0.009190011
6,0.009118493
