Token,Probability
▁SELECT,0.40444714
1,0.345942
2,0.16341141
9,0.021102596
▁CREATE,0.0131029
<0x0A>,0.012213245
SELECT,0.006958897
4,0.006640226
7,0.006640226
3,0.0054195947
