Token,Probability
1,0.49727225
2,0.24809834
<0x0A>,0.03630481
6,0.030811489
9,0.030097743
0,0.025543623
3,0.024757726
4,0.023996012
5,0.014554317
7,0.0143286735
