Token,Probability
1,0.47833917
2,0.23679505
4,0.050416574
3,0.048865423
5,0.036885556
7,0.033584677
9,0.032298073
6,0.029870834
8,0.018259674
<0x0A>,0.015740823
