Token,Probability
2,0.38858703
1,0.31223845
4,0.1697611
3,0.041928034
<0x0A>,0.025232736
5,0.016164698
6,0.012491111
7,0.009652382
0,0.0081918705
9,0.0072292998
