Token,Probability
▁SELECT,0.5378826
1,0.20099206
2,0.09949828
3,0.029182753
4,0.020056993
<0x0A>,0.017425818
SELECT,0.016627831
5,0.01142813
7,0.010904797
6,0.009040395
