Token,Probability
2,0.3190659
1,0.26451492
<0x0A>,0.19352324
3,0.052494593
5,0.03693456
4,0.03607897
9,0.029910516
0,0.023477035
6,0.012864353
7,0.009940802
