Token,Probability
1,0.4579996
2,0.19242008
<0x0A>,0.087410755
▁SELECT,0.07535278
0,0.030445276
4,0.02583857
9,0.021088827
3,0.020439992
5,0.019201595
7,0.014494122
