Token,Probability
1,0.36322582
<0x0A>,0.2457709
2,0.2457709
0,0.06666715
9,0.011767451
3,0.010714385
4,0.009308819
</s>,0.0058253105
7,0.0051008123
5,0.0048672287
