Token,Probability
1,0.30048212
▁SELECT,0.20651814
2,0.17120954
6,0.14644329
4,0.03560819
5,0.02605151
<0x0A>,0.024665074
3,0.021766853
7,0.018473288
0,0.010691518
