Token,Probability
1,0.56163853
2,0.21822923
<0x0A>,0.033206094
0,0.03269128
3,0.028402679
4,0.025065277
9,0.020779846
5,0.017635625
7,0.014170622
6,0.014060346
