Token,Probability
1,0.74775106
2,0.118311405
<0x0A>,0.059027746
9,0.026398843
3,0.010257484
4,0.008177979
0,0.00792637
5,0.0054053143
6,0.004080145
7,0.0031776205
