Token,Probability
1,0.43794698
2,0.38049492
<0x0A>,0.035948876
3,0.022321165
▁SELECT,0.020483054
4,0.017383741
9,0.015828077
▁CREATE,0.01194766
5,0.009904957
7,0.006807571
