Token,Probability
<0x0A>,0.39922583
1,0.33096984
2,0.12860103
9,0.029837834
0,0.02200104
3,0.017134426
4,0.016868783
5,0.009171398
7,0.0074272244
6,0.0071426923
