Token,Probability
2,0.53323716
1,0.37225953
<0x0A>,0.06269874
0,0.010155636
3,0.004797183
4,0.004039633
9,0.0027120812
5,0.0018639844
6,0.0015452973
7,0.0010538012
