Token,Probability
1,0.47126207
2,0.15662459
▁SELECT,0.12984635
<0x0A>,0.042818785
3,0.030601205
4,0.027645884
0,0.026795309
▁CREATE,0.021530636
5,0.02070581
7,0.018272813
