Token,Probability
<0x0A>,0.5241816
1,0.19283564
2,0.17557885
9,0.011137031
0,0.009232923
</s>,0.009161072
3,0.008276339
4,0.008084618
﻿,0.0053436058
6,0.0046790172
