Token,Probability
2,0.9342563
1,0.051889986
▁SELECT,0.0034764125
3,0.0032657874
<0x0A>,0.001694268
0,0.0010685615
▁CREATE,0.00068991515
9,0.0005855233
7,0.0005855233
4,0.0005373064
