Token,Probability
<0x0A>,0.55797786
1,0.18836504
2,0.18256965
0,0.008021551
3,0.0079591265
9,0.007774754
</s>,0.0059611103
4,0.0055131256
﻿,0.0043273023
5,0.0035874594
