Token,Probability
<0x0A>,0.44929346
2,0.30400717
1,0.19937277
3,0.009926185
4,0.0058353036
0,0.004762636
</s>,0.004580182
9,0.0042030113
6,0.002609709
5,0.0025894004
