Token,Probability
1,0.2953319
▁SELECT,0.2177641
2,0.20942165
▁CREATE,0.10530383
3,0.025805812
<0x0A>,0.022420479
4,0.021730673
0,0.0142513225
5,0.012381764
7,0.011098943
