Token,Probability
<0x0A>,0.37876397
1,0.25231123
2,0.15184358
</s>,0.12490311
9,0.0120806
3,0.010172885
4,0.00993723
0,0.00955654
5,0.00598033
▁UN,0.005319016
