Token,Probability
1,0.36243448
<0x0A>,0.28447807
2,0.14193137
▁SELECT,0.03478178
0,0.026254665
▁CREATE,0.020769149
4,0.017218228
3,0.017084237
9,0.01438637
5,0.008261397
