Token,Probability
1,0.78779423
2,0.11987198
0,0.013876191
3,0.01177657
4,0.009536957
9,0.007485643
<0x0A>,0.0070872647
5,0.006254488
7,0.0058298246
▁SELECT,0.0052668075
