Token,Probability
1,0.4300932
<0x0A>,0.30025342
2,0.13428165
9,0.021750284
4,0.020917047
3,0.020273495
5,0.0144888135
0,0.012886617
6,0.010683381
7,0.0087879095
