Token,Probability
1,0.4423338
2,0.2224194
▁SELECT,0.07334613
3,0.046258826
4,0.038953837
7,0.03775535
5,0.03331898
6,0.03305969
9,0.022195227
8,0.018984582
