Token,Probability
<0x0A>,0.3089227
1,0.22077711
2,0.21566279
▁CREATE,0.062761456
▁SELECT,0.021022454
</s>,0.017158026
9,0.016118474
4,0.015141904
3,0.015024071
﻿,0.010821431
