Token,Probability
1,0.77019536
2,0.22066467
<0x0A>,0.001924097
3,0.0016586751
4,0.0013967445
9,0.0010060373
0,0.00078350265
5,0.0005555866
7,0.00045701305
6,0.00044642636
