Token,Probability
1,0.4399234
2,0.21107754
<0x0A>,0.13522136
4,0.026419453
0,0.02540734
3,0.023133647
</s>,0.01963327
9,0.016793225
▁CREATE,0.010842522
5,0.010591355
