Token,Probability
2,0.45752174
1,0.39750177
<0x0A>,0.053796016
3,0.019032288
4,0.016927669
9,0.012579574
5,0.0084455265
0,0.007933838
6,0.006227341
7,0.00594217
