Token,Probability
▁SELECT,0.33217967
2,0.25870177
1,0.21114624
<0x0A>,0.047482606
▁CREATE,0.023505593
4,0.020263089
3,0.01903541
5,0.012194541
0,0.011636113
7,0.011103256
