Token,Probability
2,0.58960193
1,0.26993945
<0x0A>,0.052330144
3,0.02340349
9,0.016725719
▁SELECT,0.006498914
4,0.0056906394
0,0.005345861
5,0.003674153
</s>,0.0027951482
