Token,Probability
2,0.8016743
1,0.14150393
<0x0A>,0.023463652
3,0.0062172487
▁SELECT,0.0027805257
4,0.0027805257
9,0.002694978
▁CREATE,0.0025917348
0,0.0025515538
▁UN,0.0018093226
