Token,Probability
<0x0A>,0.71280134
1,0.13288914
2,0.089917295
</s>,0.012457561
0,0.005838741
9,0.004373015
3,0.0042717145
4,0.0041402876
﻿,0.0037993412
5,0.0020981955
