Token,Probability
1,0.62806875
2,0.2071151
<0x0A>,0.041425627
3,0.020189237
4,0.020032125
0,0.0152396355
9,0.0122453915
5,0.0122453915
▁CREATE,0.009994397
6,0.0060619083
