Token,Probability
1,0.37169638
2,0.25948587
9,0.17557694
4,0.033248674
3,0.025692582
<0x0A>,0.024902103
0,0.024516033
7,0.02180501
8,0.017936312
5,0.016849607
