Token,Probability
1,0.31474146
<0x0A>,0.30745047
2,0.22493559
3,0.021926349
9,0.0177565
4,0.015792958
0,0.013092821
▁CREATE,0.012493257
6,0.01060289
5,0.009430405
