Token,Probability
1,0.37986293
2,0.37397373
<0x0A>,0.10548412
9,0.017354866
3,0.016431259
4,0.0153156165
0,0.0092171
▁CREATE,0.007761576
</s>,0.007122423
﻿,0.0069032884
