Token,Probability
1,0.46054024
2,0.24268767
▁SELECT,0.08002989
4,0.03208337
3,0.029904988
0,0.025380032
5,0.021040786
7,0.019157855
9,0.018714063
<0x0A>,0.0151551105
