Token,Probability
1,0.51576865
2,0.34898654
4,0.018934216
3,0.018786872
▁SELECT,0.018067157
<0x0A>,0.015333397
0,0.014181074
5,0.009373117
9,0.0078315325
6,0.0068575195
