Token,Probability
2,0.49963638
1,0.30781704
<0x0A>,0.09535728
3,0.01736585
9,0.015325308
4,0.014738205
5,0.0063885385
6,0.0063885385
0,0.0060485476
7,0.005337824
