Token,Probability
<0x0A>,0.94287723
2,0.03277156
1,0.0100731505
4,0.009462849
</s>,0.0013316731
3,0.0012706914
9,0.0003473877
5,0.00033934042
0,0.00022254491
6,0.00018740159
