Token,Probability
2,0.22691114
<0x0A>,0.22339322
1,0.16471982
▁CREATE,0.066034906
▁SELECT,0.05560697
</s>,0.01951988
▁UN,0.013733952
﻿,0.013733952
4,0.01221523
3,0.009006945
