Token,Probability
<0x0A>,0.5422822
1,0.19487321
2,0.11366853
3,0.02022105
9,0.014338872
4,0.013261288
0,0.012753257
</s>,0.011167125
5,0.007857054
7,0.005152781
