Token,Probability
1,0.37682512
3,0.312399
2,0.20169996
4,0.026873916
<0x0A>,0.02524571
9,0.014841187
0,0.0102001885
5,0.00914339
6,0.008069013
</s>,0.0056330794
