Token,Probability
2,0.36290708
1,0.28933474
<0x0A>,0.119674064
▁SELECT,0.07258598
▁CREATE,0.036498524
0,0.015454448
3,0.0102147665
4,0.009595885
9,0.008143922
<s>,0.0059118527
