Token,Probability
1,0.41818288
2,0.3748567
<0x0A>,0.036256053
3,0.029132558
4,0.027367504
9,0.025113834
0,0.018956916
6,0.013869177
5,0.013028886
7,0.010306696
