Token,Probability
1,0.45511594
2,0.19270822
<0x0A>,0.18972056
4,0.033487666
3,0.02864352
9,0.024885923
5,0.015942518
0,0.015695354
6,0.013113959
7,0.009976574
