Token,Probability
1,0.5265993
2,0.24489142
3,0.04255575
4,0.039977424
0,0.029020496
9,0.027908739
5,0.02387161
6,0.021905823
7,0.019181378
8,0.012288053
