Token,Probability
1,0.33828136
2,0.22185034
▁SELECT,0.12061794
<0x0A>,0.076669425
9,0.042011376
4,0.033233736
3,0.03246388
7,0.03049699
0,0.02798561
5,0.024890918
