Token,Probability
1,0.42704022
2,0.25104398
▁SELECT,0.19248211
3,0.021935979
4,0.019358434
5,0.012209212
7,0.012114199
0,0.011291675
<0x0A>,0.009887321
6,0.009734032
