Token,Probability
1,0.33772033
▁SELECT,0.23393205
<0x0A>,0.19092977
2,0.119480796
4,0.01120061
3,0.010771521
▁UN,0.010040161
0,0.0090705305
9,0.008791459
5,0.0070641357
