Token,Probability
1,0.45509678
2,0.2892771
4,0.045770288
3,0.045060687
5,0.0329671
9,0.032455992
6,0.030969726
7,0.026906963
8,0.023014745
<0x0A>,0.0098214885
