Token,Probability
1,0.31169835
2,0.2465737
▁SELECT,0.23163454
3,0.040885925
4,0.031104371
7,0.028100459
6,0.021046272
5,0.018865757
▁CREATE,0.015518546
9,0.0148079
