Token,Probability
<0x0A>,0.44968918
1,0.25622517
2,0.21241814
3,0.014568609
4,0.012856754
0,0.010012849
9,0.008631615
</s>,0.005794992
6,0.004272959
5,0.004077286
