Token,Probability
1,0.3285002
2,0.25583622
<0x0A>,0.15885234
▁CREATE,0.060293544
▁SELECT,0.04376842
4,0.013772344
3,0.012837236
0,0.010315009
9,0.010315009
﻿,0.009174359
