Token,Probability
1,0.34812257
9,0.2627767
2,0.18060361
<0x0A>,0.07297046
4,0.026222482
5,0.021909704
3,0.017197125
7,0.01628191
6,0.016029483
8,0.015176408
