Token,Probability
<0x0A>,0.62345856
1,0.16520008
2,0.13274197
</s>,0.013040954
3,0.006818621
9,0.0067655584
﻿,0.006017412
4,0.0059705847
0,0.005310348
▁CREATE,0.0043004504
