Token,Probability
2,0.17390595
▁CREATE,0.14083333
5,0.11584634
<0x0A>,0.10547929
▁SELECT,0.070264354
1,0.06347855
4,0.039723866
<s>,0.036168993
﻿,0.023170726
3,0.01543503
