Token,Probability
2,0.30150986
1,0.27239147
<0x0A>,0.13696703
▁CREATE,0.036577296
</s>,0.028486427
4,0.025336353
▁SELECT,0.018681854
3,0.018107075
9,0.017966164
0,0.011782498
