Token,Probability
2,0.5723296
1,0.20567095
<0x0A>,0.08440718
3,0.02134148
4,0.018981505
</s>,0.014327992
0,0.010985652
9,0.010647659
5,0.007669221
6,0.0075503206
