Token,Probability
▁SELECT,0.41101015
1,0.20992346
2,0.1926366
▁CREATE,0.038229898
<0x0A>,0.02931188
3,0.022299303
4,0.016442476
9,0.013738201
5,0.010451473
7,0.010370139
