Token,Probability
<0x0A>,0.39754903
1,0.24301685
2,0.16702288
3,0.022781374
</s>,0.022080464
4,0.019485941
9,0.013392478
▁le,0.009349457
5,0.0073384726
7,0.005715208
