Token,Probability
<0x0A>,0.63277537
1,0.22039643
2,0.05443408
3,0.009026055
</s>,0.008090904
4,0.007541552
9,0.0070846328
©,0.0056926617
0,0.0052648517
﻿,0.004330749
