Token,Probability
<0x0A>,0.27928588
1,0.2685866
▁SELECT,0.19045642
2,0.10518003
▁CREATE,0.07816316
SELECT,0.0077999006
4,0.007619216
9,0.007213729
3,0.00710189
0,0.006671608
