Token,Probability
1,0.41784325
2,0.31051475
<0x0A>,0.1345982
0,0.022144882
3,0.018358752
4,0.01440995
9,0.010138666
5,0.00998148
▁CREATE,0.009017517
7,0.0078960005
