Token,Probability
6,0.3853926
<0x0A>,0.212834
1,0.21117772
2,0.0718496
</s>,0.018452503
4,0.017745601
9,0.01329084
0,0.012388426
5,0.011729124
3,0.011368258
