Token,Probability
▁SELECT,0.4246563
<0x0A>,0.3205474
1,0.118847676
2,0.051115748
9,0.014644908
4,0.011585076
3,0.009164549
5,0.007137358
7,0.0056461147
6,0.0056021763
