Token,Probability
2,0.43992478
1,0.32185584
<0x0A>,0.062394604
3,0.024625717
4,0.020415435
▁CREATE,0.019178526
5,0.012775653
9,0.010842556
6,0.0075693238
7,0.007110722
