Token,Probability
1,0.445044
2,0.424664
<0x0A>,0.03352313
3,0.017804002
9,0.016337868
4,0.015835205
7,0.008410014
5,0.008344567
6,0.0070819426
0,0.006757636
