Token,Probability
2,0.566771
1,0.29866734
<0x0A>,0.073191576
3,0.01386015
4,0.012424159
9,0.009378247
5,0.005427713
6,0.0043612896
0,0.0040970524
7,0.0032920744
