Token,Probability
▁SELECT,0.40928692
1,0.2726439
2,0.16027905
▁CREATE,0.024198519
4,0.021188932
3,0.02069809
7,0.015381516
5,0.013156507
<0x0A>,0.010738027
0,0.010489281
