Token,Probability
1,0.39470026
2,0.2979354
<0x0A>,0.16975847
4,0.026033305
0,0.023889504
3,0.02192224
9,0.013826182
5,0.013611829
6,0.0114623085
7,0.0065310267
