Token,Probability
7,0.50485206
1,0.15397118
2,0.12180124
▁SELECT,0.06124551
▁CREATE,0.033039473
4,0.024745421
9,0.020675573
6,0.019883504
5,0.015729148
8,0.012837756
