Token,Probability
1,0.5971823
<0x0A>,0.3002821
2,0.07021748
9,0.012787554
3,0.0036351848
6,0.003013674
7,0.0025180187
4,0.0023654597
8,0.0021537757
0,0.0018859089
