Token,Probability
1,0.55727494
2,0.21823199
9,0.041004576
4,0.032948103
3,0.028625809
5,0.01936919
7,0.019068899
▁SELECT,0.018627167
6,0.014967351
<0x0A>,0.014393961
