Token,Probability
<0x0A>,0.6021989
1,0.19398393
2,0.055144817
</s>,0.021094771
9,0.017217053
0,0.009733638
▁unto,0.008589906
﻿,0.008006672
3,0.0067422944
4,0.006534856
