Token,Probability
1,0.5336466
2,0.17324968
<0x0A>,0.14703509
</s>,0.042126257
9,0.017154042
4,0.014445151
3,0.012948549
0,0.007612059
5,0.0048385193
6,0.0042699785
