Token,Probability
2,0.3626564
1,0.27805832
<0x0A>,0.1753692
</s>,0.056051362
4,0.021950029
3,0.021109134
9,0.011566852
6,0.008595754
5,0.008138297
0,0.0054637943
