Token,Probability
1,0.30927637
▁SELECT,0.25242403
2,0.24086468
4,0.028100794
3,0.026192818
<0x0A>,0.021545624
▁CREATE,0.019313375
7,0.018143235
5,0.017722948
9,0.013377983
