Token,Probability
2,0.2983753
1,0.18382369
<0x0A>,0.14886497
▁SELECT,0.12933612
</s>,0.06605843
▁CREATE,0.055626772
4,0.010051552
3,0.00873294
▁UN,0.008597548
﻿,0.008203838
