Token,Probability
1,0.49367043
2,0.276924
<0x0A>,0.14938931
3,0.015993474
9,0.010571039
0,0.010008459
4,0.009776613
6,0.0051519135
5,0.004338346
</s>,0.0041074636
