Token,Probability
1,0.25996757
<0x0A>,0.23121993
2,0.19932404
▁SELECT,0.14356771
▁CREATE,0.025341207
4,0.014552231
0,0.013353878
9,0.013249957
</s>,0.010563786
3,0.010159095
