Token,Probability
<0x0A>,0.8045562
2,0.16092137
1,0.020299643
</s>,0.0032624495
3,0.0019942955
0,0.0012001882
4,0.0011186984
9,0.00087124325
6,0.00074521377
﻿,0.00056692876
