Token,Probability
<0x0A>,0.6218876
1,0.18097961
2,0.13240752
4,0.011479604
3,0.011039827
9,0.009896038
</s>,0.00600225
0,0.0056828163
5,0.0042896145
6,0.0039983606
