Token,Probability
<0x0A>,0.7880164
1,0.061722215
2,0.05708372
</s>,0.05532743
4,0.0047968356
3,0.004266394
9,0.0038543656
﻿,0.003677861
0,0.0017237789
5,0.0015818285
