Token,Probability
2,0.99410605
1,0.0031640218
▁SELECT,0.0012585608
<0x0A>,0.00048521848
▁CREATE,0.00034677002
3,9.857811e-05
4,8.3662155e-05
SELECT,6.364681e-05
0,5.6608646e-05
▁VARCHAR,3.0300425e-05
