Token,Probability
▁SELECT,0.73712647
▁CREATE,0.1013302
2,0.054238144
1,0.03613039
<0x0A>,0.020426273
SELECT,0.012389161
3,0.0071702963
4,0.0062785214
5,0.0023830577
7,0.0023278543
