Token,Probability
<0x0A>,0.30951634
1,0.26681978
2,0.26681978
9,0.028565465
0,0.02600915
3,0.017461719
4,0.015775347
</s>,0.010842226
6,0.0073362174
8,0.0072224806
