Token,Probability
<0x0A>,0.7117063
1,0.13268499
2,0.07560163
</s>,0.0070871995
4,0.0061095483
9,0.0055195168
3,0.0048709568
0,0.004366297
﻿,0.004133927
▁UN,0.0039139236
