Token,Probability
<0x0A>,0.45341456
1,0.31653437
2,0.15916349
</s>,0.013585381
9,0.012466647
4,0.008304577
3,0.007680478
5,0.0045862235
7,0.0033033325
8,0.0029380447
