Token,Probability
1,0.3422528
2,0.2686373
<0x0A>,0.23157984
▁SELECT,0.020715086
▁CREATE,0.019308584
4,0.018424379
3,0.0134795625
6,0.012273282
</s>,0.0118031
9,0.010663212
