Token,Probability
<0x0A>,0.6999546
1,0.17153127
2,0.065616556
4,0.009677133
5,0.008742561
3,0.007655241
</s>,0.0059155123
9,0.0057784794
0,0.005600694
6,0.0026663302
