Token,Probability
<0x0A>,0.9719149
1,0.006704009
2,0.0051401425
</s>,0.0035052723
▁CREATE,0.0021260553
▁FROM,0.0017763856
▁WITH,0.0016301031
﻿,0.00064336415
9,0.0005375509
▁Pur,0.00042523778
