Token,Probability
2,0.8254701
1,0.08837402
▁SELECT,0.050353996
▁CREATE,0.00784364
3,0.007602317
4,0.00367624
7,0.0036476315
9,0.0025266404
5,0.001983183
8,0.0018057085
