Token,Probability
▁SELECT,0.35074946
2,0.29078153
1,0.14507629
▁CREATE,0.09078642
<0x0A>,0.01759975
3,0.014705141
</s>,0.012776048
4,0.011632725
SELECT,0.010591716
5,0.004849241
