Token,Probability
1,0.5155039
2,0.27592936
3,0.04365836
9,0.037342977
4,0.03194114
5,0.023736643
6,0.02264966
7,0.021277387
8,0.014970511
<0x0A>,0.006907756
