Token,Probability
9,0.45986152
2,0.20406231
1,0.1718377
7,0.029397963
3,0.021846712
8,0.02150801
4,0.018253611
5,0.015491637
0,0.012843019
6,0.010985216
