Token,Probability
1,0.35580072
2,0.29961425
<0x0A>,0.1904464
9,0.024593836
3,0.024402443
4,0.02204577
6,0.015755402
0,0.014457969
5,0.011708421
7,0.008047072
