Token,Probability
<0x0A>,0.56978893
1,0.17651238
2,0.10295875
▁CREATE,0.038173478
9,0.018173302
﻿,0.015666364
▁UN,0.012490315
</s>,0.0070064315
3,0.006280524
4,0.0050465427
