Token,Probability
2,0.38956633
1,0.2895011
3,0.08491041
<0x0A>,0.057006147
▁SELECT,0.040108833
4,0.02589621
9,0.020485587
0,0.01924443
▁CREATE,0.015463334
5,0.015463334
