Token,Probability
1,0.79816264
2,0.076001264
<0x0A>,0.064501435
9,0.013310622
0,0.010126188
3,0.007180542
4,0.0062874933
6,0.0027683456
5,0.002662292
8,0.0026415738
