Token,Probability
9,0.7439188
1,0.14197938
2,0.06300297
<0x0A>,0.013309717
8,0.008728725
4,0.004934774
6,0.0047457255
7,0.004458197
3,0.0039343447
</s>,0.003472047
