Token,Probability
1,0.2028586
▁CREATE,0.19661729
▁SELECT,0.18615352
<0x0A>,0.18042618
2,0.11029231
▁UN,0.01916593
9,0.0069414396
3,0.005983895
4,0.005937328
﻿,0.005280769
