Token,Probability
▁SELECT,0.5727742
1,0.19640501
2,0.08381537
<0x0A>,0.061801586
SELECT,0.0145649295
▁CREATE,0.010088832
3,0.008834076
4,0.007381147
5,0.004547392
▁U,0.0041082264
