Token,Probability
<0x0A>,0.5072288
1,0.24914241
2,0.14646327
3,0.013517189
</s>,0.012698225
4,0.010203309
9,0.009075012
5,0.0058136713
6,0.00509062
0,0.0042533726
