Token,Probability
1,0.52482414
<0x0A>,0.20233773
2,0.17717284
3,0.014888115
9,0.011962936
4,0.011594875
0,0.0077238525
</s>,0.006869736
5,0.0051855487
7,0.0051051546
