Token,Probability
0,0.941336
2,0.032210745
1,0.019233914
▁CREATE,0.0015543386
<0x0A>,0.001102191
4,0.00085838727
3,0.0007342176
▁SELECT,0.00032580705
9,0.0003232716
5,0.00030368558
