Token,Probability
2,0.69352216
<0x0A>,0.11864765
1,0.11680819
▁CREATE,0.017092815
3,0.0075258645
4,0.005132193
0,0.003392173
9,0.003040724
▁UN,0.003017061
﻿,0.0027256873
