Token,Probability
<0x0A>,0.46114776
1,0.26275405
2,0.1696468
</s>,0.012878941
▁SELECT,0.012098645
0,0.011911075
3,0.008851559
9,0.008579224
4,0.006083581
﻿,0.004313905
