Token,Probability
1,0.35692194
2,0.2958987
<0x0A>,0.16598412
▁SELECT,0.023912279
3,0.020613674
4,0.018477978
0,0.016179858
9,0.015560017
▁CREATE,0.014963923
5,0.012799322
