Token,Probability
1,0.51591855
2,0.30806902
3,0.03402852
4,0.029334415
<0x0A>,0.01864609
0,0.01545815
5,0.014521589
9,0.013222056
6,0.0113981245
7,0.010541542
