Token,Probability
2,0.4292444
1,0.33429587
9,0.19047605
<0x0A>,0.013478408
3,0.008239185
8,0.0038616282
4,0.003277321
0,0.0026958513
7,0.00237908
▁SELECT,0.0020033862
