Token,Probability
▁SELECT,0.60323054
1,0.17014898
2,0.103200585
▁CREATE,0.026093194
<0x0A>,0.025688658
3,0.01498406
4,0.009903858
7,0.009159572
9,0.00765311
5,0.0071894308
