Token,Probability
2,0.40517458
1,0.33069387
3,0.059290137
4,0.051512163
5,0.0343145
6,0.031243708
0,0.025901943
7,0.022858387
9,0.022155108
8,0.013229419
