Token,Probability
1,0.59559184
2,0.24827962
<0x0A>,0.042475633
0,0.020380031
3,0.018126374
4,0.018126374
9,0.01347038
5,0.010994202
7,0.0068799965
6,0.006215559
