Token,Probability
▁SELECT,0.7137109
<0x0A>,0.07945299
1,0.07761246
▁CREATE,0.04933348
2,0.037530933
SELECT,0.008374283
3,0.005535063
4,0.0053647673
9,0.0035458945
5,0.002635085
