Token,Probability
1,0.8438361
2,0.123480506
<0x0A>,0.008081043
9,0.0069662933
3,0.005217513
4,0.0031645815
5,0.0015422939
0,0.0014375761
7,0.0013717446
6,0.0012296238
