Token,Probability
1,0.7557202
2,0.1767164
3,0.010612645
9,0.007293957
5,0.007293957
4,0.0069599417
7,0.0059068264
▁SELECT,0.00554895
▁CREATE,0.00525364
<0x0A>,0.0040596984
