Token,Probability
1,0.5862004
2,0.33926678
<0x0A>,0.016499816
3,0.010165242
4,0.007096483
9,0.0065120985
0,0.0057021836
6,0.005273658
5,0.0039190496
8,0.0034049295
