Token,Probability
1,0.2905911
2,0.1832735
<0x0A>,0.14385302
▁CREATE,0.106902495
▁SELECT,0.054175545
0,0.04057561
4,0.019621084
9,0.017180793
3,0.012668322
﻿,0.009866099
