Token,Probability
4,0.6977634
1,0.1352676
2,0.0974296
<0x0A>,0.023505984
3,0.010594977
5,0.009646838
0,0.007751452
9,0.0042143906
6,0.0037777557
7,0.0028965056
