Token,Probability
1,0.2548783
<0x0A>,0.24703655
▁CREATE,0.18940948
2,0.13536486
▁SELECT,0.040327612
3,0.01875408
4,0.015187516
9,0.010520086
▁VARCHAR,0.00878986
0,0.008003259
