Token,Probability
1,0.35831863
2,0.3472943
4,0.05003249
3,0.04849315
7,0.04083533
5,0.039578956
9,0.037766505
6,0.03106588
8,0.019593006
0,0.016243171
