Token,Probability
1,0.7495447
2,0.15958726
<0x0A>,0.029063001
3,0.015315125
4,0.012306049
9,0.011927432
5,0.0053761145
7,0.0032607785
0,0.0020889333
8,0.0020089073
