Token,Probability
1,0.54167354
2,0.21885589
<0x0A>,0.13695651
4,0.018105684
0,0.017276566
3,0.01622983
9,0.013455003
5,0.009466777
6,0.008419925
7,0.007488837
