Token,Probability
▁SELECT,0.78346163
1,0.06583552
2,0.058099646
<0x0A>,0.030378103
▁CREATE,0.007924602
4,0.007801742
SELECT,0.0069934363
3,0.006725522
9,0.0052378415
5,0.0051165074
