Token,Probability
1,0.5096347
2,0.19957581
<0x0A>,0.17889862
4,0.015878154
9,0.014344716
3,0.013370745
0,0.012269686
6,0.0083671985
</s>,0.0066709123
5,0.0059797675
