Token,Probability
<0x0A>,0.5579723
2,0.20208418
1,0.17557378
3,0.01087873
0,0.010299773
4,0.00937805
9,0.0071904007
</s>,0.0047525647
5,0.0041290997
6,0.0039709164
