Token,Probability
1,0.33934033
<0x0A>,0.27913377
2,0.22081296
</s>,0.027209496
4,0.022912694
3,0.01944575
9,0.016374962
0,0.015144366
5,0.009931917
6,0.009257566
