Token,Probability
1,0.34736103
▁SELECT,0.28350782
2,0.1517508
3,0.03520902
4,0.0291893
7,0.02829124
5,0.022380212
6,0.01959677
9,0.01884603
<0x0A>,0.017983008
