Token,Probability
1,0.43776268
2,0.23068473
<0x0A>,0.09320505
0,0.052693356
9,0.04950083
4,0.030735763
3,0.022663133
5,0.022486765
6,0.014979415
7,0.013322967
