Token,Probability
1,0.6335244
2,0.19021851
<0x0A>,0.07929488
0,0.01675147
3,0.012843798
9,0.011694411
4,0.011694411
6,0.008555814
5,0.0064582666
7,0.0056550475
