Token,Probability
1,0.41857255
2,0.24994107
<0x0A>,0.16649665
</s>,0.054904766
4,0.025733346
3,0.020041151
9,0.016614698
6,0.013246391
5,0.010643776
0,0.010397212
