Token,Probability
1,0.43955982
<0x0A>,0.21590453
2,0.19505349
9,0.021884395
</s>,0.017447762
0,0.01492386
4,0.012865172
3,0.012469353
▁CREATE,0.011177456
5,0.008842094
