Token,Probability
1,0.43700135
2,0.34569654
▁SELECT,0.09450817
<0x0A>,0.020438826
3,0.018178668
4,0.014953364
0,0.014268599
5,0.008388077
7,0.0060890913
▁CREATE,0.0055876635
