Token,Probability
1,0.40923944
<0x0A>,0.2521251
2,0.19789527
4,0.019140385
9,0.018843642
0,0.018407127
3,0.018121751
</s>,0.016371638
5,0.011609229
6,0.009041277
