Token,Probability
<0x0A>,0.44075316
1,0.29590768
2,0.17125823
9,0.010204818
4,0.009437914
</s>,0.008797104
3,0.008728643
▁UN,0.0053775613
0,0.004635748
7,0.004458155
