Token,Probability
<0x0A>,0.54262024
1,0.19652402
2,0.16548981
4,0.02170754
3,0.016006136
9,0.014236151
6,0.008908756
0,0.0075019253
5,0.007385619
7,0.006170915
