Token,Probability
▁SELECT,0.5220482
<0x0A>,0.27943227
1,0.118319064
2,0.03311371
4,0.007865196
▁CREATE,0.005936961
3,0.004999423
SELECT,0.004659974
5,0.0027394574
9,0.0024365238
