Token,Probability
▁SELECT,0.6012233
1,0.17496595
2,0.05999606
<0x0A>,0.05952917
9,0.018014085
3,0.010672992
7,0.010264116
4,0.010026348
▁CREATE,0.008377328
5,0.008247449
