Token,Probability
2,0.845452
1,0.14463979
3,0.0019081257
0,0.0018350265
4,0.0013217201
9,0.0010455666
<0x0A>,0.0010213461
5,0.00083359843
6,0.0006492071
7,0.0006492071
