Token,Probability
2,0.77423483
1,0.21838295
<0x0A>,0.002208912
3,0.0011107108
9,0.000800015
0,0.000739893
4,0.0006133928
7,0.000386862
5,0.00035224186
6,0.00034950068
