Token,Probability
1,0.26620832
▁SELECT,0.22770005
2,0.160207
<0x0A>,0.13385795
▁CREATE,0.093447916
▁UN,0.010902222
9,0.010566797
4,0.009109148
0,0.008967923
3,0.00849066
