Token,Probability
1,0.66838086
2,0.1716544
<0x0A>,0.046927698
4,0.01925909
3,0.015475114
9,0.012532129
0,0.00953394
5,0.008613198
6,0.0073099253
▁CREATE,0.0067605767
