Token,Probability
9,0.33505213
1,0.23758753
2,0.21973257
▁SELECT,0.044293974
▁CREATE,0.03476674
3,0.03476674
5,0.025836447
4,0.014380148
8,0.009140579
<0x0A>,0.007577806
