Token,Probability
1,0.41185874
2,0.31578305
<0x0A>,0.08499185
3,0.038912106
4,0.034880586
9,0.027592815
6,0.022520602
5,0.01941397
0,0.01622098
7,0.013239179
