Token,Probability
2,0.98964816
1,0.007098258
<0x0A>,0.0015113064
3,0.0005918361
4,0.00028843788
0,0.00017770143
9,0.00015929053
5,0.00012600918
6,9.890574e-05
7,7.407698e-05
