Token,Probability
1,0.46838868
2,0.22473533
<0x0A>,0.055941053
3,0.044600096
4,0.040292826
9,0.031135885
5,0.029249458
0,0.027692828
6,0.026015004
7,0.025412368
