Token,Probability
4,0.7802881
2,0.08618862
1,0.07145288
3,0.018639596
5,0.009013521
▁SELECT,0.008467419
6,0.007531078
0,0.004358654
7,0.003937715
▁CREATE,0.0022789747
