Token,Probability
2,0.37740102
1,0.34903887
4,0.04402998
9,0.036788426
3,0.036788426
6,0.03375896
0,0.033235576
5,0.028650858
7,0.025682462
8,0.016975071
