Token,Probability
<0x0A>,0.4732962
1,0.305583
2,0.14434718
0,0.016322326
9,0.009300181
4,0.008943897
3,0.008336629
5,0.005299084
6,0.004900851
▁SELECT,0.0037576125
