Token,Probability
2,0.94890094
1,0.042348348
3,0.0025234246
4,0.0011463173
<0x0A>,0.0011110487
0,0.0009429348
9,0.000717347
6,0.0005674682
5,0.00056305213
7,0.0005289385
