Token,Probability
1,0.6948023
2,0.121685505
<0x0A>,0.100095764
4,0.014086119
0,0.0131297065
3,0.012725748
9,0.009023907
5,0.006550654
6,0.0048680324
7,0.004681541
