Token,Probability
2,0.4187121
1,0.3210377
4,0.04553283
<0x0A>,0.042441264
3,0.036586653
9,0.028717196
5,0.023622122
0,0.023438292
6,0.023438292
7,0.013886729
