Token,Probability
1,0.43764985
2,0.29612872
<0x0A>,0.1420841
3,0.021284556
4,0.016192436
9,0.015941394
0,0.012610681
5,0.008942312
6,0.007530181
</s>,0.0065936474
