Token,Probability
1,0.4347486
2,0.24387185
▁SELECT,0.1550144
<0x0A>,0.023221543
4,0.020492941
9,0.018513829
3,0.018084956
0,0.015959917
7,0.013651242
5,0.0135450065
