Token,Probability
2,0.82930195
1,0.10299153
▁SELECT,0.01861019
▁CREATE,0.016552247
<0x0A>,0.010118185
3,0.0037222726
4,0.0021375213
9,0.0020396367
0,0.0013066404
SELECT,0.0011531062
