Token,Probability
2,0.4121465
1,0.40575677
<0x0A>,0.03601296
4,0.027612094
3,0.02676256
6,0.023070768
5,0.017827708
9,0.014437317
7,0.01215744
0,0.009542485
