Token,Probability
<0x0A>,0.5865716
1,0.18894999
2,0.08450366
▁CREATE,0.025772158
▁SELECT,0.020071376
</s>,0.01265886
3,0.011526021
4,0.010251456
9,0.007500125
0,0.0038910138
