Token,Probability
2,0.48468617
1,0.27616584
<0x0A>,0.05438028
3,0.02799257
9,0.026296586
4,0.026091944
7,0.018357977
6,0.016074782
5,0.015580212
▁CREATE,0.011310021
